“001小姐”伍淑清：改革开放改变了我人生方向	未
0.05的微信转账费，去哪里了答案在这里	未
0.09低保	未
00后主动报名“吃苦”，大学校园里上演“变形记”	未
00后初中生的作业：给父母做道菜 家长上传图片	未
00后发际线男孩成名三个月：努力挣钱，只想把老家盖房的债还了	未
00后宿舍喝酒致高位截瘫 6名同学被判赔20余万	未
00后宿舍喝酒致高位截瘫，6名同学被判赔20余万！	未
00后宿舍喝酒致高位截瘫 6名同学被判赔20余万河南许昌某职业学院7名00后学生在宿舍喝酒，第二天，其中一名学生小亮（化名）昏迷不醒，随后被医院诊断为脊髓炎并高位截瘫。法院判决小亮承担15的责任，学校因管理不到位，没有尽到对未成年人的教育监管责任，承担65（共计80多万元）的责任。根据《中华人民共和国未成年人保护法》禁止向未成年人出售烟酒，对难以判明是否成年的，应当要求其出示身份证等规定，超市承担5（6.7万多元）的责任。其他6名同学承担15（20多万元）的连带赔偿责任。网页链接	未
00后宿舍喝酒致高位截瘫 6名同学被判赔20余万河南许昌某职业学院7名00后学生在宿舍喝酒，第二天，其中一名学生小亮（化名）昏迷不醒，随后被医院诊断为脊髓炎并高位截瘫法院判决小亮承担15的责任，学校因管理不到位，没有尽到对未成年人的教育监管责任，承担65（共计80多万元）的责任根据 ...全文	未
00后宿舍约酒后1人瘫痪 6同学被判赔20多万00后小亮是河南某职业学院学生，2016年，小亮和小伟等共7名同学喝酒。第二天小亮昏迷不醒被诊断为脊髓炎并高位截瘫，花费40多万元。最终法院判决学校承担65（共计80多万元）责任，小伟等6名同学承担15（20多万元）连带赔偿责任。网页链接	未
00后宿舍约酒后1人瘫痪 6同学被判赔20多万00后小亮是河南某职业学院学生，2016年，小亮和小伟等共7名同学喝酒第二天小亮昏迷不醒被诊断为脊髓炎并高位截瘫，花费40多万元最终法院判决学校承担65（共计80多万元）责任，小伟等6名同学承担15（20多万元）连带赔偿责任网页链接	未
00后宿舍约酒后1人瘫痪 6同学被判赔20多万小亮出生于2001年，是河南某职业学院学生，2016年10月的一天，小伟等6名同学从学校超市购买白酒花生米等零食，相约在宿舍一起喝酒小亮也加入了，喝酒至深夜没想到，第二天小亮却昏迷不醒，送医院被诊断为脊髓炎并高位截瘫，花费40多万元最终，法 ...全文	未
00后宿舍约酒后1人瘫痪 6同学被判赔20多万小亮出生于2001年，是河南某职业学院学生，2016年10月的一天，小伟等6名同学从学校超市购买白酒花生米等零食，相约在宿舍一起喝酒。小亮也加入了，喝酒至深夜。没想到，第二天小亮却昏迷不醒，送医院被诊断为脊髓炎并高位截瘫，花费40多万元。最终，法院判决学校因管理不到位，没有尽到对未成年人的教育监管责任，承担65（共计80多万元）的责任。小伟等6名同学承担15（20多万元）的连带赔偿责任。	未
00后宿舍约酒后1人瘫痪 6同学被判赔20多万小亮出生于2001年，是河南许昌某职业学院学生，2016年10月的一天，小伟等6名同学从学校超市购买白酒花生米等零食，相约在宿舍一起喝酒。小亮也加入了，喝酒至深夜。没想到，第二天小亮却昏迷不醒，送医院被诊断为脊髓炎并高位截瘫，花费40多万元。最终，法院判决学校因管理不到位，没有尽到对未成年人的教育监管责任，承担65（共计80多万元）的责任。小伟等6名同学承担15（20多万元）的连带赔偿责任。河南商报	未
00后宿舍饮酒后高位截瘫 6名同学被判赔20余万学校赔80多万2016年10月，河南许昌某职业学院一男生与6名同学一起喝酒至深夜，其间无劝酒行为。第二天上午，该男生昏迷不醒，后被诊断为脊髓炎并高位截瘫。其家人把学校超市和一起饮酒的同学告上法院。法院判决学校因管理不到位承担65（共计80多万元）的责任，超市承担5（6.7万多元）的责任，6名同学承担15（20多万元）的连带赔偿责任。法官介绍，致残原因超出了鉴定机构能力范围无法鉴定，但不排除饮用白酒与伤残结果之间具有一定因果关系的合理怀疑，原被	未
00后开始找工作了一眨眼，00后都长大成人了。互联网刚刚在国内兴起的时候，我们70后是网络主力军。80后背着书包偷偷摸摸进网吧，经常被父母老师拎着耳朵给拽走。90后那时穿开裆裤冒着鼻涕泡泡。00后还没有来到这个世界上呢。可是现在，互联网已经成了他们的天下。很快，整个世界都是他们的。我们即将踩着欢快的脚步走向广场手舞足蹈，在早高峰的时候拿着老年卡挤公交车去医院。00后，未来是你们的。虽然你们也终将被10后20后取代。在需要奋斗的时候，请加油吧	未
00后有多拼小学生寒冬趴电动车上写作业25日，山东滨州，当日最低温达零下3摄氏度，在某驾校科目二训练场，一名小学生趴在自家的电动三轮车上写作业据了解，该学生的母亲在驾校学习驾驶他放学后在驾校等待母亲一同回家，因为课业繁多，怕晚上做不完，只好争分夺秒写作业（图据东方IC）	未
00后来提一个问题，80，90后来回答一下 ______________。	未
00后来提一个问题，90后来回答一下	未
00后校内酒后瘫痪 6同学被判赔20多万2016年10月，许昌某职业学院的6名同学买了白酒花生米等零食在宿舍喝酒，住对面的小亮刚好来借热水，就和同学们一起喝酒，其间没有劝酒行为。第二天上午，小亮昏迷不醒，被诊断为脊髓炎并高位截瘫。小亮家人把学校超市6同学告到法院，法院作出判决gtgt00后校内酒后瘫痪，6同学被判赔20多万	未
00后校内酒后瘫痪 6同学被判赔20多万2016年10月，许昌某职业学院的6名同学从学校超市买了白酒等在宿舍喝酒，住对面的小亮刚好来借热水，就和同学们一起喝酒，其间没有劝酒行为。第二天上午，小亮昏迷不醒，被诊断为脊髓炎并高位截瘫。小亮家人把学校超市6同学告到法院，法院作出判决00后校内酒后瘫痪，6同学被判赔20多万	未
00后校内酒后瘫痪 6同学被判赔20多万2016年10月，许昌某职业学院的6名同学从学校超市买了白酒等在宿舍喝酒，住对面的小亮刚好来借热水，就和同学们一起喝酒，其间没有劝酒行为。第二天上午，小亮昏迷不醒，被诊断为脊髓炎并高位截瘫。小亮家人把学校超市6同学告到法院，法院作出判决gtgt00后校内酒后瘫痪，6同学被判赔20多万	未
00后校内酒后瘫痪 6同学被判赔20多万2016年10月，许昌某职业学院的6名同学从学校超市买了白酒等在宿舍喝酒，住对面的小亮刚好来借热水，就和同学们一起喝酒，其间没有劝酒行为第二天上午，小亮昏迷不醒，被诊断为脊髓炎并高位截瘫小亮家人把学校超市6同学告到法院，法院作出判决 ...全文	未
00后消费启示录5.0	未
00后现在的生活状态，或心理状态是什么________________________________	未
00后警宝对警察爸爸的真情告白，听哭了所有人	未
00后都敢玩这么开了他们比你狂野也比你孤独你当我女朋友行吗会玩文爱吗年轻妈妈豆芽看到10岁女儿和一个15岁男孩的聊天记录，震惊了。聊天记录里还有很多r18向的语C（注：指语言Cosplay，玩家用文字扮演不同人物角色r18向指18岁以下禁止），身为中国第一代网民的豆芽意识到自己看不懂现在的网络世界了。豆芽愤怒地发帖陈述事情始末，很多网友也愤怒了，知乎上出现大量质疑语C圈文爱的帖子：语C圈为什么这么乱@腾讯谷雨 谷雨  00后都敢玩这么开了其实他们比你狂野也比你孤独	未
00后酒后瘫痪 6同学被判赔20多万 伤残原因超出鉴定机构能力范围河南许昌某职业学院00后学生小亮与其他6名同学在宿舍喝酒，小亮昏迷不醒，随后被医院诊断为脊髓炎并高位截瘫。家里人为了讨要说法，把学校超市一起饮酒的同学告到了法院。据法官介绍，本案中，致小亮伤残的原因超出了鉴定机构能力范围而无法鉴定，但不排除饮用白酒与小亮的伤残结果之间具有一定因果关系的合理怀疑，因此，原被告均应承担相应责任。最终，法院判决小亮承担15的责任，学校承担65（共计80多万元）的责任，而小伟等6名同学承担15	未
00后酒后瘫痪，6同学被判赔20多万学校赔80多万00后酒后瘫痪获赔超百万 2001年出生的小亮是河南许昌某职业学院学生2016年10月的一天，小亮和小伟等6名同学在学校宿舍喝酒第二天，小亮昏迷不醒，被医院诊断为脊髓炎并高位截瘫小亮家人把学校超市一起饮酒的同学告到了法院最终，法院 ...全文	未
00后酒后瘫痪，6同学被判赔20多万，学校赔80多万2016年10月的一天，小亮和小伟等6名同学在学校宿舍喝酒。第二天，小亮昏迷不醒，被医院诊断为脊髓炎并高位截瘫。小亮家人把学校超市一起饮酒的同学告到了法院。最终，法院判决小亮承担15的责任，学校未尽到教育监管责任，承担65（共计80多万元）的责任。小伟等6名同学承担15（20多万元）的连带赔偿责任。法官介绍，致小亮伤残的原因超出了鉴定机构能力范围而无法鉴定，但不排除饮用白酒与其伤残结果之间具有一定因果关系的合理怀疑。00后酒后瘫痪，6同	未
00后酒后瘫痪，6同学被判赔20多万，学校赔80多万2016年10月的一天，小亮和小伟等6名同学在学校宿舍喝酒第二天，小亮昏迷不醒，被医院诊断为脊髓炎并高位截瘫小亮家人把学校超市一起饮酒的同学告到了法院最终，法院判决小亮承担15的责任，学校未尽到教育监管责任，承担65（共计80多万 ...全文	未
00后酒后瘫痪 6名同学被判赔20多万学校赔80多万2016年10月的一天，小亮和小伟等6名同学在学校宿舍喝酒。第二天，小亮昏迷不醒，被诊断为脊髓炎并高位截瘫。小亮家人把学校超市一起饮酒的同学告到了法院。最终，法院判决小亮承担15的责任，学校未尽到教育监管责任，承担65（共计80多万元）的责任。超市因向未成年人出售烟酒需承担5（6.7万多元）的责任，小伟等6名同学承担15（20多万元）的连带赔偿责任。@大河网	未
00后酒后瘫痪获赔超百万又是道德下滑的经典案例。	未
00后酒后瘫痪获赔超百万山猫科普 葫芦僧判葫芦案小亮经许昌郑州西安多家大医院诊治，均诊断为脊髓炎并截瘫。脊髓炎是指各种自身免疫反应所致的急性横贯性脊髓炎性改变。多为感染后诱发，这些感染包括病毒细菌螺旋体立克次体寄生虫原虫支原体等病原体的感染。个别病例为疫苗接种后或找不到病因。我和几位医生检索了文献资料，至今尚无文献或者病例报告说明急性酒精中毒可导致脊髓炎，甚至连两者有相关性的研究都没有。简单地说，不管喝酒与否，小亮都会出现脊髓炎，喝酒和发生脊髓炎，是无关的两个事件。报道中也说了，	未
00后酒后瘫痪获赔超百万河南许昌某职业学院学生。2016年10月的一天，小亮和小伟等6名同学在学校宿舍喝酒。第二天，小亮昏迷不醒，被医院诊断为脊髓炎并高位截瘫。小亮家人把学校超市一起饮酒的同学告到了法院。最终，法院判决小亮承担15的责任，学校未尽到教育监管责任，承担65（共计80多万元）的责任。小伟等6名同学承担15（20多万元）的连带赔偿责任。1.以后喝酒之前，是不是一桌人需要签一个免责声明，要不然万一谁喝出问题，是不是大家都要承担连带责任2.我现在一般不喝酒，如果大家聚会的时候，别	未
00后酒后瘫痪获赔超百万河南许昌某职业学院学生。2016年10月的一天，小亮和小伟等6名同学在学校宿舍喝酒。第二天，小亮昏迷不醒，被医院诊断为脊髓炎并高位截瘫。小亮家人把学校超市一起饮酒的同学告到了法院。最终，法院判决小亮承担15的责任，学校未尽到教育监管责任，承担65（共计80多万元）的责任。小伟等6名同学承担15（20多万元）的连带赔偿责任。前段时间西安某高校禁酒，很多网友表示不满意的，认为成年人应该能管好自己。你看现在出事了吧学校超市本身售卖酒的行为就是错误的，作为学校超市就应该	未
00后酒后瘫痪获赔超百万河南许昌某职业学院学生与其他6名同学在学校宿舍喝酒后昏迷不醒，被医院诊断为脊髓炎并高位截瘫，法院判决小亮承担15的责任，学校未尽到教育监管责任，承担65（共计80多万元）的责任，6名同学承担15（20多万元）的连带赔偿责任。 法律规定，一起喝酒的同桌是否要承担责任，要看同桌人对死者是否有劝酒的行为一般来说，有以下情况劝酒者会被判定有过错：强迫性劝酒 明知对方不能喝酒仍劝其饮酒在明知对方醉酒的情况下未将醉酒者安全护送回家和酒后驾车未劝阻导致发生车祸等损害的以上过	未
00后酒后瘫痪获赔超百万法官介绍，致小亮伤残的原因超出了鉴定机构能力范围而无法鉴定，但不排除饮用白酒与其伤残结果之间具有一定因果关系的合理怀疑。	未
00后酒后瘫痪获赔超百万法官介绍，致小亮伤残的原因超出了鉴定机构能力范围而无法鉴定，但不排除饮用白酒与其伤残结果之间具有一定因果关系的合理怀疑法院判罚于法有据，合情合理这对所有大学生们都是警示目前，大学校园混乱不堪状况急需治理喝酒打牌赌博打游戏艾滋等五毒俱全，不能 ...全文	未
00后酒后瘫痪获赔超百万法官介绍，致小亮伤残的原因超出了鉴定机构能力范围而无法鉴定，但不排除饮用白酒与其伤残结果之间具有一定因果关系的合理怀疑。法院判罚于法有据，合情合理。这对所有大学生们都是警示。目前，大学校园混乱不堪状况急需治理。喝酒打牌赌博打游戏艾滋等五毒俱全，不能再这样下去了，否则会害了孩子们。社会上同样如此。比如之前就有一起宾客婚宴上醉酒呕吐窒息而死，三位朋友(包括新郎)共承担10的赔偿责任. 还有酒后突发疾病身亡酒后驾车出事故酒后意外摔跤身亡酒后独自回家途中出事故等事件，其	未
00后酒后瘫痪获赔超百万看过这个新闻后，觉得大学校园禁酒是必须的，而且这个喝酒导致的瘫痪，就没有人想到是酒的问题吗如果孩子们喝的是假酒，后果真的很严重。为什么法院不追究酒厂的责任从这个事件中喜欢喝酒的人要引以为戒，出门在外，尽量少喝酒，一是对酒的品质不了解，而是大家一起喝，很容易就会喝醉，甚至酒精中毒，继而导致严重后果，那时候后悔就晚了。喝到适可而止是最好，千万不要贪杯！00后酒后瘫痪，6同学被判赔20多万学校赔80多万2001年出生的小亮是河南许昌某职业学院学生。2016年10月的一天，	未
00后酒后瘫痪获赔超百万酒后瘫痪，同学赔钱！	未
00后酒后瘫痪获赔超百万高校禁酒也是有情可原的！	未
00后黑话指南，90后可偷偷传阅	未
00后黑话指南，90后可偷偷穿越	未
0.1 大概是低保	未
01我们都没到那种对待感情可以云淡风轻的年纪，也没有洒脱到对一段感情一秒钟释然，即便心里很清楚这段感情没办法起死回生。可是当对方投入下一段感情的时候，你的不打扰是给对方最后的温柔，也是给你自己最后的尊重。分手后还能做朋友的人，不是根本没爱过就是还没死心。今天看了个投稿，投稿女孩子说，自己和男友今年刚结婚，新房刚刚装修完还在空着没搬进去。她老公的前女友过来旅游，所以她老公问她，能不能住在他们闲置的婚房里。在聊天记录里，她老公说了这么几句话：她想住家里。你有点激进了。她一个孤儿，上学学费都是自己打	未
026-平行世界你在下头，我在上头你坐公交，我坐悬挂式轻轨。差诗一首巴士日记 西安	未
030-乘客前面这位乘客，莫名觉得眼熟，好像在童年见过巴士日记 西安	未
033-懵传送到这里是怎么一回事儿呀巴士日记 懵	未
03:45不见不散	未
03年的詹韦和18年的詹韦！相爱相杀十五载，詹韦今日最后一次对决！NBANBA吐槽大会	未
051型	未
0.5亿自有资金撬动33亿并购案 三垒股份涉足早教挑战“学前教育新规”？	未
0.6%！南京中签率最低楼盘：13783人抢84套房，房价30个月没涨	未
06超女再聚首，脸都变了，网友：一个都认不出	未
07时整点气温湛江23.1深圳21汕尾20.3汕头20东莞19.3珠海19.3揭阳19.1茂名19.1阳江19潮州18.9中山18.5惠州17.2江门16.9肇庆15.4广州15.4梅州15.4河源15云浮14.1佛山13.7清远12.8韶关9.1（单位：）冷空气南压的速度比预计中慢，南部的同学，外出带多一 ...全文	未
07时整点气温湛江23.1深圳21汕尾20.3汕头20东莞19.3珠海19.3揭阳19.1茂名19.1阳江19潮州18.9中山18.5惠州17.2江门16.9肇庆15.4广州15.4梅州15.4河源15云浮14.1佛山13.7清远12.8韶关9.1。（单位：）冷空气南压的速度比预计慢，南部的同学，外出带多一件衣服，今天气温会逐步走低。	未
0-7时要闻回顾VaVa与Jony J恋爱中网友爆料称偶遇两人牵手逛街VaVa与Jony J疑似恋爱中 陈百祥生日谭咏麟曾志伟等到场陈百祥68岁生日办庆生Party 哈妮克孜童年照曝光似洋娃娃哈妮克孜童年照曝光似洋娃娃 王祖蓝变装热舞吴亦凡看蒙王祖蓝变装热舞吴亦凡看蒙圈 范丞丞发文纪念回国一周年范丞丞发文纪念回国一周年	未
086-心外无物	未
08年10月丰田雅力士2.98万包过户 16年一手私家新轩逸1.6高配首付两万多	未
08年啊！//@简木生--撰稿者:转发微博	未
08年大二，有段时间在抵制家乐福，导员打电话给我，让我通知班里同学不要去参与游行啥的，待在学校注意安全。接到电话后乖乖地从游行队伍里撤了出来，回到学校后被恨恨地批了一顿，然后刷了下校内，不少冲在前面的人被抓了。	未
09:36大盘低开的幅度并不大，最近上证50主力盯得很紧，低开以后补缺的走势才是关键。武汉刘正涛实盘直播（2018-12-18）	未
09:52美股还有两天的调整，直接把第一阶段调整的下半场干完。对于纳斯达克而言，如果6500点附近撑不住，那就还有6以上的跌幅，A股要守住这个横盘的平台确实不容易。武汉刘正涛实盘直播（2018-12-18）	未
09:58大盘这两天的任务就是收十字星，所以不要期望有大的行情出现，离元旦还有两个交易日，节前就这样了。武汉刘正涛实盘直播（2018-12-26）	未
09年新农合10元，18年220元，翻了22倍交不起！	未
0-N2签约2年班，花呗分期学日语无压力！	未
0//@一只上上君:0 不怎么带现金//@一只小胖几啊:0//@ID还蛮长的要不你记一下:0//@讨厌鬼走开:0//@一闪:15！	未
0元出租车，代价是看广告	未
0元出租车日本这个APP看广告0元出租车的做法与中国相比较out了这是一个传统思维中国在前几年网约车竞争时基本零元钱可以满城市跑其目的是竞争客户，先把客户圈进来，放水养鱼，回头再挖掘价值包括共享单车免费骑行，一是为了圈客户，二是为了大数据有了客户与数据就会带来无限价值从目前 ...全文	未
0元出租车 这个还可以吧。现在公交车不就如此么，车身全广告，车厢里电视上全广告，还得要票。	未
0元承包你的午饭！这家网红包子铺，90的温岭人都吃过	未
0元砍价  辛迪舍曼（Cindy Sherman）中国首展	未
0基础写作30天，副业月入4000元：要赚钱，请趁早	未
//@0寻鸭0:能耗是拦路虎，单兵没那么大的体力去背电池	未
0！新余明天要下雪了！	未
//@0朵花:转发微博	未
//@0朵花:高手 这是高手//@烧死情侣:绝了//@曲辰公子的女孩:陈大侠行侠仗义飞檐走壁	未
0点后 组队（勿歪楼，不拉群）	未
0点开抢！黑鱼 充电宝10000毫安 49.9（史低）快充2A！厚度2CM，大小跟银行卡差不多，装在包包或者口袋里都是能用的，除了充电，链接加湿器蒸汽眼罩这类也是可以的，你们再也不怕直充用会漏电	未
0点拍4inlook日抛10片58拍下送伴侣盒，日抛的活动蛮少的，但是会比月抛年抛卫生。戴在眼睛的东西常换好	未
0点金帝七剑店，来一波！	未
1000万人VS小黄车：“一人一元，凑钱跟ofo打官司”？	未
1000万人VS小黄车：一人一元凑钱跟ofo打官司在燃烧人民币取暖的好日子过去后，共享单车的凛冬突然而至。在ofo用户维权群里，各种声音泛滥着同情ofo者有之，愤恨者有之，对199元无所谓者亦有之。资金已然成为ofo的最后一根稻草，救它的命，或压死它。1000万人VS小黄车：一人一元凑钱跟ofo打官司	未
1000万加元保释金，5位担保人，交出护照，佩戴电子监控设备，外出时间和地域限制，由专业的团队进行全天候监视，换来孟总的假释。	未
1000万加元保释金（其中700万是现金），包括她丈夫在内的5位担保人，交出护照，佩戴电子监控设备，外出时间和地域限制，由专业的团队进行全天候监视等。（央视）	未
1000万只螨虫与你同床共枕！每天1毛钱，只用一放，30分钟螨虫全军覆没，亲戚朋友都在用	未
1000万只螨虫每天陪你睡觉，不到2毛钱的神器，只需要轻轻一放99的螨虫纷纷狂奔自杀！	未
1000不到1小时开！速转不能停！现在几率翻倍关注点上 稳了！	未
1000 份如果送不完的话会不会很丢脸朝阳区小胡天兰的尊严就交由大家守护了！	未
1000元以内救助可到街道申请！长春市调整临时救助政策	未
1000元现金看到了嘛！	未
1000元起！无锡有这些证书的参保职工补贴来啦，你领了吗	未
1000元跨省游丨西安这么朋克的城市，不管红不红都要去！	未
1000公里的路整整开了5天......	未
1000多万人正大撤离 钱多就赢的逻辑害惨这个行业	未
1000多家。。。//@lesliesay: 相关政府部门收上来的信息表大概有1000家左右，收到表格的企业基本是科技含量比较高的企业。据参与上海科创型企业征集的知情人士告诉澎湃新闻记者，整个上海市有接近2000家企业收到了相关政府部门下发的科创板企业信息收集表，但真正收回来的差不多有1000家左右	未
1000大卷！艾朵 羽戎被法兰戎mao毯128到手	未
1000港元新钞今起上市流通，500港元新钞明年1月流通	未
1000港元新钞票将于明天（12日）正式流通	未
1000牛米扭矩的巨星还有半年就量产！Polestar 1开展驾驶体验评估测试	未
1000种死法求助！在桑拿里遇到放屁的人怎么办	未
1000种死法请个女仆做饭还扣屁股	未
1000给你买买买 冲鸭	未
10:00  网页链接	未
10010，中国联通一个口音疑似农村妇女，连续打格楞的前提下打电话给我连续第N个月推销联通的128元套餐中国联通的客服质量连续下滑，充分说明了就业形势愈发不容乐观	未
100.6  关注别了，火车票！铁路总公司宣布大消息	未
100.6  关注这件事，关乎每个人的生命安全！	未
100.6  关注银川一婚庆仓库起火现场浓烟滚滚，消防员紧急救援	未
100.6  寻人启事帮帮她，找到走失的妈妈！	未
100.6  热点葫芦岛奥迪撞飞小学生是潘长江的锅！	未
100.6  突发北安巷与北京路路口，一车冲上人行道，冲向餐厅	未
100.6  节目预告我市的老旧电梯如何评估	未
1007 聚焦丨商丘民主路将要扩建为双向六车道，春节前就开工?	未
1007 行动  争做文明小使者，今天你做到了嘛	未
100T官宣莫凯西加入战队出任青训总教练北美100T战队在官推宣布，著名记者莫凯西将出任100T青训队(100T.A)总监及总教练100T推特写道：她拥有5年的LOL分析师和记者经验，我们相信，她是在这个领域经验最为丰富的领导者之一，能够不断地帮助我们培养NA赛区的人才。英雄联盟 NALCS	未
100万元现金有奖征文//@曹国伟:没特别限制但最好别过千字//@zj张建:征文有字数限制吗	未
100个减肥建议，绝杀全身多余脂肪，让你从大叔变正太，从阿姨变萝莉如果你对减肥很茫然，不知道从哪里开始，下面的100条减肥建议，应该可以让你成为瘦身理论专家了。	未
100个文件重命名给你5秒钟够嘛	未
100个极易读错的字，你可以及格吗	未
100个极易读错的字，试试看你能读对多少	未
100个管理定律	未
100亲儿子！ NBA詹姆斯	未
100以上的彩蛋，只证明了迪士尼一件事，有钱！	未
100元 50元硬币横空出世，长这样！	未
100元就要出硬币了！纯金的！都赶紧来开开眼！辛集那些事	未
100元硬币来了快看长啥样！	未
100元硬币来了，长这样！如何兑换	未
100元硬币真的来了！100元换得到吗怎么兑换	未
100元硬币真的来了！金币含8克纯金！怎么预约购买	未
100元话费等你来拿！宿州市环境违法行为有奖举报办法出台。环保声音100元话费等你来拿！宿州市环境违法行为有奖举报办法出台	未
100元面额的8克纯金硬币，兑换需要多少钱100块钱吗	未
100 克冬枣大约是中等个头的六七颗，105 千卡热量和米饭差不多。而 100 千卡的热量大约要走 4000 步才能消耗掉。请三思而后吃。	未
100只装透明塑料密封袋1217，1元！	未
100名改革先锋，13人是江苏籍，还有一位在江苏工作	未
100名改革开放杰出贡献拟表彰对象公示，浙江籍15人	未
100块红包！带NBA吐槽大会发博就可抽！你也来试试	未
100多名领导干部带着家属来到这里	未
100多年前，他说我们都是乌合之众	未
100多年前的日历装饰画 / Eugne Grasset	未
100多米不愿走非要朋友醉驾送	未
100多辆车做了这些事情，海口交警怒了	未
100天减肥计划 今天吃个小面 微博视频 100天减肥计划	未
100天的小问号	未
100天的小问号 微博视频	未
100年前沉船被发现，船上还有价值170万元的香槟！	未
100年前的兴宁竟长这样，最后一个存在传说中...	未
100年前的旧照，只有奶奶们才见过的中国！	未
100年前的旧照，只有奶奶们才见过的中国	未
100年前的航拍是什么样的	未
100年变化就在这里！海宁小伙跑遍浙江，做了件你没想到的事	未
100张门票	未
100 微博视频 猫	未
100本名著浓缩成了100话。	未
100条世界地理常识	未
100条行走社会的经验，共勉！	未
100条行走社会的经验共勉	未
100款APP有47款隐私条款不达标 强调“自行承担风险”	未
100款手机App：有的盯你钱包 有的盯你上网记录	未
100秒看重庆渝北	未
100纯橘和70橘的差别	未
100纯橘和70的差别	未
100集评书连播_少林将军许世友-028	未
1011全省路况 截止目前，苏南地区的高速路段已经全部的开通了过江通道现在只有泰州大桥和江阴大桥暂时没法通行其他的过江通道南京二桥三桥四桥润扬大桥苏通大桥以及崇启大桥目前都已经全部的开通了，大家都是可以放心的选择    而苏北地区的受到团雾的影响，暂时还没有开通行 请 ...全文	未
10-11日，受补充冷空气影响，西北地区东部华北西部和北部黄淮等地有45级偏北风，气温下降46，局地达810。（下接广东天气） 查看图片	未
101号汽油来了？除了贵，它跟95#98#还有这些区别	未
@101团违建大棚房，拆你没商量！	未
101 条谣言，一次全辟掉，谢谢@人民日报...	未
1020公斤铵锑炸药！看西充警方是如何处理的	未
1020我也给你们安排一下吧	未
1024严惩叔叔，我特别害怕，小学女生向公交司机求助，结果......	未
1024冷明日大雪！寒潮席卷而来！阵风8级，最低温-32	未
1024微天下通缉令上高颜值女嫌犯11月20日，@平安绵阳 在微博发布检举酒托诈骗犯罪团伙在逃人员的通告，并曝光了7名嫌疑人姓名及照片。然而，在逃嫌疑人中一名叫卿晨璟靓的女性犯罪嫌疑人，却因为颜值吸人意外火了。网友感慨：卿本佳人 奈何做贼	未
1024微天气 不冻哭你算我输！这次降温超凶的！今晨，华北及山东辽宁等地出现6-10降温北京河北山西等地气温降至-10左右。中央气象台继续发布寒潮蓝色预警：预计未来3天，江南华南等地气温下降6-8，其中福建广东及广西等地降温8-10。戳你家啥颜色转发提醒：防寒保暖	未
1024微天气 冷的时候，你会情绪低落吗低温状态下，很容易导致情绪低落，专家把这些不适应的情况，做了汇总，叫做季节性情感障碍综合症，直接点就叫做低温抑郁症。资料显示，张家口石家庄邯郸平均气温在零下的时候均出现12月1月2月，张家口三个月的平均气温均在零下，石家庄邯郸的平均气温也均低于3，全年最冷的三个月。	未
1024微提醒 刚刚，单双号限行取消！！！经市气象环保部门和市气水办专家组联合会商，预计12月22日夜间至23日，受冷空气影响，我市环境空气质量为良到轻度污染12月24至25日，污染将再度反弹12月25日夜间至28日，受冷空气影响，我市空气质量将逐渐转好。为科学做好重污染天气应急响应启动和解除工作，市重污染天气应急指挥部办公室决定，12月24日零时起，将我市重污染天气级应急响应调整为级应急响应。同时，12月26日8时起 ，解除重污染天气级应急响应，全市机动车执行常态化限行措施。	未
1024微提醒 注意啦！石家庄市于12月9日0时起启动重污染天气一级应急响应，12月10日起，全市限行区域内实行单双号限行，届时城市公交车免费根据省环境应急与重污染天气预警中心《关于建议做好近期空气重污染过程应对工作的函》，经市气象环保部门联合会商，预计12月9日-10日，受气压场减弱影响，全市污染扩散气象条件转差，环境空气质量将达到中至重度污染12月12-16日污染扩散气象条件将持续不利。考虑到本次污染过程持续时间较长程度较重，为了减轻不利气象条件对我市环境空气质量的影响，最大限度降低	未
1024微新闻 今天早上，省会中华大街桥上北向南，靠近学府路出口这里，路中间有结冰的现象，有车辆在这里发生交通事故。目前，发生事故的车辆在处理当中，也已经有除冰的工作人员赶到现场，正在除冰！	未
1024微新闻 台湾海峡今晚发生4.5级地震@中国地震台网 正式测定：26日20时50分在台湾海峡（北纬23.31度，东经118.65度）发生4.5级地震，震源深度7千米。	未
1024微新闻 国务院办公厅关于2019年部分节假日安排的通知元旦：2018年12月30日至2019年1月1日放假调休，共3天。2018年12月29日（星期六）上班。春节：2月4日至10日放假调休，共7天。2月2日（星期六）2月3日（星期日）上班。清明节：4月5日放假，与周末连休。劳动节：5月1日放假。端午节：6月7日放假，与周末连休。中秋节：9月13日放假，与周末连休。国庆节：10月1日至7日放假调休，共7天。9月29日（星期日）10月12日（星期六）上班。	未
1024微新闻地震快讯中国地震台网正式测定：11月26日14时08分在四川自贡市荣县（北纬29.49度，东经104.49度）发生3.2级地震，震源深度8千米。（ @中国地震台网 ）	未
1024微新闻地震快讯中国地震台网自动测定：12月16日12时45分在四川宜宾市兴文县附近（北纬28.27度，东经104.89度）发生4.4级左右地震，最终结果以正式速报为准。	未
1024微新闻 外卖小哥需持证送餐！石家庄为这些领域定规矩今后，外卖小哥送餐也需要持证上岗啦！12月14日，从石家庄市政府举办的新闻发布会上获悉，即日起至2019年3月底，市食药监局将在全市范围内开展为期4个月的食品药品监管领域隐患大排查大整治行动，集中对食品药械和保健品三方面进行整治。	未
1024微新闻 天冷人暖！醉酒乘客打的付了8050元 的哥：钱还回去才心安12月5日凌晨，郑州一出租车公司夜班司机王深红拉到一名醉酒乘客，醉酒乘客到地儿后通过扫码支付给的哥转了8050元车费。王师傅发现这笔巨额车费时，已是3个多小时后。好在两个人都在找对方，很快，多给的车费完璧归赵。王师傅：不该得的钱还回去了自己才能安心。	未
1024微新闻 姜还是老的辣！女儿被富二代男友骗走8万元，老爸设局骗了回来11月1日，在某社交平台做主播的眉山女子小琪，认识了自称富二代的男子黄峰，随后两人迅速确定了情侣关系。黄峰先后让小琪从其父亲李涛的对公账户里，转走了8万元，因迟迟未还钱引起李涛怀疑。面对准备跑路的黄峰，李涛心生一计，以千万业务诱惑，成功将已跑到成都的黄峰骗回眉山青神，随后报警。警方介入后，黄峰承认了诈骗事实。原来，黄峰并不是富二代，而是一个无业游民。在外地多次冒充富二代行骗，连同此次骗的8万元，大多被他用于打	未
1024微新闻 库里遭遇车祸，上央视新闻，从排面上来看，这波很稳	未
1024微现象 他总是能左右你的情绪承认吧只要他出现你就不酷了	未
1024微现象 看海看久了想见人，见人见多了想看海。 村上春树	未
1024微讨论 人造肉类食品将端上餐桌 你会吃吗你会吃人造肉吗近日，美国农业部和食品药品监督管理局（FDA）最近联手发布了针对细胞培育食品的监管方案，而这种听起来有些科幻感的食物，其实就是人造肉。据了解，这种人造肉，一小块肌肉组织可培养出一万公斤肉，人造牛肉饼与正常肉类似，口感更温和。还能为地球减负 节约土壤水等资源。	未
1024微讨论 如果手机号后4位对应下周可以得到的东西，看看你的是什么	未
1024微讨论 如果让你给现在的自己发一条短信，你会选择哪一个以勉未来	未
1024提醒社保卡里面竟藏着一大笔钱90的河北人都不知道！	未
1024注意爱喝酒的单身年轻人注意了！这件事赶快扩散出去！	未
102岁原延安中央医院护士长何奇逝世，曾替毛主席治五十肩	未
102岁延安革命岁月见证者何奇离世 曾替毛主席治肩	未
102岁的武定路，原来洋气到开挂静安区的小马路，总给人静谧的感觉，今年102岁高龄的武定路，摩登与复古，潮流与怀旧并存，各种网红新店纷纷涌入，每当夜晚将至，整条马路摇身一变，成了魔都潮人的聚集地，就是一个大写的洋气！	未
102岁的老爸要把75岁的儿子送进养老院，哈哈哈哈哈	未
102岁老两口打架，泪流满面！	未
102岁老两口打架，看的泪流满面！	未
102岁老人40岁器官，竟是因为常吃它！人人都适用	未
102岁老俩口打架，看哭了！	未
102岁老俩口打架，看哭了	未
102岁老俩口打架，都看哭了	未
102岁老夫妻打架看哭了！	未
102岁还能做什么送75岁的儿子去养老院	未
102线发生的事现德惠暖男	未
102项人社公共服务大全！涉及医疗就业养老	未
1030，差个20！juventus	未
10:30的全身护理俩小时12:30吃午饭然后去喂饼子然后休息然后手机遥控盯着老大的动态上完芭蕾课给她叫车送回太姥姥家然后等着俩人爹来我这那个爹感冒了好几天没来了	未
103:108，勇士客场负于爵士，库里32分	未
1038冬天你家还在用电火箱吗快来看看瑞奇电取暖桌吧！	未
1038@怀化人请收藏！城区舞水一桥全封闭管制期间，公交车线路将这样绕行	未
1038注意绕行！城区这五座桥梁今天起开始补钙！	未
1038特别提醒！怀化首批共享单车禁停区来了！	未
1038留言有奖！和交警蜀黍做直播，说说哪些出行细节最影响交通安全	未
103家遗址公园齐聚武汉，究竟发生了什么	未
103路公交车突然冲撞4辆出租车，并致劝架司机双腿碾压！事前曾发生争执	未
103路突然撞向4辆出租车，并致一司机双腿碾压！	未
1041夜聊一人一句，说说你们不回消息的原因	未
1041夜聊 你更怕冷，还是更怕热	未
1041寻人急转！郑州女孩离家出走 家人害怕她轻生女孩姓名：安淑婷，女，14岁身高1.72米，从监控发现，她今天凌晨2：40分从郑州市电厂路漳河路五龙新城小区离家出走，有轻生的念头。家长说，孩子身上没有钱，也没有拿手机。求助人：安先生13653865133。	未
1041寻人急转！郑州女孩离家出走 家人害怕她轻生女孩姓名：安淑婷，女，14岁身高1.72米，从监控发现，她今天凌晨2：40分从郑州市电厂路漳河路五龙新城小区离家出走，有轻生的念头家长说，孩子身上没有钱，也没有拿手机求助人：安先生13653865133	未
1041寻人转发寻人！天黑了，帮助任长书老人回家吧！走失老人姓名：任长书，男，65岁，于今天（11月29号）上午10点40分在郑大三附院 康复前街附近走失，老人走时身穿灰色上衣，黑色裤子，手里拿一个塑料袋记者从家属那里了解到，老人是去医院看望自己的孩子时走丢的，现在家人着急坏了已经报警 ...全文	未
1041寻人转发寻人！天黑了，帮助任长书老人回家吧！走失老人姓名：任长书，男，65岁，于今天（11月29号）上午10点40分在郑大三附院 康复前街附近走失，老人走时身穿灰色上衣，黑色裤子，手里拿一个塑料袋。记者从家属那里了解到，老人是去医院看望自己的孩子时走丢的，现在家人着急坏了已经报警。我们也请在康复前街陇海路大学路附近的朋友帮忙找找，有消息请联系河南交通广播9601188。	未
1041寻人 转发寻人！郑州王玉珍老人走失 请求大家帮助寻找姓名：王玉珍，女，65岁，身高152cm左右，微驼背。今天（12月11号）上午10:50在郑州田园路迎宾路公交站坐79路公交车至今未归。走时上穿蓝色棉袄下穿黑色裤子。请见到类似体貌特征的朋友尤其是公交车长，联系河南交通广播9601188。	未
1041寻人 转发！张世达，你在哪里寻人启事，12岁男孩，姓名：张世达，今天11.26（周一）在浚县善堂镇明日之星quot午托部吃过早饭后外出未到校，希望大家帮忙转发一下，家长和老师焦急寻找中，知情者可以联系： 13592418361	未
1041寻物扩散寻物！郑州一名高三学生身份证遗落在出租车上，今明两天急用高三学生尹梦伟求助河南交通广播，自己11月24号乘坐出租车从未来路到陇海东路下车，身份证遗落在车上，今明两天是2019年高考报名的日子，急需用到身份证，请有线索的出租车师傅联系9601188新闻线索电话，感谢	未
1041寻物 董鑫，你的机动车登记证丢了昨天晚上黄先生在郑州玉凤路郑汴路交叉口向北200米，捡到一个机动车登记证书，证书上显示的名字是：董鑫。 查不到车主电话！知情者可联系河南交通广播新闻热线：9601188。（记者：杨光）	未
1041快讯 四川宜宾兴文县发生5.7级地震中国地震台网正式测定：12月16日12时46分在四川宜宾市兴文县（北纬28.24度，东经104.95度）发生5.7级地震，震源深度12千米@中国地震台网速报	未
1041早安 今日大雪，你穿厚秋裤了吗	未
1041爱心救助急寻家人！爸爸妈妈，请不要抛弃我！郑州一男童被遗弃在儿童医院12月7日，一个五六岁小男孩被遗弃在了河南省儿童医院东三街院区医院门诊科护士告诉记者，他们发现时，孩子已是孤身一人，当时孩子感冒发烧目前已经基本康复，小男孩河南口音，不爱说话，也不能清除表达父母 ...全文	未
1041突发突发！凌晨郑州一热力管道破裂，有人员被困，3人死亡1人受伤今天(11月30日)凌晨03时45分，郑州市消防支队指挥中心接到报警：金水区经三路与农科路交叉口室外热力管道破裂，有人员被困指挥中心立即调派3部消防车18名指战员赶赴现场救援，同时通知110120热力公司市安监等相关部门 ...全文	未
1041突发突发！凌晨郑州一热力管道破裂，有人员被困，3人死亡1人受伤今天(11月30日)凌晨03时45分，郑州市消防支队指挥中心接到报警：金水区经三路与农科路交叉口室外热力管道破裂，有人员被困。指挥中心立即调派3部消防车18名指战员赶赴现场救援，同时通知110120热力公司市安监等相关部门到场协助救援。03时52分，救援力量到达现场，经了解，事故现场为室外热力管道破裂，泄漏热水导致周边建筑物内有人员被困。03时57分救援人员从泄漏点临近成功营救4名被困人员，均未受伤。在救援力量扩大搜索面	未
1041突发突发！郑州物流通道路边一绿化带着火，通行注意安全今天（11月25日）17点多，车友反映：郑州物流通道西向东方向快到开封境地，路边一片绿化带着火了	未
1041紧急救助郑州一早产儿感染罕见病菌需转院北京 救援接力准备中郑州一800克早产儿感染罕见病菌，病情危急医生建议转入北京治疗陕AN3X05救护车将从郑大一附院出发，走陇海高架从圃田站上高速，沿京港澳高速一路向北，沿线河南省公安厅高速交警总队二八三九四支队警车一路保通中央 ...全文	未
1041紧急救助郑州一早产儿感染罕见病菌需转院北京 救援接力准备中郑州一800克早产儿感染罕见病菌，病情危急。医生建议转入北京治疗。陕AN3X05救护车将从郑大一附院出发，走陇海高架从圃田站上高速，沿京港澳高速一路向北，沿线河南省公安厅高速交警总队二八三九四支队警车一路保通。中央媒体河南交通广播全程关注。跨省救援800克小清媱	未
104万住院费引热议，患者女儿：晒收据本意是提醒珍惜健康	未
104万住院费收据网上引发热议住院费已逾170万一张住院收费票据，能击倒中国95的家庭，心脑血管疾病61天花了104万昨日，一张出自武汉大学中南医院的巨额住院收据在网上引发热议。楚天都市报记者从该院了解到，网传的住院收据真实存在，该名患者目前仍在医院治疗，总费用已超过170万元。心梗引发并发症据院方介绍，9月13日上午，67岁的刘先生（化姓）在家突然出现呕吐等不适症状，于当天中午12时左右在老伴陪同下来到中南医院，被确诊为急性心梗右侧冠状动脉严重堵塞。因心跳微弱心率很低，装上心脏起搏器也	未
104个编制！三地医疗单位招209人，大专可报	未
104国道一辆货车在行驶中车轮突然脱落！	未
104国道一辆货车在行驶中车轮脱落	未
104国道杨柳青段有拓宽计划	未
104国道界河沿线所有的棚厦和违建设施将一律拆除一律清理！	未
104岁老人居深山 当年奔赴前线 如今乐享晚年	未
1050100元硬币来了瞧瞧啥样	未
105亿收购盈科中心 “链家系”资管平台浮出水面	未
10.5官换真香_网页链接	未
105岁抗战老兵辞世 曾歼灭日寇骑兵	未
106名传销人员在南宁被查获！还有人声称是来做生意的	未
106献县段车祸城区多车相撞	未
1074交通安全宣传日  11月22日这天，我们干了件大事儿！	未
1074交通安全宣传日  剧透！小细节里的大安全，12月我们一起关注	未
107国道大修！投资1.5亿，工期要一年听听官方咋解释近日，新乡市交通运输局联合新乡市公安局发布消息称：G107线新乡境固军服务区至祝楼超限站段维修改造工程已经由新乡市人民政府批准建设。全长18公里，计划2018年11月23日开始施工，2019年11月23日完工。此消息一出立刻引起了众多新乡市民的关注。有多位市民纷纷质疑，仅仅维修全长18公里的道路，工期怎么需要那么长?也有市民质疑维修道路18公里，竟然花费将近1.5亿到底工程量有多大?戳gtgt107国道大修！投资1.5亿，工期要一年	未
107国道新乡段封闭将近一个月，建了围挡咋不施工107国道新乡段封闭大修的消息，一直广受外界关注。从11月23日，107国道新乡至郑州方向开始封闭以来，途径该路段的各种车辆只能绕行。近日有网友发现，封闭近一个月的107国道并没有进行任何施工，这引起了网友们的质疑：既然已经封闭，为何迟迟难动 ...全文	未
107岁没三高，全靠一碗两块钱的它！	未
107岁没三高，全靠一碗两块钱的它！还有人吃它逆转了糖尿病	未
107岁没“三高”没糖尿病，百岁秘诀藏在一碗粥和一套操里！	未
1080p版牛姐Mariah Carey现场来了！自取： 网页链接	未
1080显卡不开直播打lol fps到不了100去尼玛的	未
108名诺奖得主吁绿色和平放弃反对转基因，指其为反人类罪	未
109次会议缺席63次，海南一“任性”厅官受贿获刑10年	未
10 Genomics单细胞转录组，教你如何避坑	未
10kv柱上开关定值保护怎么计算	未
10kV绝缘导线能用手摸吗	未
10kV绝缘电线线路，能用手直接摸吗	未
10s内戳赞 三天内会有好事发生	未
10s内点赞这条粉色海豚 年底会有好事发生	未
10万主播卖农货，阿里一年助销49亿件农产品	未
10万人选课！这个老师把课讲成相声，却有人反对	未
10万亿催收富矿，谁在疯狂前段时间，一向低调的郴州农商行突然火了，这源起于该行董事长周松柏自带被褥碗筷鞋套入住债务人客厅，并最终成功催回欠款的魔幻操作。 虽然最近才火，但事情发生在一个多月前的10月17日。当时已是晚上9点，仍在办公司安排工作的清收总指挥周松柏接到了一个求助电 ...全文	未
10万字写清人类10万年，《极简人类史》作者怎么做到的？	未
10万瓶！柳州人注意了，长春生物人用狂犬病疫苗又出问题！	未
10万瓶！长春地区人用狂犬病疫苗再现问题继长生生物疫苗事件之后，位于长春的生物制药企业的人用狂犬病疫苗再次出现问题。中国食品药品检定研究院11月21日发布公示，不予签发两家企业生产的人用狂犬病疫苗，合计约10万瓶。两家被拒企业均为长春地区的生物制药企业。不予签发意味着该产品无法获得上市许可。（北青报）长春生物制药企业人用狂犬病疫苗再次出现问题：10万瓶狂犬病疫苗被拒签发	未
10万瓶！长春地区人用狂犬病疫苗再现问题继长生生物疫苗事件之后，位于长春的生物制药企业的人用狂犬病疫苗再次出现问题。 微博视频	未
10万瓶！长春狂犬病疫苗问题再现位于长春的生物制药企业的人用狂犬病疫苗再次出现问题。11月20日，中国食品药品检定研究院官网发布消息，吉林迈丰生物药业有限公司生产的约4.3万瓶人用狂犬病疫苗，及长春卓谊生物股份有限公司生产的5.7万瓶冻干人用狂犬病疫苗被不予签发，无法获得上市许可，合计约10万瓶。（北京青年报）	未
10万美元的国际医院认证：将近一半和莆田系医院有关系据了解，JCI是一家国际非营利机构，主要为美国境外医院提供评级审认证服务，提升医院管理和护理水平。医院通过JCI评审后，即可获得认证，并被授予金标。如今这家来自美国的公司，与国外医院的合作正越来越密切，截至目前，全球已有超过1000家医院通过认证，包括106家中国医院（不含港澳台），并且近两年认证通过的中国医院数量有暴涨的趋势。 10万美元的国际医院认证：将近一半和莆田系医院有关系	未
10个一生必去的地方，中国就占了5个！你都去过吗	未
10个不孝儿女，看哭无数人！	未
10个你必须去希腊的理由	未
10个信号代表你已经老了，我们常感慨时间都去哪儿了，似乎不知不觉我们就老了。其实，人体衰老也有它的独门暗号，当你的身体出现这些信号时，衰老已经悄然而至。健康一冬 张淋琳健康频道	未
10个关键词告诉你，新时代“大党”什么样	未
10个年薪百万的贴身保镖居然打不过一个兵痞，这人难道是退役特种兵王	未
10个心脏报警信号 你一定要知道！	未
10个月21名未成年人受害，深圳公布的这份教育机构性侵案数据，触目惊心	未
10个月大萌娃被两陌生女子抱着乘高铁到新区，父母呢真相原来是	未
10个月大萌娃被两陌生女子抱着乘高铁到滨海新区，真相是	未
10个诡异事件！恐怖程度堪比灵异事件！	未
10个诡异的凶杀案！恐怖程度堪比灵异事件	未
10个误传千年的俗语	未
10个饭后的坏习惯！第一个你肯定中招！	未
10人开除，4人记过处分！辅警收钱37段视频情况通报来了	未
10亿元！宇通客车接盘王文学：受让ST宏盛25.8%股份	未
10亿元的惊天大案！如果有人免费请你出国旅行体检，小心今年1月，浙江嘉兴市公安局接到群众王女士报案称，2016至2017年期间，她被嘉兴一美容院以出国检测治疗癌症，诱骗购买名为癌盾的药品等方式诈骗600余万元经当地公安机关初步侦查，发现以大连思兰德生物科技有限公司为首的犯罪团伙 ...全文	未
10亿元的惊天大案！如果有人免费请你出国旅行体检，小心今年1月，浙江嘉兴市公安局接到群众王女士报案称，2016至2017年期间，她被嘉兴一美容院以出国检测治疗癌症，诱骗购买名为癌盾的药品等方式诈骗600余万元。经当地公安机关初步侦查，发现以大连思兰德生物科技有限公司为首的犯罪团伙。经检测，所谓癌盾的主要成分为番茄红素和青花素，分别以人民币9.8万至39.8万的价格出售给受害人配合治疗，而实际价值仅为几百元。该团伙组织严密人数众多，涉及相关案件2000余起，涉案金额近10亿元。10亿元的	未
10亿元赌约到期：董明珠和雷军都没有输	未
10亿元赌约“揭盅”：董明珠与雷军变得更像对方了	未
10亿元赌约“揭盅”：董明珠与雷军这五年变得更像对方了	未
10亿元赌约揭盅：董明珠与雷军这五年变得更像对方了12月12日，是董明珠与雷军10亿元赌约到期的日子。五年前，小米创始人董事长兼CEO雷军在一个颁奖礼上公开发起挑战如果五年后小米的营业额超过格力，就请格力电器董事长兼总裁董明珠赔他一块钱。性格刚烈的董明珠当场回应说，第一这不可能，第二要么不赌要赌就赌10亿元。只是格力的模式偏重，小米的模式偏轻。未来，最终谁将胜出也许是你中有我我中有你。董小姐联网思维加强雷军更加重视产品和渠道。奥维云网（AVC）董事长文建平向第一财经记者分析说，	未
10亿元赌约揭盅：董明珠与雷军这五年变得更像对方了五年前，雷军在一个颁奖礼上公开发起挑战如果五年后小米的营业额超过格力，就请董明珠赔他一块钱。董明珠当场回应说，第一这不可能，第二要么不赌要赌就赌10亿元。这成为互联网企业向制造业企业发起挑战的标志性事件。格力小米殊途同归，都瞄准了智能家居。只是格力的模式偏重，小米的模式偏轻。未来，最终谁将胜出也许是你中有我我中有你。10亿元赌约揭盅：董明珠与雷军这五年变得更像对方了	未
10亿元赌约揭盅：董明珠雷军都没有输12月12日，是董明珠与雷军10亿元赌约到期的日子。单纯对比财务数据已经意义不大，因为小米代表的互联网模式与格力代表的制造业模式正在深度融合。格力小米殊途同归，都瞄准了智能家居。只是格力的模式偏重，小米的模式偏轻。未来，最终谁将胜出也许是你中有我我中有你。10亿元赌约揭盅：董明珠雷军都没有输	未
10亿豪赌仅剩4天 被贴满标签的董小姐从不缺故事董明珠无心抛出的话题，让中国网民热闹了五年，从那以后，董明珠的形象从一个女强人企业家变成了网络红人话题制造者日前，董明珠公开单方宣称，基本上已经赢了与雷军的五年赌约有记者问董明珠将如何从雷军手上拿到即将赢得的10亿元赌金时，董 ...全文	未
10亿赌约即将兑现，雷军与董明珠究竟谁能笑到最后	未
10余家五星酒店黑幕频频流出！你还敢使用酒店的公共水壶吗	未
10余省份出台护理假 独生子女可带薪陪护老人 快看看有没有你的家乡	未
10余省份出台独生子女护理假最多能休20天，你有几天目前至少有福建，广西，湖北，海南，黑龙江，重庆，四川，河南，宁夏，内蒙古，山西等10余省份出台了独生子女护理假的具体规定此外，湖北，黑龙江，四川，宁夏等地还规定，非独生子女也可享受这一待遇（中新网）10余省份出台独生子女护理假 有地方能休20天	未
10余省份出台独生子女护理假 有地方能休20天截至2017年底，中国60岁及以上老年人口已达到2.41亿据中新网记者不完全统计，目前至少有福建广西湖北海南黑龙江重庆四川河南宁夏内蒙古山西等10余省份出台了具体规定各地的护理假时长有所区别，此外，在湖北黑龙江四川宁 ...全文	未
10余省份出台独生子女护理假 有地方能休20天截至2017年底，中国60岁及以上老年人口已达到2.41亿。据中新网记者不完全统计，目前至少有福建广西湖北海南黑龙江重庆四川河南宁夏内蒙古山西等10余省份出台了具体规定。各地的护理假时长有所区别，此外，在湖北黑龙江四川宁夏等地还规定，非独生子女也可享受这一待遇。10余省份出台独生子女护理假 有地方能休20天	未
10余省份出台独生子女护理假 有地方能休20天截至2017年底，中国60岁及以上老年人口已达到2.41亿。据中新网记者不完全统计，目前至少有福建广西湖北海南黑龙江重庆四川河南宁夏内蒙古山西等10余省份出台了具体规定。各地的护理假时长有所区别，此外，在湖北黑龙江四川宁夏等地还规定，非独生子女也可享受这一待遇。（瞭望）10余省份出台独生子女护理假 有地方能休20天网页链接 10余省份出台独生子女护理假 有地方能休20天	未
10余省份出台独生子女护理假 有地方能休20天数据显示，中国60岁及以上老年人口已达到2.41亿与之形成对比的是，独生子女面临的父母照料养老压力愈发明显为应对这一问题，各地政府近年来也密集制定政策，出台了独生子女护理假相关规定截至目前，至少有福建广西湖北海南黑龙江 ...全文	未
10余省份出台独生子女护理假 有地方能休20天数据显示，中国60岁及以上老年人口已达到2.41亿。与之形成对比的是，独生子女面临的父母照料养老压力愈发明显。为应对这一问题，各地政府近年来也密集制定政策，出台了独生子女护理假相关规定。截至目前，至少有福建广西湖北海南黑龙江重庆四川河南宁夏内蒙古山西等10余省份出台了具体规定。此外，在湖北黑龙江四川宁夏等地还规定，非独生子女也可享受这一待遇。来看看你有几天假（中新网）网页链接	未
10余省份出台独生子女护理假 有地方能休20天数据显示，中国60岁及以上老年人口已达到2.41亿。与之形成对比的是，独生子女面临的父母照料养老压力愈发明显。为应对这一问题，各地政府近年来也密集制定政策，出台了独生子女护理假相关规定。截至目前，至少有福建广西湖北海南黑龙江重庆四川河南宁夏内蒙古山西等10余省份出台了具体规定。此外，在湖北黑龙江四川宁夏等地还规定，非独生子女也可享受这一待遇。来看看你有几天假详戳 10余省份出台独生子女护理假 有地方能休20天	未
10余省份出台独生子女护理假 有的地方能休20天截至目前，至少有福建广西湖北海南黑龙江重庆四川河南宁夏内蒙古山西等10余省份出台了相关政策。此外，在湖北黑龙江四川宁夏等地还规定，非独生子女也可享受这一待遇。戳大家怎么看（中新网）	未
10余省份出台独生子女护理假：有的能休20天，看看你有几天假截至目前，至少有福建广西湖北海南黑龙江重庆四川河南宁夏内蒙古山西等10余省份出台独生子女护理假具体规定。此外，在湖北黑龙江四川宁夏等地还规定，非独生子女也可享受。（中新网）10余省份出台独生子女护理假 有地方能休20天	未
10余省份出台独生子女护理假：有的能休20天，看看你有几天假截至目前，至少有福建广西湖北海南黑龙江重庆四川河南宁夏内蒙古山西等10余省份出台独生子女护理假具体规定此外，在湖北黑龙江四川宁夏等地还规定，非独生子女也可享受（中新网）网页链接	未
10余省份出台独生子女护理假！河南假期天数全国最长日前，宁夏出台相关条例，老年人患病住院期间，子女可享受带薪陪护假的规定引发广泛关注截至目前，至少有河南福建广西宁夏等在内的10余省份出台了相关政策，其中，河南独生子女护理假超过20天除了护理假，老年人还享受这些保障 ...全文	未
10余省份出台独生子女护理假 看看你有几天假截至目前，至少有福建广西湖北海南黑龙江重庆四川河南宁夏内蒙古山西等10余省份出台了具体规定此外，在湖北黑龙江四川宁夏等地还规定，非独生子女也可享受这一待遇（中国新闻网）	未
10余省份出台独生子女护理假 看看你有几天假截至目前，至少有福建广西湖北海南黑龙江重庆四川河南宁夏内蒙古山西等10余省份出台了具体规定。此外，在湖北黑龙江四川宁夏等地还规定，非独生子女也可享受这一待遇。（中国新闻网 截图来源：头条热搜）	未
10余省份出台独生子女护理假 看看你有几天假截至目前，至少有福建广西湖北海南黑龙江重庆四川河南宁夏内蒙古山西等10余省份出台了具体规定此外，在湖北黑龙江四川宁夏等地还规定，非独生子女也可享受这一待遇（中国新闻网）详戳来看看你有几天假 ...全文	未
10余省份出台独生子女护理假 看看你有几天假截至目前，至少有福建广西湖北海南黑龙江重庆四川河南宁夏内蒙古山西等10余省份出台了具体规定。此外，在湖北黑龙江四川宁夏等地还规定，非独生子女也可享受这一待遇。（中国新闻网）详戳来看看你有几天假网页链接	未
10余省份出台独生子女护理假，看看你有几天假截至目前，至少有福建广西湖北海南黑龙江重庆四川河南宁夏内蒙古山西等10余省份出台了具体规定。此外，在湖北黑龙江四川宁夏等地还规定，非独生子女也可享受这一待遇。(中新网)	未
10余省份出台独生子女护理假 看看你有几天假截至目前，至少有福建广西湖北海南黑龙江重庆四川河南宁夏内蒙古山西等10余省份出台了具体规定。此外，在湖北黑龙江四川宁夏等地还规定，非独生子女也可享受这一待遇。戳文了解详情 热点  10余省份出台独生子女护理假！这3个地方最多能休20天	未
10余省份出台独生子女护理假 看看你有几天假截至目前，至少有福建广西湖北海南黑龙江重庆四川河南宁夏内蒙古山西等10余省份出台了具体规定此外，在湖北黑龙江四川宁夏等地还规定，非独生子女也可享受这一待遇（记者 张尼）详戳来看看你有几天假 ...全文	未
10余省份出台独生子女护理假 看看你有几天假截至目前，至少有福建广西湖北海南黑龙江重庆四川河南宁夏内蒙古山西等10余省份出台了具体规定。此外，在湖北黑龙江四川宁夏等地还规定，非独生子女也可享受这一待遇。（记者 张尼）详戳来看看你有几天假网页链接	未
10余省份出台独生子女护理假 看看你有几天假截至目前，至少有福建广西湖北海南黑龙江重庆四川河南宁夏内蒙古山西等10余省份出台了具体规定。此外，在湖北黑龙江四川宁夏等地还规定，非独生子女也可享受这一待遇。详戳来看看你有几天假（中国新闻网）	未
10余省份出台独生子女护理假 看看你有几天假截至目前，至少有福建广西湖北海南黑龙江重庆四川河南宁夏内蒙古山西等10余省份出台了具体规定此外，在湖北黑龙江四川宁夏等地还规定，非独生子女也可享受这一待遇详戳来看看你有几天假网页链接（中新 ...全文	未
10余省份出台独生子女护理假 看看你有几天假截至目前，至少有福建广西湖北海南黑龙江重庆四川河南宁夏内蒙古山西等10余省份出台了具体规定。此外，在湖北黑龙江四川宁夏等地还规定，非独生子女也可享受这一待遇。详戳来看看你有几天假网页链接（中新网）	未
10余省份出台独生子女护理假 看看你有几天假截至目前，至少有福建广西湖北海南黑龙江重庆四川河南宁夏内蒙古山西等10余省份出台了具体规定福建护理假政策从2017年3月1日开始实施，护理时长10天/年此外，在湖北黑龙江四川宁夏等地还规定，非独生子女也可享受这一 ...全文	未
10余省份出台独生子女护理假 看看你有几天假截至目前，至少有福建广西湖北海南黑龙江重庆四川河南宁夏内蒙古山西等10余省份出台了具体规定。福建护理假政策从2017年3月1日开始实施，护理时长10天/年。此外，在湖北黑龙江四川宁夏等地还规定，非独生子女也可享受这一待遇。（中国新闻网 ）详戳来看看你有几天假	未
10余省份出台独生子女护理假 看看你有几天假目前至少有福建广西湖北海南黑龙江重庆四川河南宁夏内蒙古山西等10余省份出台了具体规定各地的护理假时长有所区别，此外，在湖北黑龙江四川宁夏等地还规定，非独生子女也可享受这一待遇此外，还有一些地方政府虽然未 ...全文	未
10余省份出台独生子女护理假 看看你有几天假目前至少有福建广西湖北海南黑龙江重庆四川河南宁夏内蒙古山西等10余省份出台了具体规定。各地的护理假时长有所区别，此外，在湖北黑龙江四川宁夏等地还规定，非独生子女也可享受这一待遇。此外，还有一些地方政府虽然未明确规定护理假天数，但是却提出用人单位应支持子女照料住院老人。	未
10余省份出台独生子女护理假！这3个地方最多能休20天	未
10余省份出台独生子女护理假 ！部分地方最多能休20天据不完全统计，目前至少有福建广西湖北海南黑龙江重庆四川河南宁夏内蒙古山西等10余省份出台了独生子女护理假具体规定各地的护理假时长有所区别，此外，湖北黑龙江四川宁夏等地还规定，非独生子女也可享受这 ...全文	未
10余省份发布独生子女护理假 有地方能休20天！	未
10元50元100元硬币来了！快瞧瞧长啥样	未
10元人民币拍出26.45万	未
10元在俄罗斯能买到什么中俄物价差距在哪网友：意想不到	未
10元洗车，兰花路惊现24小时无人洗车店！	未
10元硬币来了！12月5日开始预约，数量只有	未
10元硬币来了！石景山这些地方能预约数量只有	未
10元硬币来了！重庆人怎么预约兑换看这里	未
10元秒变20万！男子在存折上画零然后去取钱内蒙古赤峰村民魏某在家收拾屋子，无意间发现了一张存折，他赶紧打开看存款数额，瞬间没了高兴劲儿，才存了10元钱，刚够买包烟。但是由于看着年代久远字迹有些模糊的存折，魏某动起了歪心思，用笔改了一下，10元存款摇身一变成为20万。改完之后，魏某仔细地辨认了一下。看到基本可以以假乱真时，魏某决定去银行取钱。详情10元秒变20万！男子在存折上画零然后去取钱	未
10几亿的金条，看到的以后都会得到。先画押	未
10分36秒，央视新闻频道深度报道付宏伟火海救人的事迹	未
10分，打几分	未
10分钟全身塑形甩油操相信很多人都知道减脂的艰辛，一些人在塑形之路上尝试过各种各样的方法，屡败屡战，怎么办每组30秒，做完再做一遍。可以结合平时跳的操或者跑步，效果更好！小伙伴们，动起来吧！	未
10分钟后，开抢！这个价格两本精装书，我觉得真没什么可考虑的了	未
10分钟快速办结全案三明交通事故快处中心教你全攻略	未
10分钟收腹 微博视频	未
10分钟让全连吃上可口热食，炊事员可不是说说而已	未
10分钟路程跑出1010元日照这个天价账单背后，真相是这样的	未
10句话，累的时候，烦的时候，就看看《句句值千金》	未
10句逆耳忠言：一句话，一副药！	未
10只朱鹮从河南落户四川	未
10号凌晨露过面，然后就.....//@俟漪:据东北新闻网报道，记者从有关部门获悉，加拿大公民迈克尔，英文名：Spavor Michael Peter Todd，因涉嫌从事危害中国国家安全的活动，于2018年12月10日，被辽宁省丹东市国家安全局依法审查。目前，案件正在审理中。	未
10号：去特么的足球梦说话太直接是好事吗	未
10名小学班主任竞选“南京工匠”进行模拟答辩	未
10吨毒狗肉，堆积如山！湖南特大毒狗案，丧尽天良	未
10吨重门梁落下，砸中大货车车头！因为司机卸货时没注意这个细节...	未
10大动图：这就是传说中的局部地区有雨果然很局部！	未
10大医药政策，都和你相关	未
10大最常用的海淘网站攻略，还不知道的去罚站吧！	未
10大糗事：吃什么东西都要洗干净心疼小时候的你	未
10大糗图：社会新群体中年少女！快看看这是不是现在的你	未
10天。	未
10天，他们做到了从体育馆到法式花园婚礼的彻底颠覆。	未
10天内绵阳这个高档小区连发多起入室盗窃案，小偷是...	未
10天，行程1500公里，在世界尽头经历狂风暴雨日出日落极光......	未
10天！谁能给住在大名这段路附近的群众指条出路	未
10家就牛笔到天上了//@武汉刘正涛: 已经有很多华为在路上	未
10岁，20岁， 30岁，40岁， 50岁，60岁， 70岁，80岁	未
10岁，一个玩泥鳅的年龄，她却当上了CEO！	未
10岁天才少年竟是白眼狼：爸妈没钱，不配有我这么好的儿子！	未
10岁女儿霸凌被赶下校车，父亲让她走8公里路上学.......这种做法您怎么看	未
10岁女孩拒绝谷歌和脸书：我要当boss	未
10岁女孩踩死婴儿，婴儿父亲：我无法原谅她！	未
10岁女程序员，婉拒谷歌Offer，靠着自己的力量一点点地影响着所有年轻人！	未
10岁孩子曹东尼与你探讨棕榈油该怎么用  TEP英文演讲	未
10岁小“暖男”为保护妹妹发明“防门夹手神器”	未
10岁男孩心脏骤停，恐成植物人！只因喝了3杯…	未
10岁男孩心脏骤停，恐成植物人！只因喝了这个	未
10岁考上大学，16岁读博，逼父母在北京买房，神童张炘炀现状如何	未
10年100人谋长局者杨晓立	未
10年4次到横琴	未
10年以上的士官，你为啥流泪了	未
10年内125名在日外国人死于劳动灾害 建筑业居多	未
10年内就献血上百次，是黑幕还是暗箱操作	未
10年前PK王亚伟，如今操纵股价遭罚，王卫东的另类价值投资术2009年，任职公募的王卫东曾PK王亚伟。十年后，因操纵股票价格，王卫东及其创建的私募机构新华汇嘉遭罚没466万元。这个曾经风光一时的明星基金经理，最终落到了违规被罚的结局。10年前PK王亚伟，如今操纵股价遭罚，王卫东的另类价值投资术	未
10年前PK王亚伟，如今操纵股价遭罚，王卫东的另类价值投资术2009年，任职公募的王卫东曾PK王亚伟十年后，因操纵股票价格，王卫东及其创建的私募机构新华汇嘉遭罚没466万元这个曾经风光一时的明星基金经理，最终落到了违规被罚的结局网页链接	未
10年前，一把大火烧光这个乐清老板11亿资产，如今	未
10年前，一把大火烧光这个乐清老板15亿资产，如今	未
10年前，一把大火烧光这个温州老板15亿资产，如今	未
10年前，名震网络的陕西礼泉女J苏静	未
10年前吹过的牛逼，5G能实现吗	未
10年前，大英某村干部向她索要了8000块...	未
10年前的启东人一定不会想到，和平路会变一条美食街！	未
10年前的唐河长什么样子	未
10年前的瓮安没有这些高楼，10年后却布满了整个县城	未
10年前的这部剧可谓卧虎藏龙，认出秦俊杰李易峰，认不出王子文	未
10年，对一只狗狗来说，他是从少年一直等到了老年	未
10年执着做一件事，他做出来的面营业额达500万郑宇在7岁时，在家中就学会了做饭郑宇说：父亲是老师，除放假外，每天得去学校，而母亲那时候身体一直不太好，需要人照料中专毕业后，郑宇跟人凑了300元钱便开始摆起了地摊做生意到了2005年，郑宇发现老军营小区有人卖浑源凉粉非常火爆，东 ...全文	未
10年拿8个影后的她，42岁却有24岁的心态，做过最勇敢的是这件事	未
10年期国债期货低开0.07%	未
10年期国开债收益率开盘后小幅上行	未
10年期美债收益率跌破200日移动均线	未
10年来首次！韩考察团乘火车抵朝 调查南北铁路对接计划	未
10年没见面的大姨突然找上门，进门后她说的话，让母亲动了手	未
10年长城c30手波1.5低于2.x万 12年起亚K2，1.6自动高配X万包过户	未
10年驾龄老司机不认识雾灯！你呢戳这篇自检一下！	未
10年驾龄老司机不认识雾灯！看到接下来的天气	未
10年驾龄老司机都不认识的雾灯！你知道怎么用吗	未
10张不可思议的照片，真是无奇不有！	未
10张图，揭露10个生活真相	未
10张图看清A股融资方式	未
10张网络流传恐怖生物照片，你敢看完吗	未
10斤青芒果 超市12一斤男士复合维生素100粒	未
10日中小板指跌1.52%	未
10日，俄空天军2架图-160战略轰炸机1架安-124重型运输机和1架伊尔-62远程飞抵委内瑞拉首都拉加拉斯的西蒙玻利瓦尔国际机场进行友好访问。俄军这4架飞机从俄境内起飞，途经巴伦支海挪威海大西洋和加勒比海，飞抵委内瑞拉，飞行全程超过10000公里。俄方称，此次飞行严格遵守国际法有关领空的规定。俄国防部还指出，期间曾遭到了挪威军队F-16的沿途跟踪。13日，美国国务卿蓬佩奥就图-160轰炸机飞抵委内瑞拉进行表态，蓬佩奥在推特上发文称，俄罗斯和委内瑞拉两个腐败政府在人民遭受苦难之时，不仅挥霍公共	未
10日内不少于600万股 永泰能源三级管理层果断出手增持	未
10日创业板指跌1.06%	未
10日早新闻：证监系统将质押风险化解纳入年终考核指标	未
10日游亚青寺色达德格印经院稻城亚丁新都桥	未
10日游稻城亚丁滇藏线梅里雪山318川藏线拉萨	未
-10！明日大雪，冷冷冷冷冷！海淀到底什么时候能回温	未
10月12日 南通开发区这些地方要停水	未
10月14号，青海格尔木机场，可见6架高原驻训的南部战区空军航空兵某部H-6K以及正在进行高原测试的Y-20原型机格尔木机场距新德里1800多公里，与西藏拉萨，日喀则，阿里等前线机场相比，该机场相对比较后方(阿里机场距新德里只有470公里！)然而对配备KD-20巡航导弹的H-6K来说， ...全文	未
10月14证监会主席刘士余：春天已经不远了（图）	未
10月16日9点起南通这些地方要停水	未
10月18日起南通中央路将分段全封闭施工	未
10月1日起 南通将停售国六以下车用汽柴油	未
10月22日23时10分西藏日喀则市谢通门县发生3.4级地震	未
10月23日0时49分西藏日喀则市谢通门县发生4.1级地震	未
10月23日12时34分台湾花莲县海域发生6.0级地震	未
10月23日14时44分四川自贡市荣县发生3.0级地震	未
10月23日5时37分新疆博尔塔拉州精河县发生4.5级地震	未
10月24日0时4分台湾花莲县海域发生5.7级地震	未
10月24日17时58分四川泸州市龙马潭区发生3.2级地震	未
10月24日17时58分新疆克孜勒苏州阿合奇县发生3.2级地震	未
10月24日1时31分新疆克孜勒苏州阿合奇县发生4.2级地震	未
10月24日7时36分新疆阿克苏地区拜城县发生3.0级地震	未
10月26日11时4分日本北海道地区发生5.4级地震	未
10月26日17时5分马里亚纳群岛地区发生5.8级地震	未
10月26日1时31分云南大理州宾川县发生2.8级地震	未
10月28日8时25分云南昭通市永善县发生2.9级地震	未
10月28日8时38分罗马尼亚发生5.5级地震	未
10月29日14时54分德雷克海峡发生6.5级地震	未
10月29日6时23分萨尔瓦多沿岸近海发生6.0级地震	未
10月30日10时22分新疆克孜勒苏州乌恰县发生4.7级地震	未
10月30日13时8分河北邢台市隆尧县发生3.0级地震	未
10月30日5时0分云南昭通市永善县发生3.3级地震	未
10月31日10时9分新疆阿克苏地区柯坪县发生3.0级地震	未
10月31日16时29分四川凉山州西昌市发生5.1级地震	未
10月31日22时46分新疆巴音郭楞州和静县发生3.1级地震	未
10月31日9时49分西藏日喀则市谢通门县发生4.5级地震	未
10月31日9时8分西藏那曲市双湖县发生3.9级地震	未
10月中国外汇市场成交17.42万亿元	未
10月之“变”：这些现象将从你的生活中消失	未
10月二手房市场冷暖不同 部分城市成交量年内最低	未
10月份付了定金的裙子12月的我已经补不起尾款了告辞	未
10月份安徽好人揭晓，阜阳这两人当选	未
10月份市容环境卫生综合检查，你所属街道多少分	未
10月份甘肃普通员工平均收入3154.42元，这3个岗位挣钱最多	未
10月份黄骅好人名单发布，这些身边的道德模范你认识吗	未
10月北京小微贷利率再降 后续信贷强调服务民企	未
10月南京3日游攻略吐血整理作者：@33你说啥	未
10月成都共检查运渣车2.26万台次 查处违规运渣车3208台次10月18日，武青北路地铁9号线工地上，建筑垃圾运输车辆川AW7979因涉嫌车身不整洁未密闭运输等违法问题，其所属公司被处以7000元的罚款。这是市扬尘治理办开展建筑垃圾运输车辆车身不洁带泥行驶专项执法检查行动以来的一个案例。从市城管委（扬尘治理办）获悉，今年10月，为有效遏制建筑垃圾运输车辆抛冒滴漏现象和运渣车作业秩序，市治理扬尘办开展了这一专项执法行动。10月，全市执法人员共检查运渣车2.26万台次，查处违规运渣车3208台次。	未
10月成都共检查运渣车2.26万台次 查处违规运渣车3208台次10月18日，武青北路地铁9号线工地上，建筑垃圾运输车辆川AW7979因涉嫌车身不整洁未密闭运输等违法问题，其所属公司被处以7000元的罚款这是市扬尘治理办开展建筑垃圾运输车辆车身不洁带泥行驶专项执法检查行动以来的一个案例记者从市 ...全文	未
10月，易卜拉欣马达迪（Ebrahim Madadi）在伊朗向卡车司机分发甜饼，并与政府当局谈判，要求提高工资，结果被指控参与破坏国家安全的集会和阴谋。伊朗有无数工人因参加和平的劳工活动遭到骚扰殴打和监禁，易卜拉欣马达迪是其中之一。网页链接	未
10月获上千万美元融资 12月就要倒闭共享汽车途歌陷生死危机我们已经入驻北上广深成都西安南京，更多的城市即将入驻....这句话仍然挂在共享汽车途歌（TOGO）的官网上。而近期，途歌被曝出大量客户的押金难退，公司遭用户堵门，拖欠停车场相关人员和途歌地勤人员也都欠款等一系列问题，让这句话看起来就是一句笑话。据多家媒体报道，目前在包括北上广深成都在内的全国多地，途歌已无车可用，主要因途歌的车辆，被原本的租赁公司收回所致。值得一提的是，两个月前，途歌还获得海纳亚洲基金（SIG），真格基金等	未
10月财政收入年内首现负增长 个税增速大幅放缓	未
10月起这些新规影响你的生活新个税起征QS标志退役	未
10月销量碾压奥迪Q5 这款6万起售的中型SUV月销量第4	未
10条新线路将投入运营，其中哈尔滨1月5日起全国铁路实行新运行图！	未
10条铁路新线10条铁路新线将投入运营！看看涉及你家吗今年底，哈牡高铁杭黄铁路等10条新线将开通运营。2019年1月5日起，全国，承德日照雅安等城市首开动车，多个城市间列车运行时间大幅缩短。调图涉及哪些线路火车出行有哪些变化自主选座高铁订餐你都会用吗戳转需！	未
10条铁路新线将投入运营！有你的老家吗今年底，哈牡高铁杭黄铁路等10条新线将开通运营。2019年1月5日起，全国铁路实施新列车运行图，承德日照雅安等城市首开动车，多个城市间列车运行时间大幅缩短。调图涉及哪些线路火车出行有哪些变化自主选座高铁订餐你都会用吗戳转需！	未
10条铁路新线将投入运营！有你的老家吗今年底，哈牡高铁杭黄铁路等10条新线将开通运营2019年1月5日起，全国铁路实施新列车运行图，承德日照雅安等城市首开动车，多个城市间列车运行时间大幅缩短调图涉及哪些线路火车出行有哪些变化自主选座高铁订餐你都会用吗戳转需！	未
10条铁路新线将投入运营！看看涉及你家吗今年底，哈牡高铁杭黄铁路等10条新线将开通运营。2019年1月5日起，全国铁路实施新列车运行图，承德日照雅安等城市首开动车，多个城市间列车运行时间大幅缩短。调图涉及哪些线路火车出行有哪些变化自主选座高铁订餐你都会用吗	未
10条铁路新线将投入运营！看看涉及你家吗今年底，哈牡高铁杭黄铁路等10条新线将开通运营2019年1月5日起，全国铁路实施新列车运行图，承德日照雅安等城市首开动车，多个城市间列车运行时间大幅缩短调图涉及哪些线路火车出行有哪些变化自主选座高铁订餐你都会用吗	未
10条铁路新线将投入运营！看看涉及你家吗今年底，哈牡高铁杭黄铁路等10条新线将开通运营2019年1月5日起，全国铁路实施新列车运行图，承德日照雅安等城市首开动车，多个城市间列车运行时间大幅缩短调图涉及哪些线路火车出行有哪些变化自主选座高铁订餐你都会用吗戳转需！	未
10条铁路新线将投入运营！看看涉及你家吗今年底，哈牡高铁杭黄铁路等10条新线将开通运营2019年1月5日起，全国铁路实施新列车运行图，承德日照雅安等城市首开动车，多个城市间列车运行时间大幅缩短调图涉及哪些线路火车出行有哪些变化自主选座高铁订餐你都会用吗戳转需！ ...全文	未
10条铁路新线将投入运营！看看涉及你家吗今年底，哈牡高铁杭黄铁路等10条新线将开通运营。明年1月5日起，全国铁路实施新列车运行图，承德日照雅安等城市首开动车，多个城市间列车运行时间大幅缩短。调图涉及哪些线路火车出行有哪些变化小伙伴们看过来戳转需！	未
10条铁路新线将投入运营！看看涉及你家吗今年底，哈牡高铁杭黄铁路等10条新线将开通运营明年1月5日起，全国铁路实施新列车运行图，承德日照雅安等城市首开动车，多个城市间列车运行时间大幅缩短调图涉及哪些线路火车出行有哪些变化小伙伴们看过来戳转需！	未
10条铁路新线将投入运营！看看涉及你家吗今年底，杭黄铁路哈牡高铁等10条新线将开通运营。2019年1月5日起，全国铁路实施新列车运行图来啦，多个城市间列车运行时间大幅缩短。调图涉及哪些线路火车出行有哪些变化自主选座高铁订餐你都会用吗（人民日报）	未
10条铁路新线将投入运营！看看涉及你家吗今年底，杭黄铁路哈牡高铁等10条新线将开通运营2019年1月5日起，全国铁路实施新列车运行图来啦，多个城市间列车运行时间大幅缩短调图涉及哪些线路火车出行有哪些变化自主选座高铁订餐你都会用吗（人民日报）	未
10条铁路新线将投入运营！看看涉及你家吗据人民日报，2019年1月5日起，全国铁路实施新列车运行图，雅安承德日照等城市首开动车，多个城市间列车运行时间大幅缩短。调图涉及哪些线路火车出行有哪些变化自主选座高铁订餐你都会用吗戳转需！	未
10条高铁新线将开通 试运行车上3瓶矿泉水惊呆众人6日，中国铁路总公司官方微信公众号发布称，2018年底包括杭昌高铁杭州至黄山段（也就是大家俗称的杭黄高铁）在内的10条新线即将开通运营，新增高铁营业里程约2500公里。10条高铁新线将开通 试运行车上3瓶矿泉水惊呆众人	未
10条高铁新线将开通 试运行车上3瓶矿泉水惊呆众人6日，中国铁路总公司官方微信公众号发布称，2018年底包括杭昌高铁杭州至黄山段（也就是大家俗称的杭黄高铁）在内的10条新线即将开通运营，新增高铁营业里程约2500公里10条高铁新线将开通 试运行车上3瓶矿泉水惊呆众人	未
10条高铁新线年底前开通，试运行车上3瓶矿泉水惊呆众人！	未
10条高铁新线年底前开通，试运行车上3瓶矿泉水惊呆众人	未
10条高铁新线年底前开通 车上3瓶矿泉水惊呆众人	未
10条高铁新线年底开通运营！河北1市将首次开行动车从中国铁路总公司获悉，今年年底，包括京哈高铁承德至沈阳段济南至青岛等在内的10条高铁新线将开通运营。届时，承德将首次开行动车，沈阳至承德间运行时间将压缩8小时23分。源/@河北日报	未
10点/14点/20点 某东 抢资生堂99-98东券网页链接	未
10点30准时下手的宝妈在哪里来评论里晒晒你的订单！！让我看看你们有没有漏拍的哈哈哈哈哈抽3位幸运儿送200元无门槛，男童女童都有份	未
10点30分，园区部分区域失电，供电部门目前正在紧急处理，给沿线市民带来的不便，敬请谅解 @国网苏州供电公司	未
10点30量能观察同比上周五仅增量30亿左右，这个依然是地量，上证早盘形成新的跳空缺口，这个量能是无法补齐的。好在个股表现强于指数，这里只能先看戏，其它做不了啥	未
10点之前，原 bo 里喊 停3次，楼下的人得小 红 包	未
10点半，湖人VS灰熊，麦基和钱德勒（背部痉挛）双双缺阵。腾讯是会员直播。	未
10点开抢！滴滴滴！！杰士邦，前1小时第2件0元冈本，前30分钟第2件0元请务必拍2件！！！之前有人反馈说：杰士邦和冈本都还不错啊，3个多小时都没破	未
10点拍 先领卷加车---前1小时第二件0元啊！！饭扫光 香菇牛肉酱200g4瓶 拍2件19.8拍2件发4瓶只需19.8，折合每瓶仅5不到，这个牌纸的辣酱超市就要14块左右一罐，我经常吃里面的牛肉挺多的，颗粒也挺大的	未
10点整开抢！ 八骨手动雨伞三折伞卷后 9.9起好价返场啊，拍前两个选项，昨晚没抢到的宝宝今天要蹲好了！不管下雪或下雪伞这东西都是用得上的	未
10点早播报 久丽 竹纤维洗碗布，前30分钟第二件5元拍下立减，拍2件31.8，买2盒送一盒，清洗不沾油，双层加厚吸水不掉毛，反馈很好，上次没买到的，这次要蹲好呀，是史低价呀	未
10点早播报 同依 两用午睡折叠抱枕，前一小时第二件半价拍2件券后47，折合23.5元/件。可以和小伙伴一起凑单买，可以是抱枕也可以是被子	未
10点早播报 外交官 商场同款旅行箱，前30分钟249，收货后退差价50元20英寸和24英寸同价，TSA海关锁，他家的箱子质量真的特别好，抗压抗摔	未
10点继续啊，一直到12.11号每天10点都可以抢	未
10点蹲住！前1分钟第2件0元施华蔻羊绒脂套装650ml2 99到手前1分钟拍2件只要99算下来单件只要49.5！！还送150ml的洗发水 但是赠品数量有限，没有了就是没有了，需要拼手速哦	未
10省份进入周末“2.5天休假”模式	未
10种方法教您应对更年期腹部脂肪	未
10秒内转发这条微博 明天将会有好事发生	未
10秒前 来自 微博 weibo.com@随跑而飞：知易而行难上轮牛市最低1849点，盘整一年多时间在14年7月2400点才起爆。试问当时有多少人敢踏空500个指数点后能确认是大牛市而全身杀入?日后倒是说的轻巧答：我在14年2月份就知道14年7月是牛市起爆时间，并且我在媒体上说的很庄重，请你看下下方历史截图。并且我今天还告诉你，早在12年时候我就知道了14年7月牛市要起爆，只是没在媒体上公布。另外，给你普及一下小学数学加减法：14年7月不是你说的2400点。事实上，14年7月大部分时间在2100点之下	未
10秒夺命！石家庄人注意了！赶紧看看自己家里有没有！	未
10秒夺命！行唐人注意了，谁的家里都有！	未
10秒夺命！衡水人注意了！赶紧看看自己家里有没有！	未
10管理费燕雀焉知鸿鹄之志啊//@峨眉老刀: 10管理费小意思，主要是操作空间，一顶帽子几百！一罐奶粉400！一个十天培训一万几！这猫腻了得?一罐进口奶粉一百块比比皆是！这账目一查 吓人！	未
10箱冰岛酸奶，一箱12盒，一共120盒，这几个月我要在酸奶的海洋中荡漾了！//@北京三元食品股份有限公司：你好，C位锦鲤！三元今日加磅礼物清单，送你三元冰岛酸奶。用品质打造产品，用锦鲤彰显运气，用C位证明实力，期待与你相见！一掷万金 C位锦鲤	未
10类禁驾疾病须如实申告 体检全靠驾考人自觉坦白？	未
10跌停后开板 21亿资金搏杀上海莱士连续10个交易日一字跌停的上海莱士(002252)终于等来援军。本周五早盘集合竞价阶段即有逾8亿元资金杀入，吃下140万手卖单，上海莱士就此打开一字跌停，低开9.25，随后快速拉升至翻红。10跌停后开板 21亿资金搏杀上海莱士	未
10辆车在定西这个路口未礼让行人被曝光！	未
10部委关于印发全国社会心理服务体系建设试点工作方案的通知	未
1:100000的严刑峻法索贿1新加坡元(5元人民币)，就要判5年徒刑或者罚款10万新加坡元(50万元人民币)！中国这两位工人，你们何必呢	未
11000多岗位！吉林省毕业生招聘会24日举行	未
1101万！凯里这个中了双色球一等奖的彩民是谁快去领奖！	未
1103金沙江白格堰塞湖险情发生后，他们迅速做了这件事	未
1109克拉巨钻流拍 叫价4亿人民币仍低于底价	未
110千伏梓埠夏线蒙阴段竣工11月28日，在蒙阴县坦埠镇境内，@国网蒙阴县供电公司 施工人员在艾山前完成最后架线任务。至此，由220千伏梓河变电站配出线路110千伏梓埠夏线蒙阴段即将投运，将极大提升该县东部电网结构，结束110千伏坦埠变电站单电源供电的历史。	未
110吗六安这个公园树上有只熊	未
110宣传月白云公安警里名单公布	未
110年前的欧洲女孩。	未
110，我要开河里去了！天黑大雾，平湖司机半辆车悬空在河上	未
110，我需要救援！  我的车子马上要开到河里去了！	未
110斤	未
1-10月全国棚户区改造开工600万套	未
1-10月承德经济运行分析结果出炉，网友看完很心慌	未
1-10月榆林经济运行如何点这有答案	未
1-10月江苏小微企业贷款余额3.29万亿元 约占全国10%	未
1—10月浦口公安分局端掉涉黑恶团伙10个 抓获涉黑嫌疑人258名	未
110来了特殊客人	未
110来电说你摊事了凡提安全账户让转账的一概别信！	未
110每日防范公安局这次出力了，做得这张图浏览量过亿！一定要看	未
11.11和黑五总有一个要剁手嘛不是赶紧上车了，来不及了顺逛君的购物车借你抄一下（快去评论抄笔记）	未
1111年，400米，泉州这条老街从前比西街还有名，如今却在消逝边缘...	未
11-12赛季的伊布后，米兰始终找不到一个赛季20球的射手	未
1118元就能买一台铃电动车！北海老司机快去get	未
1119-1123本周新闻总汇	未
1.11 微博之夜	未
1-11月中朝贸易额下降52.9中国海关总署23日公布的数据显示，今年1-11月中国与朝鲜贸易额较上年同期下降52.9至22亿美元。网页链接	未
1-11月全国发行地方政府债券41014亿元	未
11.22嫌犯更多背景曝光，村民竟然这样说	未
11.23招聘租房转让顺风车500元/月，出租柳芳新村菜场边店面	未
11.23洪阳便民信息汇总，招聘求职旺铺出租，点进来！	未
11-23 蒲城县最新招聘转让房屋租售信息！	未
11.23 要闻DAILY汽车撞倒多名学生葫芦岛肇事司机 厌世厌世不是伤害的理由奥迪撞人案:有家长抱着遇难孩子不撒手 想带回家	未
11.24-26日原阳在线最新招聘信息	未
11.24更新寿宁在线每天帮你发布各类招聘求职转让出租信息......	未
11.24洪阳便民信息汇总，招聘求职旺铺出租，点进来！	未
11.24看渭南渭南发生的大事小事看这里！	未
11.25反家暴法宣传，嵊州各级妇联在行动！	未
11.25国际反家暴日！合肥姐妹，让我们一起对家暴行为说不！	未
1125国际反家暴日拒绝冷漠，用爱呼吁，用法守护！	未
1125国际消除对妇女暴力日，姐妹们快来get反家暴知识啦	未
（11.25）垃圾分类和海归话题，三位委员邀您探讨  委员工作室	未
1125复盘：如何回避各大陷阱	未
11.25更新兼职招聘急聘机修师傅！大量房屋租售店面转让.....	未
11.25更新寿宁在线每天帮你发布各类招聘求职转让出租信息......	未
11/25现场丨小戏悲喜交加，注意保护您的小心脏！	未
11.25看渭南渭南发生的大事小事看这里！	未
1126-1130本周新闻总汇	未
11.26-12.02丨一周新闻速览	未
11.26-28日原阳在线最新房屋租售信息	未
11.26-29日原阳县停电通知	未
11.26今日周一，一环号牌尾号限行1/6	未
11.26同学！限行2和7/招聘/房屋/二手/便民热线/电影	未
11.26开罗会议：美苏英中的幕后博弈	未
11.26日昆山招聘信息	未
11.26更新兼职招聘急聘机修师傅！大量房屋租售店面转让.....	未
11.26更新寿宁在线每天帮你发布各类招聘求职转让出租信息......	未
11.26看渭南渭南发生的大事小事看这里！	未
11.26莲池区五尧乡征地约83亩！有你家吗	未
11.27-11.30 九台区计划停电公告	未
11.27，城区多处计划停电停水，请用水电户提前做好准备	未
11.27日昆山招聘信息	未
11.27看渭南渭南发生的大事小事看这里！	未
1128ZEALER发布会 结束也有一周了，私信收到了很多对于十万人测评俱乐部 和iPhone 测评的问题，今晚20:30，我会在微博开个直播和大家聊聊	未
11.28日  新早读来了！涉事医院中国科学院科技部回应基因编辑婴儿事件	未
11.28日昆山招聘信息	未
11.28更新兼职招聘急聘机修师傅！大量房屋租售店面转让.....	未
11.28更新寿宁在线每天帮你发布各类招聘求职转让出租信息......	未
11.28涿州交通肇事案，失踪的2岁小女孩已找到，真相大白	未
11.28  蚂蚁有问题蚂蚁先生弹唱会冬季篇-铜陵站	未
11-29夜报聪明资金11月14日就悄悄撤离了	未
11.29日  新早读来了！日媒曝蒋劲夫自首！专家详解家暴在日本量刑：最高可能判15年	未
11.29更新寿宁在线每天帮你发布各类招聘求职转让出租信息......	未
11.29 深圳见	未
11.29看渭南渭南发生的大事小事看这里！	未
112@BLOWFEVER@RED8红八	未
112万元“拔毛款”物归原主	未
11:30午评：1美帝国主义该下地狱2目前，实战参考仓位8成。大家赶紧进入视频直播间，今天的题目是白马记。武汉刘正涛实盘直播（2018-12-6）	未
11.30圣安德鲁日	未
11.30淘房日报崇明东路哈佛星城段走法变了！	未
11.30滕州新鲜事鲁班大道车祸司机当场死亡//枣庄拟建野生动物园//京台高速扩建涉及滕州10个村//城管严查娱乐场所	未
11.30看渭南渭南发生的大事小事看这里！	未
11:30结束，10:20已不发排号单！社区事务中心缘何将市民拒之门外	未
114万亩！河南将新建18个湿地公园，看看涉及哪些地市根据规划，到2027年，河南湿地面积要达到1200万亩，黄河干流沿线要建湿地公园群。公园群的范围西至豫陕省界，东至豫鲁省界，涉及三门峡郑州濮阳等8个省辖市的25个县(市区)，包括灵宝陕州荥阳惠济范县台前等。详情114万亩！河南将新建18个湿地公园，看看涉及哪些地市	未
114位蒙古文书法名家联合手抄66部蒙古族古籍	未
115火车站广场这些地方乱糟糟的黑车有人管了	未
115院庆丨我院参加省组团式帮扶工作，对口帮扶惠来县人民医院	未
1165套公租房今开选，上午选房率90.6666667	未
116家中央和国家机关部门近期召开警示教育大会 以案为鉴 以案促改	未
116年前济南设置巡警，88年前有了交警新中国最早警花也来自济南	未
117岁老人无病无痛不吃药，竟是因为爱吃它！错过后悔一辈子	未
118人死亡！320人患病！三星终于低头认错了	未
118人死亡！320人患病！刚刚，三星低头认错了	未
118人死亡！320人患病！刚刚，三星终于低头认错了	未
118人死亡320人患病刚刚，三星终于低头认错了	未
11.8元抢购四季绿农业公园牧畜园门票	未
1193万进山后涨粉110万晚安@朱一龙 （我大半夜不睡觉还在包明信片）	未
1196万进山后涨粉113万晚安@朱一龙 （白天上班的我只能熬夜搞这个，幸好它们就快到中奖人的手中啦）	未
11.9入手，历史最低，0点开始 //@就是吃阿: 补心，反馈如图！ 查看图片	未
119吗请求救援！鹿寨一位老人爬上大树摘米锥下不来了	未
119宣传月丨百色开展千屏万幕大宣传	未
119宣传月  防患于未燃，生命无彩排	未
119消防奖系列报道（三十五）守卫企业安全生产19年	未
119消防奖系列报道（三十四）危难时刻的红色希望	未
“1+19”配套文件渐次出台 上海将加大农村土地流转力度	未
11上市公司年底卖房：多公司卖房难 有的打折卖	未
11个月就拘传80人，拘留32人！钟山人民法院表示：力度还会加大！	未
11人死亡！河南商丘工厂发生火灾今天上午，河南商丘华航现代农牧集团有限公司厂区发生火灾，造成11人死亡。11死！河南工厂发生火灾 3人违规操作酿惨祸	未
11人死亡 河南商丘工厂发生火灾今天上午，河南商丘华航现代农牧集团有限公司厂区发生火灾，造成11人死亡河南商丘一厂区发生火灾 已致11人死亡	未
11号球员，帅到犯规，1次汤普森NBA吐槽大会金州勇士	未
11号要扣篮了！哦，他不会汤普森 NBA吐槽大会 金州勇士微博视频	未
11名中国人在日本被捕中国驻日本札幌总领馆回应：工作组已与11名被捕中国公民会面11月25日，4名疑似中国籍男子带另一名男子到日本北海道木古内医院看病，因病情危重，该病人于11月26日凌晨在医院死亡，4名男子去向不明。警方随即对此展开调查，于11月26日在木古内车站附近扣留11名中国公民，经了解他们均持过期签证，涉嫌在当地非法务工，另有40名一同非法务工的相关人员去向不明。12月3日，中国驻札幌总领事馆网站发布消息称，总领事馆工作组与被拘捕中国公民见面后，后者向工作组反映，其非法滞留系受中介欺骗	未
11名中国人在日被捕40人失踪 背后还有更惊人数字	未
11名中国人在日被捕、40余人失踪！这背后还有个更惊人的数字——	未
11名中国人在日被捕、46人失踪 背后有个更惊人的数字	未
11名中国人在日被捕46人失踪 背后有个更惊人的数字	未
11名俄罗斯运动员被要求退还2014年冬奥奖牌	未
11名俄罗斯运动员被要求退还冬奥奖牌	未
11国留学生来南通交流	未
11城市药品集中采购拟中选结果公布 国产“格列卫”报销后价格低于印度仿制药	未
11城市药品集中采购拟中选结果公示 药价平均降幅52%	未
11城市药品集中采购拟中选结果公示 药价平均降幅52财联社12月9日讯，国家医保局8日表示，国家组织药品集中采购试点工作顺利推进，47城市药品集中采购拟中选结果于7日开始进行公示，31个试点通用名药品有25个集中采购拟中选，与试点城市2017年同种药品最低采购价相比，拟中选价平均降幅52， ...全文	未
11城市药品集中采购拟中选结果出炉 价格降幅超50%	未
11城试点药品集中采购，易瑞沙、格列卫等抗癌药或大幅降价	未
11城试点药品集中采购 格列卫等抗癌药或大幅降价	未
11城试点药品集中采购 这些抗癌药或大幅降价	未
11城试点药品集中采购 这些抗癌药或大幅降价日前，47城市药品集中采购拟中选结果对外公布。据国家组织药品集中采购试点工作联合采购办公室介绍，与试点城市2017年同种药品最低采购价相比，25种药品拟中选价平均降幅达52，原研药吉非替尼片降价76。哪些城市进入试点哪些药品进入公示11城试点药品集中采购 这些抗癌药或大幅降价	未
11城试点药品集中采购 这些抗癌药或大幅降价日前，47城市药品集中采购拟中选结果对外公布据国家组织药品集中采购试点工作联合采购办公室介绍，与试点城市2017年同种药品最低采购价相比，25种药品拟中选价平均降幅达52，原研药吉非替尼片降价76哪些城市进入试点哪些药品进入公示 ...全文	未
11城试点药品集中采购 这些抗癌药或大幅降价日前，北京广州深圳等11个城市药品集中采购拟中选结果对外公布，其中包含吉非替尼片（易瑞沙）甲磺酸伊马替尼片（格列卫）等抗癌药。与试点城市2017年同种药品最低采购价相比，25种药品拟中选价平均降幅达52，原研药吉非替尼片降价76。（中国新闻网）网页链接	未
11城试点药品集中采购 这些抗癌药或大幅降价日前，北京广州深圳等11个城市药品集中采购拟中选结果对外公布，其中包含吉非替尼片（易瑞沙）甲磺酸伊马替尼片（格列卫）等抗癌药与试点城市2017年同种药品最低采购价相比，25种药品拟中选价平均降幅达52，原研药吉非替尼片降价76（ ...全文	未
11城试点药品集中采购 这些抗癌药或大幅降价日前，北京等11个城市药品集中采购拟中选结果对外公布，其中包含吉非替尼片（易瑞沙）甲磺酸伊马替尼片（格列卫）等抗癌药与试点城市2017年同种药品最低采购价相比，25种药品拟中选价平均降幅达52，原研药吉非替尼片降价7611城市药品集中采购拟中选结果公示	未
11城试点药品集中采购 这些抗癌药或大幅降价日前，北京等11个城市药品集中采购拟中选结果对外公布，其中包含吉非替尼片（易瑞沙）甲磺酸伊马替尼片（格列卫）等抗癌药。与试点城市2017年同种药品最低采购价相比，25种药品拟中选价平均降幅达52，原研药吉非替尼片降价76。11城试点药品集中采购 这些抗癌药或大幅降价	未
11城试点药品集中采购 这些抗癌药或大幅降价日前，北京等11个城市药品集中采购拟中选结果对外公布，其中包含吉非替尼片（易瑞沙）甲磺酸伊马替尼片（格列卫）等抗癌药。与试点城市2017年同种药品最低采购价相比，25种药品拟中选价平均降幅达52，原研药吉非替尼片降价76。（中国新闻网）	未
11城试点药品集中采购 这些抗癌药或降价	未
11城试点药品集中采购，这些药最高或降价96！	未
11城试点药品集中采购，这些药最高或降价96！日前，北京上海天津等11个城市药品集中采购拟中选结果对外公布，包含吉非替尼片（易瑞沙）甲磺酸伊马替尼片（格列卫）等抗癌药，拟中选价平均降幅52 什么是药品集中采购具体哪些药可能降价哪些病人有望获得实惠@人民日报	未
11城试点药品集中采购，这些药最高或降价96！日前，北京上海等11个城市药品集中采购拟中选结果对外公布，包含吉非替尼片（易瑞沙）甲磺酸伊马替尼片（格列卫）等抗癌药，拟中选价平均降幅52 。什么是药品集中采购具体哪些药可能降价哪些病人有望获得实惠戳图了解转发周知！	未
11城试点药品集中采购，这些药最高或降价96！日前，北京上海等11个城市药品集中采购拟中选结果对外公布，包含吉非替尼片（易瑞沙）甲磺酸伊马替尼片（格列卫）等抗癌药，拟中选价平均降幅52 什么是药品集中采购具体哪些药可能降价哪些病人有望获得实惠戳图了解转发周知！	未
11城试点药品集中采购，这些药最高或降价96！日前，北京上海等11个城市药品集中采购拟中选结果对外公布，包含吉非替尼片（易瑞沙）甲磺酸伊马替尼片（格列卫）等抗癌药，拟中选价平均降幅52 。什么是药品集中采购具体哪些药可能降价哪些病人有望获得实惠戳图了解转发周知！ （人民日报）	未
11城试点药品集中采购，这些药最高或降价96！日前，北京上海等11个城市药品集中采购拟中选结果对外公布，包含吉非替尼片（易瑞沙）甲磺酸伊马替尼片（格列卫）等抗癌药，拟中选价平均降幅52 什么是药品集中采购具体哪些药可能降价哪些病人有望获得实惠戳图了解转发周知！  ...全文	未
11家大型煤炭集团与用户企业签订3.1亿吨煤炭中长期合同	未
11岁南昌男孩罹患血液病不忘读书 家人盼好心人拉一把	未
11岁失联男孩找到了，但有人制造假警情  的哥带病重妻子运营  更多热搜	未
11岁女孩的一篇作文，让人流泪！	未
11岁小学生临《兰亭序》，网友：不相信！	未
11岁小学生酒后上课 书包里还有啤酒和炸鸡	未
11岁男孩张锦程找到了！在天津地铁站被拦下......小方雪也找到了！	未
11岁男孩托福考了820分 牛妈直言“几乎不陪孩子写作业”	未
11岁男孩独自开家里奔驰上路：我学习压力太大近日，浙江台州，一名11岁的小学生独自开着家里的奔驰上路行驶，警车一直在后面跟着，直到这辆奔驰停车，警车才敢上前将其拦截住据这名男孩说，自己学习压力太大，所以想开车上路发泄，家长发现后报警，警察为确保安全也只能先在车后默默跟着， ...全文	未
11岁男孩独自驾车上路 称学习压力大12月10日，浙江台州一11岁男孩因学业压力大，独自驾车上路交警部门随即驾车追踪拦截，最终男孩停车因男孩不满14岁，民警对其进行批评教育 网页链接	未
11岁留守儿童酒后上课书包里还有啤酒和炸鸡[炸鸡啤酒]11月28日，江苏省淮安市淮阴区某小学的一名留守儿童小明（化名），被语文老师发现脸红彤彤的，随后同桌揭发他喝了酒，书包中还有用保温杯装的啤酒和炸鸡。平时跟着爷爷奶奶生活的小明，父母已离异，他的父亲在外务工对此事也并不知情。 （现代快报）11岁小学生酒后上课书包里还有啤酒和炸鸡	未
11岁的导盲犬每天在公园徘徊不走，原因只是为了寻找...	未
11岁羌族先心病女孩在沪手术：“我将来也要当医生”	未
11岁驻马店男孩生命最后一刻:妈妈 我愿用我的一生保护你	未
11市今昔对比照，浙里有你的光阴故事	未
11年前，一切从这里开始	未
11年前沈阳第一座真正意义的购物中心现在怎么样了	未
11年奔驰C180已售，卖到了浙江杭州，客户上外地牌。买家特意交代一定要把北京奔驰跟C180抠掉，买车送点抠标服务这太简单了。贴个C63AMG都不在话下。这车压手里也有一段时间了，一个月前发了一次微博，其实当天就卖到了湖北武汉，无奈武汉哥们儿最后违约。而我又拒绝掉了所有意向客户，导致我看到这车，心情就有点感慨，一天拖一天地也从来没宣传。今天实在是不想拖了，洗洗车，发了一遍朋友圈，结果没几分钟，就被人给秒了。主要车况摆在这儿了，上手之后4条新的米其林轮胎，刹车片也没问题，机油三滤，火花塞全都新换完	未
11年抓逃犯709名，曾一天连抓4人！她是逃犯克星海伟曾为全局第一个配枪女警能在传统的刷身份证中摸索出新套路，总结出六疑必查法被推广从守株待兔到主动出击，请缨尝试网上作战同事评价她：善于从蛛丝马迹中找到有价值的线索，通过琢磨一些细节，把一些点线完整地连起来同事还说：她是个特别勇敢的人，反应也很快。每次抓捕逃犯时，都和男民警一道冲上去，从来没有退缩近年来她承担了所在派出所70的追逃任务，有时候达到80。网页链接	未
11或12，好像饿了呢	未
11撒旦的由来及工作（张老师）上	未
11撒旦的由来及工作（张老师）下	未
11日A股市场呈现普涨格局	未
11日人民币即期汇价再度升破6.90关口	未
11日供水热线88812319暂停一天受通信运营公司电话线路切换影响，哈尔滨供水集团服务热线电话88812319拟定于12月11日0时至12月12日0时暂停使用。用户如需咨询相关问题，可通过关注哈尔滨供水集团微信公众号留言，也可直接向各区营业分公司咨询。（记者 刘旭 王冠）哈尔滨新闻	未
11日晚公告精选丨金冠股份：洛阳国资系公司拟受让不低于12%股份	未
11时44分，救护车安全抵达八一儿童医院。	未
11时44分，救护车安全抵达医院//@北京晚报:救护车抵杜家坎，丰台支队警车开始接力护送。此前，交管局指挥中心提前优选确定行驶路线，指挥巡逻警车选取交通流量小信号灯少照明条件好的道路为救护车带路，以确保运送患儿车辆安全快速抵达医院。	未
11月10日10时27分新疆昌吉州呼图壁县发生3.4级地震	未
11月10日16时2分新不列颠岛地区发生5.6级地震	未
11月10日16时33分斐济群岛西南海域发生6.1级地震	未
11月12日10时26分四川宜宾市兴文县发生3.2级地震	未
11月13日19时17分新疆乌鲁木齐市乌鲁木齐县发生3.8级地震	未
11月13日商铺信息转让出售出租	未
11月15日12时1分山西太原市清徐县发生3.1级地震	未
11月15日2时47分新疆哈密市伊吾县发生4.1级地震	未
11月15日5时21分堪察加东岸近海发生6.0级地震	未
11月15日7时1分印尼苏拉威西岛发生5.4级地震	未
11月15日起，这17种抗癌药纳入北京医保报销！(附具体名单）	未
11月16日4时2分南桑威奇群岛地区发生6.5级地震	未
11月16日6时41分新疆乌鲁木齐市达坂城区（有感）发生2.5级地震	未
11月17日，楚雄州政府新闻办公示的信息也显示，李忠凯此前工作的大姚县湾碧傣族傈僳族乡，位于金沙江干热河谷傣族和直过民族傈僳族聚集区，是楚雄彝族自治州深度贫困乡镇之一。从2012年7月以来，李忠凯一直在该乡工作，于2018年10月被中共楚雄州委评为楚雄州担当作为的优秀基层干部。	未
11月18日21时40分新疆和田地区于田县发生3.0级地震	未
11月18日晚，存在视力障碍的徐女士在长沙参加助残培训，期间她带着导盲犬陪伴友人去吃饭，却在店门口被该店保安拦了下来，还被吼谁是瞎子！ 她携带导盲犬吃饭被拒，还被吼谁是瞎子！	未
11月18日江苏开启入冬模式 最低气温4℃左右	未
11月19日0时48分新疆阿克苏地区拜城县发生3.2级地震	未
11月19日11时17分内蒙古通辽市科尔沁左翼后旗发生3.1级地震	未
11月19日11月23日通讯员用稿情况统计	未
11月19日14时19分台湾花莲县海域发生4.4级地震	未
11月19日22时29分云南昭通市巧家县发生2.9级地震	未
11月19日22时40分台湾宜兰县海域发生4.0级地震	未
11月19日4时25分斐济群岛地区发生6.9级地震	未
11月1日-15日酒驾醉驾违法行为人曝光公示表	未
11月1日7时9分西藏日喀则市谢通门县发生4.8级地震	未
11月20日19时41分新疆克孜勒苏州阿克陶县发生3.2级地震	未
11月20日19时55分西藏那曲市双湖县发生3.9级地震	未
11月20日6时1分四川凉山州西昌市发生3.3级地震	未
11月20日上市公司晚间公告速递	未
11月20日，北海一名4岁的男童因午休时尿湿裤子，遭到幼儿园老师拍打和拖拽的消息引发外界关注26日，当地教育部门回应称，涉事老师确实存在违反教师职业道德规范的行为，目前已被停职详情点击视频显示：4岁男孩幼儿园尿裤子，女老师连做几个动作	未
11月20日，国网天津信通公司党员突击队在现场进行天津公司B平面建设项目的设备调试工作，该项目是1001工程重点任务之一，信通公司认真安排，上下联动，从工作票许可到技术交底从安全措施检查到开始施工，全部井然有序，从机柜到设备，从走线到电源，从到货运输安装调试再到测试，时刻把控安全风险，保证整个项目保质保量如期竣工，助力1001工程。	未
11月20日，庵东3000多人在做同一件事！	未
11月20日至明年3月31日，忻州严厉打击这6种行为！	未
11月21日13时31分新疆阿克苏地区拜城县发生3.0级地震	未
11月21日14时53分新疆阿克苏地区柯坪县发生3.7级地震	未
11月21日21时2分新疆阿克苏地区拜城县发生3.7级地震	未
11月21日3时9分种子岛附近海域发生5.1级地震	未
11月21日空想计划  我感觉到身体已经被撞飞起来	未
11月22号刚降完价，特斯拉今天又降价了Model S 75D降价4.06万Model S 100D降价10.5万Model X 75D降价6.5万其余车型价格不变想一想，今年买特斯拉可真不容易短短半年时间，特斯拉价格先涨后降最厉害的Model X P100D前后的差价38.29万，都可以换一台A6L了Model 3的起 ...全文	未
11月22日11时8分新疆阿克苏地区库车县发生3.0级地震	未
11月22日13时9分四川宜宾市兴文县发生2.6级地震	未
11月22日16时48分西藏那曲市双湖县发生4.1级地震	未
11月22日17时8分青海海西州唐古拉地区发生3.1级地震	未
11月22日，凉城县人民政府官网出现了一篇公示《内蒙古鸿茅国药股份有限公司三期（二区）药酒配套建设项目社会稳定风险评估公示》。公示显示，本拟建项目主要是为鸿茅国药一区药酒生产建设的配套工程，年产基酒4200吨。主要内容包括新建基酒酿造车间一座。公示对象为拟建项目建设区域内及可能受 ...全文	未
11月23便民新都微生活招聘求职转让出租信息发布...	未
11月23日0时启动重污染天气级应急响应	未
11月23日20:30，一直播：大姨妈长头发 。现收集问@中医高荣荣 的各种疑问。不看病哈，从语言描述看不了病哈。	未
11月23日东田镇环境综合整治工作视频实录	未
11月23日丨汉中事儿全知道	未
11月23日  临汾事儿全知道	未
11月23日便民：江陵城区停电通知顺风车求职失物招领中华农业武侠电脑悠进电装建强港务招聘门面健身卡转让	未
11月23日县人民医院到云镇开展扶贫义诊活动	未
11月23日双鸭山最新房屋租售店铺租兑二手物品车辆买卖信息	未
11月23日//定边最新招聘信息，在找工作想换个工作的，统统看过来	未
11月23日 市民自发在二小门前燃起3600支蜡烛	未
11月23日广丰便民招聘  求职  出租  转让  相亲  帮忙	未
11月23日志愿先行 共建文明志愿者服务日活动，这家单位被通报	未
11月23日 忻州事儿全知道	未
11月23日招聘信息招A2司机，工资13000，不压工资	未
11月23日招聘转让出租出售等便民信息！	未
11月23日 晋中事儿全知道	未
11月23日朔州便民朔州市四中公费师范生招聘46人	未
11月23日永新新闻	未
11月23日求职招聘平台运营员统计设计销售代表前台库管检修人员保安等职位招聘，人事专员快递员等职位求职	未
11月23日汉川首届车展延期一天/汉川开展食用农产品快检培训/汉川拧紧村级换届纪律阀/11月24日停电计划和天气预报	未
11月23日汕头招聘墙龙湖金平澄海企业在招人	未
11月23日  深圳大事件	未
11月23日  秦皇岛今日新鲜事儿: 岛民请注意这个女骗子，以防上当受骗！	未
11月23日米脂便民信息：本人想在官庄火车站附近买一套二顶二房子或地基	未
11月23日蒲城便民消息	未
11月23日通许便民服务信息：奔腾b50车出售	未
11月23日通许最新招聘信息：月薪30005000招司机业务员	未
11月23日阜新那些事（女子晕倒路边，多亏好心司机相救丨辽宁阜新大力拆除燃煤锅炉改善空气质量丨滑板轮滑平衡车上路都不行）	未
11月24-26号，新江口沙道观南海等镇计划停电。	未
11月2426日，贵阳市中心这些区域要停气，请做好提前准备	未
11月24号，屯溪江心洲广场众人集体狂奔，原因竟是	未
11月24号：沈丘范营停电	未
11月24日12时将启动空气重污染黄色预警经中国环境监测总站会商京津冀及周边地区环境监测中心，受不利气象条件影响，11月2426日京津冀地区将出现区域污染过程。受局地污染积累及周边区域污染传输共同影响，本市将发生一次中重度污染过程，预计26日夜间起扩散条件逐步好转，空气质量将逐步改善。按照《北京市空气重污染应急预案（2018年修订）》规定，市空气重污染应急指挥部办公室发布空气重污染黄色预警，黄色预警措施于2018年11月24日12时启动实施。@北京生态环境 @气象北京 @京环之声 北京明天12时启	未
11月24日4时41分新疆巴音郭楞州和静县发生3.8级地震	未
11月24日，一架瑞安航空波音737-800飞机在执行意大利特雷维索-德国汉堡航班时，爬升阶段发生驾驶舱玻璃破裂。机组检查后发现仅为外侧玻璃破裂，于是继续爬升飞往目的地，飞机安全降落汉堡机场。（注：飞机驾驶舱玻璃由多层构成）航空安全航空安全	未
11月24日上午，  双桥街上出现一条长龙，原来是	未
11月24日下午贵阳青山路营盘路等路段沿线，将计划停气！	未
11月24日丨天气日记	未
11月24日丨广东新鲜事：全国统一查酒驾时间表出炉！这几日交警统一查酒驾！	未
11月24日丨汉中事儿全知道	未
11月24日中央第五生态环境保护督察组向毕节市转办群众信访件情况	未
11月24日  临汾事儿全知道	未
11月24日便民：江陵城区停电通知求职求租房求购二手车五金机电兴顺食品荆冠食品招聘私房地基土鸡出售门面转让	未
11月24日停电信息天气预报便民信息	未
11月24日北京市大气污染过程解读	未
11月24日，博山停水通知！	未
11月24日县城这些区域将停电检修，快来看看有你们家吗	未
11月24日周六《新闻联播》要闻12条	未
11月24日  周薪薪企业招聘信息	未
11月24日 大丰早新闻	未
11月24日，定西最新招聘出租转让等便民信息！	未
11月24日小新闻黑森州议会开始讨论是否立法允许在加油站周日洗车灭火器厂推出彩色灭火器波兰暂恢复德波边界的边境管制	未
11月24日，市政府督查室市环保督察办督察中心人员组成市级督查组，围绕各区空气重污染黄色预警部署及措施落实情况开展督促检查督查组分别赴丰台区卢沟桥街道卢沟桥乡，石景山区古城街道苹果园街道，顺义区胜利街道，大兴区西红门镇黄村镇，昌平区东小口镇回龙观镇共9个乡镇（街道）及住 ...全文	未
11月24日广丰便民招聘  求职  出租  转让  相亲  帮忙	未
11月24日影讯，停电通知，眼见为实桐梓东站建成/招快递员收银工地测量门窗学徒客服/转卷门火锅店/求婴儿推车/售广玉兰	未
11月24日 忻州事儿全知道	未
11月24日，我公司HO1634（三亚至南京）航班飞行途中，飞机出现货舱烟雾告警信息，机组立即启动应急程序备降广州白云机场目前，该飞机已安全降落经初步确认，飞机货舱无起火痕迹及烟雾，进一步情况正在调查中我公司已启动应急预案，同时正在调配运力全力保障该航班旅客的后续行程	未
11月24日  我的打工网企业招聘信息	未
11月24日  抹灰工人两名短期工急售楼房独院出租...更多便民信息请关注清丰同城！	未
11月24日招聘信息不跑远，工资是提成加保底，都在8000到140000	未
11月24日招聘转让出租出售等便民信息！	未
11月24日，星期六互联网早报，众览天下事关心今天第9条：吉林东丰一机械公司爆炸起火 已致2死24伤，具体情况仍在核实中，相关救援工作正在进行今天，你最关心第几条欢迎点击右上方关注每天一分钟众览天下事，互联网早报值得拥有	未
11月24日，星期六互联网早报，众览天下事关心今天第9条：林东丰一机械公司爆炸起火 已致2死24伤，具体情况仍在核实中，相关救援工作正在进行今天，你最关心第几条欢迎点击右上方关注每天一分钟众览天下事，互联网早报值得拥有	未
11月24日 晋中事儿全知道	未
11月24日晋陕蒙四大煤种最新价格	未
11月24日朔州便民月薪3-5千招聘店长导购......	未
11月24日 本地便民信息服务汇总（第19期）	未
11月24日机动车出行提示	未
11月24日，杭州地铁文明乘车日！再和你剧透下地铁建设最新进度	未
11月24日，杭州地铁文明乘车日！再和你剧透下地铁建设最新进度关注从礼让斑马线到排队上车，文明的细节，折射的是一座城市的温度和厚度，是更多人爱上杭州的理由。而从今天开始，我们又多了一个日子注解文明11月24日，是杭州地铁文明乘车日。 除此之外，杭州地铁的最近建设情况如何杭小布帮你问来了！	未
11月24日，杭州地铁文明乘车日！剧透下地铁建设最新进度！	未
11月24日，杭州地铁文明乘车日！这里还有地铁建设的最新进展	未
11月24日 每天3分钟 尽览天下事（今天河南11市县单号限行/9市重污染橙色预警）	未
11月24日求职招聘司炉工维修电工厨师长综合行政招标代理专员服务员等职位招聘，酒店管理行政经理等职位求职	未
11月24日  洋县身边事	未
11月24日  深圳大事件	未
11月24日瑞昌商铺转让二手买卖拼车出行寻人寻物便民信息！	未
11月24日：界首拆迁	未
11月24日知滦州  滦州今天发生的事儿......	未
11月24日空想计划  在广袤的沙漠里，我走进一个四维空间	未
11月24日简讯：差点被撞车冲下田不道德的行为小孩在鱼塘边玩等	未
11月24日米脂便民信息：招聘服务员1名，工资面议	未
11月24日设为杭州地铁文明乘车日	未
11月24日起南昌215路等13条公交线路临时调整	未
11月24日起，多条公交线路临时调整！	未
11月24日通许便民服务信息：求购铲车20	未
11月24日  长治事儿全知道	未
11月24日闲置二手物品信息豆浆机健身卡电脑桌折叠饭桌洗衣机三轮车等二手物品转让，电动车等二手物品求购	未
11月24日青石镇蕲州镇等停电信息，请相关地区提前做好准备！	未
11月24日 龙川在线人才招聘房屋租售等分类信息	未
11月24：界首计划停电	未
11月25-26号，南海洈水八宝新江口等镇计划停电。	未
11月25日10时10分许，，一名参加南山半程马拉松比赛的女运动员在临近终点的科苑海德一道突然晕倒，蛇口铁骑队员立即上前协助医务人员进行救治，并一路前导护送救护车到达南山医院	未
11月25日10时起，江苏升级重污染天气等级至黄色预警	未
11月25日11时40分加勒比海发生5.8级地震	未
11月25日14时14分克马德克群岛发生5.6级地震	未
11月25日20时23分新疆博尔塔拉州博乐市发生4.9级地震	未
11月25日--28日天气预报促销/招聘/售房/出租/转让信息	未
11月25日-29日峰峰这些地方要停电！快瞅瞅！	未
11月25日丨天气日记	未
11月25日丨那些年 那些冬天......	未
11月25日  临汾事儿全知道	未
11月25日便民信息乐东最新找工作，房屋租售二手信息找便民信息等，你想要的都在这	未
11月25日停电通知	未
11月25日凤冈二手信息工程车三轮车铲车哈弗h6餐饮设备货车摩托车踏板车泰迪等	未
11月25日  周薪薪企业招聘信息	未
11月25日塑料供求信息	未
11月25日，天津受高湿静风及风场辐合影响，扩散条件不利，空气质量以重度污染为主随着污染持续累积和区域传输进一步加剧，预计11月26日将出现本轮重污染峰值各区各部门按照市委市政府统一部署，继续严格落实重污染天气级响应措施，主动放弃双休日，持续加大执法监管及督查巡查力度，确保最大程 ...全文	未
11月25日宣城论坛二手车交易信息	未
11月25日广丰便民招聘  求职  出租  转让  相亲  帮忙	未
11月25日  库管焊工美甲店转让油烟机处理...更多便民信息请关注清丰同城！	未
11月25日，张掖遭大风沙尘袭击(附视频)	未
11月25日 忻州事儿全知道	未
11月25日  我的打工网企业招聘信息	未
11月25日招聘转让出租出售等便民信息！	未
11月25日 晋中事儿全知道	未
11月25日晋陕蒙四大煤种最新价格	未
11月25日晨间速递（卡舒吉遇害事件后，沙特王子首次出访）	未
11月25日朔州便民同煤集团2019招聘公告	未
11月25日 本地便民信息服务汇总（第20期）	未
11月25日机动车出行提示	未
11月25日，梅姨致函国民呼吁支持脱欧协议	未
11月25日横车镇张榜镇等3地停电信息，请相关地区提前做好准备！	未
11月25日求职招聘平面广告电气工程师酒店前台保安设计员信贷管理等职位招聘，护士商务司机等职位求职	未
11月25日  洋县身边事	未
11月25日  深圳大事件	未
11月25日简讯：出门就踩雷交通问题女卫生间里的渣男等	未
11月25日蒲城便民信息	未
11月25日  长治事儿全知道	未
11月25日阜新那些事（阜新热线一周丨电动车太任性，机动车道上随意并道被撞丨细河上溜冰很危险丨来看看阜新车展大棚）	未
11月25日零点，成都启动重污染天气黄色预警！限行重大调整！公交地铁不免费	未
11月25日静宁这些地方要停电	未
11月25日 龙川在线人才招聘房屋租售等分类信息	未
11月25：界首拆迁	未
11月2612月2日，市城区多条道路分段全封闭施工！	未
11月26-28号，松滋以下地区计划停电，请提前做好准备。	未
11月2628日三江两则停电通知	未
11月26便民新都微生活招聘求职转让出租信息发布...	未
11月26日12时19分青海海西州唐古拉地区发生3.1级地震	未
11月26日-12月10日 南京长江隧道夜间全封闭管养	未
11月26日-12月10日南京长江隧道夜间全封闭管养	未
11月26日-12月10日夜间，南京长江隧道全封闭管养11月26日-12月10日每天0点-5点，长江隧道全封闭管养，无法通行。在这期间扬子江隧道仍24小时通行，本地19座（含）以下客车固定线路公交车夜间均可从扬子江隧道过江。如发生救护车消防车急需通行隧道的特殊紧急情况，隧道为大家开通了生命通道，保障紧急情况下的过江需求。	未
11月26日12月2日这些地方将停电，请提前做好准备......	未
11月26日14时8分四川自贡市荣县发生3.2级地震	未
11月26日28日张掖这些地方将计划停电，请提前做好准备！	未
11月26日4时56分加勒比海发生5.4级地震	未
11月26日7时18分新疆克孜勒苏州乌恰县发生3.7级地震	未
11月26日一名湖北房县籍女游客来武当山祈福，从武当山南岩景区一直步行至金顶景区后突然产生幻觉，疑似有人要加害她，一路上把随身携带的手机身份证结婚证准生证等物品随手乱扔后便扬言要跳崖，所幸被群众发现报警，民警善意谎言将其救回。据该女子家属介绍，此女子姓周，湖北房县人，曾经患有精神病史，没想到这次出门会发病......蜀黍温馨提示：如您的家人曾患有精神病史请不要让其单独出行，以免发生意外！	未
11月26日丨天气日记	未
11月26日丨汉中事儿全知道	未
11月26日中央第五生态环境保护督察组向毕节市转办群众信访件情况	未
11月26日  临汾事儿全知道	未
11月26日  京城事儿全知道	未
11月26日便民信息丨人才招聘房屋租售转让	未
11月26日便民信息乐东最新找工作，房屋租售二手信息找便民信息等，你想要的都在这	未
11月26日便民：江陵城东工业园停电通知顺风车农商广场招商小伙征婚求职求租房宇翔食品婴爱萌招聘商铺出售店面转让	未
11月26日停电信息天气预报便民信息	未
11月26日刘河镇漕河镇等3地停电信息，请相关地区提前做好准备！	未
11月26日双鸭山最新招聘求职信息，数十个工作岗位	未
11月26日  周薪薪企业招聘信息	未
11月26日 大丰早新闻	未
11月26日大包转让信息搭建庄里出租车信息变更交流平台！	未
11月26日  大同事儿全知道	未
11月26日  太原事儿全知道	未
11月26日，市公安局刑事警察支队上线《清晨热线》！	未
11月26日广丰便民招聘  求职  出租  转让  相亲  帮忙	未
11月26日 延安闻天下  哈尔滨松花江封江 市民凿冰捕鱼	未
11月26日影讯，漕河有停电，蕲州南门亮路灯被赞/招店长收银班主任推拿技师业务/转网咖冷藏柜/求货车/焊工出纳求职	未
11月26日 忻州事儿全知道	未
11月26日  我的打工网企业招聘信息	未
11月26日招聘信息工资加计趟10000元左右，包吃住，食堂工作餐	未
11月26日招聘转让出租出售等便民信息！	未
11月26日，星期一互联网早报，众览天下事关心今天第12条：26日7时57分，台湾海峡发生6.2级地震，震源深度20千米福州厦门泉州广州深圳一带震感明显，感受到了吗今天，你最关心第几条欢迎点击右上方关注每天一分钟众览天下事，互联网早报值得拥有	未
11月26日 晋中事儿全知道	未
11月26日  晋城事儿全知道	未
11月26日晋陕蒙四大煤种最新价格	未
11月26日晨间速递（乌干达一船只倾覆，已造成至少29人死亡，多人失踪）	未
11月26日朔州便民朔州（平朔）四中招聘公费师范生及政教管理员......	未
11月26日机动车出行提示	未
11月26日 每天3分钟 尽览天下事（河南18省辖市全部启动重污染天气预警）	未
11月26日永新新闻	未
11月26日永顺县公安局交警大队将启用红绿灯电子抓拍系统及测速设备！	未
11月26日  洋县身边事	未
11月26日  深圳大事件	未
11月26日电影排期	未
11月26日知滦州  滦州今天发生的事儿......	未
11月26日空想计划  我会飘进附近的邮筒，等着邮递员将我带走	未
11月26日米脂便民信息：求租一间房子，就我一个人住	未
11月26日  美甲师服装销售门面房转让六塔厂房出租...更多便民信息请关注清丰同城！	未
11月26日至12月2日计划停电信息	未
11月26日至30日贵港这些地方停电检修，请大家做好准备！	未
11月26日起执勤一大队交通管理服务站工作时间微调整	未
11月26日起江苏将迎6天超长雾霾一场雾霾大戏将在新一周上演。江苏气象表示，由于北方冷空气对江苏影响不大，没有外力清扫，本周从周一到周六连续6天将深陷大雾和霾的困扰。12月2日，全省大部分地区有小雨，霾才略有缓解。新的一周将开启雾霾持久战，提醒大家一定要注意防范，体弱者尽量减少户外活动，出门戴口罩。（现代快报）来势汹汹！11月26日起江苏将迎6天超长雾霾	未
11月26日起，邯郸44条公交线路实行1小时免费换乘	未
11月26日起，邯郸公交44条公交线路实行1小时免费换乘，7条线路末班延时，3条线路延伸调整......	未
11月26日起长江隧道启动夜间封闭管养15天	未
11月26日起长江隧道夜间封闭管养	未
11月26日  运城事儿全知道	未
11月26日通许便民服务信息：自家的金鹏小三轮出售	未
11月26日  郑事儿全知道	未
11月26日长宁周边事儿！	未
11月26日长宁招聘求职出租转让闲置二手信息！	未
11月26日  长治事儿全知道	未
11月26日闲置二手物品信息秀和服125摩托车钢架高低床橡木餐桌苹果手机等二手物品转让，洗衣机等二手物品求购	未
11月26日阳泉事儿全知道	未
11月26日静宁停电的地方这么多	未
11月26日黔江最近招聘求职 房屋出租信息 赶快来看	未
11月26日 龙川在线人才招聘房屋租售等分类信息	未
11月26晚8点左右，瓦房店一小区路虎自燃着火了	未
11月26：界首拆迁	未
11月272829日，鲅鱼圈熊岳这些区域将停电，请提前知晓！	未
11月27-28号，沙道观杨林市等地计划停电。	未
11月2728日三江这些地方停电	未
11月27便民新都微生活招聘求职转让出租信息发布...	未
11月27日12月2日遂宁停电的地方有这里！快看看有没有你家	未
11月27日12月8日，乐清这些地方将停电！	未
11月27日12月8日盖州停电公告	未
11月27日1时33分甘肃武威市凉州区发生2.8级地震	未
11月27日6时41分云南临沧市耿马县发生3.5级地震	未
11月27日下午，国网苏州供电公司胥口供电所台区经理接到辖区内卤菜店报修后正在现场维修检查电器设备，故障修复后特别送上24小时供电服务联系卡，把优质服务真正送到客户的心坎里！	未
11月27日下午贵阳青年路金朱东路等路段沿线，将计划停气！	未
11月27日丨天气日记	未
11月27日丨汉中事儿全知道	未
11月27日  临汾事儿全知道	未
11月27日便民信息丨人才招聘房屋租售转让	未
11月27日便民：停电通知顺风车招技术员普工营业员前台护士阿姨房屋出租出售门面出租	未
11月27日停水信息	未
11月27日停电信息天气预报便民信息	未
11月27日停电预告	未
11月27日凤冈二手信息清洗设备电炉三轮车砌割机踏板平衡车小货车电动机车轮椅江淮骏铃艾瑞泽等	未
11月27日周二《新闻联播》要闻7条	未
11月27日嘉峪关这些地方将要停电，请提前准备	未
11月27日，国网扬州供电公司工作人员在10kV青矿变电站20kV开关室对2号接地变020开关柜进行关口运维消缺，初步判断是电表故障，随即进行了电表更换，成功消缺。	未
11月27日复盘：钞票拿好 不见兔子不撒鹰！	未
11月27日 大丰早新闻	未
11月27日大包转让信息搭建庄里出租车信息变更交流平台！	未
11月27日，定西最新招聘出租转让等便民信息！	未
11月27日小新闻司机新发明-卡车可做应急衣物烘干机三八妇女节或将成为柏林公共假日慕尼黑公交公司将实行运价改革	未
11月27日广丰便民招聘  求职  出租  转让  相亲  帮忙	未
11月27日 延吉市这些区域要停水 请提前做好蓄水准备	未
11月27日 延安闻天下  男子崇拜赵云骑车舞长枪  警方：患有精神疾病	未
11月27日影讯，漕河有停电，表情古怪的李时珍/招早点师傅总经理美工手机维修/转女装店面包车摩托车/售横车一中房	未
11月27日 忻州事儿全知道	未
11月27日招聘转让出租出售等便民信息！	未
11月27日  新早读来了！大狗高空掉落砸瘫路人却无人认责，她告了整栋楼！	未
11月27日 晋中事儿全知道	未
11月27日晋陕蒙四大煤种最新价格	未
11月27日最新影讯，漕河镇停电信息，请相关地区提前做好准备！	未
11月27日机动车出行提示	未
11月27日 每天3分钟 尽览天下事（基因编辑婴儿官方回应/郑州港区单双号限行）	未
11月27日求职招聘分拣员亲子老师外科医生客户经理网店运营剪辑师服务员等职位招聘，酒店管理司机等职位求职	未
11月27日汉川市有个地方搞传销，希望警察管管/新汉都门口每天都有垃圾车占用道路/汉川11月28日停电计划	未
11月27日汕头招聘墙新增：3家医院招152人，事业编	未
11月27日  深圳大事件	未
11月27日知滦州  滦州今天发生的事儿......	未
11月27日  秦皇岛今日新鲜事儿：小岛人警惕，河北已有人受骗	未
11月27日简讯：利济村的公路被当做晾衣架昭平新增1家4A景区等	未
11月27日米脂便民信息：移动公司旁，旧车站二楼，2号门面房出租	未
11月27日至28日合肥部分区域计划停水！	未
11月27日蒲城便民消息	未
11月27日  藤县最新房屋租售信息	未
11月27日长宁周边事儿！	未
11月27日  长治事儿全知道	未
11月27日静宁停电的地方这么多	未
11月27日黔江最近招聘求职 房屋出租信息 赶快来看	未
11月27日 龙川在线人才招聘房屋租售等分类信息	未
11月27：界首拆迁	未
