凤凰台记者李淼爆料：日本电视台报道东京警视厅已经对蒋劲夫发布逮捕令了蒋劲夫前女友中浦悠花说:他经常打我，有时用榔头，有时拿菜刀威胁后来在别人面前也打我，但没人帮我报警	未
凤凰台驻日本记者@凤凰李淼 称TBS节目中说，警视厅已经对蒋劲夫发布了逮捕令日警方掌握他的中国手机，目前日本警方还不愿意回应此事	未
凤凰号出水，47位中国游客遇难谜团将揭开	未
凤凰地税局积极参与禁毒宣传	未
凤凰大道二期下穿铁路桥段力争元旦半幅通车，春节前全幅通车	未
凤凰山公园路基出现裂缝，上山注意安全，管理方正加紧修缮	未
凤凰微互动 你如何看待家暴	未
凤凰微互动 善行还是恶举 郑州一小区热心业主帮忙办证要每户打赏600元郑州一小区交房后至今，因开发商资金不足等原因，该小区的居民始终没有拿到自己不动产登记证书，而在维权过程中，以小区居民李某某为代表的27名热心业主为自己也为小区其他业主维权，终获实质性进展但这些热 ...全文	未
凤凰日报  10市公交一卡通能全国通用  可刷225个城市公交地铁 武汉一卡通暂不支持	未
凤凰日报  别了，纸质火车票！武汉和北上广深等已支持刷脸进站	未
凤凰日报  明年1月起  武汉全面供应国六油品 提质不提价	未
凤凰早班车 伊朗西部6.3级地震200人伤伊朗西部克尔曼沙阿省25号发生6.3级地震，造成大约200人受伤，大多都是轻伤。地震发生于当地时间晚上8点多，震中位于伊朗西部克尔曼沙阿省的萨尔波勒扎哈卜附近，很多民众受惊逃到街上。据伊朗国家电视台表示，地震震源深度只有5公里，邻国伊拉克以及科威特都有震感。地震暂时没有造成死亡个案，而大约200名伤者中大部分都在走避时受伤，并非因为建筑物损毁所伤。当局已派出六队救援小组前往震区协助。去年11月，伊朗西部边境地区发生7.3级地震，造成区内600多人死亡。	未
//@凤凰李淼：请转告你们新闻部门回复我。想电话采访贵公司，但过去一天了，仍没收到回电。客服说日本携程的公司总机新闻部门电话，都不能告知媒体记者。第一次见到这样的公司。另外，我不需要火车票。//@携程火车票:亲，麻烦私信提供订单号或预留号码小编为您核实噢	未
凤凰正点播报两驻日美军机相撞1死5失踪两架美国军机6号在日本沿岸空域，发生碰撞堕海，共7名机员堕海，其中1人证实死亡，仍有5人失踪。 事发在6号凌晨，驻日美军一架载有两人F/A18大黄蜂战机，以及一架载有5人的KC130加油机，在日本高知县对开空域相撞，坠落太平洋。日本自卫队先后救起两名机员，美国海军陆战队表示，其中一人送院抢救后，宣告不治，另外一人目前情况稳定。日本方面正继续全力搜索，其余5名失踪机员。	未
凤凰正点播报古巴首次开通手机上网 收费昂古巴全国民众6号开始已可以使用手机上网服务，成为全球最后提供移动互联网服务的国家之一。 从6号早上开始，全国各地用户收到短信，通知用户可以购买3G移动上网服务，而上网服务的收费标准包括按使用流量支付上网费用或是选择7美元的套餐组合，包含600MB的使用量，其中最贵的约30美元可以享用4GB的上网服务。虽然收费符合全球标准，但对于月薪只有30美元的古巴人来说，网络价格则是非常昂贵。古巴人此前只可以透过手机使用国营的电邮服务，直到2017年政府才逐渐在公众地	未
凤凰正点播报 土耳其高速列车撞工程列车致多人死伤土耳其一列高速列车，13号清晨在首都安卡拉的车站与一列检查路轨的列车相撞并导致脱轨，据报造成最少四人死亡四十三人受伤。失事的高速列车最少两节车厢脱轨，并撞毁了车站的行人桥，救援人员和消防员加紧破开车厢拯救被困者。有报导指，事发时高速列车的时速大约80至90公里。	未
凤凰正点播报忧硬脱欧 英镑兑美元跌至20个月低位英国首相特雷莎梅决定推迟在英国下议院表决脱欧协议草案，消息拖累英镑汇价跌至20个月低位市场担心英国最终在无协议下脱离欧盟，使得英镑兑美元汇价最多下跌超过1.7，是去年4月以来最低避险资金则流入英国政府债券，10年期国债收益率曾经触 ...全文	未
凤凰正点播报接炸弹恐吓 员工疏散直播中断美国有线电视新闻网CNN位于纽约的办公室，6号晚上接到炸弹恐吓电话，于是在大约十时半疏散所有员工，一个直播节目中途中断，改为播放预录节目，约半小时后恢复直播。在上个月，同一地点办公室也曾收到内藏爆炸装置的邮包，而需要疏散员工。	未
凤凰正点播报接炸弹恐吓 员工疏散直播中断美国有线电视新闻网CNN位于纽约的办公室，6号晚上接到炸弹恐吓电话，于是在大约十时半疏散所有员工，一个直播节目中途中断，改为播放预录节目，约半小时后恢复直播在上个月，同一地点办公室也曾收到内藏爆炸装置的邮包，而需要疏散员工	未
凤凰正点播报美今归还1901年从菲夺走的教堂钟美国军方今天在菲律宾首都马尼拉归还在一个多世纪前从菲律宾夺走的三个教堂钟。据报道，1901年美菲战争期间，菲律宾巴兰吉加镇的居民杀死了48个美军士兵。美军为此屠杀了数以千计的菲律宾平民包括妇女和小孩，还把巴兰吉加三个教堂钟带回美国。其中两个大钟摆放在美国怀俄明州的沃伦空军基地，一个收藏在美军驻韩基地。美国国防部长马蒂斯在今年8月11日签署了文件，同意归还1901年美菲战争中从菲律宾东萨马省巴兰吉加镇抢走的3个教堂钟。	未
凤凰正点播报美今归还1901年从菲夺走的教堂钟美国军方今天在菲律宾首都马尼拉归还在一个多世纪前从菲律宾夺走的三个教堂钟据报道，1901年美菲战争期间，菲律宾巴兰吉加镇的居民杀死了48个美军士兵美军为此屠杀了数以千计的菲律宾平民包括妇女和小孩，还把巴兰吉加三个教堂钟带回美国其中两 ...全文	未
凤凰正点播报香港校车撞向人行道 酿至少3死10伤香港北角发生致命交通意外，一辆校车下午2点多冲上人行道。现场消息指，造成至少3人死亡，10多人受伤。从网络流传的片段上可以看到，事发时校车司机并不在车上，车辆突然沿着斜坡往下冲，司机曾挡在车前试图阻止，但并不成功，反而被卷进车底。校巴偏离路线冲上人行道，再撞向建筑物。事故发生后，现场被警方封锁，现场有伤者在车祸后坐在地上接受救治，受伤较重者由担架抬上救护车。参与救援的消防员，用帐篷遮盖死者遗体。	未
凤凰正点播报香港校车撞向人行道 酿至少3死10伤香港北角发生致命交通意外，一辆校车下午2点多冲上人行道现场消息指，造成至少3人死亡，10多人受伤从网络流传的片段上可以看到，事发时校车司机并不在车上，车辆突然沿着斜坡往下冲，司机曾挡在车前试图阻止，但并不成功，反而被卷进车底校巴 ...全文	未
凤凰看点人生好难：自杀吸毒急增，美国平均寿命再下降美国疾病管制与预防中心（CDC）周四公布报告显示，2017年美国人预期寿命再次下降，为78.6岁。疾病仍是主因，而自杀率录得10年来最大升幅，滥药造成的死亡率也持续增加，且两者多发生于年轻人与中年人身上，世代绝望与毒品问题日益严重。有专家分析，财政困难收入差距扩大和政治分歧都给许多美国人蒙上了阴影，许多人因为没有希望而导致吸毒，有的则可能导致自杀。另，报告中没有讨论2017年枪支死亡事件。更多资讯，欢迎关注今午12:30凤凰卫视中文台《有报天天	未
凤凰看点日旅游胜地惊爆大谋杀，一家6口遭灭门日本九州岛旅游胜地高千穗地区，除了是旅客前往高千穗峡谷重要门户，也是日本神道教神话与传说重要地点然而在11月26日，离峡谷仅数分钟车程一处村庄，惊传大规模谋杀案件，一家六口外加到访一名友人惨遭灭门，当中6具遗体陈尸屋内外，后来在附近河 ...全文	未
凤凰看点日旅游胜地惊爆大谋杀，一家6口遭灭门日本九州岛旅游胜地高千穗地区，除了是旅客前往高千穗峡谷重要门户，也是日本神道教神话与传说重要地点。然而在11月26日，离峡谷仅数分钟车程一处村庄，惊传大规模谋杀案件，一家六口外加到访一名友人惨遭灭门，当中6具遗体陈尸屋内外，后来在附近河边，再发现第7具遗体，原本平和宁静小镇，顿时人心惶惶据悉，二战以来，日本近期最惨烈大规模谋杀事件，属2016年神奈川县针对残疾人屠杀案，造成19死26伤，案发前数月，凶嫌曾表示，自己有能力杀害470位残疾人。更多资讯，	未
凤凰看点港科大与内地研究人员破解基因突变脑瘤继发性胶质母细胞瘤（sGBM）属极恶性肿瘤，即使做手术都难以彻底清除，且容易复发，过往主要靠药物减慢肿瘤生长速度。香港科技大学昨日宣布，该校与北京研究团队，发现一种罕见且致命的脑癌突变机制，为患者带来新治疗线索。临床试验中，脑肿瘤12周内明显缩小，不过现阶段尚未排除复发可能。团队表示，目前正做二期临床试验，料最快两年后药物可投入治疗。更多资讯，欢迎关注今午12:30凤凰卫视中文台《有报天天读》	未
凤凰网现场直播：嫦娥4号发射 奔向月之暗面	未
凤凰网科技发起“看见行动” 关注视障群体信息无障碍	未
《凤凰网科技对话爱奇艺龚宇：好的内容就应该是付费的》 很多人都知道爱奇艺，但很少知道龚宇。对他采访结束了，将一张和他的合照上传到朋友圈，很多人都问这是谁。 凤凰网科技对话爱奇艺龚宇：好的内容就应该是付费的	未
凤凰网财经研究院沉痛悼念张首晟博士 美国华裔物理学家美国斯坦福大学终身教授凤凰网财经研究院顾问张首晟博士于美国当地时间12月1日因抑郁症意外去世，终年55岁。凤凰网财经研究院对张首晟博士的离世表示沉痛的悼念，并致以深深的敬意。凤凰网财经研究院沉痛悼念张首晟博士	未
凤县招商小分队赴队青岛开展招商引资工作	未
凤台南路河西大街南出口道路 明起至周日封闭施工	未
凤台街上9名环卫工手举白纸，上面的字看哭了	未
凤城一路的南康新村里隐藏着两家泸州家常菜，写过很多次的表姐家常菜和泸州豆花饭早先泸州到西安的大巴车会在南康新村小广场停车，上下车的四川老乡比较多，老板就在这里开起了小店如今大巴车早已不在这里停了，但很多四川老乡还是愿意找过来，吃上一口地道的家乡味道我常吃表姐这家，没菜单， ...全文	未
凤小岳《Ai在西元前》先导预告曝光 主演关系成谜	未
凤岗还没生小孩的看过来！这个大消息关乎你的利益......	未
凤翔便民信息12月6日更新了！	未
凤阳小岗村有了新变化	未
凤阳首条城乡新能源纯电动公交车明天开通！车上就可办卡，刷卡投币微信支付宝都可付费！（附站点票价）	未
凤鸣路和平路东延经十一路通车，济南今年28条瓶颈路已打通24条！	未
凤鸣金街儿童乐园开业倒计时！	未
凭二维码就能上飞机啦没有行李托运的旅客不用登机牌，凭二维码就可直接乘机啦。11月28日起，温州龙湾国际机场所有安检通道登机口全面支持扫二维码过安检登机了！需要提醒的是，乘坐国际地区航班的乘客携带婴儿及其他特殊旅客需要到机场相应柜台办理纸质登机牌，不能办理二维码电子登机牌。	未
凭什么她比你晚入职一年，薪资却翻了番	未
凭什么让我一个人承受所有痛苦！ 微博视频	未
凭厕所监控处罚玩手机员工？温州一公司：是同事拍照	未
凭啥？快递点取件要额外给钱 乡镇网点：从分公司拉货回来要成本	未
凭局部图片就能猜出动物真身，你敢挑战吗	未
//@凭栏观月人_: 请选择你的初始宝可梦吧（	未
//@凯凯心尖尖上的咒语呀:绝不参与//@白叶生://@_桃内纯子_://@豆你玩://@奶茶味抱枕://@一条青瓜瓜瓜瓜瓜: 查看图片//@胡小爷花样作死:不要参与，不要成为卑鄙者。	未
凯利年底离职！特朗普任命白宫代“管家”	未
凯利泰董事长辞职	未
凯利热门接班人：年底将离职，不会出任白宫办公厅主任	未
凯叔：把自己逼到120分，用三年做一个故事，然后卖十年二十年	未
凯塔小范围内穿裆梅开二度	未
凯德MALL天宫院开业之前再接个大招吧！	未
凯德来了  你好吗台湾！ 旅行灵感季 周一进到工作室，大家都在讨论台湾海峡地震，忽然想起来，已经有好多年没去台湾旅行了！前几年几乎每年都会去几次从台北到高雄，从淡水到花莲，九份瑞里嘉义台南新竹，知名或不知名的地方，捷运高铁巴士都有搭乘过也认识了许多有趣 ...全文	未
凯撒文化迎多家机构调研 明后年拟发行5个头部IP游戏	未
凯撒旅游四名副总裁辞职 李维军被聘为新任副总裁	未
凯撒蓝和空瓶群特别关注一下。	未
//@凯撒蓝护卫队: 大家来举报吧 做完打卡扩出去	未
//@凯撒蓝护卫队:大家辛苦了 不要嫌麻烦 一起为净化出力//@王俊凯反黑组:链接打不开，请复制链接用浏览器打开做举报（不要闲麻烦）大家辛苦了，凯反给大家比心	未
//@凯撒蓝护卫队:希望小蓝蓝是最后一个知道的原来微Xin小程序可以直接搜到微 店进行加入购物车 记住了 这次开年封面只认准微 店官方链接购买 不要觉得是新平台大家就懒得弄	未
//@凯撒蓝护卫队:新的一天尽快把今天的任务做完 多切号 新号从工坊链接进入	未
凯文·哈特因不当言论与奥斯卡主持人失之交臂	未
凯文-杜兰特明年夏天是否会留在勇士，是本赛季被广泛讨论的一个话题。在此之前，杜兰特曾经为了勇士保留夺冠阵容，主动降薪，日前接受《Dime杂志》采访时，他承认下次面临合同问题时，会尽可能争取最大合同。我只想要确保我下一份合同能够赚到尽可能多的钱，这就是我的计划，好好打球，多多赚钱。这回没有人可以招募我，我想要自己决定环境，你不能给我看一些华而不实的东西，那些不实在的东西，打动不了我。	未
凯施公路今天发生车祸  车辆撞上灯杆身负重伤 如果没灯杆就遭人了！	未
凯旋门再告急！法国第四波黄马甲运动，8.9万警力出动今晚，数以万计的黄马甲又将占领香榭丽大街，8.9万名警察严阵以待。马克龙5日已宣布放弃上调燃油税，但黄马甲提出了更多诉求。过去几周中，香街营业额下降近半，卢浮宫埃菲尔铁塔关闭。ING现场 直击 ING直播的微博直播 .	未
凯旋门再告急！法国第四波黄马甲运动，8.9万警力出动今晚，数以万计的黄马甲又将占领香榭丽大街，8.9万名警察严阵以待马克龙5日已宣布放弃上调燃油税，但黄马甲提出了更多诉求过去几周中，香街营业额下降近半，卢浮宫埃菲尔铁塔关闭ING现场[超话]  直击 ING直播的微博直播 ...全文	未
凯旋门博物馆遭受黄背心袭击，危机之中博物馆如何保障安全	未
凯普生物完成371万股股票回购 耗资6250万余元	未
凯普生物控股子公司拟增资4500万，拓展司法鉴定业务	未
凯润花园三期中央空调罢工，居民取暖全靠抖	未
凯灵箱包防砍防划还阻燃都是因为用了这项黑科技	未
凯特王妃妹妹结婚怕被抢风头 最后竟想出奇招	未
凯茵社区油烟扰民 “记者帮”介入促整治	未
凯蒂佩里拍卖男友奥兰多！下一秒再砸35万买回来	未
凯迪拉克车友会	未
凯迪生态：“16凯迪03”无法按时付息	未
凯都快速路进度即将过半 预计在2019年9月前实现通车	未
凯里80 90后的我们，可否还记得这些	未
凯里一小男孩和父亲吵架后离家出走 特巡警送其回家	未
凯里一驾校教练酒后驾驶，车上还载着几名学员	未
凯里一驾校教练酒驾，车上还带着学员，何以教人	未
凯里云谷田园发生车祸：肇事车翻滚时 车内飞出一人！	未
@凯里人 你的手机号自由了！可随意转换三大运营商	未
@凯里人：凯里城区将设立公交专用道，你怎么看	未
@凯里人！明年起，刷身份证就可以坐火车了！无票时代来临	未
凯里公安破获一起特大运输毒品案 缴获冰毒31.574公斤	未
凯里学院的前身是黔东南大学，这几张照片，99的人都没见过	未
凯里-欧文谈肩伤：会接受治疗，没事的凯尔特人今天在主场128-100击败尼克斯，比赛第四节绿衫军后卫凯里-欧文在一次进攻中弄伤了肩部，赛后在接受采访时欧文谈起了肩膀的情况是在比赛关键时刻，只是我的肩膀在那次攻防中处在了一个尴尬的位置我会接受治疗，我会没事的欧文如此说道，当 ...全文	未
凯里第十幼儿园突然闯入不速之客！	未
凯里街头，大巴车外竟悬浮着一个面具男！	未
凯里车主注意！这条路上别再乱停车乱占道，小心吃罚单！	未
凯里这个地方悄悄变成了这样......	未
凯里这些地方明天要停水！请记得蓄水！	未
凯里这条路上别再乱停车乱占道，小心吃罚单！	未
//@凯雷:领养了3名藏族孤儿，3次以洛珠的名义献血900毫升，这些小事，都是最难的//@孔令旭: 致敬！//@蛊毒的星:致敬！	未
凯龙股份可转债路演明天（12月20日）14:00-16:00，凯龙股份(SZ002783)可转债发行网上路演将举行。公司将发行32，885.48万元可转债。全景路演 天下全程视频图文直播，欢迎互动，网页链接。凯龙股份专业从事民爆用品和复合肥研发生产销售并提供爆破服务。	未
凱爾特人還不行動交易個有用的大個球員嗎	未
凶徒落网！毒驾后疯狂拖行辅警的原因竟然是	未
//@凶我就咬你:附议//@昭昭:附议//@懒得挂微博://@张起灵的小妻子 ://@亲亲矢代 ://@汪汪仙容 :二次三次都适用//@豆哥今天不开车 ://@是文盲也是流氓 :强烈附议了//@彰纪 ://@OfficialAntony :是了，给原po鼓掌，不过狗改不了吃屎，遇到垃圾还是远离的好	未
凶手是就是它（网友发来的红屁股鸟）！	未
凶手用的是"弩箭"！“小马警官”牺牲前，还想着陪伴病妻	未
凶案现场	未
凶案现场：那些少儿不宜的名作（下）	未
凶残呀！！必须严惩！！微博赚钱季 2019的黑天鹅和白天鹅	未
凶猛 微博视频 Yaow	未
凶讯！谷歌突然宣布：人工智能准确预测生命基本分子蛋白质的三维结构！全世界为之惊恐！	未
凶险！女生感冒晕倒后心脏停跳两天两夜，得了这病一天内可夺命	未
凶险！寒冬小心血洗大脑，6个危险习惯易引爆颅内不定时炸弹	未
出个门好难，我连掏耳朵勺都得装上。	未
出乎一些人预料，中美“休战”席卷世界媒体	未
出乎预料 中美“休战”席卷世界媒体	未
出了交通事故如何走流程每个车主都应该知道！	未
出了什么事平山这么多人拿着灭火器	未
出了地铁站，怎么乘公交贵阳轨道一号线公交接驳方案官方发布	未
出事了！5死18伤！请为南乐学生扩散此文	未
出事了！5死18伤！请为商丘学生扩散此文！！	未
出事了！5死18伤！请为夏邑学生扩散此文	未
出事了！5死18伤！请为新安学生扩散此文！！	未
出 事 了！5死18伤！请为濮阳学生扩散此文	未
出事了！5死18伤！请为邓州学生扩散此文！！	未
出事了！5死18伤！请为鹿邑学生扩散此文！！	未
出事了，全船跳电！！散货船河道撞塌油品码头	未
出事了几辆公交车行驶到中华大街这里时，车长都不约而同的冲了出去...	未
出事了！喜欢晚上暴走徒步的人赶紧看！现在知道还不晚！	未
出事了宜宾莱茵河畔男子清晨出门，竟在家门口捡到玛莎拉蒂车钥匙，YSL高跟鞋	未
出事了宜宾莱茵河畔男子清晨出门，竟在家门口捡到玛莎拉蒂车钥匙，皮草，YSL高跟鞋	未
出事了！嵊州人熟悉的这个品牌，竟在背后做这个事	未
出事了！爱用手机付款的绥阳人注意，现在看还不晚！	未
出事啦！这东西人人家里都有，常宁人可别再这么做了.......	未
出事就是安全员的责任安全员到底有什么法定职责	未
出事算谁的路过平果这段路要小心！	未
出于对票钱的尊重，都会认真看完，从来没有玩手机的毛病//@小羊爱吃酱肘子: 来都来了！总不能亏了票钱！//@回忆专用小马甲:俺也一样//@段子楼:嗯来都来了，摆正心态//@团子熊por:我的接受度也很高呢//@森野矢裕://@一只炸宝:俺也一样	未
出云号叫航母吗日本开了个会讨论	未
出云号改航母，一部日本航母史就是一部“改改改”的历史	未
“出云”搭载F-35B？日本要落实舰改航母设想	未
出什么事了?一帮人去华杰的幼儿园调查了	未
出什么事了大竹某售楼部门口聚集这么多人	未
出任民进党代理党主席？桃园市长郑文灿回应	未
出任给就是480万，挑战一下//@株式会社Fellowship: 这个职位又open了。没有实际经验也ok但是日语要求偏高。有没有伙伴想挑战履历可以直接发到haze@f-ship.jp 网页链接	未
出伏后防“秋燥” 未来几天南通开启“雨雨雨”模式	未
出入境中介机构取消资格认定 影响几何	未
出入境南非注意！携带这些物品有规定 违者将受罚	未
出其不意抓现形！仙游两人上着班被拷走...	未
出动180多人！茂名这个镇4处违建被强拆！有你村吗	未
出动200余人，到处搜寻这个杀人凶手！	未
出动无人机，莆田已查处100多人！开车骑车不要打电话哦	未
出动“空中120” 患者90分钟从巴中转院成都	未
出动警力5316人！武汉开展今年最大规模清查娱乐场所行动	未
出单位到楼下转转	未
出卖刘胡兰的叛徒16年后被捕，枪决前说出令人震惊的真相	未
出去买点早饭，M先生说不能冻着了	未
出去办事儿去 微博视频	未
出去旅行，应该带什么茶具	未
出去玩一天！来拯救2018年所有的不开心！	未
出去聚会都是发呆//@虫治先森:到家门口听到楼道有声音飞速开门进门关门	未
出去见网友，两家人打成一团	未
出发	未
出发上海	未
出发上海，去参加今晚vivo NEX双屏版的发布会。听说上海最近很冷，我把最抗冻的毛衣和羽绒服我都带上了。	未
出发了，没吃早餐呢，帮帮我：6004351	未
出发，从寒冷雾霾的城市转移到四季如春的地方，下周飞哥就可以脱去厚衣穿上大裤衩子小凉拖了	未
出发北京 去奔向人情世故	未
出发！去青岛约个会	未
出发！又要去做了！	未
出发吧  最近不开心不如一路向西去大理	未
出发，才是一切的开始 埃塞俄比亚  在非洲屋脊治疗城市病	未
出发！护航亚丁湾2008年的今天，人民海军派出首批舰艇编队执行护航任务，开启人民海军赴远海常态部署的新纪元。3650多个日日夜夜，我是中国海军护航编队，如需帮助，请在16频道呼叫我这一中英双语通告回响在大洋之上，从未间断中国海军护航10周年，回顾感人瞬间转发致敬！	未
出发！护航亚丁湾2008年的今天，人民海军派出首批舰艇编队执行护航任务，开启人民海军赴远海常态部署的新纪元。3650多个日日夜夜，我是中国海军护航编队，如需帮助，请在16频道呼叫我这一中英双语通告回响在大洋之上，从未间断中国海军护航10周年，回顾感人瞬间转发致敬！（央视新闻）	未
出发泾阳，贸易全球，这个大咖不一般！	未
出发，赶着小驴车去接赵老师了，，，	未
出发  这个初冬，这座小城的漫山红叶云山雾海都在等你	未
出发进山，看看黄缘的生活环境	未
出口不畅，带壳扇贝低至1元/斤！为求保本，养殖户各显神通	未
出口信保前三季度服务小微企业7万多家	未
出口级爆款富平霜降柿饼 纯手工制作 历经48天挂霜 香甜糯弹 给你冬日里的甜蜜	未
出口设备给伊朗为啥就要抓在韩国建瞭望塔为啥就不用抓	未
出台新规定！北海这些地方将禁止燃放烟花炮竹！	未
出名安国谁认识这个骑电动车的，忍不住曝光他！	未
出售3室1厅1卫23万元	未
出售42.8万元，3室2厅1卫	未
出售4室1厅1卫38万元	未
出售两月龄小母泰迪诚信手机照片冲洗服务	未
出售如影 S 一台。上海今明可闪送。（啥毛病没有，北京带来上海没用上，就地卖掉完事，换 weebill 了	未
出售本人，活不起了	未
出售资产收关注函 *ST皇台控股股东接盘资金来源被问询	未
出啥事儿了//@网一:	未
出啥大事了	未
出国旅游是有钱人的专利月薪3000，到这些国家也能瞬间成土豪！	未
出国旅游是有钱人的专利退休金3000，到这些国家也能瞬间成土豪！	未
出国旅行急救词句	未
出国旅行急救词句，赶紧收起来	未
出国旅行总会有这样一个迷思：好不容易出国一趟，要不多买点就亏了！其实，国内机场的价格也超便宜，最重要的是不用扛回来！那今天就来和大家说说怎么在北京amp上海机场有哪些值得买！！	未
出场的时候碰到了这人，手机拍照英文搭讪，大家以后看到绕道//@小野咩子:草这两个是不是我们上次遇到的那两个傻b@平川夏 //@葱葱无力://@囧兄龙:扩一下！人抓了！现在需要受害者指证！相由心生不要放过他！//	未
出境自由行要会的英语口语	未
出大事了！40000多人聚在一起搞事情！	未
出大事了！印度军队向民众开枪，致7名平民死亡！我们不禁要问究竟是什么原因让军队老汉，举起了射向老百姓的枪印度，作为亚洲的民主灯塔有什么事情是选票解决不了的如果有，可以再投一次选票啊，为什么要向手无寸铁的老百姓开枪那么密集的开枪，怎么可能只死了7个人，印度政府，你们为什么要隐瞒老百姓的死亡人数	未
出大事！厦门警方连续冲击，14人被抓！竟干这种龌蹉事...	未
出嫁五年与娘家毫无联系，突然接到一通电话，让我如坠冰窖！	未
出实招破“虚功”，江苏这样向形式主义官僚主义“亮剑”！	未
出川将有时速350高铁：成自宜即将开工，成南达万明年开工	未
出差回去就玩//@科学家种太阳:这个游戏蛮好玩的，忽略掉里面「大宝剑」的桥段，可以说是一款不折不扣的正能量之作了。供参考	未
出差回家，儿子悄悄告诉我，每天晚上爸爸房间都有阿姨的哭声	未
出差在外，还要陪孩子做作业，终归是放心不下你智能监控辅导作业	未
出差的路上。。不想睡觉呢	未
出差让朋友照看下二哈，结果刚下飞机就收到这样的信息	未
出彩中原在行动文明的力量血型稀有，但爱从不稀有Rh阴性血是极其罕见的稀有血型，又被称为熊猫血，它的概率是千分之三。河南省稀有血型协会的发起组织者张晓明告诉记者：十多年前，我在省血液中心负责稀有血型者招募，因为筛查登记的人非常少，所以常常会出现用血荒。2013年，河南省稀有血型协会注册成立，成为我国首家省级稀有血型公益组织，会员单位19个，会员近3000人，90以上都是稀有血型者。在河南省稀有血型协会，稀有血型志愿者们抱团取暖共同奉献，他们用热血救助生命，用实际行动传递正能量。	未
出彩妆卖面膜，故宫新品购买也需谨慎	未
出彩河南公安亲密的爱人骗你没商量	未
「出彩河南公安人」他抓捕逃犯十天十夜 回家后因愧对生病女儿落泪	未
出手了！洛阳交警启动最严整治行动！司机行人违法大曝光	未
出手相救 多年冤家成睦邻  3年两起纠纷，两家邻居势同水火楼上老人突发心梗，危急时刻，一个身影挺身而出	未
出招了丨淮北市开展校外培训机构专项治理行动！	未
出招吧番番 首期节目上线！香蕉七子@Tangram_Official 来袭！是谁现场给经纪人打电话对公司提建议为何团员全体失控惊现大型表白现场猛戳视频get答案	未
出拳又快又猛，瞬间就打爆对手，太恐怖了	未
出掉了，强迫症真害人。//@魔法师蛋小丁: 因为清灰的时候把清洁胶黏进网孔里了，故从5800自刀到4900查看图片	未
出故障的不是钛合金格栅，而是控制它的液压机构。//@摩托饭:讽刺的是出故障的钛合金格栅比较可能还能再用	未
出新书没避谈太太 马英九戏称“自首认罪”盼从轻发落	未
出新工程脚手架整体倒塌 正在作业的工人被砸伤（视频）	未
出来挨打@腾讯视频即刻电音	未
出来放风自己的手看着像个农民工	未
出来混，总是要还的，武汉前期168名物业费老赖，共还债6680万元！	未
出来约人谈个事，坐定后对面三位外套一脱，是不是中年男子都是：灰色是不想说我没稳住笑出声	未
出比较多的血，烂肉比较多，其实也不怕，1-2，第2500部，重上 网页链接	未
出汗真的能治病让出汗变法宝，来年生病少	未
出油难以控制啊	未
出波翠盖枝枝静，入院丹心朵朵香  .	未
出游  冬季玩黔南，哪一个是你的菜	未
出游提示 @广大游客：去塞班岛前请先看这里	未
出游提示 驻布里斯班领馆再次提醒广大游客在澳注意水上安全	未
出片率100！这些在主城的小众网红点，朋友圈竟然都没去过	未
出版商开价1500万美元 邀白宫幕僚长离职后出书	未
出版局领导在今天举办的中国游戏产业年会上讲话，除了即将开放游戏版号之外，还谈到了玩家们关注的网络游戏道德委员会一事：明年将着力推出一批展现新中国新气象的原创作品对涉黄涉暴扭曲社会主义价值观的游戏产品进行打击。道德委员会并不是评议所有的游戏，不是取代所有的专家审查，是对争议较大舆论集中上市之前被判断为可能会引发争议的进行评断。不公布这20款名单的原因是考虑维护企业形象，还有这20款游戏还未上线，没必要公布。考虑不公布委员会人员名单，出于防止工作受到干扰，委员会人员较多，人员在变动中	未
出版社刚送来的性教育绘本《美国儿童自我保护技能训练》还有人记得这只皮皮龙吗去年可是大火一把。被全网转发的视频短频《7分钟防性侵教育短片》打算做送书活动，想参与就点个赞吧 微博视频	未
出版过专著的“博士厅官”落马，曾对巡视组誓言整改	未
出狱十二天后他就去杀害他的主审法官	未
出狱后，他们做起了殡葬师	未
出现一个，打击一个，绝不姑息	未
出现了吗！！！啊啊啊啊啊啊啊啊！//@美羊羊120408:后续//@鼓浪嶼土特產代購:	未
出现了地暖腾过的猫砂盆飘着异香的画面感//@元气少女胡妮子:锦鲤锦鲤救救我，不想再被猫砂盆地暖的魔法攻击伤害了	未
出现在你电脑桌面上的那只小蜂鸟，上周在生态公园做了点特别的事情	未
出现学生伤害事故，如何善后才不失当	未
出现这种情况，就是机会！	未
出现非洲猪瘟，昨晚我省紧急召开防控工作会议	未
出生28天被父母抛弃，奶奶捡破烂将其养大，成名送奶奶3000万豪宅	未
出生46天的婴儿被裹成“小肉粽”，送医时已神志不清	未
出生不久被送出，50多年后长春寻亲，爸妈你们在哪?	未
出生人口数量连年下降，专家预计2018年新生儿跌破1500万。2015年曾有专家预测，全面开放二孩后会造成婴儿潮现象，甚至建议要做好抑制人口增长过快的准备。现实情况是，呈井喷式的上涨不但没有出现，生育率反而出现逐年下降的趋势。国家统计局的正式数据一般要到一月下旬公布。（华夏时报）	未
出生人口数量连年下降 专家预计2018年新生儿跌破1500万2018年是我国全面放开二胎的第三年，曾经预测的新生儿呈井喷式上涨的景象并未如期而至。虽然官方至今也没公布全国前11个月的新生儿数据，但通过部分地方公布的数据来看，今年的出生人口比去年减少100多万到200多万。12月25日，长期研究人口与生育问题的专家何亚福接受《华夏时报》记者采访时表示，即便如此，从近期的形式来看，我国近期不大可能明确宣布取消计划生育，但计划生育会逐渐从管理型转变为服务型，只要计划生育从管理型转变为服务型，实际上也就	未
出生前，我在天上挑妈妈。你永远不知道，你的孩子有多爱你	未
出生医学证明办理窗口	未
出生即相识 澳大利亚维州夫妇数十年恩爱如初	未
出生证变样了！明年1月1日起用新版出生证	未
出生证变样了！明年1月1日起用新版出生证记者从国家卫健委官网获悉，原国家卫生和计划生育委员会统一制发的出生医学证明（第五版）签发日期截至2018年12月31日。自2019年1月1日起，启用由国家卫生健康委员会统一制发的出生医学证明(第六版)。出生医学证明（第六版）将出生医学证明（第五版）封底quot中华人民共和国国家卫生和计划生育委员会监制quot字样随之更改为quot中华人民共和国国家卫生健康委员会监制quot。 新版出生医学证明自2019年1月1日启用。出生证变样了！明年1月1日	未
出生证变样了！明年1月1日起用新版出生证记者从国家卫健委官网获悉，原国家卫生和计划生育委员会统一制发的出生医学证明（第五版）签发日期截至2018年12月31日自2019年1月1日起，启用由国家卫生健康委员会统一制发的出生医学证明(第六版)快看新版长啥样 网页链接	未
出租司机因多看乘客一眼被打 打人者竟是网逃人员	未
出租司机开车同时摆弄三部手机 原因竟是人缘好近日，上海的沈女士通过打车软件预订了某出租公司的出租车，刚上车她就发现司机在用手机给别人发语音，仔细一看，车内方向盘边竟然摆放了三部手机，其后，司机一手掌控方向盘，一手同时操控三部手机，甚至在过高架桥时也没有停下来。一路上 ...全文	未
出租司机携病妻运营 你介意跟她拼车吗因为放心不下患有阿尔兹海默症的老伴，北京的哥莘师傅每天出门载客时，都会在副驾驶位上带着老伴，已经如此运营1年多但因为有一些乘客的不理解和差评，细心的网友注意到，该出租车司机的滴滴评分只有56分有人说坐这样的车比坐别人的车还放心，因为车上有 ...全文	未
出租司机携病妻运营 北京网友如果遇上这位出租车师傅，请不要因为他老伴儿在车上拒绝他，不要给差评//@北京同城: 出租司机携病妻运营 温暖一座城的感人事	未
出租司机携病妻运营司机师傅自我解嘲道：老婆怕我干坏事，所以每天看着我。细问他才说，老婆是海默尔症患者，每天不得不这样带着她上路。老伴儿嘛，不管咋样都是伴儿，司机师傅虽然乐呵呵的这样说着，但多苦多难猜都可以猜到，苦中担当的男人。 北京的哥 有情义 希望大家可以不做 但是别 ...全文	未
出租：大农贸市场第三排 运漕早点斜对面，两间六层，整租，四万一年，可商议	未
出租屋火灾再次敲响警钟！这里有你需要的防火安全措施	未
出租残疾人证，每月竟能给一千多块租金，到底怎么回事	未
出租物业以自救，丽江旅游还能靠什么赚钱	未
出租葵潭镇土墙墩300平方空格厂房出租	未
出租车为超越洒水车 越线撞上警车被认定全责	未
出租车也有克隆版，司机更是一表人渣！	未
出租车公司证实司机携患病妻子运营：已持续1年多	未
出租车公司证实司机携患病妻子运营：已持续1年多近日，北京一位出租车驾驶员携患阿尔兹海默症的妻子共同运营的消息火爆网络出租车公司方面回应记者称，公司深知这位司机生活不易，长期关注其生活状态但司机不希望被过多关注，想平淡地生活据了解，因司机师傅儿女在外，妻子患病需时刻有人陪 ...全文	未
出租车内安装监控设备应审慎	未
出租车内捡钱包 一帮好人寻失主	未
出租车，刚上车几分钟，司机突然把车停在路边，声音发抖，姑娘您等我会儿成吗，我到现在还没吃晚饭呢，我，我糖尿病...说着就急忙跑到后备箱翻出个干面包狼吞虎咽起来.....车边有家小报亭，我买了瓶水递给他，他有点吃惊，眼睛里有东西在闪亮亮的......我只是想到：这是谁的爸爸又是谁的丈夫呢。 青音	未
出租车司机乱收费，这次又被拍视频了！	未
出租车司机围堵政府！抵制网约车服务！	未
出租车司机在执法人员面前破口大骂乘客 执法人员很淡定：你可以打电话投诉	未
出租车司机收费超合理费用1倍，将属严重失信行为！交通资讯明天起，出租驾驶员不按标准收费超出合理费用1倍（或100元）将属严重失信行为！@上海交通 制定《上海市道路运输市场严重失信主体管理实施细则》，明确49项严重失信行为，以及6大项（17小项）联合惩戒措施。该《实施细则》于12月1日施行。详见	未
出租车司机通过治安背景核查后方能从业 江苏出台治安防范新规下月施行	未
出租车司机通过治安背景核查方能从业	未
出租车后备箱的秘密	未
出租车和黑车太一样猖狂，以前一提长春出租那是雷锋车队好人好事有名，现在一提长春出租就俩字 呵呵	未
出租车已开140公里/小时，乘客还掐住司机威逼加速真相让人愤怒	未
出租车已达140公里/小时 乘客仍掐住司机威逼加速	未
出租车师傅车上的一罐糖，把猪小正馋的目不转睛的盯了一路，忍不住用小指头戳一下糖罐，再戳一下，反正就是不说要吃！下车了，他趴在我耳朵上悄悄地说吃糖牙牙疼，哎呦呦！等到了家他眯着眼睛歪着头抱着我的大腿说吃糖糖刷牙就不疼了！妈妈对不对哎！败给你了，臭小子，奖励两个费列罗巧克力吧！	未
出租车：我就想问问喃，我聪明不大连爆料大连身边事	未
出租车抢客新套路，让人防不胜防！	未
出租车拒载两次就吊证上海市新规，出租汽车驾驶员只要被查证有拒载行为两次，即取消其客运服务的营运资格支持回想了一下，我在其他国家也生活过，没有一次遇到过出租车司机拒载	未
出租车拒载两次就吊证上海这个措施挺好的，但在全国推广不容易。上海的出租车市场是公司制，吊证只涉及到司机本人的出租车运营资格，但许多地方的出租车是个体制，比如天津，如果吊证车辆也基本完了，所以管理部门轻易不敢吊证。当然，也正因为如此，个体制的城市服务质量普遍很差，因为主管部门没有有效的管理方法。希望有关部门切实加强对出租司机的管理，不管个体制还是公司制，只要拒载两次就吊证，那出租车服务水平，一定会提升的。	未
出租车拒载两次就吊证你支持推广吗	未
出租车拒载两次就吊证 出租车作为提供服务的一方，理应不该拒载。尤其是在交通高峰期，由于出租车很少，我们想要打车甚至需要加价才能享受到原来的服务，更有一些出租车因为路程过短，不想放弃自己辛苦排队等来的载客机会，要么拼车，要么拒载，这些问题都应该得到解决。而上海出台的政策实在太好了，确实是非常便民的举措。但说实话，有些乘客的素质真的是很差劲，如果不拒载，很有可能在车上无理取闹，在禁烟出租车上吸烟，甚至因为车费问题而恶意举报不实信息，就跟淘宝上为了返现就故意给店家差评一样，这些问题同样值得关注。	未
出租车拒载两次就吊证夜晚大雨把我困在我在附近，只因为我家太近，师傅们不愿接我这单生意。	未
出租车拒载两次就吊证支持	未
出租车拒载两次就吊证 机场，火车站，车站里的流氓出租车处理一下	未
出租车拒载两次就吊证根据上海市新规，出租汽车驾驶员从业生涯中，只要被查证有拒载行为两次，即取消其客运服务的营运资格。多收费两次被查实的，不管金额多少，也将直接被吊证。给这个政策点赞，支持有关部门多多提倡这样的新规定。	未
出租车拒载两次就吊证确实有很多拒载的现象，是该治理一下了。	未
出租车拒载两次就吊证近日，上海出台新规，出租汽车驾驶员从业生涯中，只要被查证有拒载行为两次，即取消其客运服务的营运资格。多收费两次被查实的，不管金额多少，也将直接被吊证。这个算得上严管了，做为消费者肯定拍手称快。大街马路上手都招酸了，还是一辆辆的呼啸而过，不仅尴尬而且生气到没处说，有这个新规，是不是就可以直接报警了一段时间以来，我们都把目光聚焦在滴滴等网约车身上，其实城市出租车问题也不少，现在上海开始试点这个新规，希望各地都能够借鉴推广。	未
出租车拒载两次就吊证近日，上海市交通委查处一辆长期存在议价多收费等违法行为的出租车。根据上海市新规，出租汽车驾驶员从业生涯中，只要被查证有拒载行为两次，即取消其客运服务的营运资格。多收费两次被查实的，不管金额多少，也将直接被吊证。你认为这样管理合适吗这种做法值得推广吗	未
出租车拒载两次就吊证这个规定挺好的，想必很多网友都有被拒载的经历，以兽菌自己为例，如果一开始就有这个规定，估计能吊销几十辆车的执照了。只要是在运营中的出租车，本来就没权利拒绝乘客，如果司机不想干了就应该打出停运的标牌。圣母们也不要来说什么司机辛苦了啥的，出来混社会，谁不辛苦啊。没打停运，就是在工作时间，就不该对工作职责內的工作内容挑三拣四。	未
出租车拒载两次就吊证非常赞同上海出租车拒载吊销运营证的做法，这样就不会出现站在路边打不到车的尴尬。更有利于规范出租车市场，本人就曾多次遭到拒载，原因是嫌弃旅途太近或者堵车。这个为可以理解，出租车司机也要挣钱养家糊口。但是作为服务行业就不应该拒载。	未
出租车时速140公里/小时 乘客还掐住司机威逼加速三亚出租车司机刘师傅送一名男乘客前往东方市，在高速上男子突然掐着刘师傅的后颈部喊怎么开得这么慢，赶紧加速。刘师傅加速至140公里/小时后，稍微降速便再次遭到威胁。该男子还时不时碰到挂挡位和手刹，过程中共掐了司机四五次。刘师傅称，在车上时该男子曾问手表和金项链够不够抵扣车费。到达目的地后，男子拒绝付钱。警方称该男子曾因抢劫坐过几年牢，今年初又因偷手机被拘留15日。办案民警表示，警方已对其作出行政拘留10日的处罚。网页链接	未
出租车时速已达140公里 乘客仍掐住司机威逼加速	未
出租车//@猫的小桑: 转发微博	未
出租车的姐与乘客不愉快的一幕	未
出租车：群狼来了，新网约车公司又将抢走大量客源	未
出租车调头，后面避让不及撞上了	未
出租车运价拟调至2.2元/公里西青看天津日前，天津市发改委发布公告，调整我市客运出租汽车运价听证会将于12月20日召开。听证方案要点提出，我市出租车起步价拟统一调整至3公里11元，车公里运价统一调至2.2元/公里。	未
出租车驾驶员从业资格证在线查不出！驾驶员曝出内情	未
出线争夺，英超“双杀”意甲	未
出行12月9日，信阳东站临时加开旅客列车	未
出行一定要遵守交通规则//@王文健-天人合一:害人害己！	未
出行不再难，又一个村子修通了脱贫致富路！	未
出行丨元旦火车票已开售！这些放票时段你得知道	未
出行丨公交G223898路有重大调整！班次更多了，时间更短了	未
出行丨别了，火车票！铁路总公司宣布大消息！天水人以后可以这样坐火车！	未
出行中心城区开通43路公交车	未
出行元旦火车票已经开售！这些放票时段你得知道	未
出行  @光谷人，高新大道铁路桥今起施工，这些路段请注意绕行	未
出行别了，纸质火车票	未
出行司机注意，赤峰境内两条公路增了限宽限高设施	未
出行向导双塔北路朝阳街口封闭 5条公交线路改线运行	未
出行向导旱西关街金刚堰路口占道施工	未
出行向导 明日起双塔北路朝阳街口封闭施工	未
出行增设站点线路调整，嘉定这3条公交线路近期有变动！出行注意！	未
出行太原南丨这个片区交通乱象要被严管	未
出行太原南  新增19处电子探头，司机注意	未
出行安全系列踩踏自救踩踏事故中如何自救（图文版） 儿童游泳带娃游泳安全知多少 孩子晕车孩子晕车怎么办 带宝宝出行小药箱微博正文 带宝宝出行物品清单微博正文 带宝宝乘坐飞机提醒微博正文 孕妇出行提醒微博正文	未
出行必备 乐山主城区停车泊位差别化收费流程是这样的	未
出行必备！日本饭桌上的这些坑爹潜规则你知道么	未
出行必看！地铁3号线10号线有新进展！部分道路通行有调整	未
出行必看！宜昌这些路段交通管制	未
出行必看！赣州这个路段开始围挡施工，请注意绕行！	未
出行提出今天白天扩散条件及能见度较差，出行做好健康防护及注意交通安全。	未
出行提前知天气，安全防患于未然。	未
出行提示。	未
出行提示	未
出行提示14:07分，二号线仙鹤门至经天路全区红光带道岔短闪故障，经专业处理后恢复，为你带来的出行不便，我们深表歉意！	未
出行提示203路公交绕行海拉尔东街部分路段实行交通管理	未
出行提示今日起冰雪大世界周边道路有调整自2018年12月26日16时起至2019年2月28日，松北区冰雪大世界园区周边的雪乡街临时只允许车辆由北向南单行冰峰路（桥下环路-雪乡街）临时只允许车辆由东向西单向行驶。在交通管控区域，禁止机动车在冰峰路雪乡街冰花路等路段两侧停放。	未
出行提示哈牡高铁下月开行12对动车组列车2019年1月5日起，中国铁路哈尔滨局集团有限公司将调整旅客列车运行图届时，哈铁将增开哈西站至通辽等地的高铁动车组6对，调整12对高铁动车组运行区段根据新运行图，哈牡高铁开通初期将开行动车组12对，其中哈站哈西站各始发6对	未
出行提示大风已至，能否吹散雾霾大风天气这样行车更安全！	未
出行提示！明年1月5日起 长三角铁路将实行新的列车运行图	未
出行提示本周六到下周一大雾再袭！河南这些地方尤其要注意	未
出行提示！李沧区重庆中路金水路路口交通新变化，常走这儿的你要注意！	未
出行提示！沙湾这段公路交通管制时间要延长	未
出行提示科尔沁快速路南延伸段10日起半幅施工途经呼和浩特市部分高速路况有变	未
出行提示西安机场大巴今起正式开通钟楼站点，新站点售票厅位置设于钟楼饭店停车场。小布了解到，钟楼站点巴士运行首班时间为7：00，末班为23：00，发车间隔约为20分钟，客满即发。购票时乘客出示身份证，微信线上购票需提供证件号码，建议至少提前两个半小时乘坐机场大巴。此外，还有一条出行信息提醒大家：601路公交今起线路延伸调整。调整后的601路由凤城六路的中登家园发车，经凤城六路文景路龙首北路未央路北大街西新街南新街东大街和平路雁塔路小寨东路慈恩西路慈恩路芙蓉西路芙蓉东路至唐城	未
出行提示返乡乘火车，这些物品请勿携带哦！	未
出行提示雨夹雪连下四天开车出行的你要注意这些！	未
出行提示雾未散，霾又来！开车出行千万要注意！	未
出行提醒南京禄口国际机场持续大雾天气，据气象预报，今天上午10:30后好转 。@南京禄口国际机场官方微博 进出港航班计划取消51班，详见下图。请广大旅客出行前，与所乘航班航空公司联系，关注天气及航班信息，合理安排出行。	未
出行提醒受大雾影响，目前南京禄口国际机场能见度未达到起降标准，暂无航班进出港。请广大旅客出行前，与所乘航班航空公司联系，关注天气及航班信息，合理安排出行。旅客抵离机场尽量选择地铁S1号线S7号线出行。目前南京机场已协调地铁安排空车到机场运送滞留旅客。( 记者 李巧林)	未
出行提醒受大雾影响，目前南京禄口机场能见度未达到起降标准，无航班进出港据气象预报，预计9:30-10:00能见度好转请旅客们出行前，与所乘航班航空公司联系，关注天气及航班信息，合理安排出行目前机场高速双向全线封闭，请尽量选择地铁出行	未
出行提醒江苏高速最新情况江苏省交通综合执法局发布：11月27日23:00，目前，受雾霾天气影响，我省除南京徐州连云港以外大部分地区高速公路均已实行特级交通管制（封闭）措施。具体管制路段如下：泰州大桥，江阴大桥，苏通大桥，G42沪蓉高速常州无锡苏州段，G25长深高速淮安常州无锡段，G2京沪高速淮安扬州段，G2513淮徐高速淮安段，G40沪陕高速扬州泰州南通段，G15沈海高速盐城南通段，G1516盐洛高速，G15w常台高速，G15w2常嘉高速，G4011扬溧高速常州段，G50沪渝高速	未
出行提醒请大家积极配合安检，违禁物品严禁携带乘车。	未
出行有道道夜行灯光无小事，滥用远光祸相随  交通安全宣传月	未
出行有道道开车玩抖音，要爽不要命  细节关乎生命	未
出行有道道疲劳不驾车，上路得清醒  交通安全宣传月	未
出行有道道行车遇大雾，请雾必小心！ 交通安全宣传	未
出行注意了！阳泉多个公交站点有调整，不看等不到车哦	未
出行注意！今天开始，青岛这些公交线路有调整	未
出行注意！南宁多条路段将限行，地铁运营时间有改变	未
出行注意！嘉定这3条公交线路近期有变动！增设站点线路调整！	未
出行注意：威海站公交枢纽站3天后启用，这9条线路首末站有变动！	未
出行注意安全！	未
出行注意安全！四川盆地中部有浓雾或强浓雾	未
出行注意！张家口机场恢复正常运营要延迟至2019年3月底张家口机场因改扩建施工，于2018年9月10日至今临时关闭。因多种原因，原计划2019年1月1日恢复正常运营的张家口机场继续延迟运营，预计2019年3月底前航班恢复正常运营。张家口机场工作人员提醒广大旅客，出行前务必做好行程安排。如遇其他相关问题，请拨打电话031396360进行咨询。源/河北日报	未
出行注意！日照这条城乡公交线路调整，还有一测速点有变！	未
出行注意！明日起，贺兰的这些地方要喷洒农药！	未
出行注意，石家庄秦岭大街黄河大道交口跑水 正在维修据@河北交通广播 ：今天有听友向992反映，省会秦岭大街与黄河大道交叉口东南角的便道上有跑水的情况目前工作人员已经找到地下管网跑水的位置，并把与跑水点相连的阀门管线关闭附近居民用水都是两条管线，一条管线的阀门关闭，不会影 ...全文	未
出行注意！石家庄秦岭大街黄河大道交口跑水 正在维修据@河北交通广播 ：今天有听友向992反映，省会秦岭大街与黄河大道交叉口东南角的便道上有跑水的情况。目前工作人员已经找到地下管网跑水的位置，并把与跑水点相连的阀门管线关闭。附近居民用水都是两条管线，一条管线的阀门关闭，不会影响居民用水。供水公司的工作人员介绍，他们将根据现场的情况变化，在路上撒融雪剂，避免影响大家出行，现在工作人员已经把跑水点路面挖开，开始对破裂的供水管线进行抢修，将在24小时之内抢修完毕。	未
出行  注意！西昌凯乐路交通管制，实行半幅双向通行	未
出行注意防寒保暖今天白天晴，南风二三级，最高气温2夜间晴间多云，南风二级转北风三四级，最低气温零下8。今天上班时气温零下11到零下6，气温很低，体感寒冷，出行注意防寒保暖天干物燥，还应勤补水重保湿并注意用火用电安全，谨防火灾。	未
出行注意防风保暖今天白天晴，北风四五级（阵风七级左右）转三级左右，最高气温零下1夜间晴，北风二级左右，最低气温零下10持续低温蓝色和大风蓝色预警中，今天北风较大，气温较低，风寒效应明显，外出时请注意防风保暖风干物燥，请注意用火用电安全，谨防火灾市气象台11日6时发布	未
出行注意防风防寒市气象台13日6时发布：今天上班时气温-3到-1，白天晴，北风34级（阵风6级）转南风2级左右，最高气温3夜间晴，南转北风12级，最低气温-7。上班时风寒效应明显，出行注意防风防寒风干物燥，注意补水润燥及用火用电安全。	未
出行生活2019放假安排 出炉，转存！元旦：2018年12月30日至2019年1月1日放假调休，共3天。2018年12月29日（星期六）上班。春节：2月4日至10日放假调休，共7天。2月2日（星期六）2月3日（星期日）上班。清明节：4月5日放假，与周末连休。劳动节：5月1日放假。端午节：6月7日放假，与周末连休。中秋节：9月13日放假，与周末连休。国庆节：10月1日至7日放假调休，共7天。9月29日（星期日）10月12日（星期六）上班。 老司机们提前计划出行，某个节假日请个	未
出行生活2019放假安排 出炉，转存！元旦：2018年12月30日至2019年1月1日放假调休，共3天2018年12月29日（星期六）上班春节：2月4日至10日放假调休，共7天2月2日（星期六）2月3日（星期日）上班清明节：4月5日放假，与周末连休劳动节：5月1日放假端午节：6月7日放假， ...全文	未
出行生活 一张图秒懂地铁上有多挤：拉拉链夹住旁边女乘客头发（via 机智的何先生）	未
出行生活交通部：限滴滴两周整改 未整改前继续下架顺风车今天上午，交通部发布网约车顺风车安全专项检查工作情况。从检查情况看，滴滴公司主要存在以下七个方面问题：1顺风车产品存在重大安全隐患2安全生产主体责任落实不到位3网约车非法营运问题突出4应急管理基础薄弱且效能低下5社会稳定风险突出6公共安全隐患问题较大7互联网信息安全存在风险隐患要求滴滴等公司两周内制定相应整改方案和具体措施。滴滴继续下架顺风车	未
出行生活交通部：限滴滴两周整改 未整改前继续下架顺风车今天上午，交通部发布网约车顺风车安全专项检查工作情况从检查情况看，滴滴公司主要存在以下七个方面问题：1顺风车产品存在重大安全隐患2安全生产主体责任落实不到位3网约车非法营运问题突出4应急管理基础薄弱且效能低下 ...全文	未
出行生活全球首个国家！卢森堡明年公共交通全免费据英国《卫报》报道，卢森堡自明年夏天起将取消火车有轨电车公共汽车的费用。卢森堡将因此成为世界上第一个实现所有公共交通免费的国家。据报道，卢森堡近期一直在积极开展行动改善交通。今年夏天，卢森堡政府为20岁以下的儿童和年轻人提供了免费交通。中学生可以使用免费班车往返于学校和他们的家。此外，普通人仅需2欧元就可以进行2小时的旅途，这几乎可以涵盖该国所有旅程。除了公共交通全免费之外，卢森堡政府还在考虑大麻合法化，并计划推出两个新的公共假日。	未
出行生活全球首个国家！卢森堡明年公共交通全免费据英国卫报报道，卢森堡自明年夏天起将取消火车有轨电车公共汽车的费用卢森堡将因此成为世界上第一个实现所有公共交通免费的国家据报道，卢森堡近期一直在积极开展行动改善交通今年夏天，卢森堡政府为20岁以下的儿童和年轻人提供了 ...全文	未
出行生活 奇葩交通标语！开摩托车请戴头盔，否则会被开宝马的同学认出！汽车V峰会（via 追风少年刘全有）	未
出行生活 宝马奔驰镶钻算什么！镶满施华洛世奇的阿联酋航空Bling777号飞机，怕了吗	未
出行生活 满身冰碴子的冻敢单车！据说是南昌的冬天，我发微博的手不禁一哆嗦	未
出行白菜价机票来了！去呼市最低只要200元！	未
出行的市民注意：苍南公交线路改道！（附出行攻略）	未
出行的弋阳人注意了！本周日，上饶这些路段都要交通管制！	未
出行的湛江人留意了！12月湛江高铁西站增开部分旅客列车	未
出行的童鞋注意了！12月8日起，将临时调整297382392610551540634513525118643路等11条线路中途走向	未
出行禹州人，你以后再也见不到火车票了！	未
出行谨记，安全第一！今年1月至11月 海南交通事故2462起 死亡782人2018年1月至11月，海南共发生一般程序处理的道路交通事故2462起，死亡782人，受伤2867人，事故起数死亡人数受伤人数分别同比下降3.813.06.9。海南各级公安交警部门共查处道路交通违法行为276万余起，其中13类重点交通 ...全文	未
出行谨记，安全第一！今年1月至11月 海南交通事故2462起 死亡782人2018年1月至11月，海南共发生一般程序处理的道路交通事故2462起，死亡782人，受伤2867人，事故起数死亡人数受伤人数分别同比下降3.813.06.9。海南各级公安交警部门共查处道路交通违法行为276万余起，其中13类重点交通违法15万余起。从13类重点违法查处量构成来看，驾乘摩托车不戴安全头盔查处量最大，达到10万余起。（记者良子）网页链接	未
出行防寒保暖今夜多云（山区有小雪）转晴，南风一二级转北风四级左右（阵风六七级），最低气温零下7明天白天晴，北风四五级（阵风七级左右）转三级左右，最高气温零下2持续低温蓝色预警中，16：20市气象台发布大风蓝色预警信号，明天风大气温低，请注意防风防火防寒市气象台10日17时发布	未
出行:青县12月3日限行提示	未
出行顺义人怎么看这事，取消机动车周六日公交道限行	未
出行须知明年开始，黄山人坐火车不用车票啦	未
出言有尺，嬉闹有度，做事有余，说话有德。知人不必言尽，言尽则无友责人不必苛尽，苛尽则众远敬人不必卑尽，卑尽则少骨。	未
出言有尺，嬉闹有度，做事有余，说话有德。知人不必言尽，言尽则无友责人不必苛尽，苛尽则众远敬人不必卑尽，卑尽则少骨。红人的诞生V影响力峰会	未
出让控制权背后，金新农大股东此前股份质押比例80%	未
出访真是一个体力活	未
出诊公告！全国著名专家到镇雄开展肢体残疾患者义诊，请注意预约挂号！	未
出诊安排广东省英德市人民医院2018年11月16-30日综合门诊医生出诊排班表	未
出诊安排广东省英德市人民医院2018年12月1-16日综合门诊医生出诊排班表	未
出资417亿元 28家券商成立资管计划纾困民企	未
出身不好又有什么关系，够努力你也能逆袭	未
出道12年无知名度，后因演网剧和唱歌被观众注意，今却要上春晚？	未
出道18年不红，徐峥对她闻风丧胆，今34岁点掉黑痣却一夜爆红	未
出道20年，宇多田光为什么能火到现在？	未
出道236天后，NINE PERCENT想对粉丝说的话都在这	未
出道2年成名，合作邢昭林走红曾膨胀10天，21岁名气来去匆匆	未
出重拳整治！石首市狠刹轮腐歪风 问责62人	未
出门不捡点东西回来就算丢。这话题我能写十万字见闻实录真不是穷，评论里骂zf的妹子，不一定比这些大妈家境好呢	未
出门不敢多喝水别担心，南沙这8个景区要加装厕所啦！	未
出门不用带钱包了，旅行可以说走就走了，不逛商场也什么都买回家了说说这40年让你印象最深的变化是什么，就有机会获得1200元的华为手环	未
出门不穿内衣是什么感觉搞笑	未
出门前抹它，暗黄不见了，没人再叫你大妈	未
出门前撸个妆 生活的模样 母婴V时代	未
出门后警惕性变得超级高！奇奇怪怪的！ 微博视频	未
出门在外发现手机快没电了刹那间，我发现一个挣钱的商机！	未
出门在外发现手机快没电了刹那间，景德镇崽俚子发现一个挣钱的商机！	未
出门在外女生必看，机智的保护自己！特别是单处独居走夜路，关键时刻也许能救你一命。cr：Hhui	未
出门在外工作的周口人，请尽快回家吧！看完视频泪流满面	未
出门在外打工的临汾人，请赶快回家吧！有急事	未
出门在外打工的内乡人，抽空请赶快回家一趟吧！	未
出门在外打工的南溪人，请赶快回家吧！有急事	未
出门在外打工的商城人，抽空请赶快回家一趟吧！	未
出门在外打工的安康人，请赶快回家吧！有急事	未
出门在外打工的宜宾人，请赶快回家吧！有急事	未
出门在外打工的崇阳人，你是否也有这样一份牵挂	未
出门在外打工的息县人，抽空请赶快回家一趟吧！	未
出门在外打工的慈利人，请赶快回家吧！有急事	未
出门在外打工的易县人，请赶快回家吧！有急事	未
出门在外打工的栾川人，抽空请赶快回家一趟吧	未
出门在外打工的桂阳人，请赶快回家吧！有急事	未
出门在外打工的桓台人，请赶快回家吧！有急事	未
出门在外打工的潢川人，抽空请赶快回家一趟吧！	未
出门在外打工的西峡人，抽空请赶快回家一趟吧	未
出门在外打工的郧西人，请赶快回家吧！	未
出门在外打工的长汀人，请赶快回家吧！有急事	未
出门在外打工的阜新人，抽空请赶快回家一趟吧	未
出门在外打工的顺平人，请赶快回家吧！有急事	未
出门在外打工的高县人，请赶快回家吧！有急事	未
出门在外打工的齐河人，请赶快回家吧！有急事	未
出门在外的兴化人，有空请赶快回家吧！因为	未
出门在外的安康人，抽空请赶快回家一趟吧！	未
@出门在外的巧家人  元旦火车票已经正式开售啦！这些放票时段你得知道	未
出门在外的插花人，抽空回来一趟吧！因为..	未
出门在外的歙县人，有空请赶快回家吧！因为	未
出门在外的江都人，有空请赶快回家吧！因为	未
出门在外的淮北人，抽空回来一趟吧！因为..	未
出门在外的淮南人，抽空回来一趟吧！因为..	未
出门在外的灵宝人，请赶快回家吧！有急事	未
出门在外的远安人，请赶快回家吧！听听儿女们都说了些啥	未
出门在外的阜阳人，抽空回来一趟吧！因为..	未
出门带闺女看牙，闺女指着脏兮兮的车问我打算啥时候洗车，这可真不是我懒，周五才洗的，雾霾天又停树下，一层底灰上点缀着几坨鸟屎，然后又是一层灰封了釉	未
出门必知  天气越来越冷了......石嘴山人你准备好了吗	未
出门戴口罩！北京今天5级重污染，明天或有沙尘来袭	未
出门打工的看看吧，这种事最容易在车站发生！	未
出门找龙哥恰饭了 睡衣拖孩 我真是个铁憨憨 湛江湛江一中	未
出门旅行应当乐于助人，但一定不要被人利用来犯罪。帮陌生人带行李过关，是一件风险极大的事情。一旦箱子里有违禁物品，那就麻烦大了！	未
出门没带身份证别怕，有Ta！	未
出门的行李箱 微博视频	未
出门看天气，出行要安全。	未
出门竟然被出租车司机套路了。司机师傅一路上没和我说话，全程安静无交流。突然，司机师傅给我说，诶你知道双离合和无级变速的区别吗我说：不知道。这时，司机师傅说：诶前面有个人我看他去哪儿。然后那个人就上车了。我：。。。。。。@洛阳市运管局	未
出门聚餐，不要随意把包放在椅子后面！	未
出门，要不就带续航好的手机，要不就带容量大的充电宝，没有随时充电的地方，再好的续航也有扑街的时候。我不知道你们都有什么充电宝，各种牌子都有。雷军说，充电宝有两种，一种是小米的，一种不是小米的，但是，小米的就是紫米的，充电宝没有屌丝不屌丝了吧	未
出门记得戴口罩，未来两天雾霾继续	未
出门遇贵，无往不利。	未
出门遛狗忘记带钥匙，给毛线妈打电话喊她把我备用钥匙带来，结果她说：我也忘了带钥匙。。现在四条无家可归的流浪狗在街上游荡，坐等开锁师傅来开锁(  )	未
出院回家！	未
出非洲记	未
//@出鞘之刃://@一枚军粉://@舒写心灵:	未
刀儿匠，在凭票定量供应的年代，是姑娘们最想嫁的行当之一。因为大家都缺乏油荤，人人都想吃肥的，特别是猪板油。对于每人每月半斤猪肉供应的城镇居民来说，卖肉刀儿匠的一刀，直接决定着一个家庭吃肉的质量，所以在当时是如此的受欢迎。	未
//@刀刀sama:这不是去年的 春节自救指南吗	未
“刀刃向内”近三月 各地政法系统多名官员落马	未
刀劈日本宪兵的抗日民族英雄——节振国	未
刀叉与筷子杂谈	未
刀友设计的卡尔至宝，特效是自动从队友那里偷两个吃树 Kylian Mbapp DOTA2 天辉夜魇 （@必威电竞必威就是betway）	未
刀尖上的舞者！他为患者手术三千多例4次被扎手	未
刀尖上的舞者河南医生为艾滋病患者做三千多例手术，手4次被扎12月1日是世界艾滋病日艾滋病日前夕，记者探访河南省传染病医院，采访了一位奋战在艾滋病救治一线的医生他每天用血肉之躯在救治艾滋病患者，16年给艾滋病患者做了3000多例手术，虽然每次手术都穿了手术衣头盔一次性面罩等防护 ...全文	未
刀尖上的舞者河南医生为艾滋病患者做三千多例手术，手4次被扎12月1日是世界艾滋病日。艾滋病日前夕，记者探访河南省传染病医院，采访了一位奋战在艾滋病救治一线的医生。他每天用血肉之躯在救治艾滋病患者，16年给艾滋病患者做了3000多例手术，虽然每次手术都穿了手术衣头盔一次性面罩等防护装备，双脚套上到膝盖的脚套和雨靴，但是仍然有4次暴露，幸好每次都化险为夷，他被称为quot刀尖上的舞者quot。刀尖上的舞者！河南医生为艾滋病患者做三千多例手术，手4次被扎	未
刀尖上的舞者河南医生为艾滋病患者做三千多例手术，手4次被扎12月1日是世界艾滋病日。艾滋病日前夕，记者探访河南省传染病医院，采访了一位奋战在艾滋病救治一线的医生。他每天用血肉之躯在救治艾滋病患者，16年给艾滋病患者做了3000多例手术，虽然每次手术都穿了手术衣头盔一次性面罩等防护装备，双脚套上到膝盖的脚套和雨靴，但是仍然有4次暴露，幸好每次都化险为夷，他被称为quot刀尖上的舞者quot。（大河报）	未
刀尖试胆！美军战机练格斗竟用武器互射	未
刀片超车，请问一下这是科目几	未
刀砍丈夫被她树立成新时代女性，那这次复合又会打造什么新人设	未
刀都已经在人家妹妹肚子上了，让哥哥怎么冷静法律是保护好人，不是保护坏人！男子持铁锹护妹拍死妹夫	未
刀锋  惨烈，一篇文章消灭数百亿市值！	未
分不清借条和欠条 借出去的钱就要不回来了	未
分享@TFBOYS-王俊凯 的微博故事旋转木马中央的王子库库已签收 微博视频	未
分享一下你们那边天气都怎么样，多少度啊	未
分享一下你是几岁重庆生活	未
分享一下哪件事是你从小到大没做过的	未
分享一下相机拍的照片第一张是十张照片拼接的，第二张是三张拼接，第三四五中都是王企鹅在南乔治亚岛，还比较暖和，所以有小溪流这次南乔治亚岛的云，很难得，是中彩了	未
分享一个凶外卖小哥的居居贼 微博视频	未
分享一个可怕的事实	未
分享一个孙涛的思考：如果把视野拉长到三年以上，你就能隐约感受到经济的周期波动。如果把视野拉长到十年到三十年，你就能看到人口年龄结构的变化技术进步的影响社会风气的演变经济发展阶段的跃升。如果把视野拉长到五十年到一百年，你能看到国家的兴衰世界政治经济格局的调整战争与和平的更迭。如果把视野拉长到数百年到数千年，你能看到文化的形成和沉淀宗教的兴起和衰落。如果把视野拉到数万年数十万年乃至数百万年，你就能看到进化的脉络气候的轮回。无论是看社会的未来，还是个人的命运，我们都要学会关注慢变量。慢变量能够	未
分享一个对你最有用的情绪管理办法吧	未
分享一个接下来一个月都要在跑步机上的猪猪女孩最近对金枪鱼沙拉很上头	未
分享一个远光狗治疗方案老司机课堂	未
分享一些不走寻常路的情话	未
分享一些医院各科室的医生想告诉大家的健康小常识，转了就赚到。	未
分享一件你做过最疯狂的事儿___________。	未
分享一件大好事以后有更多的人可以放心喝奶了那件我们从16年6月20日起就开始大声疾呼的事终于在18年12月11日有了回应我分享了一则官方公告。原文链接：网页链接	未
分享一张2014年的老报纸，你多久没看报纸了长春微视点	未
分享一次糟心的办健身卡经历，实名辱骂上海威尔士健身，望各位引以为鉴，这个行业远比我想象的要乌烟瘴气。如果方便，求扩散。	未
分享一波小狼狗龙星凉太禁欲了	未
分享丨下月起深圳禁摩实施新规！这7个区内所有道路禁行	未
分享丨二十四节气之今日大雪	未
分享丨拟建在建垃圾焚烧发电/小燃煤机组发电项目名录（165个）	未
分享中国只有这个地方能看到极光分享中国只有这个地方能看到极光	未
分享今天的两个危险小珍	未
分享几个冷知识：1你的舌头永远舔不到你的手肘2张开眼打喷嚏是不可能的3憋气自杀也是不可能成功的4猪不能仰头望天空	未
分享  咳咳！这是一个严肃的关于头像的问题	未
分.享.图.片.	未
分享图片2018年OFO车友交流会	未
分享 如果不想看起来虎背熊腰，就一定要减掉你的蝴蝶袖和大象腿，网友通过亲身经历分享	未
分享徐静波微博的博文图片：走进福岛鬼城看看灾民如何生活 走进福岛鬼城看看灾民如何生活	未
分享我的故事 微博视频 何度	未
分享我的故事 微博视频 家有儿女过场插曲	未
分享日本19岁的帅哥那须泰斗，还蛮火的。 emmm。。和女朋友谈了快两年， ins上经常秀恩爱	未
分享生活江苏省消保委抽查双十一：超1/4商品先提价再降价双十一已经过去半个多月，你的快递都到了吗?真的买到便宜货了吗?11月28日，江苏省消保委发布双十一消费调查报告。小鱼了解到，省消保委抽样调查447个有效样本，超1/4的样本在一个月内先提价后降价。此外，在4307份调查问卷中，近四成消费者认为，双十一买回来的商品以次充好。你是否也遇到了此糟心事，欢迎在评论区吐槽	未
分享电子火车票要来了！快看与纸质车票有啥不同	未
分享：糖尿病可以吃些什么水果	未
分享纺企班组质量管理如何实现零缺陷	未
分享经验!重庆忠县公立医院改革受国务院表扬	未
分享给大家一个拍照显瘦小秘诀躲在桌子底下，这样人家就只能看到你一点点啦酥饼君的日常	未
分享给孩子买鞋，千万别陷入这4大误区！会害了孩子	未
分享自吕永岩  《《中国科技期刊研究》的争鸣文章因何让挺转帮害怕》 - ...  (来自 @头条博客) - 《中国科技期刊研究》的争鸣文章因何让挺转的害怕	未
分享鹭鸶湾龙庭偷湖光山色，享人间余闲	未
分人的//@睡觉都拦不住我:这是夸人 还是 夸人 还是 夸人啊	未
分众传媒创始人江南春致毕业生：极少人可拼爹，其他人要拼命	未
分众传媒：已累计回购7亿元股份。	未
分众传媒董事长兼首席执行官@江南春 在第十一届创业家年会 现场点名三高人群他口中的三高人群就是高学历高收入高消费你想到了吗	未
分体式蓝牙耳机容易丢怎么办搞笑	未
分体式蓝牙耳机容易丢怎么办新技能getvia.韩流	未
分你一坛	未
分别是：同事朋友家人沙雕网友	未
分别的那刻，记者们热泪盈眶：从此我们要去哪里找头条	未
分娩方式的选择	未
分宜刑警盯上一个戴口罩的人，发现他竟然在夜间专干这种事......	未
分尸案后续：受害者家属现身博牛社区，揭开真相	未
分布式事务不理解一次给你讲清楚！	未
分布式系统难就难在两件事：2.一次性交付 1.保证消息顺序2.一次性交付via:Eric Elliott	未
分开之后就真的再也没有见过	未
分开了就别回头	未
分开的时候一定要多看两眼因为常联系这句话是假的	未
分开看。	未
分手2年的前男友，半夜突然私信给，一言不合就......！	未
分手前的预兆，逼分手比较常用的也就这几个了吧	未
分手后与前任“藕断丝连”的女明星，巩俐排第一，唐嫣是真爱？	未
分手后做过的事，你做过什么「情感」	未
分手后有必要断联吗 威少amp杜少：没必要！就是下次见面时，要打爆他！！	未
分手后该不该继续和ta保持联系	未
分手能做到体面吗觉得分手后就不能做到体面了 微博视频	未
分手需要什么体面	未
分拆上市A股再添案例 石药子公司IPO发审获准	未
分明就是一个健壮的瘦子	未
分析｜人民币汇率50天均线被有效击破，年内保7基本无虞	未
分析：安倍支持美國或為考慮到朝鮮的苦澀決斷	未
分析工业机器人公司的基因和服务型机器人公司的基因有何区别	未
分析师：在线券商股抛售或预示着更广泛市场和经济前景将出现麻烦。	未
分析师高喊：现在是抄底苹果好机会虽然苹果股价自10月峰值以来已下跌逾23，但有分析师仍给予了其在未来12个月的目标价为275美元，这也就意味着较周二收盘时的176.69美元来说，苹果还有55的上行空间分析师高喊：现在是抄底苹果好机会	未
分析：日央行短觀反映企業擔憂海外經濟前景	未
分析：日方擔憂日韓關係惡化決定讓大使返韓	未
分析：日美電話會談確認中國在朝鮮問題上的重要性	未
分析：朝鮮大力推動導彈開發意圖對抗美中施壓	未
分析逾4万人基因后，国际研究团队新发现11个癫痫相关基因	未
分析：重点城市房价走势如何判断在多城「限价」背景下，70城房价连涨40多个月之后，个别城市房价开始小幅下跌，但与此同时，全国地价连续5年上涨，2017年平均地价较2015年地价涨幅达75，各城市造价成本涨幅也不断扩大。在这两方面因素迭加下，房价「硬性成本支撑力」越来越强，房企盈利空间大幅压 ...全文	未
分离14年，泗阳和洋河因这件事又聚在了一起！	未
分类11月30日，南溪房屋出售信息！	未
分类信息11月23日兴文二手车交易信息	未
分类信息11月25日，兴文刚出炉的工作岗位，需要的请联系。	未
分类信息11月30日兴文二手车交易信息	未
分类信息12月7日滨州二手车交易信息	未
分类信息平台11月26日	未
分类信息平台11月30日	未
分类信息第1059期找工作，找房子，二手尖货，买卖二手车请猛戳这里！	未
分类信息第1061期找工作，找房子，二手尖货，买卖二手车请猛戳这里！	未
分类信息第1062期找工作，找房子，二手尖货，买卖二手车请猛戳这里！	未
分类信息第1072期找工作，找房子，二手尖货，买卖二手车请猛戳这里！	未
分类信息铜梁求职招聘房屋租售等信息(11月23日更新9条）	未
分类信息铜梁求职招聘房屋租售等信息(11月27日更新9条）	未
分类信息铜梁求职招聘房屋租售等信息(11月28日更新9条）	未
分类信息铜梁求职招聘房屋租售等信息(11月29日更新9条）	未
分类信息铜梁求职招聘房屋租售等信息(11月30日更新9条）	未
分类分层分级 云南规范受理省级部门问责事项	未
分类吊诡、热门剧集落马，今年的金球奖有点迷	未
分类施策增收入 为农民富裕谋出好路子	未
分类清楚，市面上最主流汽车节目。	未
分类调控变分类指导，房地产市场单纯地直接调控将减少？	未
分红了，这个村37名残疾人喜领分红金！	未
分红型保险期满  为何数额和投保人预期不同？	未
分级了就有明确标准了，就不能随心所欲操作了。//@许可之声:一直纳闷，电影分级游戏分级的这种分级，他们怕什么这会威胁他们什么呢	未
分级制度喊了多少年，有这么难不借鉴国外先进经验吗//@连鹏:那个做封面和排版的姑娘，三年一共做了六本书，才赚了三千一百块，一审被判四年，真是不知该说啥......用二十年前的法律制裁现在的人.....希望此案能推动立法的进步。	未
分裂组织宣称负责	未
分解开看	未
分部积分法第卅七回高数（微积分）	未
分销返佣 周黑鸭跟风还是求破局	未
分阶段全封闭！富阳这两座大桥都要施工，交通提醒请收好！	未
切一只火腿赚3万块，侍肉师到底什么来头	未
切勿打扰开车的司机，安全是大家的	未
切勿落入凡夫行径的修行	未
切勿轻信社安防火免费消防培训你可能遇到了李鬼	未
切实减轻基层负担，江苏首次启动年度综合检查考核	未
切实帮扶好“事实孤儿” 海安相关做法获肯定	未
切尔西2月魔鬼赛程来来来，看看切尔西2月赛程吵吵着保4的吵吵着拿欧联的，敢动不	未
切尔西vs曼城首发出炉！切尔西首发：凯帕阿隆索吕迪格大卫-路易斯阿斯皮利奎塔若日尼奥坎特科瓦西奇威廉佩德罗阿扎尔曼城首发：埃德森沃克斯通斯拉波尔特德尔夫费尔南迪尼奥大卫-席尔瓦贝尔纳多-席尔瓦马赫雷斯萨内斯特林	未
切尔西 v 莱斯特城首发已出	未
切尔西宣布与坎特续约 新合约5年周薪29万英镑	未
切尔西抽中了马尔默，拉齐奥VS塞维利亚	未
切尔西早早早早早报-当小太子遇上新狼王	未
切尔西的队长，从不畏惧对抗！	未
切尔诺贝利核事故：苏联军人和消防队员没有防护冲入火海	未
切开双眼皮，手术后5天，服不服?	未
切肤之痛高空作业	未
//@切腹菌:很老派//@机智达人: 哈哈哈哈哈可能是个大爷假扮的熊猫//@别吵我我还想睡觉:哈哈哈哈藐视一切//@锦鲤蛋:咋滴，发现自己是国宝啦//@高小里Maaya:哈哈哈哈哈哈可爱	未
//@切腹菌:我//@全国美帅代表:我真的好害怕参加聚会//@壮士来一发嘛:是我本人//@Momsen一芳君: //@冰子bingzi:以前社恐的时候全中，最害怕接电话和打电话谁莫名其妙打我电话就慌的只会尬聊，有事短信或QQ，不要给我打电话。谢天谢地这社恐终于基本上好了	未
切记！不要和陌生人说话	未
切除胆囊意外“复活”！体检行业需“体检”	未
刊物《党建研究》2018年第12期概览	未
刑上不上大夫	未
刑事缺席审判制度：惩治犯罪与权益保障如何并行？	未
_//@刑事自诉方老师:支持你妈了个逼啊，@司马3忌 的走狗！//@中华打狗队长:巴蜀好儿男，支持！//@小崔读书汇:支持！/@黄达的夏天:那个泸州的电话就是我的，我是看到双龙会员制农业庄园的招商电话打的。你不是号召博友查电话实名吗	未
刑事诉讼法制定实施以来第三次重要修改 都改了啥？	未
刑侦一线聚焦东疆刑警，最新警方破案资讯尽数了然！（11月17日23日）	未
刑侦一线聚焦东疆刑警，最新警方破案资讯尽数了然！（12月1日7日）	未
刑侦小将包博：侦查战线上的狙击手	未
刑侦推理剧我知道你的秘密 大雪再大的雪也掩盖不了真相	未
刑侦推理剧我知道你的秘密大雪再大的雪也掩盖不了真相	未
//@刑侦聆听：天上飞的，水里的，地里埋了上千年东西都是他们的 。你想拿走 。。。	未
刑千里 侦天下  南充刑警 正义猎手	未
刑拘！25座中巴挤进48人，铜陵交警依法查处！	未
刑案逃犯以进博会参展商身份回国，却栽倒在国门线上	未
刑法保护14岁以下未成年人，现在已经有些扭曲了，这都能释放还想直接上学这不就明着传递极为错误信息：未成年可随便杀人么	未
刑满释放之后，他们做了殡仪师网页链接	未
刑讯逼供等14类司法人员职务犯罪将由检方侦查	未
刑诉法为何新增缺席审判制度？	未
刑诉法修改 为改革护航	未
刑责线早就应该降低为12岁。	未
划个重点，12月见。	未
划个重点，12月长沙见。	未
划分芬兰的8种方法好奇芬兰还有too busy to talk的地方看地图说话	未
划拉了一分钟，全是打榜	未
划线宜写成画线	未
划船不用桨，全靠挖掘机 微博视频	未
《划转部分国有资本充实社保基金实施方案》有关问题答记者问	未
划重点	未
划重点：10:50-11:00//@王自如ZEALER:12 月 22 号现场见！	未
划重点：2019中央经济工作会议做出哪些新部署	未
划重点：4800万像素	未
划重点：FIRST	未
划重点一直用不到的安全套。。。。	未
划重点!中央八项规定出台六年,你身边有哪些改变?	未
划重点了啊	未
划重点！今晚10点，1分钟降1折	未
划重点：从各大券商策略报告看2019年市场	未
划重点！以普通党员身份参加组织生活会，林应武刘毅都说了啥	未
划重点！公安部刚刚修改的这些规定解决了你困扰许久的问题	未
划重点！关于2018年12月缴纳社保费相关事宜的通告	未
划重点劳动节：5月1日放假。	未
划重点！南京六家汽车站22日起开卖2019年春运长途汽车票	未
划重点原po卷发里12/21揪1个请吃一人食四大当家礼盒 查看图片	未
划重点：孟晚舟持中国护照和香港护照，曾是加拿大永久居民，2009年此身份过期。她与先生（今天也在现场）有一个十岁的女儿，另外与前夫有三个儿子，14，16，20岁。	未
划重点！家里的PM2.5为0，转发送出1个小米AI音箱	未
划重点！带您一图看懂《党组讨论和决定党员处分事项工作程序规定（试行）》(图)	未
划重点支付宝：分摊费188封顶，超出的都我来	未
划重点：期望薪资//@开水族馆的生物男:应届生如果真按着这标准去找工作，除了互联网相关的，其他都可以直接回家啃老去了//@宝石矿物研究博士后:有期待挺好的，这样工作才有动力，我也期待2019年月薪能过万	未
划重点：没有消费金额限制，买多少按比例返你多少哦！	未
划重点浠水召开组织工作暨宣传思想工作会议，县委书记黄强胤提出这些要求！	未
划重点//@老橙_:好了，我们知道在中间会死很多人了	未
划重点 这次不过滤！！！	未
划重点！降温剧烈致感冒发烧患儿猛增 这些需注意	未
划重点！龙岗这52个项目或将被清理出城市更新单元计划！	未
列克星敦研究所副总裁发布文章阐述 美国防部云迁移的正确性及面临的挑战	未
列入下一个行程计划	未
列出任务张掖的道路要大变样了	未
列子故里郑州经开区，食药监管御风行	未
列宁的“哲学笔记”	未
列治文GardenCity城市屋只卖69万9，温西Dunbar8500尺老屋249万8挂牌温房一周，11月26日-12月2日	未
列清单“晒”权力  湖南娄底让村级小微权力难任性	未
列车上，一男婴被扔进水台下的垃圾袋里，还是刚刚生下的！	未
列车上一男子2年未洗澡，全车人怒了，但列车员的举动却让所有人点赞	未
列车准点发车进站前还遇到了几位同去白城的大学老师和研究员，都是女士老程教授都认识，我认为按照大学的习惯，她们一定都是老程的晚辈长春至白城全程300多公里，车行2小时54分钟	未
“列车医生”跑车11年：怕不能服务好旅客	未
列车又现霸座女，扬言谁先坐就是谁的！辽宁警方出手了	未
列车按运行图跑大家出行才最快捷如果列车在一个车站停站时间过长，相当是堵在路上，两列地铁间的距离很短，多停几秒钟都会受到影响，这样就会降低地铁的运行效率，也就增加了大家出行的时间成本。	未
列车晚点！台湾海峡6.2级地震摇醒了全福建！三明测定烈度为2度！	未
列车晚点！台湾海峡6.2级地震摇醒了全福建，厦门地震烈度达到了5度左右！遇到地震怎么办	未
列车每一节车厢都有一个身份证号码，且是唯一的，你知道这个号码在车厢的哪个位置吗	未
列车脱轨 自救必看乘坐火车时，突发意外，这些方法可以救你一命！突发事故，自救是第一的生存法则。当火车发生事故时，乘客要尽可能保持冷静，熟记逃生自救方法实施自救。@安徽消防	未
列车起步员，这个工作很吃力吧！	未
列车长在火车上给旅客搓澡，这是什么操作	未
列车霸座女叫嚣谁先坐就是谁的 被铁警拘留K56次列车上，一女性旅客坐在其他乘客的座位上，并拒绝让出座位，更声称谁先坐就是谁的！列车员多次劝说无效后报告乘警，女乘客态度恶劣，辱骂乘警和周围旅客乘警在多次警告无果后，将其强制带离现场。警方依法给予该女乘客行政拘留处罚。列车霸座女叫嚣谁先坐就是谁的 被铁警拘留	未
刘一手丨曝光与散打哥聊天记录！谈仙迪事件，要躲得远远的！	未
刘一手愿与仙洋和好！被粉丝激讽：不敢去沈阳，怕挨揍。驴家女粉丝现场落泪盼望二驴能够回归。	未
刘一手挑理散打哥，广州之行未招待自己！散打解释确实不知情，聊天记录爆出！	未
刘一杭喝多了 进门后扑进我房间躺在了地上 嘴巴支支吾吾的说: 涛 我给你摘了颗星星走近一看 路灯.....	未
刘中伯任四川宜宾市委书记 王铭晖不再兼任	未
刘中伯任四川宜宾市委书记 王铭晖不再兼任(图/简历)	未
刘中民：美国从叙利亚撤军，中东大棋随后怎么下？	未
刘丹回应儿媳妇杨幂变瘦：她吃的很少，没事！	未
刘丹避谈孙女抚养问题 称刘恺威杨幂离婚后都很好今日，刘丹 首度回应儿子刘恺威 与杨幂 离婚一事。刘丹表示：两个都很好，都没事！尊重他们意见，总之一切安好！勿念！记者问有传刘恺威和杨幂之间有第三者介入，刘丹就笑言：很多人都这样讲，总之他们都很好。至于孙女是否交给 ...全文	未
//@刘五一: 人类共同的资源//@魏晓军:吉祥号属于国家资源这些在名称里带有中国的企业，能不能多长点心，别在日常工作里信口开河玩文字游戏，给这个光荣的前缀抹黑！ 查看话题详情	未
刘亚洲：在死亡面前，性，多么不值一提！	未
刘亚洲：天曰昭昭！中国之大，容不下一只刺猬	未
刘亦菲妈妈像仙女，吴尊爸爸72岁因帅上热搜？但看完他爸妈我服了	未
刘亮程：剩下的事情	未
刘人语lry刘人语 Chic Chili /小朋友 跟妈妈回家吧 我怕他们偷小孩/@刘人语Reyi_	未
刘人语 之后超话屏蔽会实行上班打卡制，各时间段主持人在上班时会发微博进行打卡，美人鱼可私信打卡上班的主持人，希望大家共同维护超话的环境[小仙女]@刘人语Reyi_	未
刘人语 企图用9图哄骗语爸语妈的乖宝宝好的，只要穿的多，会会也安心@刘人语Reyi_	未
刘人语 请拍下的美人鱼尽快发送邮件，我们将按照先拍先审的原则进行审核，审核通过会收到一封邮件，越早发邮件越早收到回复邮件	未
刘伟任河南省发改委主任 宋虎振任省农业厅厅长(图|简历)	未
刘伟旗任江西省委统战部副部长(图/简历)	未
刘传东任中国航天科工集团有限公司总会计师、党组成员	未
刘佩学：这个社会不需要斗士	未
刘俏：中国经济面临七大长期挑战	未
刘俏：如何化解民营企业融资困局	未
刘健群回忆西安事变：张学良心中有多少苦闷	未
刘兆年来延川调研关心下一代工作！	未
刘先生怒了：还送家里有矿也给你送空了！	未
刘先生的遗愿，老天帮了忙	未
刘全有在我身上安监控了//@十三空:实在是藏不住哇//@机智达人:恨不得一想到就告诉对方//@炸鸡swag:嘿嘿嘿嘿[擠眼]//@别吵我我还想睡觉:对不起我就是这种人 实在憋不住//@锦鲤蛋:唔猴意思，我经常	未
刘八里乡八里台村拍到的一幕！	未
刘其营横山南路又积水了，谁能管管	未
刘再复：鲁迅改造国民性的命题不带有现实的可能	未
刘凯调研检查县政务服务中心运行情况	未
//@刘力博士: //@雨花石的同学:这就是中国公司被外国动用法律的原因	未
刘勇：要做好江陵县大交通格局	未
刘南昌调研督导矿区恢复治理及黄河湿地生态环境保护工作	未
刘叔探南极坐飞机去南极旅游不再是幻想！中国科考队在南极冰盖发现蓝冰机场选址区中国第35次南极科学考察队近日在南极冰盖考察时，发现一处适合建设大型机场的成片蓝冰区这片蓝冰区位于中国南极内陆考察出发基地西南方向直线距离约10公里处科考队对此将展开进一步勘探考察（记者刘诗平）	未
刘叔探南极雪龙号驶入南大洋浮冰区中国第35次南极科考队雪龙号极地考察船25日凌晨驶入南纬61度55分东经110度37分的浮冰区浮冰铺满海面，时有冰山立于其间，直至天际正在值班的雪龙号大副朱利说，目前雪龙号正沿着浮冰区的边缘行进，以躲避浮冰区外的一个气旋（记者刘诗 ...全文	未
刘可新 你二姨喊你回家继承遗产	未
刘同携新书《别做那只迷途的候鸟》来渝	未
刘启胜：从治病到治心 他在高墙内默默坚守了34年	未
刘和平:影视圈扶持政策不变 补缴16%应纳未纳税款	未
刘嘉玲拒做梁朝伟经纪人：给彼此留空间	未
刘嘉玲景甜撞衫了，然后呢	未
刘国梁两大改革：教练队员双向选择，成立运动员委员会	未
刘国梁任乒协主席 “不懂球的胖子”面临双重挑战	未
刘国梁任乒协主席剑指东京:群狼环伺照样虎口拔牙	未
刘国梁任乒协主席：让专业的人做专业的事	未
刘国梁回应上任后的“头号难题” 网友：提气！	未
刘国梁多了个新身份！“不懂球的胖子”陪国乒战东京！	未
刘国梁：将乒乓球打造成中国体育大IP	未
刘国梁：张继科已回到队伍当中，也表态要继续拼	未
刘国梁：把“让运动员成为中心”落到实处	未
刘国梁接受央广专访谈日本新星张本智和：强者会被这样的对手激发体育V势力 据中国之声《新闻纵横》报道：上个周末，2018年国际乒联世界巡回赛总决赛在韩国仁川决出了全部冠军。中国队在报名参赛的三个项目中，仅女单摘金。男单决赛里，林高远脆败日本15岁小将张本智和。让不少人惊呼，国乒这次是真的遇到对手了。事实上，经历了过去一年的挣扎和起伏，刘国梁回归后的中国乒乓球队依然在调整适配当中。总决赛里，不少新的教练员运动员搭档现身，就引起了外界的好奇和猜测。对手来袭，内部重组，那个不懂球的胖子在复杂局面下，	未
刘国梁详解改革设想：把“让运动员成为中心”落到实处	未
刘国梁谈东京奥运会：不唯金牌论 为胸前国旗而战	未
刘国梁谈东京奥运会：不唯金牌论，但要为胸前国旗而战	未
刘国梁谈日新星张本智和:强者应被这样的对手激发	未
刘国梁谈日本新星张本智和：强者会被这样的对手激发	未
刘国梁谈最先进理念：对女队来说，在这里我想特别提一下女子意识男性化的重要性所谓女子意识男性化，就是先要改变看问题的角度，转换思维模式，提升应变能力，激发创造灵感也就是说，先有超前意识，再练先进技术今后我们必须让教练员和运动员加强这方面的认知，如果能有效突破的话，必定 ...全文	未
刘国阳，快回家！你父亲想在临终前见你最后一面！	未
刘国阳，快回家，患肝癌的父亲想见你最后一面！刘国阳，快回家吧，你的父亲罹患肝癌，时间不多了2005年，刘国阳与家人发生争吵后，离家出走来到大连，此后多年没有与家人联系。11月11日，刘国阳的父亲被查出患有肝癌，临终前他想见儿子一面。刘国阳出生于1980年，是沈阳市沈北新区(新城子区)马刚乡王岗台村人，身高 1.82 米，体重 150 斤左右。如果你看到寻人消息，或是有知情人想提供线索，请立即与亲人联系：秦丽娜15041743211秦剑15940340935。	未
刘在石：我只是想帮她把虫子打掉	未
刘基广场千顶头盔免费送原来是因为...	未
刘墉给女儿交朋友的十五个叮咛	未
刘墉讲过和他儿子的一个小故事，他在刮胡子，儿子说要借用他的用用，他说别，儿子说怕啥我又没艾滋，刘墉说我知道你没有，可你就这么确定我没有我天天在外出差天南地北的跑，万一有意外呢，一下子就连累你了。后来他为此专门写了一篇文章，提醒所有男孩子要保护自己，专门针对恋童癖，性，保护和日常的注意点。当时看了觉得没什么，长大后想想，我第一次的生活常识，还就是从他文章里学到的。能够直接和儿子讨论艾滋病和防护的父亲，我没有，我很庆幸刘轩有，而且这个父亲是个作家，直接的写在书里，让十几岁的我能够看到。	未
刘备传（二十五）	未
刘备传（大结局）	未
刘备知道刘安杀妻献肉，为啥还饱食于腹，只因古代妇女太悲哀	未
//@刘夙:转发微博//@tinyfool :转发微博	未
@刘大可先生 来看屁股	未
刘大夫权威解答！襄阳出租车司机可以直接换领网约车从业资格证	未
刘奇凡到我市调研指导工作时强调 打好组合拳清除污染源 持续净化基层政治生态	未
刘奕︱关于陶渊明《赠羊长史》诗的两个问题	未
刘女士买了辆沃尔沃S90，却因是外地户口没有居住证无法上牌4S店方面则承认知道刘女士属于异地户口，但因工作疏忽没有提醒对此，刘女士要求退车退款，但遭到4S店拒绝，你怎么看 百家车谈	未
刘姝威再谈万科：若罢免全部董事，万科会在一年内彻底垮掉	未
刘姝威：宝能杠杆买万科若认定合法，中国很快会有第二次股灾	未
刘存玉：抓牢安全生产标准化，吃干榨净所剩资源，造福干部职工	未
刘宗义：中马关系背后，印度的影响千丝万缕	未
刘宝增：访惠聚就要走遍村里的每一寸土地	未
_//@刘宪:由此你就可以预见，华为海军号称每年研发投入千亿，但至今你并没有看到华为任何独立研发作品。华为所谓的研发能力，基本是空头支票，依靠的是强大的疯狂的舆论背书。//@开心晓晓光光: 不研究技术，绞尽脑汁坑国家补贴有一套。	未
刘少奇：共产党就是为人民办事的	未
刘少奇当国家主席后亲戚跑来“沾点光” 他这样说	未
刘少奇诞辰120周年 儿子刘源上将有话要对父亲说	未
刘少奇诞辰120周年 儿子刘源有话要对父亲说	未
刘少奇诞辰120周年，儿子刘源有话要对父亲说	未
刘尚希释疑：政府真金白银减税，为何部分企业获得感不强	未
//@刘屁屁WoW:济南	未
刘广迎任中国大唐集团副总经理、党组成员	未
刘延东会见法国宪法委员会主席法比尤斯	未
刘建生  家乡的水	未
刘强东一夜白头，任正非半夜哭醒，除了没有性生活，企业家更加：死不起放不下	未
刘强东代理律师：刘强东不会答应对方要钱和解的要求	未
刘强东代理律所：和解言论纯属造谣生事36氪讯，针对近日有传闻称刘强东以5000万美元和解美国一案，刘强东代理律所北京世辉律师事务所发布声明称：该言论纯属造谣生事，我方对此已进行了证据保全，将对谣言制造及散布者坚决采取法律行动。	未
刘强东代理律所：和解言论纯属造谣生事，已进行证据保全36氪讯，针对近日有传闻称刘强东以5000万美元和解美国一案，刘强东代理律所北京世辉律师事务所发布声明称：该言论纯属造谣生事，我方对此已进行了证据保全，将对谣言制造及散布者坚决采取法律行动。	未
刘强东发表声明道歉 称将更努力投入到工作当中财联社12月22日讯，刘强东本人对外发表声明道歉，他在声明中表示，这段时间京东的每一位同事都在顶着舆论压力工作，心里对他们充满了愧疚，接下来将更加努力的投入到工作当中，和他们一起让企业发展的更好。	未
刘强东安全了	未
刘强东律师叙述里有一个特别提到的细节，女方宿舍有门禁卡。很难想象在没有暴力胁迫时女方会掏出门禁卡给自己在车上一直闪避其骚扰的男性开门。	未
刘强东律师：房间里发生的一切都是自愿，女方曾反复索要钱财网页链接	未
刘强东律所回应“5000万美元和解”：纯属造谣生事	未
刘强东性侵案再曝细节:牵扯出深圳宏兆集团董事长	未
刘强东性侵案新进展:3.4亿和解?奶茶1亿卖婚房	未
刘强东性侵案更多细节刘强东性侵案更多细节：女生说自己被骗去参加晚宴一位名叫姚其湧的中国商人邀请了这位21岁的明尼苏达大学中国女留学生，女生原本以为这次晚餐是为了答谢像她这样的志愿者，结果却发现自己身处十几名中国企业高管之中。这条首次披露的线索，为这宗事件带来了新的信息。刘强东性侵案女生：我是被骗去晚宴的	未
刘强东性侵案更多细节：女生说自己被骗去参加晚宴一位名叫姚其湧的中国商人邀请了这位21岁的明尼苏达大学中国女留学生，女生原本以为这次晚餐是为了答谢像她这样的志愿者，结果却发现自己身处十几名中国企业高管之中每次都发这种不痛不痒的信息，时不时增加热度想想都可怕 ...全文	未
刘强东性侵案更多细节：女生说自己被骗去参加晚宴一位名叫姚其湧的中国商人邀请了这位21岁的明尼苏达大学中国女留学生，女生原本以为这次晚餐是为了答谢像她这样的志愿者，结果却发现自己身处十几名中国企业高管之中。这条首次披露的线索，为这宗事件带来了新的信息。刘强东性侵案女生：我是被骗去晚宴的	未
刘强东性侵案更多细节：女生说自己被骗去参加晚宴一位名叫姚其湧的中国商人邀请了这位21岁的明尼苏达大学中国女留学生，女生原本以为这次晚餐是为了答谢像她这样的志愿者，结果却发现自己身处十几名中国企业高管之中这条首次披露的线索，为这宗事件带来了新的信息刘强东性侵案女生：我是被骗去晚宴的	未
刘强东性侵案更多细节：女生说自己被骗去参加晚宴一位名叫姚其湧的中国商人邀请了这位21岁的明尼苏达大学中国女留学生，女生原本以为这次晚餐是为了答谢像她这样的志愿者，结果却发现自己身处十几名中国企业高管之中。这条首次披露的线索，为这宗事件带来了新的信息。刘强东性侵案更多细节：女生说自己被骗去参加晚宴	未
刘强东性侵案更多细节：女生说自己被骗去参加晚宴据悉，一位名叫姚其湧的中国商人邀请了这位21岁的明尼苏达大学中国女留学生，女生原本以为这次晚餐是为了答谢像她这样的志愿者，结果到了之后却发现自己身处十几名中国企业高管之中。 刘强东性侵案更多细节	未
刘强东性侵案更多细节曝光，不过这个是不是有点两人分别在洗手间时，女受害人老老实实，不打电话也不跑难道他去洗澡前对那女生喊了一声：定！	未
刘强东性侵案更新:一丝不挂躺在床上，事后派女助理向受害女生寻求和解！被建议辞去官职...	未
刘强东性侵案最新进展：富豪中间人与刘同好，娶小20岁D级关之琳	未
刘强东性行为的风险与强奸罪的自证（文字发不出来，所以做成长图与诸位分享）。	未
刘强东：我一定将竭尽全力去弥补此事对家庭的创伤，重新担当起丈夫的责任。	未
刘强东：我请你来不是让你证明我错了！职场铁律，老板和员工必看！刘强东：这位先生，我请你来不是证明我的决策是错误的，我请你来是把我的决策落实到位执行到位！如果有困难，你要想办法如何完成。	未
刘强东折磨女生4个小时，居然被某些人理解成刘强东性能力强了	未
刘强东无罪 单从律师的叙述和判决结果来看，这似乎是一起谋财乱性事件。但不管怎样，奉劝@刘强东 一句： 少喝酒，多喝茶！	未
刘强东无罪  美国决定不起诉，刘强东案落下帷幕。作为一名企业家和公众人物，不应该出现这种事情。道歉公告第二段最后一句和第三段第一句说明了一切，我没犯法，但我给家庭和老婆造成了伤害的事情。这事大概率可能是自己不谨慎，半推半就或被人下套。希望此事给刘先生一个深刻教训！这一炮 ...全文	未
刘强东案女主再曝细节今天，华尔街日报从刘强东案受害女子和警方对话录音中得知，她在自己的校外公寓中经历了长达四个小时的折磨。期间，她不断挣扎着拒绝刘强东的肢体接触，直到最终被其压倒在床上。律师表示，受害女子家境很好，是一位颇有才华的钢琴家。美国检方将很快决定是否要以性侵大学生的罪名起诉刘强东，目前双方各执一词，且证词有相互矛盾之处！这细节怎么这么多呀，看来离真相不远了吧！	未
刘强东案女主再曝细节：他折磨了我4个小时12月14日下午消息，美国检方将很快决定是否要以性侵大学生的罪名起诉中国亿万富翁刘强东。在此案中，双方各执一词，证词有相互矛盾之处。《华尔街日报》从受害女子和警方的对话录音中得知，她在自己的校外公寓中经历了长达四个小时的折磨。期间，她不断挣扎着拒绝刘强东的肢体接触，直到刘强东最终将其压倒在床上。律师表示，NVIDIA家境很好，且是一位颇有才华的钢琴家。刘强东案女主再曝细节：他折磨了我4个小时	未
刘强东案女主再曝细节：他折磨了我4个小时12月14日下午消息，美国检方将很快决定是否要以性侵大学生的罪名起诉中国亿万富翁刘强东。在此案中，双方各执一词，证词有相互矛盾之处。《华尔街日报》从受害女子和警方的对话录音中得知，她在自己的校外公寓中经历了长达四个小时的折磨。期间，她不断挣扎着拒绝刘强东的肢体接触，直到刘强东最终将其压倒在床上。律师表示，案件女主NVIDIA家境很好，且是一位颇有才华的钢琴家。	未
刘强东案女主再曝细节：他折磨了我4个小时14日消息，华尔街日报从刘强东案受害女子和警方对话录音中得知，她在自己的校外公寓中经历了长达四个小时的折磨期间，她不断挣扎着拒绝刘强东的肢体接触，直到最终被其压倒在床上律师表示，受害女子家境很好，是一位颇有才华的钢琴家美国检方将 ...全文	未
刘强东案女主再曝细节：他折磨了我4个小时14日消息，华尔街日报从刘强东案受害女子和警方对话录音中得知，她在自己的校外公寓中经历了长达四个小时的折磨。期间，她不断挣扎着拒绝刘强东的肢体接触，直到最终被其压倒在床上。律师表示，受害女子家境很好，是一位颇有才华的钢琴家。美国检方将很快决定是否要以性侵大学生的罪名起诉刘强东，目前双方各执一词，且证词有相互矛盾之处。	未
刘强东案女主再曝细节 ：他「折磨」了我4个小时14日消息，华尔街日报从刘强东 案受害女子和警方对话录音中得知，她在自己的校外公寓中经历了长达四个小时的折磨。期间，她不断挣扎着拒绝刘强东的肢体接触，直到最终被其压倒在床上。律师表示，受害女子家境很好，是一位颇有才华的钢琴家。美国检方将很快决定是否要以性侵大学生的罪名起诉刘强东，目前双方各执一词，且证词有相互矛盾之处。(via @新浪娱乐 ) ETtoday新闻云	未
刘强东案女主再曝细节：他折磨了我4个小时14日消息，据华尔街日报，受害女子在公寓经历长达4小时的折磨期间她不断挣扎拒绝刘强东的肢体接触，直到最终被其压倒床上受害女子家境很好，是颇有才华的钢琴家美国将很快决定是否要以性侵大学生罪名起诉刘强东详情网页链接	未
刘强东案女主再曝细节：他折磨了我4个小时华尔街日报14日从刘强东案受害女子和警方对话录音中得知，她在校外公寓中经历了四个小时折磨。期间，她不断挣扎着拒绝，但最终被压倒在床上。律师表示，受害女子是一位钢琴家，检方会很快决定，是否要以性侵罪名起诉刘强东。	未
刘强东案女主再曝细节：他折磨了我4个小时华尔街日报从受害女子和警方对话录音中得知，她在自己的校外公寓中经历了长达四个小时的折磨期间，她不断挣扎着拒绝刘强东的肢体接触，直到刘强东最终将其压倒在床上律师表示，NVIDIA家境很好，且是一位颇有才华的钢琴家刘强东案女主再曝细节：他折磨了我4个小时	未
刘强东案女主再曝细节：他折磨了我4个小时华尔街日报从受害女子和警方对话录音中得知，她在自己的校外公寓中经历了长达四个小时的折磨。期间，她不断挣扎着拒绝刘强东的肢体接触，直到刘强东最终将其压倒在床上。律师表示，女子家境很好，且是一位颇有才华的钢琴家。刘强东案女主再曝细节：他折磨了我4个小时	未
刘强东案女主再曝细节刘强东案女主再曝细节：他折磨了我4个小时...总感觉此事套路深深，京东不死，爆料不止	未
刘强东案女主再曝细节律师表示，受害女子家境很好，是一位颇有才华的钢琴家。	未
刘强东案女主再曝细节 我觉得刘强东至少应该向奶茶妹妹道歉！事发时奶茶妹妹就在不远处的酒店等他回家，东哥如果要发泄大可以回到酒店在奶茶身上发泄，何必	未
刘强东案女主再曝细节 晚餐之后，这名女子表示自己和刘强东以及他的一位助理被塞进了一个较大的车内。我当时想的是他们要带我去什么地方，但我无法摆脱，因为我当时真的喝醉了。她在录音中说道。据女生表示，当时助理试图让刘强东坐在第二排，但是刘强东断然拒绝并且表示，别打岔。她表示刘强东跳上车，和她一起坐在第三排。尽管女生请求刘强东不要这样做，但是在车内刘还是亲了她并试图脱掉她的衣服。其律师表示，周五晚上，女生前往医院检查性侵痕迹，并提供床单作为证据。之后，她向一位大学管理人员讲述了所发生的事情。录音显示	未
刘强东案女主再曝细节这个事情何时炒作结束呢不得不使我们怀疑背后有推手，或者外国势力参与其中，目的是打压中国企业，中国技术，以及中国经济纵观世界历史，从雅典到罗马，从西班牙到英国，战争似乎总是大国崛起历程中如影随形的宿命传统国际关系理论也认为，既有霸权为维护自身地位，对新 ...全文	未
刘强东案女主再曝细节这个事情何时炒作结束呢不得不使我们怀疑背后有推手，或者外国势力参与其中，目的是打压中国企业，中国技术，以及中国经济。纵观世界历史，从雅典到罗马，从西班牙到英国，战争似乎总是大国崛起历程中如影随形的宿命。传统国际关系理论也认为，既有霸权为维护自身地位，对新兴强国难免猜忌防范和遏制新兴强国为拓展生存空间，争取利好国际秩序，也往往会孤注一掷，犯险求胜。因此，新兴大国的崛起必然导致与既有霸权国家的战争，取胜一方将作为主角，续写世界格局。今天，中国的发展聚集了世界的目光。已经没有人怀	未
刘强东案女主叒叕曝细节：他折磨了我4个小时12月14日下午消息，美国检方将很快决定是否要以性侵大学生的罪名起诉中国亿万富翁刘强东。在此案中，双方各执一词，证词有相互矛盾之处。《华尔街日报》从受害女子和警方的对话录音中得知，她在自己的校外公寓中经历了长达四个小时的折磨。期间，她不断挣扎着拒绝刘强东的肢体接触，直到刘强东最终将其压倒在床上。刘强东案双方各执一词 女方再向外媒曝光更多细节	未
刘强东案的辩护律师们	未
刘强东案真正女主浮出水面！看来东哥还真是脸盲呀	未
刘强东爱情往事：每到一个事业阶段 都要换一个女人	未
刘强东爱情往事，每到一个事业阶段都要换个女人。也有人说，东哥还是专一的，因为他喜欢的始终是女大学生。1998年，刘强东24岁。从外企失业的他在中关村海龙大厦开始创业，合伙人是自己的女朋友兼大学同学龚晓京。二人年龄相仿，在1992年共同考入人民大学社会学就读。2010年，刘强东36岁。在拿到了高瓴资本2.65亿美元的融资之后，京东依靠自建物流和拒绝假货迅速崛起，成为国内首家销售额超过百亿元的网络零售企业。他的女朋友也换成了大学毕业仅3年的庄佳。2014年，刘强东40岁。京东（21.08， 1.17，	未
刘强东用八分钟，告诉你与这个世界差距有多大！！！	未
刘强东的案例告诉我们越是有钱，越是要控制住自己的下半身	未
刘强东真正的难题	未
刘强东：确实睡了，她主动，我无罪，还是奶茶好。	未
刘强东：第一时间向妻子坦承事实 尽全力弥补随着美国检方正式公布不起诉决定，刘强东发布回应称，这个结果证明了自始至终我都没有触犯任何法律但无论如何，事发当天我的行为都给我的家庭特别是我的妻子造成了巨大的伤害，为此我感到十分的自责和后悔将更加努力的投入到工作当中。详 ...全文	未
刘强东细节曝光！受害女留存精液床单律师：破坏调查完整性电商京东CEO刘强东性侵案已延烧3个多月，路透社22日报导爆出被害女学生侦讯时陈述的更多讯息，包括女助理在车上曾想让两人分开坐，却被刘赶到副驾驶座另外，女学生遭性侵后，保存了留有精液的床单对此，刘强东的代理律师Jill Brisboi ...全文	未
刘强东自从性侵案后，感觉蒸蒸日下的节奏................	未
刘强东致歉京东经济损失惨重2018年里，京东股价曾创下50.68美元的高点，随后震荡下行，6月18日创六个月最高45.23美元后跌跌不休。据路透社报道，在34家券商中，有15家将京东股票评级为买入，18家评级为持有，1家评级为卖出，目标价中位数为31美元。在财报发布后，多家投行依然看好， ...全文	未
刘强东致歉刘强东的事，算是尘埃落定了，最终被美国检方宣布无罪，这个持续了三个半月的故事，似乎到此画上了句号，但是留给人们对于故事细节的无限遐想，以及公众人物道德修养的反思，恐怕永远不会停止。刘强东作为一家上市公司的创始人，其行为不仅对家庭和家人造成了伤害，更给公司带来了难以估量的声誉损失，教训是深刻的！	未
刘强东致歉刘强东这一炮代价也太大了 北京鸟巢(国家体育场)	未
刘强东致歉这事总算尘埃落定，也就是说没有性侵，双方属于自愿，刘强东无罪了。从律师的公开声明中看到了大量的细节，简直就是超级大逆转，9尤其是这位年轻的女学生似乎在有意设局，步步惊心，不知道背后谁在指使。但这场风波对公司而言带来了很多负面影响，对家庭带来了巨大伤害，对刘强东而言教训 ...全文	未
刘强东致歉这事总算尘埃落定，也就是说没有性侵，双方属于自愿，刘强东无罪了。从律师的公开声明中看到了大量的细节，简直就是超级大逆转，9尤其是这位年轻的女学生似乎在有意设局，步步惊心，不知道背后谁在指使。但这场风波对公司而言带来了很多负面影响，对家庭带来了巨大伤害，对刘强东而言教训是深刻的。	未
刘强东被员工坑死，马云在小饭馆痛哭：当爸爸前，谁还没当过孙子	未
刘强东要想洗白脱罪，唯一的办法就是找图中这个案子的律师。	未
刘强东降为京东数科第二大股东刘强东变更为京东数科第二大股东 但仍疑似实际控制人。网友两大疑问:是不是与美国性侵案有关是不是为未来的生变埋伏笔	未
刘强东降为第二大股东，京东数科大股东易主	未
刘强东风波后发声：第一时间向妻子坦承事实，希望她可以接受我的道歉，将尽全力弥补对家庭的创伤。	未
刘强认罪  新闻煲2018.11.23	未
刘彦，我们来看你了(为缓解悼念现场压力，请登陆网上悼念馆寄托哀思)	未
刘彦英雄一路走好刘彦（重庆南川监狱民警），2018年11月22日，刘彦在与歹徒搏斗中胸部腹部连中两刀失血过多，伤势严重。2018年11月23日晚，刘彦因抢救无效牺牲。2018年11月22日12时20分许，南川区人民法院刑庭审判员四级高级法官田晓（女，现年53岁，从事刑事审判工作24年）在距离法院大门约100米处，被蹲守在法院附近的刑满释放人员曾川持刀将其左右腿部各刺伤一刀，其中一刀贯穿大腿。重庆市南川监狱民警刘彦等三人路过，见状奋力追击。歹徒持刀反抗，将刘彦腹部胸部刺伤后逃离现场。刘彦在与歹徒	未
刘彦遗体告别仪式举行	未
刘彦遗体告别仪式今举行  群众自发长街送英雄	未
//@刘彬:	未
//@刘彬: Repost	未
刘德华演唱会，镜头拉近的那一刻，网友泪目了！	未
刘德华睽违八年红馆连唱20场 六岁女儿坐台下应援	未
刘德华红馆演唱会，公开笑言携女儿首露面原因	未
刘德良：城里女孩留在了那个山村	未
刘志明督查大气污染防治工作	未
刘怎么赌我真不关心！我关心的是普通百姓花一点小钱去香港买个保险还为钱如何出去如何回来而担忧着，而刘老板赌博那么巨款是如何出去或赌场放债是如何从刘老板处还回钱后是怎么出国门的监管部门能解释一下吗	未
刘恺威40岁妹妹近照，兄妹俩颜值反差巨大，难怪杨幂一直不愿公开	未
刘恺威微博需关注7天才能评论？工作室：因微博BUG 已能评论	未
刘恺威杨幂离婚 嘉行传媒发布声明！宣布@杨幂 @刘恺威 二人已于近期签署离婚协议，已和平分手结束婚姻关系。未来将以朋友的关系继续相处，共同抚养女儿小糯米。广大网民也给两人私人空间吧，不要打扰孩子和家人。祝福两人今后的生活各自安好！	未
刘恺威爸爸回应离婚感谢大家的关注，关于此事前几天公司已经说明，不需过分解释了。杨幂女士也说过不会再回应相关话题，不想占用公共媒体资源和大家的时间。相信 杨幂未来的人生路会更加宽敞。作为粉丝，也会一直无条件的支持和陪伴。圣诞将至，祝大家圣诞快乐。感谢	未
刘恺威自曝高甜求婚细节：看杨幂睡着给她戴戒指	未
刘慈欣：我也不知道为什么《三体》那么火	未
刘慈欣:没有一个科幻作家预言到了移动互联网时代	未
刘成昆回家 @伊利 的潘刚呢	未
刘敏仪：提高社工薪酬待遇能降低人才流失吗	未
刘敏涛在娱乐圈非常的低调，她是很多人心中的“知心大姐姐”	未
刘文典说：在西南联大，陈寅恪才是真正的教授，他应该拿四百块钱，我该拿四十块钱，沈从文该拿四块钱可我不会给他四毛钱沈从文都是教授，那我是什么那我是什么我不成了太上教授了吗一次跑警报，沈从文撞上刘文典，刘文典随后对学生说：陈寅恪跑警报是为了保存国粹，我刘某人跑是为了庄 ...全文	未
//@刘文华律师://@袁立:我对奖项的态度，一个月以前的信息对话，是我的真实心意。 查看图片	未
刘昆与新加坡财长签署换函，宣布新加坡核准《“一带一路”融资指导原则》	未
刘昊然可以做旅游博主了，以下分别是他去意大利冰岛法国日本土耳其德国时拍的照片，感觉他拍照时能和不同的情境都融合的很好，想模仿拍同款旅游照！	未
刘昊然和山崎贤人，这是什么世纪同框啊我哭辽	未
刘昊然喝水都这么撩吗远远还不止，好像走路拍照咬东西开玩笑都很撩。。。	未
刘昊然彭昱畅胡先煦在商量啥 我上学的时候也是这么和左邻右里说话的，刘昊然:下课我们一起去偷糖说	未
刘昊然彭昱畅胡先煦在商量啥这图有一种，刘源弟弟召集着旁边这两位单纯小白一起捣蛋的即视感，昊然弟弟：你们听我安排。果然是年纪相仿的弟弟们，坐一块儿就能玩到一起去	未
刘昊然知名旅游博主！你被他种草了哪个打卡景点	未
刘昊然 雷佳音你说嘴巴嘟嘟嘟嘟嘟嘟嘟	未
刘明忠任中国一重集团公司董事长、党委书记(图/简历)	未
刘春和小潘你们俩都记错了：农村集体经济生产队的记工分方式，全国大多数都是以十分制记录，具体每个工分到年底视村集体收入加权平均计算，富裕地区大约为0.10元左右，山区或贫困地区只有0.03左右_//@潘石屹: 40年前，我们生产队一个工0.5元。听到邻居们说的最多的一句话：你们家是队里最穷的	未
//@刘春: 啊自首了	未
_//@刘春:很惭愧，就做了一点微小的工作//@扯老:@刘春 上任凤凰网后的第一业绩报告。 //@长泽雅蠛蝶:哈哈哈哈哈哈//@Lois_carryon:哈哈哈哈哈哈	未
刘晓宇碰倒杰特，被吹罚了违体犯规。（福建79-92北京）	未
刘晓明向英国学者颁发首张生物识别签证	未
刘晓村丨城上芙蓉锦绣舒我与成都（七）	未
刘晓村丨城上芙蓉锦绣舒我与成都（六）	未
刘月科任南京市委常委、市纪委书记	未
刘月科任南京市委常委 接替沈文祖任市纪委书记	未
刘月科任南京市监察委员会代理主任(图|简历)	未
刘月科被任命为南京市监委副主任、代理主任	未
刘杰同志逝世(图)	未
刘桂明：法律职业伦理需要年年讲月月讲天天讲	未
刘桂珠修铁路那年的那些事	未
刘梅在提刀来的路上	未
刘梓晨这是谈恋爱了么	未
刘毓雯 微博换了名字和头像了。怕啥呢	未
刘氏起源，巩义姓刘的朋友都应该知道！	未
刘永好：同学都在跳广场舞打麻将，我还在拼搏！	未
刘永好：没有改革开放就没有新希望如今，民营企业用近40的资源，缴纳了50以上的税收，创造了60以上的GDP，贡献了70以上的技术创新，提供了80以上的就业岗位。可以这样讲，民营企业成为伟大祖国建设的重要组成部分，已经得到社会各界的认同。刘永好告诉记者。1982年，刘永好开始创业时，还没有民营企业一说。在中国社会摸索经济发展的过程中，刘永好作为最早的创业者之一，也开始了民营经济的探索。这一年，他与兄弟们一起辞去工作，到四川成都新津县从农业做起，并慢慢做到整个四川省和全国。1991年，四兄	未
刘永好自嘲命苦:同学都在跳广场舞打麻将 我还在拼搏刘永好：我们第一代企业家都勤奋精明，能够处理好方方面面的关系，但差不多都五六十岁了。我的同班同学们，绝大部分都退休了，我没有。我说我的命苦，人家都在跳广场舞打麻将，我们在做什么还在努力还在拼搏。自叹命苦刘永好	未
刘永好自嘲命苦:同学都在跳广场舞打麻将 我还在拼搏刘永好：我们第一代企业家都勤奋精明，能够处理好方方面面的关系，但差不多都五六十岁了我那些同班同学们，绝大部分都退休了，我没有我说我的命苦，人家都在跳广场舞打麻将，我们在做什么还在努力还在拼搏刘永好自嘲命苦:同学都在跳广场舞打麻将 我还在拼搏	未
刘永好自嘲命苦：同学都在跳广场舞打麻将 我还在拼搏我是一个企业家。一开始，我创业，做企业的梦想只是吃饱饭有鞋穿，让家人过上好日子，让自己实现人生的价值。后来企业逐步作大了，成为行业的排头兵，我们就要当好行业的领头羊，为公司创造价值，为行业创造价值。刘永好称。刘永好自嘲命苦:同学都在跳广场舞打麻将 我还在拼搏	未
刘永富：监测考核严格 想搞数字脱贫行不通(图)	未
刘永瑞、崔江水不再担任河北省政协副主席(图|简历)	未
刘泽煊怎么这么逗，说自己想看海鲜打架可还行	未
刘海军任湖北省鄂州市人民政府副市长、代理市长(图/简历)	未
刘涛到底有多美？40岁近照美成这样，网友：这样的女人不多了！	未
刘涛在厨房求老公“办事”，不料节目组没关麦？王珂吓出表情包	未
刘涛杨紫乔欣喊话续拍《欢乐颂》 王珂谈刘涛拍戏坠马心疼	未
刘涛降片酬 出演《面朝大海》	未
刘润：每一人的行为背后，都有他的商业逻辑。	未
刘淑青辞任乐视网总经理，CFO张巍接任	未
刘淑青辞任乐视网总经理：留任董事长，财务总监张巍接棒	未
刘淑青辞去乐视网总经理职务 仍担任董事长	未
刘源披露：这件事 刘少奇在中共中央总负责	未
刘源：父亲最早提出毛泽东思想	未
//@刘潇1898:黄包车的喇叭:不是吹	未
刘爽任河北省监察委员会副主任、代理主任(图/简历)	未
刘甲锋主持召开电视问政曝光问题整改专题会议	未
刘畊宏与儿子开卡丁车 网友：秋名山车神后继有人	未
刘益谦的大手笔凌晨宣布！全部出手外资财险公司股权，法国安盛46亿全资控股，他这样看长江证券	未
刘磊任吉林市副市长、公安局局长	未
刘磊任吉林市副市长公安局局长	未
刘磊任吉林市副市长吉林市公安局局长	未
刘磊任吉林省吉林市副市长、公安局局长	未
刘秀与陵川的故事	未
刘空军 禁声的日子	未
刘立荣去过两次塞班岛。第一次就输了20亿。第二次，与刘立荣私交甚好的几位朋友，亲自飞到了塞班想劝他回头，没想到看到的是却是赌桌上堆积如山的筹码。最后一把牌，就一把牌，一次性输了7亿美金。 我怎么越看越像是在洗钱啊，还找了几个托到现场做证人。	未
刘立荣沉浮录：承认赌博，金立手机绝地求生	未
刘红、刘磊任吉林省吉林市副市长	未
刘维已任吉林省军区司令员 	未
刘维已任吉林省军区司令员	未
//@刘老师在窗外看着你呢://@夜静如霜：看的想哭，中国还有多少家庭仅仅因为罪犯未成年，血泪都只能往肚子里吞，法律饶过了罪犯，谁来饶过那些被害的孩子们呢	未
刘老板律师的声明。	未
刘良廷走访民进界农工党界市政协委员	未
//@刘节6254://@迩東晨:外交部快来严正交涉！//@星火必燎原://@清华76-郭_于_华:请持续关注孙世华律师案，这事还没完。	未
刘若英做导演不忘歌手身份：冻傻了得唱歌取暖	未
刘英一根扶手引发养老变革，别再以安全的名义剥夺老人的行动能力	未
刘莘教授逝世，中国政法大学法学院哀悼：她不畏权贵不恋功名	未
刘街村口离奇车祸！	未
@刘裘蒂 ：我认为美国和国际舆论界出现困惑，一个很大因素是在加拿大拘捕孟女士时，美国司法部尚未公开其对华为刑事调查的结果，也未提出正式诉讼或结案。而且在保释听证会之前，应孟女士自身请求，法庭没有对外公开拘捕的理由，这也造成中国舆论界和某些国际媒体对于拘捕正当性的质疑。	未
刘誉儊：政策底夯实 天时地利只差人和	未
刘诗诗三段刻骨铭心的恋情，你熟悉吗？答案在这里	未
刘诗诗怀孕后，吴奇隆独自现身北京，网友：赚奶粉钱吗？	未
刘诗诗怀孕，吴奇隆的妈妈居然这样说？摊上这样的婆婆也没谁了！	未
刘诗诗怀孕，她曾说有了孩子一定不是慈母	未
刘诗诗怀孕 曝刘诗诗怀孕 吴奇隆妈妈证实刘诗诗怀孕 真是临近年底喜事多啊！@吴奇隆 与@刘诗诗 两人都官宣了刘诗诗怀孕 的消息！据说已经有5个月了，是自然怀上的，性别是男孩，预产期在明年5月，恭喜刘诗诗 ！也期待宝宝的降生！	未
刘诗雯将下乡教授乒乓	未
刘诚已担任北部战区政治工作部副主任、战区党委政法委副书记	未
刘贵祥：不会与巡回区产生利益勾连	未
刘赐贵会见台湾客人	未
刘远举：这一幕会出现吗基因改造，有钱的人，能够通过钱去改造自己的后代，形成马太效应然后，阶层不止固化，而是彻底被焊死但是换一个角度想，这一切不是正在发生着的事吗人们对阶层固化的担心，并未阻止全球各国向着阶层固化的方向发展。	未
刘锋任江西省景德镇市人民政府代理市长(图/简历)	未
刘锋深入城区就老城更新与保护工作进行调研	未
刘长瑜追忆高玉倩：每次去探望她 总会抱抱我	未
刘阳他妹妹前几天做了一个梦梦见自己在参加大胃王比赛吃了500个汉堡然后躺在地上等救护车哈哈哈哈哈然后醒来发展被单都湿了 我和大鼻孔都说这是她的口水哈哈哈哈哈哈哈	未
刘集镇15个行政村，79个自然村，村名背后的故事！	未
刘雪楠：经济寒冬中服务机器人的突围之路！系列六	未
刘雯靠这招穿出天鹅颈	未
刘青云性格“宅男”怕人多 计划远赴芬兰过圣诞	未
刘鲤生任国家档案局副局长（图/简历）	未
刘鹤：中欧支持自由贸易，这是双方的共同利益	未
刘鹤会见德国汉堡市长和欧盟委员会竞争委员	未
刘鹤应约与姆努钦、莱特希泽通电话	未
刘鹤应约与美国财务部长姆努钦及贸易代表通电话	未
刘鹤应约与美国财长、贸易代表通电话	未
刘鹤应约与美财长通电话 就经贸磋商交换意见	未
刘鹤携“一行两会”一把手喊话 瞄准同一风险领域	未
刘鹤身份变了，与他通话的人身份也不一般	未
刘鹤身份变了 与他通话的美国人也不一般	未
刘鹤身份变了 与他通话的美国人身份也不一般	未
刚1000公里的百万大型车就被拆了，车主火很大！	未
刚上央视！这次，新华每日电讯又报道兰溪了	未
刚上市就值 1500 多亿， 腾讯音乐凭什么这么值钱 版权费依旧是腾讯音乐主要的成本之一。在一系列投资并购之后，腾讯音乐已经拥有包括索尼环球华纳音乐等超过 200 个国内和国际音乐厂牌的超过2000万首歌曲版权，在线音乐月活已经达到了6.6亿，而中国网民数量也才8亿！刚上市就值 1400 亿，腾讯音乐凭什么这么值钱	未
刚上市就滞销！大量柑橘倾倒在国道上，种植户们该何去何从	未
刚上飞机的时候，隔壁座不知道是什么高官，一直在念叨空乘在机场没人迎接他刚下飞机，空乘人员赶紧联系地服去迎接，我刚好走在他旁边，地服人员一边跟他介绍，一边小心翼翼帮他拎着行李，这老大爷突然来了句：怎么，没有车来接送我在旁边都替他尴尬，老大爷，这里离出口就两步路，走走没事的，那种要开车来接的，多半是不行了的，才会开车来。	未
刚下雨了，一网友街边猛然看到这一幕	未
刚下飞机，约不到车，拖着行李又疲惫不堪......是水逆还是没提前做好准备别担心！10月-12月，广汽传祺联手携程，全面覆盖北上广等航空枢纽，为您一键召唤CEO级别的接机之旅，让您一下飞机，就踏上另一场奢享舒适新旅程。已经错过一次高端出行的体验机会本次活动再次火热开启，扫描下方二维码，并登陆携程APP填写注册信息，进行预约，即有机会与传祺GM8出行，畅想无忧之旅！快来预约吧	未
刚与特朗普通完话，埃尔多安便向叙边境派出增援部队	未
刚买保险不久，就提出退保，保险代理人拿出一张纸后，她沉默了	未
刚买完车的都后悔了，刚刚公布！2018年前最后一次...	未
刚买的《荒野大镖客2》，又想要《精灵宝可梦》，还有种草已久的《刺客信条》和《怪物猎人》等着收割，钱包君是真的扛不住了。但机智如我才不会就这样放弃，任租客只需一元即可全部拥有，下载任租客，参加一元任租活动，这些游戏，我全都要！省钱就戳网页链接	未
刚交了社保，怎样查询社保卡余额5种方法你知道吗	未
刚从公司回来，拿了一大堆已经入库的现货晚上给你们直播啦链接图还没有搞好，但是下午会主图全部预览起来晚上see u	未
刚从十堰一家康养中心传出！家里有老人的，都看看吧	未
刚从朋友得知，罗马已过审，删减未知。	未
刚从牢里出来，铅山入室大盗再进宫	未
刚从监狱出来，为什么我的BP机没法用了	未
刚传出的消息，桂林交了220元新农合的赶紧看！这才是真相	未
刚传出的消息，邵阳交了220元新农合的赶紧看！这才是真相	未
刚传来消息，曲阜人去赚钱，又多了一条捷径	未
刚修好主图的感觉来不及今天上架了反正我修好图就上架哦[米奇大哭][米奇大哭][米奇大哭][米奇大哭][米奇大哭]	未
刚做完头发	未
刚停下车，天降横祸。。。	未
刚入冬，天堂寨花石等地惊现迁徙中落单的国家保护野生动物！	未
刚入职护士弄错婴儿性别，双方达成协议：做DNA鉴定	未
