扫黑除恶进行时丨扫黑除恶 造福人民	未
[扫黑除恶进行时]义县深入开展扫黑除恶专项斗争宣传活动	未
扫黑除恶进行时区畜牧兽医局 多形式开展畜牧系统扫黑除恶专项斗争宣传工作	未
扫黑除恶进行时咸阳：摸排开展扫黑除恶专项斗争  严厉打击黑恶势力	未
扫黑除恶进行时宝鸡：聚焦重点对象 严打黑恶势力	未
扫黑除恶进行时巴彦花镇派出所深入辖区出租房屋户开展涉黑涉恶违法犯罪线索摸排工作	未
扫黑除恶进行时扫黑守正义 除恶护民安	未
扫黑除恶进行时扫黑除恶见成效  抓获犯罪嫌疑人286人	未
扫黑除恶进行时水市乡多形式开展扫黑除恶宣传活动	未
扫黑除恶进行时渭南：深挖彻查 依法打击黑恶犯罪势力	未
扫黑除恶进行时给江湖大哥古惑仔的一份普法贴！	未
扫黑除恶进行时西乌旗召开扫黑除恶专项斗争推进会	未
扫黑除恶进行时，贵阳运管在行动！	未
扫黑除恶！通辽一村霸落网！横行乡里欺压百姓！市纪委向腐败问题宣战！	未
扫黑除恶邵东县公安局召开扫黑除恶研判会	未
扫黑除恶长乐区梅花镇多部门联合开展扫黑除恶宣传活动	未
扫黑除恶问答，您能答对多少	未
扫黑除恶霍邱打掉两任村霸涉矿黑恶团伙历时5个多月艰苦侦查，六安市霍邱县公安局于近日打掉一个把持基层政权垄断矿产资源长期有组织地实施违法犯罪的涉矿黑恶团伙，抓获团伙成员17人，取得扫黑除恶专项斗争突破性进展。霍邱打掉两任村霸涉矿黑恶团伙	未
扫黑除恶霍邱打掉两任村霸涉矿黑恶团伙历时5个多月艰苦侦查，六安市霍邱县公安局于近日打掉一个把持基层政权垄断矿产资源长期有组织地实施违法犯罪的涉矿黑恶团伙，抓获团伙成员17人，取得扫黑除恶专项斗争突破性进展霍邱打掉两任村霸涉矿黑恶团伙	未
扫黑除恶  青县公安局打掉一涉恶团伙	未
扫黑除恶！黄冈公安公开征集这个犯罪团伙案件线索	未
扫黑除恶黑恶势力保护伞的15种类型和群体	未
扬中市水利农机局副主任科员汤树良被开除公职 曾任扬中市政协副主席	未
扬之：德国政治地震，不只是默克尔	未
扬城老百姓眼中的东南片区“景美水清路畅”	未
扬大副教授称抖音神曲“狗屁不通” 原唱：关你屁事	未
扬大法学院“铁面书记” 毕业献曲唱哭学生	未
扬子公交开通663路区间线	未
扬子冬令营变形金刚穿越三国 魏蜀吴谁住沉浮	未
扬子晚报：应该深刻反省的崔永元	未
扬子江药业创始人徐镜人：暂不考虑上市 今年利润预计30-50亿元	未
扬子江隧道北接线8月通车 南京下半年再开工一批治堵工程	未
扬子江隧道北接线主线昨双向全贯通	未
扬州25岁妈妈欲割肝救治胆道闭锁宝宝，丈夫放弃致手术搁置	未
扬州8家街道中央厨房挂助餐标识 老人可刷卡就餐	未
扬州9岁男孩在小区里搬了一上午砖，居民心疼不已赶紧报警，结果让人哭笑不得……	未
扬州9岁男孩在小区里搬了一上午砖，居民心疼不已赶紧报警，结果让人哭笑不得	未
扬州一大巴起火，司机逃生后又折返火场，原因竟是	未
扬州一小公园横在马路中央，道路被一切两断该找谁	未
扬州一市民闯禁行被处罚，质疑镇江交警钓鱼执法，真相究竟是什么  丨参与新闻评论 赢取话剧《龙凤呈祥》演出门票	未
扬州三年内将新开工两条过江通道	未
扬州人注意了！1秒夺命！母亲搂住5岁儿子，结果母子双亡！它成了身边常见的杀手！	未
扬州今夜起降温降雨 季节转换谨防这些“气象病”	未
扬州修脚美名扬//@颜文字君: _)谁也不要阻止我修脚//@鹿拔刀://@唬唬唬猪头:笑趴在地，太逗了！	未
扬州再添一家大医院！选址流出...	未
扬州“十亿宝贝”一小时搬千件商品	未
扬州又有一个老小区开始加装电梯，这些小区也快了	未
扬州发布“金融风险提示” “飞牛黄金珠宝”分支机构等12家企业“上榜”	未
扬州启动专项治理啦！ 集中整治这4种，家长速看！	未
扬州多个村庄猪被拖走活埋原因竟然是	未
扬州大学学生手折千纸鹤寄托哀思	未
“扬州孝女工程师”报道有意外后续：引来57年后的“战友重逢”	未
扬州宋夹城刮起红色旋风，400人集聚，就为了这件事	未
扬州宝应禁放烟花爆竹！明年1月1日起施行	未
扬州实施长期护理保险 覆盖职工医保参保人员	未
@扬州家长，这种高传染性疫情进入多发期，疾控中心发出提醒！	未
扬州寻人六旬老人离家出走，家人万分着急！你见过他吗	未
扬州将迎新一轮降雨先下雨后降温本周"难出手"	未
扬州市去年生产整车42.2万辆	未
《扬州市园林志》昨首发	未
扬州市妇女儿童医院开工建设2022年交付	未
扬州新版市民卡年内制发15.5万张 一卡通用	未
扬州最牛钉子户被曝光	未
扬州有群“油耗子” 专对挖掘机下手	未
扬州某小区，一对情侣大打出手！	未
扬州树人竟收到了这个......	未
扬州民众通过微信向警方提供有价值信息 警方发红包奖励	未
扬州民警面向农民工屈膝蹲地照片走红网络，网友赞其暖心一名身着警察制服的年轻小伙屈膝蹲地，注视着三名有些像农民工的男子眼前的三名男子头发凌乱，身上的旧衣服沾满泥浆，正在向这位民警诉说着什么澎湃新闻从扬州市公安局广陵分局获悉，照片中蹲坐地上的小伙是该局湾头派出所的90后民 ...全文	未
扬州民警面向农民工屈膝蹲地照片走红网络，网友赞其暖心一名身着警察制服的年轻小伙屈膝蹲地，注视着三名有些像农民工的男子。眼前的三名男子头发凌乱，身上的旧衣服沾满泥浆，正在向这位民警诉说着什么澎湃新闻从扬州市公安局广陵分局获悉，照片中蹲坐地上的小伙是该局湾头派出所的90后民警朱扣华。朱扣华说，当时三名农名工师傅身上都有些伤，你一言我一语说不清楚，我索性就蹲下来听他们慢慢讲。没想到这个普通的举动，居然被拍下还发到了朋友圈，12月17日在扬州广泛流传。有网友评论称，看到民警蹲在三位农民工师傅	未
扬州江都发生家禽H5N6亚型高致病性禽流感疫情	未
扬州游客照！ 北京朝北大悦城	未
扬州现自动售药机可24小时供药 暂无验收标准	未
扬州用法规形式解决农贸市场“脏乱差”	未
扬州禁止将义务教育免费教科书用作教师用书 学校间不得自行调剂	未
扬州竟然发生抢金条事件，细节曝光令人震惊	未
扬州西区这个小区，我打70分！	未
扬州试点重度失能护理保险 失能人员在家照护每月能领600元	未
扬州身边事再熬两天，冷空气杀到除雾霾，周末雨水又要来	未
扬州身边事大雾红警！冷空气爽约，扬州雾霾将持续，减轻要到	未
扬州车今起可尝鲜“国六”油 可与“国五”油混用	未
扬州运河南路肇事逃逸案告破！嫌疑人竟称自己是	未
扬州这三名学生竟...监控拍个正着！	未
扬州这个小区的业主中午正休息，头顶落下一包粪！找到肇事者，但是	未
扬州这位小学老师，为给聋儿讨看病钱，下跪，打官司8年，上央视前与我们	未
扬州这家店出事了！老两口花了几万块买的茶，把自己女儿喝没了......	未
扬州这家知名水果连锁店多家门店先后歇业，办了预付卡的顾客急了！	未
扬州这里！六车连撞！	未
《扬州非遗保护条例》明年1月1日起实施	未
扬州高邮破“11.22故意杀人案” 当地连续16年“命案全破”	未
扬帆新材拟不超1亿元认缴光洋并购基金 用于并购光洋股份	未
扬帆新材 拟认购产业并购基金	未
扬弃默克尔路线？德基民盟新党魁或改变移民政策	未
扬我国威了！外国人不是人！//@盛嘉成:我佛了 A妹没有杨紫美，我佛了我佛了	未
扬泰机场将开通香港航线 飞行时间约2小时40分	未
“扬马”10公里精英赛后天在扬州仪征枣林湾开跑 相关路段实行交通管制	未
扭头不认人//@江米小枣的徒弟:掉头就走	未
扭掉90块钱，个败家爷们儿	未
扮外国人OfO退押金2017年3月份，对共享单车的研判，如今大家再看	未
扮清洁工试探儿媳，没想到儿媳竟然..	未
扯不断交织的红线，谁与谁命运的牵连风与速较量的幻境，光与影竞逐的瞬间晚安	未
扯什么关系户啊骂什么人冷静一下别跑偏	未
扯淡，BYD有这么多钱他们会自己先搂个够，然后继续卖现在的辣鸡车//@福睿斯基: 蔚来卖了多少件辆车等他们卖车赚钱之后才有可比性。如果BYD也有足够的资本去烧，完全可以做出来碾压蔚来的车，这一点毫无疑问！//@硬哥:草老师正式进军车圈了	未
扯淡，我们怕的就是你丫这种毫无程序正义和伦理规则约束，借着「科学」名头乱搞的行为。	未
扯白看完孟庭苇事件，会挣钱的女人背后都一凉	未
@扯老 原来你是德国人，失敬失敬。我们安徽最多就是低配版的比利时了。	未
扰民！邻居闯进门，当警察面殴打YY主播星妹妹视频曝光！天降神豪，1983再怼百万，曝大买卖已谈成	未
“扳倒”梁莹不算啥，高校何时能主动清理门户	未
//@_扶华_: 哥哥醒醒，充电宝只是充电的，还指望他当手机使吗（不是//@爱斯基摩菇: 本质农夫！//@羊毛_困:哥你不知道啊！我除了种菜还收鱼做饭摸鸡蛋缝衣服盖房子挖煤捡垃圾忙着呢！	未
//@扶南: 嗯。	未
扶志扶智拔穷根——丁青县协雄乡夏拉村玛呢庄园的脱贫“处方”	未
扶持民营企业不是比谁的政策条数多，归根结底只看这一条	未
扶梯梯级突然移位！这种故障比较罕见！	未
扶沟人别用了！这东西已被禁8年，扶沟几乎家家都有	未
扶沟人小心！你丢失的身份证，竟然被人这样利用......	未
扶沟人注意！这两种感冒药危及心脏！全国停用停产！赶紧快看你家有没有	未
扶沟人物：张同立	未
扶沟人赶紧看！关于延长春节假期至15天！全国人大上提出	未
扶沟：再说家风（一）	未
扶沟：小菜叶托起大扶贫	未
扶绥2019年度居民基本医疗保险缴费已开始，今年的缴费方式你了解吗	未
扶绥一友仔前天买了辆车，当他得知这个消息时，后悔了...	未
@扶绥人，超级冷空气马上杀到！广西要下雪有可能....	未
扶绥微友的声音：我们支持城市建设，但是请不要影响我们出行安全！	未
扶绥新闻（1122）	未
扶绥新闻（1204）	未
扶绥简闻  拉甘蔗的牛车四脚朝天翻车刚开榨甘蔗车就被限高架削落	未
扶老济困 青年志愿者开展“暖冬行动”	未
扶苏奔鲁（6-1）	未
扶贫不养懒汉！国家13个部门联合发文！	未
扶贫不走心！ 奉新县旅发委就该挨板子	未
扶贫不走心！宜春这个县旅发委就该挨板子！	未
扶贫先解决单身，52岁光棍婚后一年喜当爸广西男子从小被爷爷奶奶带大，因照顾先后生病的爷爷奶奶和父亲，不仅误了终身大事，家里也是一贫如洗，50岁以前从未谈过恋爱。扶贫干部看到他家的情况，便将本单位的女子介绍给他，去年4月俩人喜结连理。来源：网易	未
扶贫公路进了村(图)	未
扶贫办:到今年底一半以上贫困县将摘帽	未
扶贫办:观摩、调研活动不得送收扶贫产品	未
扶贫办:贫困县摘帽后不得搞庆祝活动	未
扶贫办:贫困县脱贫后一律不搞庆祝活动	未
扶贫动态南平市民政局局长吴发胜赴永兴镇廉溪村开展对口帮扶工作	未
扶贫动态永兴镇召开扶贫督查发现问题整改工作安排部署会	未
扶贫图省事 引来“麻烦事”	未
扶贫圈 他看上了楠木那片荒芜的土地	未
扶贫圈 原来，苍岭镇岭口村驻村工作队员一天是这样度过的！	未
扶贫圈 苍岭这个人借钱也要修圈舍，只因心中有个梦！	未
扶贫圈 车田这个人把玩笑话当了真，还投资建了服装厂！	未
扶贫奶酪岂容蛀虫花样蚕食	未
扶贫孝昌扶贫车间下乡，让妇女在家门口就业！为留守儿童留住妈妈！	未
扶贫干部出车祸因山路结冰 和女儿每两周团聚一次	未
扶贫干部喊屈：我干你看、我帮你怨，不满足就结仇	未
扶贫干部喊屈：我干你看、我帮你怨，不满足诉求就结仇	未
扶贫干部帮忙找销路 贫困户不再“怕”过年	未
扶贫干部的一天	未
扶贫干部的古风请假条火了！领导批复乐坏网友	未
“扶贫干部给他‘送’来老婆”后续：桂林52岁贫困户当爸了	未
“扶贫干部给‘送’来老婆”后续：52岁贫困户当爸了	未
扶贫干部谭宇宁：像马尾松一样扎根农村	未
扶贫  我在青龙村的日子	未
扶贫攻坚进行时  甘肃：搬掉小康路上绊脚石	未
扶贫政策你问我答如何对建档立卡贫困人口实行动态管理	未
扶贫政策扶贫政策明白纸	未
扶贫政策百问百答（19）	未
扶贫政策百问百答（20）	未
扶贫政策百问百答（21）	未
扶贫政策百问百答（22）60岁以上老人单独户口，可否单独识别为贫困户	未
扶贫政策百问百答（24）帮扶联系人入户走访次数有什么要求	未
扶贫政策百问百答（28）什么是扶贫小额信贷	未
扶贫故事蒋志红让老百姓日子过得红红火火	未
扶贫日志Day 3  生存以上，生活以下	未
扶贫日报一封感谢信背后的帮扶情	未
扶贫日报侯志国：以双脚丈量民情 用双手托举民生	未
扶贫日报刘金龙：群众利益无小事 一枝一叶总关情	未
扶贫日报卜永春：扶贫引路 重在造血	未
扶贫日报董权：聚焦脱贫攻坚 多做惠农实事	未
扶贫村书记网络“卖菜”刷爆朋友圈	未
扶贫村里来了检察官，孩子乐了，村民笑了！	未
扶贫河津市城区街道东窑头村扶贫典型事迹	未
扶贫省里派来第一书记，实事好事办了一箩筐	未
扶贫结对帮扶一家亲廊坊市扶贫开发工作系列报道之五	未
“扶贫要扶真贫，办案要办铁案”	未
扶贫说明会 开进农家院	未
扶贫调研切勿只看参观户	未
“扶贫超市让我和家人 有了更多安全感”	未
扶贫路上央字号	未
扶贫路上央字号小萝卜，大情意	未
扶贫路上央字号张树奋：西仁村不脱贫 我就不离开	未
扶贫路上央字号张树奋：西仁村不脱贫 我就不离开陕西省富平县坐落于渭河北部旱塬，辖24个乡镇，人口78万，农民人均纯收入1636元，是国家级贫困县2017年3月，49岁的陕西渭南联通临渭区分公司副总经理张树奋来到富平县到贤镇西仁村担任驻村第一书记驻村以来，他与西仁村的贫困户同吃同住同劳动 ...全文	未
扶贫路上央字号张树奋：西仁村不脱贫 我就不离开陕西省富平县坐落于渭河北部旱塬，辖24个乡镇，人口78万，农民人均纯收入1636元，是国家级贫困县。2017年3月，49岁的陕西渭南联通临渭区分公司副总经理张树奋来到富平县到贤镇西仁村担任驻村第一书记。驻村以来，他与西仁村的贫困户同吃同住同劳动，查村情访民意提措施促发展，赢得当地村民的一致称赞。榜样力量联通精神张树奋：西仁村不脱贫 我就不离开	未
扶贫路上央字号新疆这个村引进高科技采暖设备 节能环保又暖心现在气温越来越低了，麻烦你们今天一定要帮我们把电表装好啊，那样托儿所的碳晶墙暖就可以使用了，孩子们暖和开心了，家长们才能放心前些日子，新疆联通公司驻皮山县固玛镇菜其买里村访惠聚工作队队员金春来站在距村托儿所 ...全文	未
扶贫路上央字号晋勇：这个第一书记不一样还记得卖苹果的晋书记吗自今年2月1日作为新疆联通选派的深度贫困村第一书记入驻皮山县固玛镇亚普羌村以来，晋勇就把这里当成了自己的家，把村民当做自己的家人乡亲们对这位第一书记纷纷赞不绝口，这个书记不一样这个书记亚克西他都做了些 ...全文	未
扶贫路上央字号村里开了家托儿所	未
扶贫路上央字号永州联通为对口帮扶村建设新办公楼和活动广场近日，湖南永州联通扶贫挂点村新田县新圩镇上禾塘村启用了村委会新办公楼。去年，永州联通共筹集建设资金98万元，为上禾塘村建设了300多平方米的村委会新办公楼，配备了党建村务信访文艺卫计等办公室以及便民服务大厅和村民活动广场，实现了办公最小化 服务最大化，获得了广大村民对精准扶贫以及驻村帮扶工作的认可与赞许。目前，永州联通已通过多渠道为上禾塘村筹集资金200多万元用于村级基础服务建设，解决了村民安全饮水等问题。下阶段，永州联通还将通	未
扶贫路上央字号江海青：老骥伏枥 不忘初心	未
扶贫路上央字号江海青：老骥伏枥 不忘初心内蒙古赤峰联通的江海青现年56周岁，是一名有着35年党龄的老党员。2015年，他被组织选派到油房村任第一书记工作队长，开始了他的驻村扶贫工作。榜样力量联通精神江海青：老骥伏枥 不忘初心	未
扶贫路上央字号江海青：老骥伏枥 不忘初心内蒙古赤峰联通的江海青现年56周岁，是一名有着35年党龄的老党员2015年，他被组织选派到油房村任第一书记工作队长，开始了他的驻村扶贫工作榜样力量联通精神  江海青：老骥伏枥 不忘初心	未
扶贫路上央字号 湖北恩施联通：4G信号进村，贫困户农产品从指间出山	未
扶贫路上车祸殉职女干部被追授"云南青年五四奖章"	未
“扶贫路”修好了工程款何时到？官方：验收合格正走手续(图)	未
扶贫车间进村来(图)	未
扶贫进行时中关村管委会赴内蒙古乌兰察布市落实扶贫协作工作	未
“扶贫送老婆”后续：52岁贫困户当爸	未
“扶贫送老婆”，这不是“佳话”是自黑	未
“扶贫送老婆”：这哪是佳话，分明是“高级黑”	未
扶贫送老婆：这哪是佳话，分明是高级黑11月26日，据某媒体报道，随着一名千金在桂林医学院附属医院的降生，52岁的周应雄终于当爸爸了。他原是贫困户，老实本分，最终对口扶贫干部将本单位的女子，介绍给周应雄，去年4月俩人喜结连理，成就了扶贫送老婆的一段佳话。 扶贫干部为单身贫困户介绍对象，帮助他们成家立业，结婚生子，当然是值得鼓励令人高兴的事情，但在宣传报道的时候，却把扶贫和送老婆联系起来，就有点高级黑的味道了，让人看了啼笑皆非。 扶贫送老婆，并不是佳话，而是庸俗的段	未
扶贫送老婆：这哪是佳话，分明是高级黑丨新京报快评	未
扶贫送老婆这本来是一件好事，但是，这新闻稿写的，怎么就让人看着不舒服	未
扶贫队长考勤找人代签被问责 湖南娄底向形式官僚主义“开刀”	未
扶贫领域专项巡察！进驻巴中这12个单位，举报电话是	未
扶起九旬老人的监控视频找到了，谁认识这两个年轻人	未
扶风12月份停电公告	未
扶风人你喝过小区自动售水机的水吗?曝光了	未
扶风县上宋村发现草原神鹰	未
扶风县人社局基层事大家谈开讲	未
扶风县开展第31个世界艾滋病日和艾滋病检测月宣传活动	未
扶风县部分公共服务部门联系方式	未
扶风征地补偿新标准来了！快看能补多少！	未
扶风拖欠农民工工资举报电话公布，请收藏！	未
批准逮捕！曾把孩子出租给潢川双柳人，专门偷超市打掩护...	未
批判：安全工作成了新时代的形式主义！网友：说的都是大实话	未
批发100斤猪肉 销售超过100斤电子称会罢工	未
批复到期失效 骅威文化终止发行不超9亿元公司债	未
批蔡英文：毫无反省之心	未
批评前任政府能源改革 墨西哥新总统敦促油企产油	未
批评教育//@胖哥杨力:未成年人保护法已经保护了小畜生，夫妻关系还要在保护禽兽吗！！	未
扼住科技的咽喉	未
找一个27到38岁的	未
找一个像太阳的人，帮你晒晒所有不值一提的迷茫。	未
找一个垫付2元车费的义乌姐姐	未
找一个徐汇的杨浦的静安的浦东的人来告别单身，一个黄埔的闵行的闸北的宝山的人来给你伤痕。 松江的人那么多，奉贤的也有几个。	未
找一个愿意为你做早餐的男朋友 宁波生活	未
找一个聊得来的人	未
找一个这样的小镇生活	未
找不到公厕要憋尿不存在的！我省要放大招	未
找不到合适的标题	未
找不到工作的她发了条抖音，结果1.8万人都叫她留下来！	未
找不到工作的她在成都地铁上发了这条小视频，后来的事万万没想到......前两天，大学毕业后的潘红玲，在广东工作两年后，回到家乡。但是求职之路刚起步就遭遇困境，灰心疲惫的她坐上成都地铁1号线录了一段视频。为了给这位处于低潮期的求职者带来些许的安慰，@成都地铁 官方评论转发了这条短视频，并留言称，牛奶会有的，面包也会有的，不要着急慢慢来，加油啊！送你一张成都地铁信步金沙纪念票卡，留下来吧！一次无意间的暖心之举，却让一群素不相识的陌生人纷至沓来。善意和温暖总能给人前行的力量，更拥有感染他人的神	未
找不到工作的她在成都地铁上发了这条小视频，后来的事万万没想到......前两天，大学毕业后的潘红玲，在广东工作两年后，回到家乡但是求职之路刚起步就遭遇困境，灰心疲惫的她坐上成都地铁1号线录了一段视频为了给这位处于低潮期的求职者带来些许的安慰，@成都地铁  评论转发了这条短视频 ...全文	未
找不到盐系男友先把家装成ta爱的模样！	未
找不到目标鱼直接改钓鲨鱼，这个女钓手很厉害！	未
找不到门	未
找不同我的英雄学院	未
找不找 的不好说，既然删了，至少说明不打算用这个话题募捐了	未
找个保温杯 差点丢了40万元	未
找个对象回家过年！长治市第三届家长相亲会来啦	未
找个爱健身的男朋友有多可怕	未
找个电线杆或者树，背贴着，慢慢上下移动。如果有行人发现，迅速改蹭为撞，嘴里喊着嘿哈早起晨练就是好人老腰老心不老，我帮老太太修电脑	未
找中国邮政局申诉网站，实际上只要你跟快递客服提一句这个网站，很多事情都立马可以解决了 查看图片	未
找了台领克01插电混动，很有意思，拍一集。这才是老司机胡说不胡说	未
找人！去年考厦门理工的空乘时，我们那组去厕所换衣服，当时羽绒服的拉链卡住了，衣服无法脱下来，一个女同学主动帮我把拉链弄开，但是把她的手划破了，至今这件事情我只知道我们两个都是第一考场的	未
找人销驾照记分，花3000块反而又多记了9分	未
找你借钱时，先问你手上有多少钱的人，千万别借给他！	未
找保姆有官方标准了！首批挂星级上海阿姨1月出炉一直以来，在魔都找月嫂或保姆，并没有技能等级的标准参照，很多金牌月嫂都是家政公司自己评定。据上海市家庭服务业行业协会，按照5个技能等级评定的上海阿姨星级评审工作已经启动，明年1月首批挂星级的上海阿姨就可以出炉。今后找保姆，只要看上海阿姨挂的是几星级就可以辨别出服务质量好坏和老道程度了。@新闻晨报 金牌月嫂不再家政公司说了算！ 下月起星级上海阿姨全新亮相，...	未
找保姆有官方标准了！首批挂星级上海阿姨1月出炉一直以来，在魔都找月嫂或保姆，并没有技能等级的标准参照，很多金牌月嫂都是家政公司自己评定。据上海市家庭服务业行业协会，按照5个技能等级评定的上海阿姨星级评审工作已经启动，明年1月首批挂星级的上海阿姨就可以出炉。今后找保姆，只要看上海阿姨挂的是几星级就可以辨别出服务质量好坏和老道程度了。金牌月嫂不再家政公司说了算！ 下月起星级上海阿姨全新亮相，...	未
找保姆有官方标准了！首批挂星级上海阿姨1月出炉一直以来，在魔都找月嫂或保姆，并没有技能等级的标准参照，很多金牌月嫂都是家政公司自己评定。据上海市家庭服务业行业协会，按照5个技能等级评定的上海阿姨星级评审工作已经启动，明年1月首批挂星级的上海阿姨就可以出炉。今后找 ...全文	未
找到一个书包。	未
找到了！11月新店，整整10家！	未
找到了！一百多年前的遵义教案碑	未
找到了吗	未
找到了，在枕头上。	未
找到了，就是他们！园丁苑小区救人的好心人！	未
找到了！普宁高埔镇头寮村10岁走失小孩已回家，原来在这里...	未
找到了 求你们了 接快递小哥的电话吧	未
找到了终于，商家今天就寄过来	未
找到了 谁才是中国的小吃之王？	未
找到了，这就是在高铁上抓我头发的那个小子！V影响力峰会微博视频	未
找到了銀行的公式twi，竟然也是从过去的电视剧公式twi直接改来的	未
找到人帮忙了也许明天还要继续求助大家	未
找到你心理学上的此时此地揭开咨询的面纱	未
找到你的阿司匹林	未
找到工作时 VS 正式工作后，	未
找到工作时 VS 正式工作后	未
找到工作时 VS 正式工作后，从大学毕业到工作的你	未
找到工作时 VS 正式工作后，简直不能更形象了。	未
找到工作时 VS 正式工作后，网友分享的过于真实的经历，有同感么	未
找到新工作了么	未
找到真正的自己，是被爱的前提	未
找到这个玩具在哪卖了，从转关中抽一个，今晚就开	未
找到这家了	未
找到重点，是不是可以中奖了	未
找到陈立农的座位了	未
找区别中外舰闻图1至图3分别为朱姆沃尔特级导弹驱逐舰DDG-1002DDG-1001和DDG-1000下水，你能找到他们最大的不同吗答案是前天下水的DDG-1002并没有安装155毫米先进舰炮系统(AGS)，而根据今年五月份的卫星照片来看，建造中的DDG-1002旁边就有一门AGS舰炮，但是DDG-1002并没有像DDG-1000和DDG-1001一样在下水之前就把舰炮装上，这说明美国海军可能已经另有打算:图7美国洛马公司宣传片中出现的安装激光炮的朱姆沃尔特级导弹驱逐舰	未
找合租时收到一份无比详细的合租室友守则，简直说尽合租的心酸	未
找回美国传教士尸首印度警察或最终徒劳	未
找家，大连	未
找对象一定要找这两种类型的	未
找对象，上兴国相亲网！	未
找对象也要靠“风水”？悉尼最易“脱单”地区公布	未
找对象千万别选白羊座！	未
找寻失物23号上午在石家庄32路公交，丢失黑色女士手提包，有重要文件和身份证件，证件名字为李晓亚，非常着急，如有心人捡到，希望能够联系，万分感谢！	未
找寻陈姓宗亲支脉	未
找工作，找房子就找应城通，11月23日信息更新！	未
找工作的大学生们	未
找工作的小伙伴看过来，这是潮城通近期最新的招聘信息！	未
找工作的新宁人快看！看完这个你就赚大了	未
找工作的看过来！巴州最新招聘信息汇总（1123期）	未
找工作的看过来！巴州最新招聘信息汇总（1127期）	未
找工作的看过来，滨州市图书馆文化馆等一批市直单位招人了！	未
找工作的看过来！青岛公安平度市中小学公开招聘了	未
找工作的看过来！高新区7家企业20多种岗位缺人	未
找工作走正规渠道，别乱在网上留电话	未
找工作黑龙江一大批事业单位招聘汇总 记者老师监督员还有	未
找座山，寻间老屋	未
找座山，寻间老屋，养只花猫，开个铺子，组一个家。 @初识民宿	未
找找南哥在哪里	未
找找看，有没有我呀	未
找拼车	未
找教练野球中毒太深，建议先封台3个月！-乒乓国球汇	未
找来总投诉啥事儿来的他抓的你来回答	未
找来看看看先	未
找正规平台重庆生活	未
找汝州流动摊贩，你得到这里，这是城管为他们找的家！	未
找消协要个说法去	未
找男朋友别找处男：我采访了三个女生	未
找百度、华为、阿里寻求接盘 罗永浩力挽锤子科技负债危局	未
找百度、华为、阿里寻求接盘，罗永浩力挽锤子科技负债危局	未
找百度华为阿里寻求接盘，罗永浩力挽锤科负债危局：为救锤子科技，罗永浩已先后接触过百度华为阿里等方面，寻求接盘，但与前两者均未谈妥，与阿里方面也就价格方面陷入僵局（一财）	未
找虐吗	未
找"赞助"发过节费 糊涂主任"栽跟头"	未
找酒店住下了，哪哪都是大雾。睡吧亲爱的们。安爱你们。	未
找钢网寻求本周获得香港的上市批准	未
找领导| 网友反映儋州海头镇乾头村未通公路 当地高度重视	未
找黄牛啊//@W-Host://@霜叶:	未
承包土地经营权能抵押贷款了	未
承受了不该承受的压力//@大把背心:稳住了小兄dei//@万事屋纸纸酱:这什么小眼神啊//@甜山鱼://@我的父母是个奇葩:上帝视角很ok//@啊啊啊啊啊啊我到底应该叫什么://@空间酱:哈哈哈哈哈哈哈哈哈哈哈//@高胖_PP://	未
承德一女司机醉驾撞人，下车看一眼竟逃走！	未
承德人注意！提前退休来了！公务员大变革，事企单位也有变化	未
承德公安户政发布通知！	未
承德印象小城故事多	未
承德双滦区长王贺民任区委书记，原书记已调任滦平县委书记	未
承德市人大常委会副主任、滦平县委书记蔡福浩接受审查调查	未
承德市人大常委会副主任、滦平县委书记蔡福浩被查	未
承德市人大常委会副主任蔡福浩接受纪律审查和监察调查	未
承德市城管局向社会公开征求意见！	未
承德市文明养犬倡议书	未
承德市职工志愿者走上街头倡导文明出行	未
@承德所有企业职工，事关你的养老金！	未
承德露露为何多部门迁往北京	未
承德高铁明年1月正式通车！围场什么时候才能有高铁站	未
承担了这个年纪不该有的萌帅 军事集结号	未
承担国家发展改革委委托投资咨询评估任务的咨询机构名单 2015年第30号公告	未
承蒙你出现，够我欢喜好多年。	未
承认吧 你没有一哭就让他心疼的命 给你擦眼泪和舍不得你流泪是两码事	未
承认吧，你身上至少有二十斤肥肉是靠不能浪费四个字得来的。。	未
承认吧，你身上至少有二十斤肥肉是靠不能浪费四个字得来的	未
承认//@扶南:转发微博	未
承认西耶路撒冷是以色列首都 澳大利亚政府遭狠批	未
承诺7天退押金却耗一个多月，途歌共享汽车：系统升级审核慢	未
承诺上台后使市民真正买得起房	未
承诺关系“杠杠的”科二科三能保过 西安小伙钱交了也没过	未
承诺出资440亿元，券商持续加码纾困民企	未
承诺太廉价，誓言不牢靠，现在谁在你身边就对谁好一点就够了，珍惜眼前人。	未
承诺就是一个骗子说给一个傻子听的，一个随便说说，一个傻傻的相信！	未
承诺时间已过 六合这处违建仍有一半没有拆除	未
承诺——记“大山里的老愚公”黄大发	未
承诺这种东西是真的不值钱嘴一张一闭的事儿 一点成本没有听听就行了入耳过 别入心	未
承载式和非承载式车身区别是什么，又有哪些优缺点承载式和非承载式车身区别是什么，又有哪些优缺点	未
承重墙被敲掉之后（附专题视频）	未
技多不压身，蜀黍提前教您如何在低温冰雪天气里安全行车！	未
技巧教学 今天来学习运球急停跳投！NBA吐槽大会 1.背后胯下跳投2.胯下急停跳投3.连续过人急停跳投4.后撤跳投	未
技术交流：苹果树串花枝与腋花芽的修剪方法	未
技术  供热系统失水，原因何在	未
技术减少消耗节约用棉！控制回花产生的措施！	未
技术发展提供破案新思路，持枪杀人抢劫金店嫌犯逃亡8年落网	未
技术工人工资情况大盘点，你拖后腿了吗	未
技术流解读来了！露娜姐妹两个中国女孩，全人类的难题	未
技术解读露露和娜娜：两个被基因编辑的中国女孩，全人类难题	未
技术难题：生物与新医药	未
抄家现场，惊呆了！！！	未
抄家现场，见识下什么叫一屋子全是钱！	未
抄家训	未
抄小路躲监控逃百里小样！你们以为这样警察就追不到	未
抄底就是试错的过程，昨天买的一点股票，能赚就赚，赚不了就散。仓位不大，没啥担心的。2600点买的总比2700点便宜吧。安心过周末，关注华为最新消息即可，这是下周涨跌的关键。	未
抄底泛高新置业 地铁5号线的价值已被锁定！	未
抄电表员偷偷提醒我：家中这3个电器，记得要拔插头，电费省一半	未
抄近道穿绿化带……外媒关注深圳半马258人作弊风波	未
抄近道跑马拉松的那群人不配叫跑者	未
抄送刚摔碎手机的@奶爸猫律师	未
抄送给@沈阳交通 @辽宁交通	未
抉择 讲真，当你出门为停车发愁却发现附近刚好有空着的残疾人停车位时，你会________	未
抉隐索微 @嘉懌-莫欺  @佩然君 如今的寿皇殿正殿于乾隆十四年始建，乾隆十五年落成，其规制仿太庙，面阔九间进深五间，上覆黄琉璃瓦重檐庑殿顶，檐下悬满汉文寿皇殿匾额寿皇殿建于须弥座台基之上，前有月台，月台前有三组台阶左右各一组台阶，各十二阶前面台阶正中有团龙御路石 ...全文	未
把168个品牌系列奶粉的配方工艺注册号等信息手打Execl，虽然不是个大工程，也绝对不算小工程。个中心血，不足与旁人道也。总会有一些傻子，就这样默默的无私的帮助着别人。认识你们这样的朋友，真好！@Luanne	未
把Fate/GOmemo3的通贩地址再整理一下虎穴（无文件夹）：网页链接蜜瓜（无文件夹）：网页链接如果有新的通贩网址会追加在这条po里	未
把VP的关注都点上  看住他的手 看住他的鼠标！！	未
把一个半岛国家变成了岛国的运河	未
把一件故意伤害的事情当成民族情结来洗脱那真的是成了无赖最后的避难所。	未
把一整条腿的皮割给了女儿，他说：若需要，另一条也割！	未
把一直播和微博的所有东西删除了，通知大家一声	未
把一箱硬币放在鹤岗街头，供路人自取，结果出乎意料	未
把一辆奥迪RS4换上ABT运动套件之后，会是什么样结果就一个字：帅！	未
把一辆家用电动车改成赛车这种事也就Nismo干的出来了，好好的家用电动车搞成了326匹马力的电动赛车，一帮疯子，不过好像最早GTR也是这帮人这么在家用车上改改改搞出来的	未
把不开心的事情藏起来，过几天就找不到了。	未
把不开心的事藏起来，过几天就找不到了。	未
把世界带进大凉山，让孩子看见宇宙光	未
把东西卖给那些脱发的年轻人	未
把东西卖给那些脱发的年轻人 第一批90后开始秃了之后，他们想尽办法来抵抗发际线的后退。而洗发水品牌们，则意外地发现了新的商业机会，社交媒体中，品牌把自己打造成一个调皮的常拿90后脱发问题做文章的年轻品牌，会说出每个脱发女孩都值得霸王的呵护这样的话！特写把东西卖给那些脱发的年轻人	未
把“严”落实到每个支部每名党员——聚焦《中国共产党支部工作条例（试行）》	未
把中伤别人加害别人当做乐趣的人，需要得到应有的惩罚	未
"把事做好,把官做淡" ——追记重庆法官黄学忠	未
把事情的前因后果说一遍再下结论吧另外请@沈阳苏家屯公安 关注一下此事，看看到底怎么回事	未
把二哈送到乡下爷爷家，爷爷怕二哈冻着，让它穿上了过冬的大棉袄	未
把人咒死背后的真相	未
把人当牛使唤，拼你妹呀拼，cao//@小困姐姐:拼个毛 就不能痛快点法定节假日多放几天	未
把人摔了就很虐了，还来一段即兴舞蹈	未
把人肉搜索拍成年度脑洞电影	未
把人警察小哥都给说害羞了，不过确实真的好帅呀！	未
把他骟了。这么小有必要勿以骟小而不为	未
把你们截图的照片发给大家	未
把你们电成麻瓜...	未
把你们领导叫来，你们局长都是我的部下12月2日，有网友爆料称，广西南宁因举办马拉松比赛，交警部门对部分道路进行交通管制，但一辆车身有海关字样的小轿车试图强行通过，被交警拦截，车上人员下车后质问并辱骂交警你算什么东西（北京青年报）你算什么东西！	未
把你最想对Ta说的一句话，留在2018年_______________________________	未
把你最近的烦心事全都发泄到评论里吧 有经验的朋友帮忙出主意	未
把你能的，你咋不点全家桶吃下呢	未
把党的十九大精神融入到玉树党员干部的“血液”和“骨髓”里	未
　　把党的纪律转化为日常习惯和自觉遵循	未
把写在纸上的教训变为记在心里的敬畏 各地区各部门召开专题民主生活会严明政治纪律...	未
把“初心”深耕基层 让“微家”长在身边	未
把华为基站都换掉？软银：日本若跟风需付千亿代价	未
把单位当成“私人领地” 湖北省妇幼原院长胡祖斌被双开并判8年	未
把历史真相传递给更多人——访南京大屠杀日本历史学者松冈环	未
把双十一之前的45在预定的衣服几乎都搞定了在预定的我统计下数量，把能发的都给发了XXL的数量不够了考虑在做一小批给肥宅们使用其他数量看不够的话也会补一小批然后就真的卖完就没了	未
把可乐当水喝 30岁的他体检查出糖尿病	未
把员工每日步数纳入工资考核真有此事！	未
把圣上留在门外走廊一小时后...by/Twitter/jirosan77	未
把地方政府融资切割出去：中国金融系统需要动大手术	未
把地铁当火车了啊	未
把垃圾分类“融入”社区各项活动	未
把城市种在自然里  年底前西安12个公园拆墙透绿	未
把塑料瓶盖用筷子戳一戳，全家人抢着用！	未
把大家的智商，按在地上摩擦，你是真不拿我们当回事啊！	未
把大美西藏“寄出去”	未
把女排精神“种”在青年人心中	未
把女朋友拉进家庭群之后	未
把妈妈微信设成免打扰 emmmmm我的微信本来就取消了所有提示，谁发消息都不会有提示，看不看见全凭缘分	未
把妈妈微信设成免打扰一般情况下我只会把群免打扰，任何人都没有被设置免打扰，我觉得抛开父母不说，别人私聊找你肯定是有事，不然就是有话想说，别人向你传达了交流的意向你却视而不见，这首先就是及其不尊重人的一种行为。	未
把妈妈微信设成免打扰 代沟//@胡子与海:把妈妈微信设成免打扰 代沟	未
把妈妈微信设成免打扰 看到了一些不一样的评论	未
把妈妈微信设成免打扰网友评论@酱肉包子：我爸发一个养生的，我就打电话告诉他这个是假的，我爸发一个什么什么东西吃不得，我也打电话告诉他，辟谣了，我爸发今天是xxx生日，转发可以得红包，我打电话告诉他，这个是骗术，我爸发一个，我打一个，后来，我爸不发了@江 江：喜欢几个字几个字的一口气 ...全文	未
把妈妈微信设成免打扰网友评论@酱肉包子：我爸发一个养生的，我就打电话告诉他这个是假的，我爸发一个什么什么东西吃不得，我也打电话告诉他，辟谣了，我爸发今天是xxx生日，转发可以得红包，我打电话告诉他，这个是骗术，我爸发一个，我打一个，后来，我爸不发了@江 江：喜欢几个字几个字的一口气发一长串的那种@愚夫子：免打扰倒是不至于，我只是给他们说，有事说事，如果消息不回，说明有事就打住别一直发。还有别发那些贺卡啊，垃圾视频啊这些的。如果不这样，我就直接拉黑。给他们说清楚就好。@十一：我妈也是很啰嗦啊。自从	未
把姜当成红烧肉，一口嚼下去，辣的飞起来！//@尸姐: 心机如此之深//@机智达人:我很怕被姜军ok//@我宇太阳肩并肩: 生姜，我劝你善良//@宝榛的动物园儿ww:希望你们生姜能有自己的生活//@神经病有所好转:被姜骗了许多次，依旧认不出来	未
把学校当后宫，拉女生进厕所强吻还洋洋自得！钮承泽走到性侵这步一点不奇怪 把学校当后宫，拉女生进厕所强吻还洋洋自得！走到性侵这步一点不奇怪	未
把宣传语去掉罢，还60岁都感动，真是尬的不行。	未
把家人送国外的呢	未
把对你的爱都融入到亲手为你做的东西里@山村小杰	未
把小洲撞疼了	未
把巴金的“真话”画成“真画” 40年后依然振聋发聩	未
把希望放在别人身上时，你只能等待把希望放在自己身上时，你就会奔跑不是吗	未
把希望放在别人身上时你只能等待 把希望放在自己身上时你就会奔跑 不是吗	未
把带刀的人放进来。交警队的问题太大了。。。//@科学家种太阳:我个人态度是拒绝一切调解。。。	未
【把干部从一些无谓的事务中解脱出来】之二整治“文山会海”反弹，把时间和精力还...	未
把干部从无谓的事务中解脱出来	未
把意大利烟枪端过来据意大利媒体的报道，萨里希望用莫拉塔和米兰交换得到伊瓜因。目前两家俱乐部还在谈判中，萨里更是亲自打电话给伊瓜因，希望说服他来到英超。伊瓜因 18次出场 7球2助 莫拉塔 21次出场 7球31岁的伊瓜因与26岁的莫拉塔互换东家，这笔交易对两队来说划算吗	未
把我今天的20票全给了@马伯庸 ，因为其他人全没见过	未
把我关进笼吧还是 我不可以//@勋痞:啊啊啊啊	未
把我宝贝放在边边角角还想让我买我买你奶奶个攥	未
把我气质都冻没了降温了！科学御寒，远离这些温暖危险 4日起，冷空气再次袭来，许多人为御寒用上各种保暖招数，贴暖宝宝焐热水袋戴围巾但你知道吗在用这些东西取暖时，可能暗藏着危险。御寒有讲究，这份实用宝典，赶快转给你关心的TA！ 超凶降温	未
把我镇住了//@太湖啥个:转发微博	未
把“戒尺”还给教师，真敢用吗？	未
“把戒尺还给老师”！这所小学要惩治“熊孩子”了	未
把手伸过来，这个冬天，不许你凉凉	未
把手握成拳头30秒，你的身体状况全暴露了！	未
把手机还给她！  运城公交司机一声吼小偷立马还手机	未
把技能变成为惯，不只是停留在知道。早安	未
把挖掘机穿在身上，走到哪就挖到哪	未
把握我国新型政党制度的发展逻辑	未
把摄像头给我拆了//@路遥lcl:谁在偷拍我//@Tiger公子: 查看图片 //@喜脉洗脉:OK	未
把整个拖车竖起来装填也就毛子想得出来	未
把昂刺鱼放这种水里“洗澡”，养殖户：怕鱼生病	未
把朋友送到了机场，我知道，送君千里终须一别，于是我把小红花别他胸口。	未
把期望降低，把依赖变少，你会过得很好	未
把标题交给你们来写 微博视频	未
把毒蛇当宠物养必须叫停毒蛇猛兽，大多数人都唯恐避之不及，但却有人把毒蛇当宠物养。据澎湃新闻报道，23岁的浙江女孩小陈网购剧毒银环蛇当宠物，被咬伤后转了三家医院，经抢救才脱离危险。更让人惊惧的是，把毒蛇当宠物养的人，还广有人在。仅在浙江，近期就至少有两起养毒蛇被咬伤的事例。11月29日，杭州一名高中生被自己养的腹蛇咬伤。10月11日，一名25岁的男子被网购的银环蛇咬伤，送到杭州市中医院。看来把毒蛇当宠物养，不是个别事件，有关部门应对这一现象给予重视，采取有效有力措施狠刹禁止。（郑博超）	未
把水浒传时迁当偶像，就是你到施耐庵老家盗窃的理由？	未
把水浒传里时迁当偶像 到施耐庵家乡练手被逮20日，家住泰州市海陵区九龙镇张坝村的张某报警称自家被小偷光顾，现金及贵重物品被盗共计损失近5万元，随后民警在施耐庵的故乡兴化将嫌疑人抓获这起盗窃案在案发55小时后告破据嫌疑人交代，他平时特别喜欢看水浒传，知道作者施 ...全文	未
把洗衣机排水管插进塑料瓶里，解决了很多家庭的一个难题	未
把洗衣机排水管插进塑料瓶里，解决了很多家庭的个难题	未
把港口给中国抵债？肯尼亚政府：没有的事	未
把烧烤店开到茅草屋里，竟火得一塌糊涂！	未
把照片倒过来瞧，蔚县人快看 不得了	未
把猪都不吃的果子卖出2000万的生意，他连韩国人的钱都赚！（说钱）	未
把玛莎拉蒂拆成空壳的嫌犯抓到了，是3个90后，本想拆了装自己车上宁波胡先生2016年底花购入一台二手玛莎拉蒂总裁系列轿车，停在空地一年多，12月5日，他去查看时，车子只剩空壳了。今天，三名犯罪嫌疑人因涉嫌盗窃被刑事拘留。三人于11月25日夜间，把这台玛莎拉蒂上所有有价值的零件拆了个精光。 ...全文	未
把男朋友拉进家庭群之后，他竟然和我老爸在群里...网友：求生欲100分！	未
把白糖和白醋混在一起，解决很多家庭主妇的一个难题，赶紧试一试	未
把白酒滴在手机上，一次能省下不少冤枉钱，后悔现在才知道！	未
把皮卡放出来，我就得坐在树旁边待命，守着才能确保树的平安就这样，皮某还一直在挨打的边缘疯狂试探米西蹲在高处看戏，卷卷花生都睡觉了。	未
把监督触角伸到每个角落	未
把税补齐没有	未
把稳就业政策压紧压实	未
把空气刨出去也装不下你的！！！ 微博视频	未
把纸质汽车开上大桥，这事儿只有战斗民族干的出来吧	未
把群众服务好，“宁愿为难自己多一点”	未
把老虎跟狗一起养大，长大后太意外了....	未
把老虎跟狗一起养大，长大后老虎成了这损样	未
把肉肉切给你，要不要经常说吸脂吸脂，难道就不能切掉吗对于这个问题，你以为是切猪肉哦...@整形医生汪涌	未
把脉！从“两手论”到“五位一体”如何演进？	未
把脉问诊大客户冬季安全用电12月13日， @国网五莲县供电公司 服务人员来到辖区大企业客户，沟通供用电需求和设备安全运行情况，把脉问诊高危企业用电风险，确保全网无遗漏安全迎峰度冬。	未
把自己封闭起来	未
把自己当“航母”？出云号刚转正就和美英搞联合训练	未
把花儿忘了	未
把蒙巴萨港交给中国抵债？肯尼亚政府：没这回事	未
把衣柜抠个洞，多出一间房	未
把话说清楚，是谁的戒指	未
把身份证放在手机上照一照，真是太厉害了！好多人还不知道！	未
把车顶当马路 醉酒男子踩坏两辆汽车 如此“跑酷”太不酷！	未
把这个根本问题解决了，其它的事情都是皮毛（宣化上人）	未
把这位家属按绑匪处理吧//@大头和他的朋友们:。。//@林嘎嘎儿:这家属要关一下吧//@江宁公安在线:乐清失联男孩已经找到，该事件是家属故意制造的虚假警情。	未
把这条点上去	未
把这话翻译下：台湾和统是没希望了，是只有用武力统一了//@打奥特曼de小怪兽: 建交前菜菜子必须先宣布台湾独立吧艾玛啊，想想就好紧张.....	未
把道路当停车场吗南宁交警开始出招啦！	未
把邻居都杀了，他成了真正的武士	未
把酒言欢，切勿乐极生悲！蜀黍告诫：酒是双刃剑，可养人，也可伤人，不宜过量，只有正确饮用，才有利于健康	未
把重点划好	未
把重要信息摘出来：11月21日积水潭地铁西北口走失。按说应该不少人看到吧...	未
把「钉子户」的公务员亲属停职，你猜亲属会恨谁	未
把钱转移到国外，付给赌场20的佣金，即可在赌场表演豪赌输钱。其实就是把钱存在赌场的地下钱庄。这套把戏用的太多了。	未
把锅台扒了。//@长春人的长春事儿:好一个惠民工程，设计师你出来下，我跟你谈谈	未
把预案拿出来时时复习和演练！丰泽区部署危化道安消防三大专项整治	未
把驾驶员变成急救员 315路对司机进行急救培训	未
把鲨鱼抱枕给洗了	未
抑扬顿挫//@实践情报:比谁都长	未
抑郁十二月[音乐] 昨晚这条微博（网页链接）我是说得很客气了，还有人气急败坏，莫不是皮下买票这种事情本来就是你情我愿，你不怕存在的风险，你就是买几万一张我也管不着。对于没钱的学生党，不知情的情况下中招，私信我，我才提醒大家，买还是不买，那还不是看个人消费能力。想退博不还是因为有这种人吗才不中你下怀 我不要脸，可是我也不骗钱呀。	未
抑郁≠抑郁症，10道题自测究竟是哪种	未
抑郁症4年，是它把我从跳楼的边缘拉回	未
抑郁症和多动症存在的意义，或许是为了人类的延续	未
抓一批再说	未
抓不住重点的我们，终于让官博无法忍受。//@Lstars电子竞技俱乐部:给大家科普一下，据说这是目前全球唯一一件的Superstar哦。	未
抓了132人！公安机关破获一起特大海外医疗诈骗案公安部6日在京召开新闻发布会，通报公安机关成功打掉一个以海外医疗名义实施诈骗的犯罪集团，抓获犯罪嫌疑人132名，破获案件2000余起，涉案金额近10亿元。今年1月，浙江嘉兴市公安局接到群众报案称，2016至2017年期间，她被嘉兴一美容院以免费出国旅游为名，诱骗购买名为癌盾的药品，被诈骗600余万元。浙江省嘉兴市两级公安机关对此高度重视，迅速组织专门力量开展案件侦办工作。经初步侦查，公安机关发现，以大连思兰德生物科技有限公司为首的犯罪团伙，涉	未
抓了3个村主任，齐河人看看你们村有没有这样的	未
抓了一个偷电动车的！	未
抓了个女小偷，惊呆众人！	未
抓了大快人心村霸被刑拘村民们笑了 多年横行霸道乡里......	未
抓了！男子青岛残杀2人！最小仅4岁！没想到	未
抓了！襄阳这一家三口合谋杀人，还埋尸灭迹！就因这事	未
抓了：这帮流窜作案的团伙，终在沂水落网了	未
抓住一只成精的护栏	未
抓住了！他在富士康许西等地偷换了230多家商户二维码！	未
抓住了！宝坻民警往返数百里，大胆蟊贼终落网！	未
抓住了！犯罪嫌疑人刚被悬赏，网友就提供重要线索！	未
抓住了！长治万达广场偷电动车的贼就是他们！	未
抓住人们多一事不如少一事谁家结婚叫警察啊结婚那么多钱都花了不差这点算了算了图个吉利的心理，大妈们这一波gank稳准狠，可以说是创业楷模了。//@辣条娘: 这不是抢劫吗//@Paranoia_O:。。。//@夏尔谢夫工程师 ://@妇女之友罗严塔 ://@我是扎总 :	未
抓住他//@四川发布: 警情续报	未
抓住他就别放过他！两个涉黑涉恶团体需要你的检举	未
抓住那个招手的，我要和他要条龙	未
抓典型，看看还有谁把拢龙的内裤穿反	未
抓到	未
抓到一个说天气很冷，但是不愿多穿衣服的卢布列夫	未
抓到一只垂头丧气的兔子 微博视频	未
抓到了	未
抓到了！10年来这个丽水的逃犯，居然就躲在景区里卖棉花糖	未
抓到了！南基路围殴事件7人落网！被打者竟然是	未
抓到了，台北市长选举民进党今晚的奥步就是这个老家伙在台上挂了。	未
抓到了！夹江公交爆炸案嫌疑人在四川洪雅县落网12月7日17时许，夹江公交爆炸案嫌疑人卢仕兵在四川省洪雅县三宝镇联合村落网12月5日，夹江县焉城镇一辆3路公交车发生爆炸，车辆玻璃碎裂，爆炸致17人受伤夹江警方发布消息称：现场监控曝光画面显示，44岁的夹江县顺河乡前进村农民卢仕兵有重大作 ...全文	未
抓到了！惠民人一定要注意，这种东西...	未
抓到了！放在快递点的包裹频频失踪，原来是他下的贼手	未
抓到了！桂林微信群经常发黄色小视频的，现场不堪入目！	未
抓到了！滨州人一定要注意，这种东西...	未
抓到了！这个在南部，用毒针疯狂偷狗的男子落网了	未
抓到了！这个逃了10年的逃犯居然躲在景区里卖棉花糖	未
抓到了！靖江一猥亵多名女性的猥琐男，这回栽了！	未
抓到你了	未
抓到我的心了 ()	未
抓到没有//@芳菲7989:监控看出来的黑人都差不多吧//@再次销号一夜六次:会抓吗//@一个人婷好V: 黑鬼！	未
抓到直接枪毙都不用审	未
抓到都不用审	未
抓双创除死角，乐山公安大力整治僵尸车2018年11月27日一大早，乐山交警牛耳桥中队正在对辖区僵尸车进行集中专项治理，还市民一个良好的道路通行环境 乐山公安双创纪实	未
抓品牌效应，虑江河不择细流的经营观	未
抓喵喵[熊貓]	未
抓完，还嘬了一下自己的小手手，回味那一点虚无的鱼味//@王大富大王:画饼充饥	未
抓小偷！悬赏通告！	未
抓得好！镇雄一男子参与60多起砸车盗窃案（附视频）	未
抓我禁闭37天朝阳网友爆料吓人通话！（图）	未
抓手还是抓手腕大厂家长一定要知道	未
抓拍200多起 南昌这些道路启用不礼让人行道抓拍系统目前南昌县澄湖东路澄湖北路澄湖西路金沙大道八月湖路这五条主干道上已正式启用机动车不礼让人行横道（斑马线）上的行人电子抓拍系统该系统从11月开始安装调试，20天左右就已经拍到200多起机动车不礼让行人的行为从12月1日起，针对系 ...全文	未
抓拍200多起 南昌这些道路启用不礼让人行道抓拍系统目前南昌县澄湖东路澄湖北路澄湖西路金沙大道八月湖路这五条主干道上已正式启用机动车不礼让人行横道（斑马线）上的行人电子抓拍系统。该系统从11月开始安装调试，20天左右就已经拍到200多起机动车不礼让行人的行为。从12月1日起，针对系统抓拍到的机动车不礼让行人的行为，南昌县交警部门将会进行相应的处罚。	未
抓拍五台山的朝霞，在石咀乡炭垚坪山顶	未
抓拍：四平各路口交通违法，看看这里有没有你（第三期）	未
抓拍处罚！明天起，在火车东站前有这两种开车陋习，你就会上榜！	未
抓拍瞬间 倒影图	未
抓拍赤峰不系安全带车辆曝光！看看你被拍到了吗	未
抓捕时恰巧碰到嫌疑人在送小孩上学，南宁警察这一招维护了他身为父亲的尊严	未
抓捕疑犯成高空营救 网红警官曾救出被索60万赎金初中生	未
抓捕视频！外地惯偷居然来到北流容县偷电缆，当场着捉！	未
抓捕视频聋哑男不停拦截快递车找快递，原来包裹里装的是...	未
抓海王	未
抓的好！当街耍枪的常山赵子龙被抓了，镇江新区也出现过......	未
抓紧！12月25日，2019年度城乡居民医保缴费截止	未
抓紧2018年尾巴，找个单位就业吧！	未
抓紧上车//@薄荷味的美奈奈: 今天开，老规矩，抓紧上车，点加关	未
抓紧！今天起，可以组团订购春运火车票了	未
抓紧储水！襄阳这些区域马上要停水，最长达15小时！	未
抓紧时间啦！还没交这个费用的唐山人月底前一定交！	未
抓紧明天洗晒	未
抓紧最后报名时间 “李雪芮杯”喊你来参赛啦	未
抓紧玩，马上要过年了微博视频	未
抓紧转！这双Aj1还有最后3小时就开！不过滤！千万记得把关注点上@江野十四 查看图片	未
抓细抓实各项防控举措！市长刘毅检查督导非洲猪瘟防控工作	未
抓获16人！顺平县端掉一聚众赌博窝点！	未
“抓获现场”！前加拿大外交官在中国被拘，美记者当面拆穿美国“双标”	未
抓逃犯，他们是认真的  岚皋警方连续抓获15名网上逃犯	未
抓逃犯，他们是认真的  紫阳警方连续抓获四名逃犯	未
抓逃犯捣传销，肃州区这个派出所虽然只有四人，战斗力却是杠杠滴！	未
抓锦江治理促重大项目投建范锐平昨日调研了这两件大事	未
投了//@KumaPARK_喵://@千玺红口味的木子: //@上古奇书://@世界太小心太大呀:转发微博	未
投你想投的，做你想做的，无愧于心，无愧于天地与道德法律，就足够了。	未
投拓干货丨项目测算作弊小技巧招拍挂篇	未
投放视频Fencer_1128的秒拍视频	未
投最后的多头一票！	未
投服中心向ST慧球询问三大问题	未
投标现场抢夺两家公司标书，边逃边撕标书被抓，后发现抢错了...	未
投案自首 宽大处理！！！	未
投稿1CM领誉的胡彬 和上过奇葩大会的木汁	未
投稿Casper储晓祥	未
投稿ig:mir3llaMirella Cardoso 纽约大学毕业的摄影师导演同时也是演员	未
投稿wetnwild湿又野的高光，给大家避个雷，我拿到的高光里面有一根睫毛 ，包装没打开过，就是有一根睫毛粘在里面，戳客服两三天没有回复，高光我拆了，确实是睫毛（我好无聊），全部拍好视频留证了，不知道要怎么维权，先给各位姐妹避个雷，真的很恶心（麻烦洞娘带图）	未
投稿万事屋您好，不知道能不能被看见，这里需要求助 我是ios系统，游戏刚开服那段时间还能充值，然后很久没充过了，现在发现无法充值了。点充值他就一直转，等了很久也不出来就自动消失了。不仅是阴阳师，如王者荣耀等那些苹果内购买的都充不起，但appstore里的付费app可以购买。不知道是不是我一直没更新系统的原因有没有小伙伴遇到和我一样的问题呀	未
投稿三个男人的瓜葛	未
投稿：为什么喜欢玩小法火男大眼这种非常规辅助英雄联盟	未
「投稿」今天五排还没赢过，敌方李白求我别吸他	未
投稿今天想在树洞搜阿里巴巴的袜子店，结果发现好几个非同好的微商在推自家的光腿神器，姐妹们求的时候注意点鸭！	未
投稿今晚八点截止哦 还有想投的尽快了哈 不要重复发送相同内容 避免增加工作人员负担	未
投稿：关于悲伤逆流成河的易遥和齐铭，欢迎大家抒发自己的想法。ps：详情请看图。	未
投稿（关于闲鱼）搜了关键词发现没有类似的想来投个稿，就是因为我们很多都是在闲鱼出制服啊，就会有一些垃圾人来私信或者留言奇奇怪怪的东西。希望各位草莓绵绵冰们看见都能随手举报让这种膈应人的东西少一点祝洞娘和大家今天过得愉快	未
投稿，另一个杀蛇的阵容（双鸩）	未
投稿可怕	未
投稿各位小饼干有没有遇到闲鱼实人认证明明是本人但多次验证不通过的问题?眼睛摘了妆也卸了还不过官方还劝你不要再提交审核要一直被封号吗大家怎么解决这个问题的啊辛苦洞娘了	未
投稿呜呜屋屋，这是一个求助投稿，id桃之华紫园，我的一百多个六星青吉鬼一夜之间不见了，问了客服也没有回复（我氪金但是是华为渠道服没有专属客服，问的是游戏里的）。消耗记录只有这个，我确定我没有吃过。	未
投稿哥哥们有没有这样的经历，可以分享一下经验吗	未
投稿圣诞节快到啦，我们寝室决定玩交换礼物，自己准备礼物然后抽签！想让大家给我一点建议！30-50块钱，我自己想的是帽子之类的，不知道大家还有没有什么推荐呢谢谢！	未
投稿在没意识到自己是gay的时候，我们很gay	未
投稿大概是我玩手机的时候被室友看到了吧。有一次她有东西不知道，我说我帮你微博搜一下，然后她把手机给我了，我点进搜索栏之后下面的搜索记录是我的微博id我本来想装作没看到算了，结果她还说：哎呀我什么时候搜的你我怎么不知道呀，我 也没什么，就是想提醒大家注意一下吧，可能你以为你室友不知道你的微博，其实早被她们搜烂了	未
投稿大舅：	未
投稿姐 投稿以团宋文鑫 00年憨俏小妹	未
投稿寮不发加成想退寮就是自私自利	未
投稿小姐妹打扰啦！想问一下这个校名12月14@号。麻烦了。	未
投稿屋屋你好，不知道大家知不知道yys分享拿奖励直接点取消也可以拿到（可能是条废话投稿，都知道了）分享多了删除也怪麻烦的。平板和手机都可以。	未
投稿屋屋你好，我现在特想吹爆我们的寮！前两天感恩节，心易给我们寮每个人都发了一封信，点开一看，是我们寮二代目会长写给我们的。为了发这个，我们寮的副会中午抄了一中午的人名，让寮里每个人都能收到。语言真的很朴实，但是跟着寮从零开始一路走来的人看着真的要哭了。之前寮一周年，寮里还有大佬做了一份贺图，虽然只是一堆寮群里的头像，但是看到自己头像也在上面真的很开心了。我们寮不算很大，不算很强，但真的是很暖很暖了。	未
投稿屋屋好(比个心)，这里想要投稿关于寮友无故被骚扰的事情。我知道各位鼠都是很棒的优秀鼠，可是还是会有变态混杂其中。昨晚寮里一个小姐姐就被路人猥琐男给骚扰了。在这里只是希望妹子们(汉子们也是)要保护好自己个人信息。	未
投稿屋屋，我想来丢个树洞我是一个不大不小的5级寮的会长，是一个不合格的会长，寮里的大家都很咸，而且越来越咸，做寮30的人越来越少，一个一百三四十人的寮，每周没有功勋的人有一百这样然后问题就这么来了，很多僵尸号都曾经是寮里有过情谊的老人，我也不是我们寮最老的那一批成员，如果踢人的话，很多有情谊的僵尸号是不能，或者说不应该，不允许踢掉的然后如果招新，招进来的人加寮QQ群，看到一群不上号但是偶尔出来聊天，并且已经形成自己关系圈的人，会不会因为融入不进去又走呢这是个恶性循环啊emmmm之前	未
投稿屋屋 我来投稿啦 就是寮里刚进来一个人 紧接着又进来一个说那个是骗子 然后说要跟骗子死磕到底 有点意思 现在那么正义的人已经不多啦！	未
投稿屋屋投稿 一个慈善赌王的自白 我哭了 你们呢	未
投稿屋屋投稿下午四川发生地震了，然后我在斗技，就给对面大佬说了一声地震了，然后他让我快跑就投了，本来他必赢的。	未
投稿屋屋，这是对昨天寮管理相关的那个微博的一大段有点啰嗦的话写完突然发现写了有这么多了哈哈哈。	未
投稿屋屋这里投个稿我哥是个肝帝，我不怎么肝，我每次上线要是看到他不在我就发微信找他，怎么回事小老弟下线一分钟了，删了然后今天他生日，我在群里喊他，他第一句问的是，干嘛，有鬼王吗	未
投稿屋屋 那个头像框出现概率真的有百分之10吗可以帮我问一下有没有没有框的小伙伴跟我一样开不出来，开了70个了	未
投稿屋骑龙，看了很多人投稿说亲友因为超鬼王删了自己。评论几乎都在说别人做人有问题。我想说几句，首先这是一个游戏，玩游戏要遵守游戏规则，不能因为人家肝你不肝就说人家不对。其次，删好友是一项没有什么对错的事情，我可以因为你跟我关系不好了删你，也可能因为这个奖励删你。但之后我依旧可以删别人把你加回来。这不过是个游戏，都是为了奖励。不要站在品德的高度上批判别人。毕竟没偷没抢，再说了，把感情放在虚拟的游戏中，为什么不找现实中更好的朋友一起玩呢。	未
投稿想知道，有人和我一样吗，从0变成1	未
投稿 想问下各位plmm！咸鱼收来的日制格裙想消毒的话只用干洗行吗干洗完还用不用滴消毒液和暴晒啊！（被树洞爆的事情吓到了来问问）	未
投稿：想问问上单对线劣势，打野为什么不帮的原因英雄联盟	未
投稿我们异地，他河北，我西安。那个羽绒服是因为我们最近这里太冷了，他给我买的。	未
投稿我想你了，所以我就来了	未
投稿我想挂一家店，小牛外贸批发大王。在他家买了牛角扣大衣，是包邮的，收到后发现不是很喜欢，就选择了七天无理由退货。店家也同意了，但是店家又很快说要扣除他发货的八元邮费，我的银行卡前两天全丢了，补办的还没下来，处于冻结状态，所以我只有现金。我答应店家等我收到了退款会给他转八元他的发货邮费，但是店家一直命令我立刻转给他，我是真的没有，不然就转给他了，我也不好意思管朋友借八块钱，最后他说让我别退了........这是什么意思 有点担心他收到货了不会给我退款	未
投稿:我的假期生活方式 我的假期生活方式	未
投稿：我的室友，每天试图用手机闪光灯给饮水机投毒你怎么看	未
投稿我的怨念	未
投稿我的沙雕对象。	未
投稿换了个配色甚至还有点土	未
投稿提问	未
投稿：新赛季遇见的第一位黑铁4玩家，大家有遇到过新段位的朋友吗英雄联盟	未
投稿昨天甚至用黑蛋喂三尾狐小姐姐，全世界都在砸百鬼和挑战券拿碎片，在超鬼王最后一天稀缺的三尾小姐姐今天来找我辽	未
投稿是想让大家骂醒我广大网友展现词汇量的时候来了	未
投稿最近的肝（请大家合理安排时间，适度游戏）	未
投稿有些时候明知不可能，就不用再往前推一步。	未
投稿求助12.1 各位抹茶生巧晚上好 我双十一买了施华蔻的漂发剂然后不小心掉在了我新买的黑裤子上 然后我本来以为洗洗就没了结果干了之后发现沾了漂发剂的地方变成了一块干干的emmmm反正有点明显的痕迹想哭求助仙女们有没有办法复原我的黑裤子阿已善用搜索阿里嘎多扩赛 ...全文	未
投稿注意！骗子转转大家一定要看看啊今天出物被骗了我是笨蛋 跟大家讲一下骗子的套路！！我是出lo被私信的，后来在群里问别人说制服圈也有被同一个人骗的，所以也来投一下搞！！就是你发一个出物微博，会有一个人来私信你问你能不能走转转，然后你用转转发之后她会 ...全文	未
投稿洞娘你好 投个稿。这边夏天的时候因为吃土咸鱼挂了一套jk制服（是正的过气萌款），一直xd价挂到现在，前几天有个妹子开口刀了十几块，我想着也没差多少就卖了，结果今天闲的没事干戳买家主页发现是个卖福袋的，也就是低价收正品然后塞福袋高价卖那种，心里总有点膈应但是又觉得自己也没道理去膈应不知道有没有遇到过相同事情的小姐妹，你们对这种事情怎么看呢	未
投稿洞娘好，各位小草莓好，我的隔壁坑的，今天去逛实体店突然爱上了JK制服 以前都不是很了解 但是一时兴起买了一套 想问一下这是哪一家的呢谢谢！	未
投稿洞娘好，这里中牌福袋开出了疑似山交野，客服说不是山，于是做了个对比图，上面是中牌福袋，下面是微博上小姐姐的交野repo。请问大家中牌福袋的这条裙子是不是山	未
投稿爸爸：别夸，没钱。	未
「投稿」玩把韩信容易吗韩信到底得罪谁了...	未
投稿现在茶羽中是萌款我知道，打包H价就算了..这个扫码卖衣服还能这样没有风险吗希望妹子们不要傻乎乎的为了买衣服扫码。麻烦带下图谢谢。	未
投稿  珠海的二三事	未
投稿的这位怕才真是对实战一窍不通纯粹来搞笑的。视频里那个动作和图里这个是一码事对方还处于醉酒挣扎状态，你手都不上也不控制背部只单膝压迫脖颈对方动作再大点轻则窒息骨折重则有生命危险，这种操作危不危险自己拎不清个别人无限护短也别太找不着北了。	未
投稿给大家避雷一下咩夫人家，质量OK的，但是买丝袜拿到就有线头当时没想太多剪了就出来个洞，去问客服说丝袜就这样，没有给我售后解决。因为线头没拍照，也是我自己剪的就这样算了。按实际情况给了中评之后我甚至说了他家质量还可以卖家疯狂发消息求我删评论我就按实际情况说也没给差评，你有线头不解决还不允许别人给中评了被他求的删完之后发现今天第二次穿后今天大腿居然起球了才穿两次也太易耗品了越想越气就来投稿了。姐妹们注意一下以后有问题先拍照！！！	未
投稿胡文煊旧照2p	未
投稿虽然我已经买了圣诞格了可我还是觉得这个雨伞布好圣诞啊	未
投稿：让男票帮我还花呗请问这样的蓝盆友是不是应该送他个自由	未
投稿请问各位桥本环奈剧里京子，理子中间服里穿的白色内搭叫什么呢是体操服还是普通的白色内搭12.2	未
投稿这边在闲鱼收了条柠檬海盐定金，卖家要求我确认收货但我说了要和客服核对，事后评论被说事多被拉黑了...不知道小可爱们有这种经历吗	未
投稿这里三团刚收到了茶羽中很开心，但是作为一个强迫症的人发现领子襟线不对称真的超级难受啊，而且还不是一点点请问收到茶羽中的仙女们都是这样的吗还是我太倒霉了orz	未
投稿追书双清姬树哥比平常的清佛清狗伤害要高，补充一下下 树哥尤其适合强攻清小怪 没受到上限限制的这种，收到乘法计算方式的加成以后，伤害会非常可观	未
投稿逢魔遇到的题	未
投稿阴阳师万事屋的工作人员你们好： 我们是来自B站情深谊长的一群普通的阴阳师玩家们。今天，我们满怀着悲愤来到这里，因为我们实在不知道怎么办了。我们的寮被骗走了！没错，是被骗走了！ 我们是来自一个叫深蓝情书的八级寮，我们花了一年的时间辛辛苦苦将寮建立起来，一步一步，大家都有着很深的情感，一度是顺位寮的巅峰，出过很多很多大佬，那段时光是每个人都不会忘却的。但是俗话说天下没有不散的宴席，寮里的人们因为各种各样的原因减少的活跃度，最后到了前一段发不起10个寮包的时间。大家便建议合寮，可是到了最后一步	未
投稿难过 一名女性，关于避孕和人流的惨痛教训果子狸小姐姐您好，我是看到侧切那条微博才关注您的很冒昧给您发了私信，如果打扰到了很抱歉本来想发在评论里的但是还是有点担心被熟人看到我看到您发的关于避孕套普及的微博，我很想现身说法一下我，一个24岁的女性，初夜给了现在的 ...全文	未
投稿食发鬼255散件土蜘蛛，两个鸩都是速攻攻，一只招财攻击两件套（为了弥补食发鬼没招财的缺火），另一只散件三个攻击两件套。书翁一定要带生生生，丑女我的是144速度，比大蛇快就行。对于食发鬼速度不够快害怕超车的，可以让鸩在书翁稳定记仇草人和大蛇的时候开一次毒之华，用中毒状态让小怪减速，就可以稳定不超车了。	未
投胎的真相！原来子女投胎绝非偶然！	未
投草莓一票！//@Lemon柒7：车厘子9999	未
投融资那点事儿	未
投行GUGG给予Twitter买入评级Facebook中性评级美国投行Guggenheim给予Twitter股票买入初始评级，目标价为39美元给予Facebook股票中性初始评级，目标价为150美元分析师莫里斯在报告中称，在隐私监管和商业化方面Facebook将继续面临挑战，这也将继续影响投资者情绪，从而影 ...全文	未
投行GUGG给予Twitter买入评级Facebook中性评级美国投行Guggenheim给予Twitter股票买入初始评级，目标价为39美元给予Facebook股票中性初始评级，目标价为150美元。分析师莫里斯在报告中称，在隐私监管和商业化方面Facebook将继续面临挑战，这也将继续影响投资者情绪，从而影响Facebook在股市的表现。	未
投行人士：科创板草案可能会设置6个上市标准	未
投行大分化：行业集中度加剧 强者通吃时代开启	未
投行的工作要加班到凌晨四点，我却还忍不住刷了半小时推特	未
投行简报12.06 暴风集团定增被否2018年12月5日至12月6日，共有15家上市公司发布了关于再融资的最新公告12月5日，共有五家拟IPO企业更新了申报资料12月5日，证监会并购重组委2018年地62次及65次会议结果公布，沃施股份发行股份购买资产事项获有条件通过，安迪尔发行股份购买资产获有条件 ...全文	未
投诉转发陈丹青粉丝注意！这几个下三滥的团伙账号@陈丹青 @美术展 @局部2 @世界美术大观 靠冒充陈丹青的名义已经吸粉两万，而且把在他微博说出真相的留言者全部拉黑你可以挨个点进去看看要不是为了陈丹青和他的粉丝着想，我真的懒得去跟几个下三滥扯皮请大家踊跃投诉！我相信新浪接到投诉 ...全文	未
投资150亿，寿光东城又要建小区学校商业区...	未
投资1.8亿元！渝西地区首个餐厨垃圾处理中心即将在永建成投用	未
投资3.1亿！建设衡阳农村公路，你家乡建设的如何了	未
投资3477万元！将乐已完成水土流失治理面积13.60平方公里我的将乐 我的河	未
投资348.2亿建的这条高速公路经过庆阳5个县	未
投资3708万！静宁这些地方要修建饮水工程！有你们村没...	未
投资41亿，茂名博贺疏港铁路途径电白这15条村！	未
投资5000多万元，嵊州这个村要大变样了！	未
投资5.3个亿，治理牛尾岭水库	未
投资5亿！鳌江又一个公园开工，地点在	未
投资700万占地3000㎡ 公交首末站苦等5年竟成摆设?!	未
投资上亿元的示范项目为何６年办不完证？	未
投资上亿的示范项目6年还没办完证 设施闲置晒太阳	未
投资世界里，经验比知识重要看似高学历高智商的年轻人，最容易亏大钱，因为无知的同时，还盲目自信没有踩过很多坑的人，不会认识到，这个世界有很多人类想象不到，无法预知的各种花样亏钱的姿势等着你	未
投资人激辩：2B创业的机会与陷阱	未
投资体系的建立是非常重要的，这个体系的建立，不是能完全拷贝所谓大神的。价值投资或者趋势投资，都是好体系，但前提是，需要与你的个性和做人做事的特质结合起来，自己的才是最好的，不要为价值而价值，也不要为趋势而趋势	未
投资客变看客？连续缩量，沪市成交额创四年新低	未
投资幸存者偏差：不要从幸存者中找答案！大部分人其实在调研中更容易陷入幸存者统计误区，比如说你会去专卖店里面去调研消费者的反馈情况这其实就无形陷入了幸存者误区，但凡能进店的必然是对产品认可或者对这款产品有针对性的消费者，而那些使用了不满意的消费者他们往往不会再次踏入专卖店。	未
投资日历 | A股虎头蛇尾走一周 投资者需耐心等待	未
投资日历 | 积极因素出现 A股大机会或在酝酿	未
投资，是一门忍耐的艺术。没到自己的买入区间时，要耐心等待买点进入买入区间后，要按照计划，继续忍耐，一步一步建仓买完之后，还要耐心持仓，直至达到卖出条件。亏损时，要忍耐暂时的浮亏出现浮盈，但还未达到卖出条件时，要忍耐兑现盈利的冲动没错，想做好投资，就是要这样逆人性。	未
投资有道！林志玲被曝脱手豪宅赚近千万	未
投资理财套路深 法官教你防“入坑”	未
投资的基金不赚钱，问题到底出在了哪里	未
投资社会办医必须考虑的六大因素	未
投资移民拿个绿卡，或者技术移民靠本事拿绿卡，真的不用什么红x代之类的才行前者有钱，后者有才，就行了感觉应该开100天评论了	未
投资经验能抑制“羊群行为”吗？	未
投资者怎么辨别靠谱回购？细看苹果、腾讯案例有门道	未
投资近1000万！浦江这村的老屋摇身一变竟成了这样...	未
投资近155万元！益阳这个村里建设的项目人人说好！	未
投资这事儿，运气因素比例太大先天条件因素更大。所以，投资人的经验之谈更大比例不靠谱  这是客观陈述。急于称神的，明里暗里自证的，更不靠谱。所以，到最后，全靠自己，成王败寇。	未
投镇魂吧，镇魂只有你们了hhhhhh今年总局网络剧盘点镇魂查无此剧	未
投闽状 若问我最喜欢的是什么味道我想应该就是记忆中的味道吧我不知道为什么广东几乎每个烧烤店都会有的烤鱿鱼干，福州却极难碰到，所以昨晚在蚝焱再次遇见非常兴奋，想起那段在广东占着大家都喊我一声老妹而被无限宠爱的日子在此郑重感谢林燕龙以及我的哥哥姐姐，刚出校园承蒙你们多方照顾，这些年一直铭记于心。么么哒！哈，说回蚝焱湛江生蚝，可以直接生吃的生蚝，个头硕大肥美，有搭配柠檬片，但作为海边人，我喜欢直接吃，海鲜原汁原味的鲜甜味道，我喜欢。当然还有蒜蓉原味辣味等口味可以选择。潮汕虾蟹粥的米粒颗颗鲜明	未
抖一个真相，也认识一个小哥	未
抖友听说襄城的网红们今天都聚集在这里，到底发生了啥	未
抖掉身上的雪，偷听一对貌似父子的谈话	未
抖机灵的交通标语 请大家自觉遵守交通规则	未
抖杆空速不可靠配平工作异常，这些同时来怎么办	未
抖音2分钟视频戳痛无数人：钱可以再赚，命只有一条。	未
抖音上一段视频让人泪崩！我可能撑不住了高速突发大火。（视频）	未
抖音上老有那种人，男的女的都有，发个标题网恋三年，第一次奔现，你们看看是不是不好看，我是不是被骗了然后视频内容是一个和ta正在吃饭的异性，通常都特别美或者俊俏。啥意思啊发这种视频想表达什么啊	未
抖音上那张骗人的图我终于找到了！	未
抖音今日头条沦为假酒严打的重灾区（附最新假酒大全）	未
抖音刷出疑似骗保的视频，想不火都难呀	未
抖音又火了这波碎屏壁纸	未
抖音变现实战分享沙龙，错过你将损失一个亿！	未
抖音正在内测长视频；高通在德国获针对苹果的永久禁令	未
抖音热播：4分钟有氧尊巴，身体疯狂的快速流汗，根本停不下来！	未
抖音爆火测试，你的另一半原来是这样的！	未
抗凝进行时 贵州出行指南 冷skr人！贵州继续发布冻雨预报 还将维持三天据贵州省气象局最新预报显示，未来两天省的中部以东以北雨雪天气持续，并伴有道路结冰现象。据贵州省气象台统计，受冷空气影响，贵州省有77县站最低气温在4以下，0以下有21县站(万山-2.5为最低)大方安顺开阳修文白云贵阳花溪福泉都匀独山黄平麻江丹寨凯里三穗万山等16站出现冻雨，正安绥阳开阳贵定瓮安都匀麻江凯里台江三穗黎平等11站出现降雪。	未
抗凝进行时 贵州出行指南 @司机 凝冻来袭 铜仁发布12月8日18时最新路况受冷空气影响，7日以来，贵州出现大面积降温天气，全省部分高速受降温影响，陆续出现路面结冰现象。截至12月8日晚上六点，铜仁辖区最新路况如下：	未
抗凝进行时 贵州出行指南 据了解，12月8日夜间至9日，贵阳市城管系统出动巡查人员1700余人车辆100余台，分别对贵阳市城区(包括一市三县)各重要道路重要节点通车桥梁人行天桥等易结冰路面采取预防性撒盐措施。其中，重点对主城区环线小关大桥黔灵山大桥偏坡大道观山东路及城区部分人行天桥等地势较高路段路面撒盐43吨，积极消除安全隐患，保障民众出行安全。	未
抗凝进行时 贵州出行指南 据了解，12月8日夜间至9日，贵阳市城管系统出动巡查人员1700余人车辆100余台，分别对贵阳市城区(包括一市三县)各重要道路重要节点通车桥梁人行天桥等易结冰路面采取预防性撒盐措施其中，重点对主城区环线小关大桥黔灵山大桥偏坡大道观山东路及城区部分 ...全文	未
抗凝进行时 贵州出行指南 贵州高速这些路段出现凝冻    营运中心撒盐727.65吨为道路除冰12月9日，贵州高速集团营运中心发布消息，截至8日，贵州高速集团营运中心所辖路出现凝冻的路段有：	未
抗战初期，国军的空军已在淞沪战场全军覆没，后来，苏军飞行员组成志愿团驾机来华，参加南京上空的对日空战，1091名苏军飞行员（一共8个航空兵群）活跃在中国领空，参加对日作战，但当时的苏机性能较差，一共牺牲了200多名苏军飞行员。	未
抗战女英雄，打光子弹后用刺刀杀死七名日军，现106岁身体硬朗	未
抗战时期毛泽东撰文阐释精兵简政	未
抗战期间河南农大师生将一株牡丹赠与潭头百姓，历经60载风雨今天牡丹农大红归根母校！	未
抗战老兵在南京祭奠遇难同胞	未
抗战老兵献花祭奠南京保卫战殉难将士	未
抗战老兵王维胜：枪林弹雨中给前线士兵送饭	未
抗战题材电影《底色》在临汾开机	未
抗日名将戴安澜：救英军歼日寇，全师断粮20天拒绝独食，以身殉国！	未
抗日壮士　英气冲天——董天知	未
抗日将军寸性奇：壮烈殉国中条山	未
《抗日战争大事记图·印展》在南京开展	未
抗日航空女英烈家属捐赠近百件史料文物	未
抗日英烈胡一新：不怕流血牺牲的革命“乐天派”	未
抗生素滥用太可怕，到底哪些才是抗生素教你一看名字，就能识别！	未
抗生素滥用太可怕，哪些才是抗生素教你一看名字就知道	未
抗癌8年，一连串不幸降临，今年他最担心的，是家中的老房子白蚁成灾	未
抗癌新药Vitrakvi：精确攻击癌变基因！	未
抗癌新药Vitrakvi获美国FDA批准上市 引发广泛关注	未
抗癌药买不到？ 三部门：不得以药占比影响药品供应	未
抗癌药“伊马替尼”纳入云南医保	未
抗糖化的真相：抗糖化真的需要戒甜食吗	未
抗美援朝，党中央开始只决定派两个军过江作战，后越派越多，是谁的建议	未
抗衰划重点了哈！//@鹅黄虾球:哈哈哈哈哈哈哈哈哈哈哈哈//@今天健康生活了吗:有理有据令人信服	未
抗议《全球移民协议》 5500人冲向欧盟总部爆发混战	未
抗议古城收费规定 罗马逾200辆旅游巴士围堵城区	未
抗议哈，物种种类，不能用品种	未
抗议特朗普从叙利亚撤军 美国打击IS行动特使辞职	未
抗雪保通信 一场大雪给大地带去一片银装素裹当大家在朋友圈赏雪时，为了保障雨雪冰冻天气里的通信畅通，小移人不畏严寒扛上装备奔赴现场开展保障放弃双休坚守岗位做好网络监控雪下得那么深小移人保障的那么认真	未
抗雾霾，这5类食物你不得不知道！	未
折不断的老花镜，超清，防蓝光。给父母的关爱	未
折叠车凭什么卖12000元揭秘小布高价的背后	未
折扣继续！抓紧时间抢购吧	未
折纸机器人显神通！可被吞入胃里移除误吞电池	未
“折翼天使”身边也有智能化设备	未
折腾了3年，谷歌要怎样才能把应用商店搬进中国？	未
折腾了半天终于出门了	未
折腾人是一种生活	未
折腾半天，头条文章又发布不了@微博小秘书	未
折腾//@天啦路:看到说二十四小时巡逻，觉得基层可真惨，村民在屋里挨冻，他们在室外挨冻	未
抚州0！寒潮预警！今后几天没有最冷，只有更冷！会下雪吗	未
抚州一KTV包厢竟出现这样一幕，必须曝光！	未
抚州一小女孩在贸易广场走失，两个多小时后	未
抚州一工地突发塌方，1人不幸被泥土掩埋！（附现场视频）	未
抚州一潜逃23年的命案逃犯落网！在逃期间育有一女	未
抚州:三车相撞，电动车钻进大车盘下视频	未
抚州与阿联酋集团签署这些合作！（附视频）	未
抚州九江赣州吉安萍乡等地已发生，遇到这样的消防领导直接报警！	未
抚州人速看：社保不追缴！不缴要重罚！	未
抚州人都在传！如果没有监控录像， 你可能永远也看不到！	未
抚州力挺农民工兄弟！谁拖欠你工资，就打这些电话！还有干货	未
抚州城区1448户纳入棚改任务！有没有你家	未
抚州支队召开全市消防救援队伍冬训工作开训动员暨冬防六个集中行动部署会	未
抚州：昨天，南城发现濒危野生动物！（附视频）	未
抚州“熊孩子”电梯惊魂，网友吵翻！	未
抚州：腾桥发生一起肇事逃逸，1人不幸身亡！	未
抚州蓝天救援队崇仁蓝天救援队彻夜联合救助落崖老人  乐平蓝天救援队也就落井老人	未
抚州蓝天救援队崇仁蓝天救援队彻夜联合救助落崖老人  乐平蓝天救援队夜救落井老人	未
抚州谁认识这个骑摩托车耍风骚的男子	未
抚州这个地方隐藏几百年的秘密，被央视报道（附视频）	未
抚州这群人去了一趟北京，一回村就被包围了！	未
抚顺一小区多数居民室温两年不达标，多方联合查原因	未
抚顺之最国内唯一用油基炉法生产半补强碳黑的企业	未
抚顺之最国内第一台检电器	未
抚顺之最抚顺市最早的园林绿化机构	未
抚顺之最抚顺市被列为北京市外埠劳务输出基地	未
抚顺之最最大的钢板储粮仓群	未
抚顺好男儿刘斯文：多次救人于危难 每次都说这没什么	未
抚顺开办养犬牌，正文有咨询电话  新闻煲2018.12.06	未
抚顺这对母女领着孩子看着就危险！	未
抚顺面包车压了搁地上的快件 双方呛呛	未
抛妻弃女后，他娶了小自己18岁的学生	未
抛开一切附加条件，这仅仅是子与父的最后道别	未
抛开电动车本身的争议，穆粑粑是个很有意思的牛人//@吉利杨学良://@马玲Racing:转发微博	未
抛弃中国国籍，去美国造尖端武器，这些中国人让人心痛	未
抛弃幻想，准备打仗！//@大兵悍将之中华:大道至简//@军机不可泄露:平衡不是和稀泥出来的，而是斗出来的！所以呀，抛弃幻想，准备战斗吧	未
抛得开吗抛不开呀！那就算了	未
抠下隐形眼镜顺手扔进垃圾桶之后才反应过来这是我早上新开的月抛而不是日抛	未
抠脚大汉冒充女数码博主....你们觉得谁最可疑	未
抠门老师裸捐190万助学，请给他点个一个咸蛋吃两天，衣服自己做，一个月才买一斤肉，一生抠出190万元。独生女儿因病去世后，他把190万全部捐出助学74岁的常州退休数学教师孙国华用纯粹的爱写下人生方程式，直到现在，还有不少邻居觉得孙国华傻：那么多钱，改善改善自己和老伴的生活不好吗	未
抠门老师裸捐190万助学，请给他点个一个咸蛋吃两天，衣服自己做，一个月才买一斤肉，一辈子省吃俭用存下190万元积蓄。去年独生女儿因病去世后，他把190万全部捐出助学74岁的常州退休数学教师孙国华用纯粹的爱写下人生方程式。	未
抡博组，不管你来不来，你的转发就会让更多宝贝看到//@ECHO骑着小毛驴去拉萨:想做数据却没有组织的宝贝看这里数据组招人啦	未
抢不过//@嫑搞事: //@歪果热门视频: 都是饿死鬼	未
抢个红包就睡觉吧，晚安	未
抢买单不成，他扇老板娘耳光踹店员打劝架群众	未
抢了什么给我看看	未
抢产直播间丨争分夺秒斤两必争！	未
抢产直播间丨油田硬汉来报道	未
抢修一线 为了2200名小学生的冬季取暖11月26日，@国网延安供电公司 南泥湾景区供电服务站柳林供电所服务辖区内，专变客户中石油小学（寄宿制）由于学校内部故障导致全校停电，严重影响到2200名小学生的夜间取暖和吃饭等。柳林供电所得知这一消息后，出动应急发电车为其提供电力保障，工作人员何军张铭马逢刚等人克服黑夜，连夜抢修电力故障，及时恢复电力供应，得到学校与学生家长的肯定与赞扬（吴涛）	未
抢修一线 及时抢修保供电 11月27日，@国网凤县供电公司 呼啸的寒风刮的树枝作响，一眼望去整个街道看不到几个人影，大家都冻的缩在屋里围着火炉取暖。就在这时唐藏供电所的电话响了起来，里面传来焦急的声音quot：李家庄村委会没有电了，你们快来看一下，接到电话后，唐藏供电所迅速组织抢修人员准备好工具材料，动身前往抢修地点。现场检查后确认停电原因为表箱进线开关烧坏。随后进行更换，恢复了供电。工作人员高效的抢修效率及优质的服务质量得到村委会众人一致好评。（杨石刚）	未
抢修一线 电杆被撞断 抢修马上办12月11日，在阎良区新兴街道办发生一起交通事故，沿街的输电线路杆塔被外力撞断，为不影响附近村民的生产生活用电@国网西安供电阎良公司 在接到抢修电话后立即组织应急抢修队伍应对，及时对现场进行了处理，为附近居民群众的安全可靠用电提供了强有力的保障！（石新车 马珍）	未
抢先一步//@卫大美就是卫淑媛: 抢抢抢	未
抢先看！华林胡氏的一个重大活动，现场挤满了人...	未
抢先看！孝感市物业服务收费管理新规来了，下月起实施！	未
抢先看！《市民问政》今日开录，市辖三区负责人就创文问题接受问政	未
抢先看  边晚微报（11月26日）	未
抢先看  边晚微报（11月27日）	未
抢先看  边晚微报（11月29日）	未
抢先看  边晚微报（11月30日）	未
抢先看  边晚微报（12月3日）	未
抢先看  边晚微报（12月5日）	未
抢先！贵阳地铁1号线内景曝光，带你遇见老贵阳	未
抢券1块钱598元！你信不信	未
抢劫三年起，人家这个罚钱了事。。。比抢好多了。。。//@嘉善老顾:这哪里是看病，分明是抢劫。//@墩墩智囊: 判断一致！	未
抢劫//@别叫我张涛://@江南大野花:天呐凭什么，抢劫啊//@纯良英俊的笑了笑:这不就是拦路抢劫吗//@杰克波比:。。。//@辣条娘:这不是抢劫吗//@Paranoia_O:。。。	未
《抢劫》抢了个包给送老婆，结果...	未
抢在凌晨发一下，可能不能获得你们今日份的宠幸！	未
抢夺公交方向盘可能获刑应成共识丨新京报社论	未
抢夺公交方向盘获刑3年！//@坐家-五味俱全 ： 周知，那些企图夺方向盘的人一定要引以为戒。//@闲月自清欢：对危害公共安全和秩序的人理应受到法律的严惩。一手微评	未
抢夺公交方向盘获刑3年，这个新闻要大力宣传，尤其是要上传统媒体，给那些公交车上闹事的人看看，无理取闹是要付出代价的。	未
抢夺方向盘还坐在司机身上！镇江首例抢夺公交方向盘案提起公诉	未
抢夺“聚宝盆”！俄防长称2019年继续加强北极军力	未
抢戏的这女的	未
抢救国考能不能上岸就看它了	未
抢救散落在祖国大地上的民间文学“遗珠”	未
抢救时ICU大门没打开，医院被判赔30万	未
抢救正在消亡的文献！世界记忆名录南京大屠杀档案纪念碑立碑	未
抢救齐齐哈尔一男子美容院里喝农药，称要死在这里这是为哪般	未
抢方向盘的这位进里呆个几年才好，现有法律还是太轻了。另外四名乘客该被授予见义勇为，这样才会有更多的人站出来。	未
抢方向盘致撞车 乘客获刑三年田某乘公交时首先没第一时间买票，又发现坐错了方向，要求下车。但公交车未到站，司机和乘务员予以拒绝。遭拒的田某用脚踢蹬公交车后后门数次，又与司机抢夺方向盘，致使公交车失控撞向相向而行的车辆。当地法院最终将其以危险方法危害公共安全罪，判处其有期徒刑三年。小妹播报 一时冲动且害人害己，绝对不能姑息。	未
抢方向盘致撞车 获刑三年，乘客田某在浙江省温州市乘坐谢某驾驶的公交车时没有第一时间买票，后发现自己坐错了方向，遂要求下车。但由于公交车未到站，司机乘务员予以拒绝。遭拒的田某开始用脚踢蹬公交车后方下客门数下，又与司机抢夺方向盘。田某突如其来的袭击让司机猝不及防，来去几个回合后，致使公交车失控打转撞向相向而行的车辆。导致两辆轿车损坏，小客车车上乘客受伤。浙江省温州市鹿城区人民法院对此案审理后，一审判决田某犯以危险方法危害公共安全罪，判处其有期徒刑三年。不久前，重庆万州公交坠江事件的惨痛结果还历历在目。广大	未
抢方向盘致撞车 获刑三年坐错方向争抢方向盘致公交车失控撞车，乘客获刑三年！乘客田某乘坐公交车时发现自己坐错方向，不仅拒付车费，脚踹车门，而且抢夺司机方向盘浙江省温州市鹿城区人民法院对此案审理后，一审判决田某犯以危险方法危害公共安全罪，判处其有期徒刑三年（澎湃新闻）	未
抢方向盘致撞车 获刑三年坐错方向争抢方向盘致公交车失控撞车，乘客获刑三年去年，温州一辆公交车上，田某被要求买票时，发现自己坐错方向，要求下车。由于公交未到站，司机乘务员以此为由予以拒绝。遭拒的田某开始用脚踢蹬公交车后方下客门数下，又与司机抢夺方向盘，致使公失控打转撞向相向而行的车辆。田某的行为导致两辆轿车损坏，小客车车上乘客受伤。近日，田某因涉嫌危险方法危害公共安全罪获刑三年。因乘客与司机争执引发车祸的情况屡有发生，转发呼吁：别让冲动挡住回家的路！（综合法制日报 人民日报）	未
抢方向盘致撞车 获刑三年未完成死亡的判了三年，我就想看杭州奔驰女司机撞死那么多人，最后能判几年穷人动辄死罪，富人罚酒三杯	未
抢方向盘致撞车 获刑三年这个判例非常好，相对于重庆惨祸虽然迟了点，也算一个及时的亡羊补牢之举。严刑之下，看谁还敢当法盲巨婴	未
抢方向盘致撞车 获刑三年这个判的好！对于这种抢司机方向盘的，以前可能判的少，或者公开报道不多以后应该大肆报道这种判决，让那些试图抢夺司机方向盘的人知道，你这是在犯罪！	未
抢沙发为了蹭痔疮，说的就是您这种人吧。//@佟妍无忌归来:邪不压正是个大烂片	未
抢疯了！岛国变态除尘掸，3分钟清理各种灰尘死角，连房顶都能够着！	未
抢疯了！工厂搬迁被挤爆！原本上千块钱的最低仅50元！还免费送围巾！货架丶衣架全部处理！	未
抢疯了！黑金卡刷屏上海，全国30家民宿酒店肆意免费住！	未
抢票99的孩子都没参加过的昆虫展落地顺义，现在免费了！	未
抢票丨苹果节门票没抢到这里还有！	未
抢票了！元旦火车票开售！这些小秘密你得知道	未
抢票了 机票原来那么划算//@Biiiii抚顺人的冬至_1221：我已经买了机票了//@ID是你最喜歡的小朋友:我马着了	未
抢票啦！元旦火车票寒假学生票开售！这些放票时段你知道吗	未
抢票啦！元旦火车票寒假学生票开售！这些放票时段新疆亲们都知道吗	未
抢票啦！元旦火车票寒假学生票开售！这些放票时段融水人知道吗	未
抢票回家多难:15小时刷新10万次抢不到1张票	未
抢票要趁早//@懒熊体育:中国体育产业嘉年华 倒计时30天 网页链接	未
抢票软件out了！12306将要放大招，秒杀所有抢票软件	未
抢票软件可以卸了！今年春运候补购票 提前锁定票源	未
抢票软件要凉：12306即将上线候补购票功能负责12306客票发售和预订系统研发的专家透露，候补购票功能将于2019年春运期间上线候补购票，即旅客如果遇到车票售完的情况，在12306平台登记购票信息并支付预购票资金后，如有退票余票，12306系统将自动为其购票抢票软件要凉：12306即将上线候补购票功能	未
抢票软件要凉凉12306今年春运推出候补购票功能！	未
抢票软件要凉，铁路12306候补购票 今年春运上线	未
抢票！这些年你追过的公众号都来广东了！	未
抢红包1：微博体育 的红包抢红包2：网页链接	未
抢购丨彝政私房菜46人餐，原价168元，现价128元，速来吃饭吧	未
抢长江险段治理黄金期 加固堤坝保安全	未
抢饭吃了 ，小黄永远都特殊点微博视频	未
护城河上万鱼儿浮头 提醒市民莫捞鱼（视频）	未
护士	未
护士20人！株洲市中心医院招聘，大专就能报	未
护士一定要知道的，20个临床危象抢救措施！	未
护士值夜班，竟在医院地下室看见鬼	未
护士外派进修如何避开陷阱只需做到这 3 点	未
护士姐姐走路都不方便了	未
护士小姐姐亮了等等，毒液的小孩呢	未
护士小姐姐啊可不能工作时烤东西吃！	未
护士延迟退休，当不上护士长的「老」护士能去做什么	未
护士手绘漫画讲述工作中的酸甜苦辣	未
护士招聘不能超过55公斤，你是招护士还是选美	未
护士王静晓要找你借钱注意，别上当了！大家睁大眼睛，这个名叫王静晓的人自称是护士，其实是个骗子12月12日，有漯河网友向记者反映，称最近有一个名叫王静晓的人在微信上四处行骗记者上网搜索发现，已有多地网友自曝曾被一个名叫王静晓的人所欺骗网页链接	未
护士站那儿只有一个你	未
护士老了谁来照顾想要老有所医，你需要这样做......	未
护士职业暴露与防护，护士必看！	未
护士艾滋病毒职业暴露后，记住这 3 点保命措施	未
护士被精神病人毁容既然邢护士是在上班期间被工作对象伤害的，无论是否属于刑事案件，都应该属于工伤。可是，医院却拒绝为她申报工伤，实在太不负责任了。特别是，院方为了逃避责任，把这件事定性为报复性伤害，说受害护士活该。邢护士还说：医院领导开会研究，为了将此事定性为报复性伤害，他们要求医护人员做伪证，说她打了汪某。伤害一个人最深的，往往是他原本信赖和依靠的人。就被精神病人毁容护士申报工伤遭拒事件而言，精神病患者暴力伤害护士固然可恶，但涉事警方和院方的不作为不担当，则是一种冷漠病，更令人寒心	未
护士资格证和护士执业证有啥不同	未
护士跪地救人 双膝烫伤脱皮	未
护士输液拿错药	未
护士输液拿错药，重庆盛景医院回应了！！！	未
护士，这 5 句话一定要多说	未
护士通乳到现在好多了	未
护士长工作手册书写标准	未
护士长，我把留置针剪断了！	未
护士长，请不要安排下班的护士参与科室活动	未
“护娃行动”向儿童拐骗说不(图)	未
护工请了也不放心，怕照顾不周。//@noheart100攒rp:有钱还能请好护工，没钱	未
“护心跑男”与时间赛跑 五年共实施心脏移植手术500余台	未
护栏：兄弟除了我没有人受伤啊	未
护照去香港真的会被遣返 还有黑名单大礼包相送	未
护照甚至绿卡都毫无问题啊，如果真有隐瞒的加籍美籍，美加早就蹦跶疯了好伐//@跳跳可爱虎:1//@米格战斗机联合体: 先炒国籍，炒完国籍炒护照一个个都是无耻至极的人，可能他们连护照都没有。	未
护理系消防安全在我心演讲比赛	未
护生 小故事两则	未
护眼灯、耳穴贴，这些办法真能延缓近视吗？	未
护肤丨80的人洗脸方法出错 解读3个洗脸的错误方法	未
护肤步骤都做不对，皮肤越来越差怪谁	未
//@护膝_来摸鱼吧:所有人都在哄她，是否存在诱导性取证，基层办案人员为了图方便就进行洗脑式所谓心理攻坚也是可想而知的。等结果！//@阿蝎_想看樱花 :转发微博	未
//@护膝_来摸鱼吧://@画画的那个九歌 :四千本还未必都是卖出去的，十年半，够在现实里残忍虐杀一个妻子，强奸9个儿童，拐卖两个幼女，当众拖倒强暴一个归国女博士，还能剩下足够刑期袭击吃宵夜的女性，并让以上事件中唯一一个见义勇为的赔你两百块。	未
护航健康丨川东片区狱地联动生卫处突演练在嘉陵监狱举行	未
护航十周年的这些瞬间，哪一个会让你泪目？	未
护航十年：海军第31批护航编队启航 奔赴亚丁湾、索马里海域执行护航任务	未
护航民企发展 公安任重道远	未
护航线上好军嫂10年来，31批次2万余名官兵奔赴亚丁湾索马里海域执行护航任务3600余个日日夜夜，护航官兵家属默默用爱支撑前方。北部战区海军某驱逐舰支队先后5次派出舰艇参加护航任务，数百名军嫂舍小家为大家，她们用柔弱的肩膀承担起生活的艰辛，用坚强的内心面对家庭的困苦。  ...全文	未
护航跨年流动性 国库现金定存招标首现1个月期	未
护航非公：许创业检察长带队实地走访民营企业	未
护送船只6600余艘！中国海军十年护航全记录2008年12月26日，根据联合国安理会有关决议，听从党中央中央军委一声号令，海军首批舰艇编队鸣笛启航，开始了举世瞩目的远洋护航。截至2018年12月24日，海军先后派出31批护航编队100艘次舰艇26000余名官兵，执行护航任务1198批次，安全护送了 ...全文	未
护飞行动  河北志愿者护飞在行动	未
“报110！房间6人！”外卖现奇怪信息	未
报110！救人！房间6人！外卖平台上现奇怪信息，结果出人意料！发生了什么	未
报110！救人！房间6人外卖平台上现奇怪信息，结果让人吃惊	未
报一下，你在哪儿，什么天气	未
报上你的所在地，以及现在的天气状况如：韶关冷	未
报上你的所在地，以及现在的天气状况。如：韶关冷/下雨/大风	未
报个Miss吓Skr人！这哪里是新皮肤不拿去拍恐怖片可惜了！	未
报了名的阳江人，明天阳马要注意这些，快get	未
报名中听不见了怎么办听力讲座暨现场筛查大型公益活动	未
报名买房人少，杭州一房企以验资“一天奖200元”召房托	未
报名了！这个公安局公开招聘100名特勤	未
报名入口零违法   共创文  树榜样  赢大奖	未
报名  孩子两年视力增加500度！这件事家长越早知道越好	未
报名延期！西樵镇公资办属下企业招聘工作人员，职位详情戳	未
报名有礼  中国建设工程法律与争议解决2018年度高峰论坛会议议程	未
报名@连平粤P车主：参加百日交通零违法万名司机挑战赛，一吨汽油等你拿！	未
报告：2017全球军火销量，美国占57%	未
报告：2018年至少260名移民在穿越美国南部边境时死亡	未
报告一下后续：昨天夜里送往当地某某最好的与心脏有关的医院，医院拒收。而凌晨，上海权威医院作出答复，可以手术治疗，而且越快越好。天亮了，原本被预言活不过24小时的孩子还活着。家属同意送来上海治疗。刚刚，宝宝平安抵达。这个小可怜，脸没拳头大。出生第二天。 查看图片	未
报告：上海超越香港 当亚洲奢侈品价格最贵城市报告发现，上海在房地产律师费名表和女士手袋方面的费用越来越高，不过香港的住宅物业成本仍然高居亚洲榜首。吉隆坡依然是亚洲消费成本最低廉的城市，其钢琴雪茄和酒店套房的价格最具竞争力。报告：上海超越香港 当亚洲奢侈品价格最贵城市	未
报告：世界食品生产和消费体系亟需改变根据世界资源研究所的报告，如果不改变当前的食品生产和消费体系，2050年世界农业用地将出现严重不足，在全球引发一系列灾难性后果。网页链接	未
报告：中国居民财富被房地产掏空 每月都在还房贷	未
报告：中国流动人口总量达2.44亿 连续三年下降	未
报告：中国流动人口总量达2.44亿 连续三年下降国家卫健委22日发布《中国流动人口发展报告2018》。《报告》披露，从2015年开始，全国流动人口规模从此前的持续上升转为缓慢下降。2015年国家统计局公布全国流动人口总量为247亿人，比2014年下降了约600万人2016年全国流动人口规模比2015年份减少 ...全文	未
报告 今天想请个假	未
报告！今天早上新密不见了！别找了！	未
报告：俄首次成为全球第二大武器销售国瑞典斯德哥尔摩国际和平研究所（SIPRI）10日发布的报告显示，2017年俄罗斯10家企业所产武器的销售份额占全球前百大公司所产的9.5，因此俄罗斯成为2017年全球第二大武器生产国。报告：俄首次成为全球第二大武器销售国	未
报告：全球医疗植入装置问题多 三年害死逾千病人	未
报告！出新表情了！刚好微博通知我，上次有人非授权拿我文章举报成功了！谢谢你们，送你们一朵小花	未
报告剖析“小微企业融资难”：多层次融资服务体系开始形成	未
报告:去年我国共享经济市场交易额4.9万亿	未
报告发布用数据说话，直面老百姓眼中的公益职业！	未
报告！听说新出了草莓熊的爆米花桶！	未
报告命名以社会责任报告最多 近九成报告未审验12月10日，由商道纵横联合《每日经济新闻》共同发布的《沪深300指数成分股CSR报告实质性分析（2018）》报告正式对外发布完整版报告。报告研究发现，从报告标题来看，231份报告以社会责任报告命名另有13份可持续发展报告，3份环境报告书。2份报告既是社会责任报告也是环境社会与管治报告，1份报告同时为社会责任报告和可持续发展报告。从报告页数来看，最少的报告只有5页，最多的达到194页，平均页数为46页。近八成的报告页数在80页以下，其中超过三分	未
报告命名以社会责任报告最多 近九成报告未审验12月10日，由商道纵横联合每日经济新闻共同发布的沪深300指数成分股CSR报告实质性分析（2018）报告正式对外发布完整版报告报告研究发现，从报告标题来看，231份报告以社会责任报告命名另有13份可持续发展报告，3份环境报告书2 ...全文	未
报告大伯大妈们，今年省政府派给舟山的这些养老实事已完成！	未
报告：应届毕业生期望月薪5331元 比去年低78元	未
报告张老师 我愿意魂穿Visa 网页链接	未
报告：我国工薪人群超时工作率高达 42.2。2017 年我国工资劳动者超时工作（净工作时间大于 8 小 时）相当普遍，超时工作率高达 42.2。其中，非正规部门低收入者低学历者制造业从业者生产制造及有关人员的超时工作尤为严重。(21)	未
报告：我国工薪人群超时工作率高达 42.22017 年我国工资劳动者超时工作（净工作时间大于 8 小 时）相当普遍，超时工作率高达 42.2其中，非正规部门低收入者低学历者制造业从业者生产制造及有关人员的超时工作尤为严重(21)	未
报告：我国工资劳动者超时工作率高达 42.2%	未
报告，我已经全面退出了！	未
报告，我留队了，我想说	未
报告，抓拍到一个鼻涕泡	未
报告披露2017年金融和企业审计查出问题情况	未
报告指：二手车全国大流通渐成主流 跨区域溢价逾两成	未
报告文学要将目光投向城市	未
报告显示，2017年，北京市户籍人口和外来人口实现双降，北京全市的常住人口为2170.7万人，这其中65岁及以上老年人口占比超过十分之一，近20多年来，北京人口一直维持在10以下的超低生育水平，当前大约有四个劳动力需要抚养一个非劳动力。从区级人口密度情况来看，2013年至2017年中心城区人口密度有所下降。北京人口蓝皮书发布：核心区人口密度下降6.4	未
报告显示：英国年轻人购房依赖父母比重大幅增加	未
报告显示：英国年轻人购房依赖父母比重大幅增加英国智库决议基金会4日发布的调查报告显示，在过去20年中，英国年轻人依靠个人储蓄购买首套住房难度加大，父母银行在年轻人购房中的作用日益明显报告说，目前，英国27至30岁的年轻人若仅依靠个人储蓄购买首套住房，大约需要18年的时间而在20 ...全文	未
报告，晚上9点广州已经起风，南部沿海还要再等等冷空气真的是来了，而且会乱来，所以你们明早起床添衣了广东在等一场像样的冷空气	未
报告！有人想偷带一坨屎上飞机！ 等等.... 这坨屎好像值15万......	未
报告，河南各地雪景图来了！	未
报告：消费者了解及购买保健品的信息获取渠道85%来自微信	未
报告称2018年手机银行用户比例首超网银 你常用的是啥？	未
报告称“90后”容易被网红博主“安利”	未
报告称十三届全国人大一次会议期间代表所提建议全部办理完毕	未
