徐州推进市区棚改拆迁遗留项目“清零”	未
徐州某地电动车车祸合集，太吓人了都该看看！	未
徐州棚改拆迁扫尾！城东城西城南城北这些地方都要拆了	未
徐州沛县开展慰问一线环卫工人活动	未
徐州泉山：深化“放管服” 惠企便民不止步	未
徐州：“老赖”为十多万赔偿款躲四年 执行干警千里追击	未
徐工机械出口国际矿业巨头俄罗斯KBA公司	未
徐工起源于许世友麾下的一个兵工厂，89年是两万多人，现在还是两万多人，但是已经发生了天翻地覆的变化，规模也大幅增长，现在徐工利用全球资源，聘用海龟3000多人，去年我们排在全球第六，连续多年排在全国行业第一，去年的今天，领导来到徐工，提出了五点要求，徐工肩负做优做强，振兴实体经济的责任。	未
徐帆前任曝光，原来是大家熟知的他，难怪冯小刚决口不提她的往事	未
徐彪：关于政治局会议的几点误解和对当前市场的看法结构上来看，中央经济工作会议对市场板块的影响，主要在于中长期，比如15年提到的供给侧改革，短期内市场并没有过多意识到这一政策的重要性，但是长期确实非常重要。而会议中提到的内容是否会对短期产生较大的影响，或者带来较多的主题投资机会，取决于这一内容是否超预期出现在文件中。徐彪：关于政治局会议的几点误解和对当前市场的看法	未
徐徐道来话北京听91岁孙婉容讲爷爷如何成为孙无敌！	未
徐志摩丨我所知道的康桥	未
徐志摩为了养陆小曼，曾多次向张幼仪借钱，张幼仪总喜欢说一句话	未
徐志摩的《好久不见》读着读着心就碎了	未
徐悲鸿油画《愚公移山》以2.088亿被买下 此前曾流拍	未
徐悲鸿的知己梅兰芳	未
徐昌兴：通过扶贫扶志帮扶 退出贫困户	未
徐明棋：科创板要和自贸区扩区、对外开放联系起来	未
徐景和副局长会见来访的世界卫生组织药品监管和卫生技术司负责人埃默库克女士等一行	未
徐景和副局长会见来访的世界卫生组织药品监管和卫生技术司负责人埃默库克女士等一行2018年11月27日上午，国家药品监督管理局副局长徐景和会见了来访的世界卫生组织（WHO）药品监管和卫生技术司负责人埃默库克女士WHO驻华代表高力先生等一行，就WHO疫苗国家监督体系（NRA）评估工作的准备情况进行了探讨。 徐景和副局长会见来访的世界卫生组织药品监管和卫生技术司负责人埃默	未
徐景颜不再担任聊城市委书记，另有任用	未
徐景颜不再担任聊城市委书记 已任济南大学党委书记	未
徐景颜不再担任聊城市委书记，已到任济南大学党委书记	未
徐景颜任济南大学党委书记(图/简历)	未
徐朗，一个从外貌到智商都可以和坂本媲美的男子，我不允许还有人不知道他！罪案心理小组X今晚8点更新 ，看徐朗耍帅破案一个不落网页链接	未
//@徐林书-易迪投资:美方三零二不一允许的核心诉求一点没松动，只是维持现状，1月1日关税不从10增加到25中方为此付出的代价是巨额采购，换取三个月的缓冲期，过个好年。	未
徐根宝:武磊在欧洲顶多能拿100万欧 面对国内球员身价乱象的情况时，徐指导说：我在西班牙这两年很清楚，马竞普通球员的年薪也就50万欧左右（约合390万人民币），武磊顶多能拿100万欧，已经很高了，现在国内的市场不正常。体育V势力	未
徐根宝的话，该听！但现在，他要自己决定了...	未
徐梦洁徐梦洁横冲直撞20岁 都要都要，抱走我的小彩虹。@火箭少女101_徐梦洁	未
徐梦洁横冲直撞20岁 徐梦洁 @火箭少女101_徐梦洁 [给你小心心][给你小心心][给你小心心]和小彩虹共赏突尼斯的夜空	未
徐水人疯传！县医院工作人员捡到一女婴真相来了..	未
徐水便民信息汇总033期 招聘求职房屋车辆二手...	未
徐水便民信息汇总034期 招聘求职房屋车辆二手...	未
徐水便民信息汇总035期 招聘求职房屋车辆二手...	未
徐水便民信息汇总036期 招聘求职房屋车辆二手...	未
徐水便民信息汇总038期 招聘求职房屋车辆二手...	未
徐水周边县副县长派出所所长充当保护伞细节曝光！打掉田氏家族黑恶势力团伙！	未
徐水大王店镇抓获一名逃犯，只因他干了这件事	未
徐水奇葩事:三辆车长期停在公路中央！这是咋回事	未
徐水征地公告！涉及这三个镇多个村庄	未
徐水征地公告，涉及这几个乡镇！附补偿标准！	未
徐水最新征地公告，涉及这村 ，看有你家没	未
徐水漕河景观带观赏林已经开始建设，土地流转费是这样的	未
徐水这村人注意了！你村建设用地使用权要注销了	未
徐水这项目没有施工许可证就施工，胆够大！	未
徐汇区域内的这家事业单位招聘，即日起可报名！	未
徐汇区域内的这家医院招聘82人，现可报名！	未
徐汇这个地方新建一个商办项目，规划设计正在公示	未
徐汇这个老小区加装电梯！规划设计方案正在公示	未
徐特立：常读家国书，莫为无益事（家风家训）	未
徐盐铁路盐城段铺轨 预计明年4月底前完成铺设工作	未
徐磊你不要以为我们没有发现你在凑字数	未
徐秀棠谈紫砂行业：对于“市场经济”需要冷静看待	未
徐翔旧部新动向：泽熙前研究总监史朝兴成立私募上海慈阳投资	未
徐芝文任中共达州市委副书记	未
徐说《千字文》洪钟大吕，大扣大鸣	未
徐贤辅：参与总结社会治安综合治理经验	未
徐贤 香港FM A区 D区转票	未
徐贤 香港场fm D区转票	未
徐锦江回应红帽子白胡子老人，哈哈哈哈哈确认过眼神，是我想等的圣诞老人	未
徐锦江回应红帽子白胡子老人 哈哈哈哈本尊回应了，从雷神海王到圣诞老人，徐老师很忙 你们是不是在等一个红帽子白胡子的老人	未
徐锦江回应红帽子白胡子老人哈哈哈这届网友又魔鬼了！	未
徐锦江回应红帽子白胡子老人等一个红帽子白胡子的老人微博视频	未
徐锦江搞笑回复撞脸圣诞老人 粉丝:撞脸半个演艺圈	未
徐锭明：中国能源领域如何进一步改革开放？	未
徐闻交警深入乡镇开展122宣传日活动	未
徐闻交警深入学校开展交通安全宣传活动	未
徐闻县公安局召开粤警行动计划工作收官冲刺会	未
徐闻县纪委召开纪检监察干部家庭助廉教育工作会议	未
徐闻将于11月30日至12月3日暂停办理户口和身份证业务	未
徐闻这个贫困落后村，近年来发生巨大变化，看看是你们村吗	未
徐闻连续低温降雨，交警全员上岗，疏堵保畅！	未
徐静波：深圳取代香港是一个错误的思路	未
徐骏敏：24岁，不能再指着政策踢球了2017赛季联赛后期，徐骏敏作为U23球员基本失去了首发位置，即使出场，得到的机会也不是很多。当时，外界都不看好徐骏敏，甚至有媒体说，他对踢球已失去了兴趣。但今年在申鑫，朱炯帐下，他成为了绝对的主力，尽管还没到最佳状态，但至6球5助攻的表现也称得上可圈可点，而申鑫最终也得以成功保级。24岁不小了，不能再指着政策踢球了，可以竞争了，本身足球就是一项竞技运动，大家都出来踢踢看，不存在什么靠政策踢球，有实力的自然能出场，不用怕竞争。94年的徐骏敏已非U23适龄球	未
徐麟对新时代的新闻发布提出观点	未
徐麟履新国新办主任后首次开“Party”	未
徐麟履新国新办主任后首次开＂Party＂ 400余人出席	未
徐麟担任中央网信办主任 鲁炜不再担任	未
徐麟：新时代新闻发布应做“四者”	未
徒步8公里寻访81年前的“南京安全区”	未
徒步大会父子山站鸣枪 市民一边健身也不忘环保	未
徒步太行托梦沟环游	未
徒步记：德胜村至黎川县城	未
徒步这条路，为何成了一条不归路	未
徕卡LS15图像测量电子水准仪，测量人员不用再辛苦的弯腰看目镜了	未
得一分真难体育V势力	未
得不到回应的热情，要懂得适可而止不亏待每一份热情，不讨好任何的冷漠 当别人不需要你的时候你要学会自己走开，多一点自知之明少一点自作多情	未
得不到的永远在骚动 被偏爱的都有恃无恐试试	未
得了晚睡的病，还好有早起的命。略略略晚安旅行 带着飞猪去旅行	未
得了糖尿病，要戒米饭包子馒头面条烙饼吗	未
得人惊！路边2条过山峰打架！没人敢抓...	未
@得儿了个得儿得儿：早晨在被辆电动车的抹了一下，就那么看了我一眼，骑车就走。我给她挤到马路边倒边上，摇窗户问她你走嘛，大姐就那么看着我，还蹭着我车往前走，我也不敢愣别她，真别倒了她该说我撞她了。然后我问她你走嘛，下来看看，这大姐说了句我就走，抬着电动车上了边道往反方向就走了，大姐 ...全文	未
@得儿了个得儿得儿：早晨在被辆电动车的抹了一下，就那么看了我一眼，骑车就走。我给她挤到马路边倒边上，摇窗户问她你走嘛，大姐就那么看着我，还蹭着我车往前走，我也不敢愣别她，真别倒了她该说我撞她了。然后我问她你走嘛，下来看看，这大姐说了句我就走，抬着电动车上了边道往反方向就走了，大姐挺有经验啊。我就想吐个槽，这事儿肯定是自认倒霉呗。这年月车撞人了跑了叫肇事逃逸，电动车撞了汽车，没事儿啊，随便撞，没地儿说理呗。	未
得分上双！纪录差点断了	未
得到前得到后失去后你们是不是也一样	未
得力20支替换芯加送一支笔5.8可以拿来消灭小红包	未
得加钱 微博视频	未
得叻 体重曝光	未
得妹儿的狗牌上有姓名性别生日，估计背面有联系人电话，还有个银色的小铃铛	未
得帆科技拿到JH Audio国内代理权，而且19年可能会带中国媒体到美国开发布会以后JH的定制可能会在很多歌唱类节目中看到，qdc瑟瑟发抖	未
得抑郁症了，啥也不想干，连开车都不想开，花钱雇了个司机，一个月一万块钱，每天晚上负责开车拉我出去吃饭，贵吗	未
得此签者，否极泰来	未
得润电子：拟9800万元转让得康电子28%股权	未
得知34年前抛弃的儿子年薪55万，她找上门去......	未
得知Mate 20可以破解Bootloader后忍不住想买一台，虽然开源的内核代码是残缺的但又不是不能用，于是我就试着把内核编译了一下，结果发现不规范语法的低级错误多到惊人，注释符号写错和大量的未使用变量就不说了，void类型返回和传入参数类型错误也很常见，有头文件不去引用非要自己重新定义一遍宏就报个几十个重复定义的警告，还有这种堆栈超过内核限制的...几百个各种各样的warning吓得我把Mate 20从购物车删除了，感觉省电精灵只是冰山一角...	未
得知中宣部解冻游戏版号 韩国游戏公司乐了21日，中宣部出版局副局长冯士新宣布：首批部分游戏已经完成审核 正在抓紧核发版号。受消息影响，港股腾讯控股直线拉伸，转涨近4。然而反应更大的是韩国公司，但凡进入中国市场的韩国游戏公司股价都随之暴涨：韩国网婵公司计划在华推出MU系列游戏，截至今日收市，其股价上涨13.4wemade游戏公司股价上涨11.76欲以黑色沙漠进军中国市场的PearlAbyss股价上涨6.79网石游戏上涨5.05NCsoft上涨2.67。韩国游戏行业人士表示，中宣部此	未
得知二驴被ks官方屏蔽后，天道坐车中落泪！天道澄清吴迪直播间无协议！力挺发声：不排除有人背后使坏。	未
得知前女友有了新男友会是什么感受结局看哭了...	未
得知真相，她蹲在墙角撕心裂肺地痛哭今天，你必须了解这件事！	未
得空咩！三江县长在央视喊你们来三江喝茶咯！	未
得罪不起，辟谷已经是一门生意，断人财路如杀人父母//@种屁屁的五毛钱:@全真道士梁兴扬 道长快用大猪蹄子敲醒他们	未
得罪的人成了自己的顶头上司，怎么办这三个方法也许能救你一命	未
從今天早上在上海工作到現在已到了機場去成都，我已經20個小時沒睡過！然後一下飛機立刻就去工作，凱琪再十二個小時後妳就能回酒店睡覺了！我和我的團隊們加油！	未
御东文慧园小区多家被盗金银首饰，竟然是他干的	未
//@御前四品带套护卫://@婊子你的假胸歪了://@课代表东东酱://@风吹铃铛响叮叮:行//@大神说:忽然励志//@遥天依黛岑:我觉得我每天都在成长//@哈哈只会哈哈:怪不得我老觉得自己煞笔//@我在蹲坑的路上:这么一说，我成长得挺快的	未
御家汇终止收购北京茂思股权 重组方案曾两度被深交所问询	未
御庭：授之以鱼不如授之以渔	未
御景城与四小之间的平房关于拆迁问题，赵官镇锦川社区天然气问题.....政府给予回复！	未
御蒙新能源玉门市煤改电整体方案提供商	未
循线追查确保除恶务尽	未
//@微ai笑：腾讯视频中有完整版，纪录片《王朝》狮子特辑，这两只雄狮本来就是俩兄弟，还没有成年，一只小狮子单独跑出去玩被鬣狗围攻，另一只察觉后过来帮忙。后来俩兄弟成年后便一起离开母狮去闯啦。推荐看完整版，很棒的纪录片	未
【微也足道】为什么说"人能弘道，非道弘人"？	未
微云台：最新社保个税新政资料大全！（个税计算工资模板避税方法）	未
微云台汽车：1月起开车上路，不认识这几种线，给你10本驾驶证，分也不够你扣	未
微互动2018年要过去了，是时候总结一下了。来，对2019年的自己说一句话	未
微互动天气越来越冷大家和我说早安也越来越不积极了，说说周末你为什么早起	未
微互动提起你的家乡，别人一般会想到什么	未
微互动提起你的家乡别人会想到什么_________。	未
微互动本床仙不想起床让我冬眠一个上午每天都会被床封印休想把我和棉被分开，在下床仙，让我看看有多少仙友	未
微互动诚沟通治理交通拥堵大家谈为治理城市交通拥堵，2018年以来，@深圳交警 在相关路段路口采取了潮汐车道HOV车道借道左转等多项交通组织措施，为让市民全面了解这些措施， 12月20日下午，@深圳交警 将组织相关部门，通过微博开展互动活动，对于你身边的出现的道路拥堵的情况，你 ...全文	未
微互动诚沟通治理交通拥堵大家谈深圳北站实施3分钟即停即走管理措施。为缓解深圳北站周边道路的交通拥堵，解决致远中路的违法停车问题和缓解交通拥堵问题，满足广大市民的出行需求，@深圳交警 协调龙华区政府深圳市交委，将深圳北站西广场负一层的原出租车通道改为上落客通道，同时在深 ...全文	未
微互动诚沟通治理交通拥堵大家谈红荔-华富路口实施移位左转。红荔-华富路口位于福田核心城区，毗邻华强北商业区和深南大道北环大道皇岗路等城市主干道，对内对外交通需求巨大，早晚高峰期间交通需求严重大于该路口的通行能力，华富红荔路口的拥堵严重，是通行需求已超过传统四相位路口通行能力极限的问题，使用传统的治堵手段已经无法解决该问题。经多次进行现场调研及流量分析，于7月31日正式在北进口实施移位左转，通行能力提升，排队长度缩短，路口运行平稳。	未
微互动诚沟通治理交通拥堵大家谈龙华区部分道路限制教练车通行。为改善龙华区部分道路的通行环境，@深圳交警 交通处道管科经过现场勘察，对龙华区部分道路限制教练车通行：德政路（石岩外环路以东路段）石龙仔路浪荣路浪花路浪腾路浪宁路浪静路浪奔路石凹路每天0时至24时 ...全文	未
微互动诚沟通治理交通拥堵大家谈龙华区部分道路限制教练车通行。为改善龙华区部分道路的通行环境，@深圳交警 交通处道管科经过现场勘察，对龙华区部分道路限制教练车通行：德政路（石岩外环路以东路段）石龙仔路浪荣路浪花路浪腾路浪宁路浪静路浪奔路石凹路每天0时至24时限制教练车驶入，已完善相关道路的交通标志标线，并发布公告进行公示。	未
微众Xcoco奶茶小程序搜coco都可手机点单现在有个活动首次充值20立即返现20（需要微众卡）虽然你已经可能开了微众卡不过还是要天身份信息和银行卡。返的20可以提现，点余额即可。	未
微众税银董事长赵彦晖：征信才是解决小微融资难的关键	未
微信514位好友，一条信息就看出了人性	未
微信QQ宣布暂停这功能！网友炸开了锅	未
微信一统天下的年代，谁还在用和飞信集团客户吗	未
微信上发这些给你的，说明TA想你了	未
微信上疯传的广西纸片楼视频来了！最薄仅43公分你敢住吗	未
微信上这3个开关一定要关掉，好多人却不知道，难怪手机越用越卡	未
微信与民生银行互撕，砸伤的是用户也是自己	未
微信与民生银行各执一词  神仙打架岂能总是用户买单	未
微信与银行互撕：发红包、转账、支付收费大揭秘，到底谁吃谁？	未
微信与银行互撕：红包转账支付收费大揭秘，到底谁吃谁	未
微信之父张小龙在年会讲段子，大佬的话承包了我一整天的笑点	未
微信也能交电费啦，内江人从今天起再也不用去营业厅排队啦	未
微信借钱又出大事啦！赶紧传播，谨防上当！	未
微信公众号要好好管一管，我在一个老人家居多的群里潜水，偶尔会翻开了看一看，老人家们在不断的转发各种垃圾文章，震惊，你不知道的秘密，快转，马上会被删之类的，捕风捉影，似是而非，我好几次想冒泡劝说，最后都忍住了，毕竟都是长辈，我老三老四说话，不大好。	未
微信出新招！合议机制能解决公众号洗稿顽疾吗	未
微信初秋看这个微信初秋的意思，就是她可以撒泼打警察，警察就不可以制服她这早已经不再是女权，而是特权了！北上广深妖怪很多，有钱人多嘛，觉得自己有钱，就法律警察都不放在眼里。上次上海也是有个女的和警察争执，殴打警察，最后被暴力制服！不服看视频：网页链接	未
微信又有新动作！人肉打击洗稿真的靠谱吗	未
微信可以报警了，视频语音图文都可以！！！	未
微信和QQ邮箱即日起暂时下线漂流瓶服务，专项清理色情内容！	未
微信和QQ邮箱即日起暂时下线漂流瓶服务，专项清理色情内容	未
微信团队回应卖蜂蜜网红杨霞事件：已对涉欺诈账号封号近日，一篇名为那个叫杨霞的女人，你在某某地方火了！的微信文章在朋友圈走红文中称杨霞从小生活在大山里，后带着女儿前往大城市打拼，有了一番事业后，有感于市场上所售蜂蜜质量不佳，决定回乡卖土蜂蜜，找回儿时纯真的味道 ...全文	未
微信在手 什么都有？	未
微信大改版   你们微信更新了吗	未
微信大改版，你们更新了吗感觉怎么样	未
微信大改版 你更新了吗	未
微信大改版你更新了吗我想回去 就不能做点有用的改版嘛例如增加一下删除朋友圈评论功能	未
微信大改版 张小龙更新朋友圈状态：你未看此花时，此花与汝心同归于寂你来看此花时，则此花颜色一时明白起来。王阳明	未
微信大改版微信大改版！网友:怎么改都不喜欢...	未
微信大改版明星ALL榜 有多少人后悔更新微信了增加强提醒功能据说语音也增加了英语粤语功能背景也太突兀还是老版看着顺眼儿啊吓的我赶紧关闭了自动更新功能	未
微信好友称朋友圈美女随他选，小伙挑了一个后惨了	未
微信好友称朋友圈美女随便选 小伙挑了一个以后惨了	未
微信官方：即日起，暂停漂流瓶功能相关服务	未
微信官方：即日起暂停漂流瓶功能相关服务	未
微信官方辟谣：当日现金交易5万元以上才要上报（划重点！是现金交易，不是微信支付）。个人客户当日交易50万元以上才要上报，2019年，争取每天不超过50万，对，49万就可以了[得意][得意] 官方辟谣：微信支付5万以上的交易会受监控根本没有... 官方辟谣：微信支付5万以上的交易会受监控根本没有这回事 网页链接	未
微信家长群成了宫斗现场	未
微信封号删帖没标准。//@用户5814451211: 说明微信自我阉割//@周蓬安:回复@怀念童年64059:在人民网上能发的文章，至少说明不违规违法吧//@怀念童年64059:严格审核留存的文章能是好文章吗//@周蓬安:回复@爱股玩球:不知道。我的所有文章，都在需要严格审核的人民网留存。	未
微信小游戏一笔一连	未
微信小程序负责人：不希望资本玩法催生泡沫作为小程序开创者，微信走在前面：2亿日活跃用户100多万小程序超过150万开发者，生态雏形已经显现。但到今天，微信也需要回答更多问题：如何平衡开发者诉求和用户体验之间的关系入局的玩家越来越多，微信如何看待竞争 微信小程序负责人：不希望资本玩法催生泡沫	未
微信就算有了零钱通，现在也动不了余额宝	未
微信巨变！这些变化你都了解吗？网友：可能又要重新教爸妈了……	未
微信开通新功能：邀朋友进群需群主同意	未
微信张小龙：互联网充满套路 善良比聪明更重要	未
微信情侣头像	未
微信-我-钱包-火车机票-1元打车卡 21号的16点还有10万张21-20打车券，有需要的同学提前定个闹钟蹲下	未
微信手续费涨价 民生vs微信到底孰是孰非？	未
微信扫玩小游戏有机会中1元	未
微信扫码支付可缴税费	未
微信扫阅读原文拆福袋，有机肥得2元话费非秒到，联合利华餐饮策划公众号的，之前几次话费充值最后都到了	未
微信摇一摇找的男朋友，被强上了，内射，还不敢报警，怎么帮助她分享这个来信，我是想普及下帮助别人的正确姿势：1，劝说，2，陪同一道去专业机构求助，可以经济上给予帮助，当然没钱就只陪同也行，3，劝说和陪同都无果的话，请保持好心态。首先不要气急败坏，指责受害人，这无意义，其次不要自责焦虑，把别人的人生当成自己的义务，然后不要心灰意冷，以后再也不帮了。最后也是最重要的，要懂得救助方法，尊重他人选择，保留自我生活。劝说和陪同救助都无效后，那就终止救助，不说恶言也不介入，抽离出来，默默过着自己的人生即可。下次如果	未
微信摇一摇，摇出一个美女合伙人，转账两百万开美容院，结果......	未
微信摇摇乐中了10000！@腾讯微信团队	未
微信支付商户平台上线区块链电子发票功能	未
微信支付宝等机构备付金下月上交央行	未
微信支付宝躺着赚钱日子到头了	未
微信支付扫码缴税上线  福建等三省一市全国首批试点18日起，由国家税务总局中国人民银行联合微信支付开展的微信扫码缴税（费）功能在湖南福建河南三省和青岛市率先试点，这意味着纳税人可以通过微信支付扫码一键交纳税费，高效的一站式办税成为现实。（福建日报）网页链接	未
微信新用法上线：欺诈骗保向国家医保局直接举报今日，国家医保局宣布微信平台举报通道正式开通，用户可以通过国家医保局微信公众号直接举报欺诈骗取医疗保障基金的行为详情点击：微信新用法上线：欺诈骗保向国家医保局直接举报	未
微信暂停漂流瓶功能 那些年，发生在漂流瓶中的大型翻车现场	未
微信更新到7.0了，发语音仍然没有进度条，仍然可以随意发语音，仍然可以发60秒的语音，仍然可以随意拉群，就是不知道传文件会不会仍然过期。	未
微信最新克隆语音骗局，已有多人中招！陆川人请注意！	未
微信有钱的赶紧关掉这个开关，现在知道还不晚	未
微信朋友圈及各网群在传播一段视频！原来是...	未
微信朋友圈的一篇文章我回答你就一个字，屁！这帮团伙究竟是什么人，那么盼着！我就想问，凭什么这邦恶人还冒充小崔团队愿上帝大大惩罚你们这些作恶之人	未
微信朋友圈里何来公众	未
微信服务号指引患者就医 人工智能导诊全程手机支付	未
微信、民生手续费“罗生门”： 支付机构压力与银行底气	未
微信疯传的一篇文章 （看哭无数人）	未
微信的心太大了，这是要玩三国杀 护城河	未
微信直播冬季取暖，小心生活里的煤气中毒！今晚7:40一起来听知识抢红包了！	未
微信看电视  巩留新闻	未
微信突然宣布：收费出新规，12月18日起执行	未
微信红包亲测1.02元！	未
微信红包亲测秒到账！	未
微信红包会不会也//@楚惜刀：淘宝都多久了，补三年算什么，补五年十年看大家哭不哭吧。还有微店	未
微信红包和转账的区别，别再用错了！	未
微信红包，看清一个男人的人品！	未
微信红包能撤回，还能发微信绿包了！	未
微信红包能撤回，还能发微信绿包啦！	未
微信红包至少3个！	未
微信约美女模特，十堰男子宾馆开好房，结果万万没想到	未
微信终于可以查朋友圈访客记录了！	未
微信终于可以查朋友圈访客记录了谁在偷偷暗恋你	未
微信群下起红包雨！8小时发了2万多！背后故事让人泪奔...	未
微信群家校矛盾剖析：作业是焦点 群里有江湖	未
微信群总是半夜讨论工作，我终于辞职了	未
微信群里看来的，这套路	未
微信聊天最伤人的不是呵呵，而是	未
微信聊天最伤人的，是这2个字	未
微信背景图	未
微信要想承载的梦想有点多，可惜哪个都没搞定	未
微信语音也能伪造快告诉家人朋友！	未
微信语音也能被克隆！女子验证父亲语音也上当	未
微信语音竟能克隆骗人大家要注意了！	未
微信语音竟能克隆骗人葵潭人要注意了！	未
微信调整公众号注册数量 个人只能注册1个公众号	未
微信身份证来了，新证太牛了！	未
微信身份证来了，新证太牛了	未
微信身份证来了，新证太牛了！明年将全国推广	未
微信身份证来了，明年全国推广	未
微信转完账就被骗子拉黑怎么办公安说这么做可能能追回钱！赶快记下来看到有公安的公号推荐了一套腾讯最新推出的处理被骗转账的方法，我试了一下所有程序都是真的，效果如何大家不妨记下来，万一碰到可以试试！本方法适用于所有Android系统及ios系统图1：打开微信发现，进入小程 ...全文	未
微信转完账被拉黑这么做可能把钱找回来！	未
微信转我两千块钱，有钱了一定还你	未
微信转账后被拉黑怎么办  只需一招搞定！	未
微信这项功能，于近日停用！引起广泛关注	未
微信这项功能，已停用！	未
微信追逃令  请粉丝们协助追逃！将肇事逃逸者绳之以法！！	未
微信里有钱的赶紧关掉这个开关，现在知道还不晚	未
微信里有钱，还绑定了银行卡的人，千万要打开这个功能！	未
微信里这个地方最好删掉，关乎你的人身财产安全，马虎不得！	未
微信隐私就是从这2个地方泄漏的，看完视频后马上去关掉！	未
微健康你真的了解面神经麻痹吗听听专家怎么说	未
微健康艾滋病其实并不遥远！你有正确认识艾滋病吗	未
微光大爱一个广东人，来到溧阳，埋头做公益的她到底图个啥	未
微党务新时代干部工作的总遵循新要求硬任务	未
微党建《中国共产党支部工作条例（试行）》	未
微党课党内法规的秘密，你知道多少	未
微党课党员应知应会内容集锦	未
微党课用群众语言谈革命	未
微党课透过这些文件看党支部工作都有啥	未
微公告12月三星堆博物馆综合馆将闭馆施工	未
微公告下周，天然气入户检查到这些地方！	未
微公告广汉城区所有公交站台线路信息已更换完成BUT！！7路车目前仍按照旧路线运行，请不要坐错站哟	未
微公告扩散！12月荥阳这些地方要停电，来看有你家没?	未
微公告荥阳市公开招聘政府购买服务人员面试公告	未
微公告荥阳辖区道路交通技术监控设备启用公告	未
微公告蓬安县2018年酒驾未处理的驾驶人名单	未
微公告请注意！下周一12:50至17:00，这些小区将停气	未
微公告  这些车站出入口信息有调整	未
//@微公益:希望谣言止于智者，更希望有好心人捡到了归还失主//@听障儿童公益救助行动:一起寻找人造耳蜗 科普一下人工耳蜗的常识：人工耳蜗的组成分植入体和体外机，体外机丢失后，首先我们要极力的去寻找，因为它价值万元其次，如果真找不到，只需要匹配一个体外机即可，不需要开颅手术。	未
微公益真的不要钱了！这家超市的东西随便拿	未
微公益行动不要让天使的翅膀折断救助岁女孩孙雨萌！（附第一批捐款人名单）	未
微公益行动第一批捐款人名单	未
微关注2018年内蒙古三批300人终生禁驾人员名单出来了，看看有你认识的吗	未
微关注今天，你有没有被青川雪景照片刷爆朋友圈！	未
微关注元旦火车票开售！这些放票时段你得知道	未
微关注再见了，飞机！超级高铁要来了！汨罗人以后到北京只要20分钟	未
微关注厉害了！黄山这个村有600多人在欧洲经商！	未
微关注@所有莱阳人，这个电话来了，请一定要接！	未
微关注正在公示！黎阳这个地块规划建设7栋住宅楼！	未
微关注汨罗还没生娃的注意！国家卫健委宣布了一个大消息(附部分医院名单)	未
微关注男孩走失百里   他乡幸遇亲人	未
微关注黄山将新建一处商务办公建筑！正在公示！	未
微关注@黄山市民，您有一封信，请查收	未
微分享2018年的奇葩新闻	未
微分享再也不怕上错地铁了！快收藏高清地铁线网图@广州地铁 线网那么大，站点那么多，怎么能又快又准的找到想要搭地铁线路收藏这张广州地铁线网图呀，一图在手不怕上错车啦！教你如何找到高清大图	未
微医疗服药后别乱吃！医生为您罗列了这份忌口清单	未
微博20年的视频呢//@耐基的精分现场://@一屿千言:妈耶这是啥！！//@低温火焰环游记:是真的很厉害的痕迹！//@今天戒饮料:这是咩	未
微博 web 版的 CSS 应该是没人管了：	未
微博上传视频的时长被限定在了15分钟之后，很多优秀的访谈节目便无法一次上传了，这对于喜欢观看长视频的瓜民很是感到沮丧，确切地说应该是对于喜欢上传这类长视频的额来说尤其如此。因为，将长视频切割以后再分次上传，就明显少了一种激情，更有一种被压抑的赶脚。虽然是快速阅读的时代，信息被瞬间传递，但是优秀的长视频依然还是有其特定的群体的。但愿微博能务实地考虑这个问题，哪怕将时长延至20分钟也可以呀	未
微博上有一群人到处评论，强烈要求孟女士是加国人//@海狼是天才ABC: 澄清靠老外。//@主笔唐驳虎:	未
微博上有很多科普博主和知识博主，分享的科普知识很全面，而且很多都是免费的，不要再被这些迷信骗了。//@嘉哥没有英文名:别说了 我今年交挺多这种智商税了	未
微博上有环保三老剑客，@巴松狼王@生态梦人@何春银微想，前两位已退休，后一位马上退休，都是局处级领导干部。为了清新空气干净水源，这三个老头不计名利不计得失地死掐，他们是真正的共产党员，我尊敬支持他们。	未
微博上的互联网公司老板可以看看	未
微博不就在干这件事吗。	未
微博不是实名的吗找起来有这么费劲	未
微博不能发图片咋回事啊	未
微博中国一个社会如何对待老人孩子，是这个社会文明的体温表。在大街上，马路上，如何对待一个老人，是对一个司机和路人的体温表。一个老人，过马路，大多会跨绿灯黄灯和红灯的的时空，怎么办责怪老人吗责怪电动车司机吗如果她是您的奶奶，母亲，不会有那么多的如果。您说呢 查看图片	未
微博中国国务院扶贫办：贫困县摘帽后不得搞庆祝活动国务院扶贫办近日印发通知，要求规范贫困县脱贫摘帽有关工作。通知明确，贫困县脱贫摘帽后一律不搞摘帽庆祝活动，不拍摄摘帽专题宣传片，不开展以摘帽为主题的相关活动。via@国务院扶贫办（新华社）网页链接	未
微博为了防止kol不交保护费发广，这两天又开始框框限流。尤其是今晚。但感觉双十二没啥水花啊，反正我是没有购买欲望生活用品都买差不多了，衣服说实话，网上的款式看来看去大家都差不多，会选择熟悉的信任的随时买。真的累了。一茬一茬的薅，总得给点时间让人长长毛啊	未
微博之夜李易峰杨幂笑谈自拍 baby指邓超为黄晓明	未
微博人生 @MINOTTI-L Minotti 李熙 于2018年12月2日5：50在东方医院因病离世，享年39岁。早期他是去哪儿网最出彩的酒店试睡员，行云流水的文字分享着自己视角下的每一次体验，有人说会摄影师都有会发现美的灵魂，在他的镜头下，却总能看到灵魂之美。他5月25生日，是典型的双子男，多样性洞察力开朗机智宽大魅力，都是他的特征。在生活中开朗大方，家庭和睦，从丈夫到父亲，角色的变换使他更加稳重，在事业上独特的视角，也有一种独有的魅力。他掌镜的美食美景仿佛是一副画卷，在他的眼下，我	未
微博今天真的是过年信息量太大了	未
微博公开课了不起的中国制造12只大蜗牛壳全部安装焊接完成！近日，乌东德水电站12台高强钢蜗壳全部安装焊接完成！这个大蜗牛壳是做什么的蜗壳是反击式水轮机的主要引水部件，用于将水流均匀地引入转轮并形成环量，从而有利于机组稳定运行和提高发电效率。	未
微博公开课 了不起的中国制造 2019年1月5日起全国铁路将实行新的列车运行图调图后，全国铁路共开行动车组列车日常线2847.5对周末线221.5对高峰线382.5对，对应日常运行图开行动车组列车2847.5对周末运行图开行动车组列车3069对高峰运行图开行动车组列车3451.5对，高铁运输能力较调图前提升约9。 年底前10条新线投入运营！明年1月5日铁路实施新运行图	未
微博公开课了不起的中国制造22.5分钟通达！济莱高铁下月全线开工，2022年底通车近日，山东省生态环境厅网站发布《新建济南至莱芜高速铁路项目环境影响报告书》，济莱高铁详细规划浮出水面：2018年12月开工，工期48个月，2022年12月建成通车。届时，济莱最快22.5分钟通达。济南将新建港沟站，位于万达文旅城以东，预留济泰线路引入条件。项目总投资170.7亿，上跨济青高铁石济高铁绕城高速，桥梁占比为41.87，隧道占比为35.47。	未
微博公开课 了不起的中国制造 世界首例！中国在雄安给特高压输电线路动手术雄安新区1000千伏定河线迁改工程是国际上首次1000千伏等级线路的迁改，过程中采用海拉瓦技术，将影像变为三维数字模型。 世界首例！中国在雄安给特高压输电线路动手术	未
微博公开课 了不起的中国制造 中国有反导金钟罩，能将威胁消除于千里之外对于中程射程以上的导弹，中段拦截往往是在大气层外空间发生的，因此难度不言而喻。 中国有反导金钟罩，能将威胁消除于千里之外	未
微博公开课了不起的中国制造中央台新闻联播 ：陕北至关中750千伏送电工程贯通今天，陕北至关中第二通道750千伏输变电工程全线贯通，该工程以陕西榆林为起点，南至西安北，双回路设计架设，线路总长1565公里，年内投运后，将满足陕北电力送出新能源消纳等需求。	未
微博公开课了不起的中国制造中巴经济走廊首条直流输电工程开工！近日，中巴经济走廊巴基斯坦首条高压直流输电工程默蒂亚里-拉合尔660千伏直流输电线路在巴基斯坦南部信德省苏库尔市开工。该工程是南方电网黔送铁军目前中标海外项目中的最大工程。工程投运后将对缓解巴基斯坦电荒状况！	未
微博公开课了不起的中国制造临沂高铁又有新进展，菏泽区段开工，通车后去济南仅一小时最近这两年的临沂可谓是发展的越来越迅速，各个方面都有了明显的变化。其中，临沂高铁算的上是临沂近两年来的大项目了。毕竟，高铁的建成会给临沂带来不小的进步，为临沂市民的出行也大大提供了便利。目前，临沂高铁也已经建筑过半，并不时的传来好消息，这不，2018年12月10号，临沂高铁又传来了新动向，鲁南高铁菏泽至曲阜段的工程已经拉开了施工大幕。	未
微博公开课 了不起的中国制造 为了对付白色污染，中国科学家想出了这样一招中国科学家研发了一种可以在海水中降解的塑料，它的降解周期和降解方式，可以直接按不同的应用需求进行调控，最终甚至实现降解模式的智能化，能有效解决海洋中的塑料污染问题。 为了对付白色污染，中国科学家想出了这样一招	未
微博公开课了不起的中国制造交通部推行全国225个城市交通一卡通互联互通截至10月底，据交通部官方网站信息公布，由交通部牵头的全国31个省(区市)225个城市实现交通一卡通互联互通，以京津冀长三角珠三角等区域为重点，覆盖城乡的全国交通一卡通互联互通格局已初步形成。 交通部推行全国225个城市交通一卡通互联互通	未
微博公开课了不起的中国制造会破冰没有舵全球首艘极地凝析油船交付使用日前，由中船集团建造的全球首艘极地凝析油船在广州交付使用，标志着我国成为首个掌握极地凝析油船建造技术的国家。该船历时2年建造，载重为4.45万吨，能够在零下50摄氏度的极地严寒条件下，不需要破冰船的引航破冰前行。它没有舵，转向前进和后退都靠安装在艉部的2个全球最大的吊舱式推进器。据悉，该船交付后将服务于全球最大的亚马尔液化天然气项目，也是中俄一带一路经贸合作最大的投资项目。	未
微博公开课了不起的中国制造又一高铁轨道全部铺设完成！日前，由中铁十四局集团承建的鲁南高铁临沂至曲阜段1标段的无砟轨道铺设完成，至此鲁南高铁临沂段无砟轨道全部铺设完成。鲁南高铁东起山东日照，向西经临沂曲阜济宁菏泽，与郑徐客运专线兰考南站接轨。	未
微博公开课了不起的中国制造基建狂魔遇到中东土豪，不发生点什么都难！沙特当地时间2018年11月13日，沙特农业部库巴至哈撒净化水输水工程正式中交。2011年7月20日，沙特农业部净化水输水管道工程正式签署，这条185公里长的管线将由中国石化 设计并建造，可以说是极具挑战。此项输水工程，是沙特有史以来最大的水循环再利用项目，成功打通了库巴市生活污水处理厂到胡富夫市农业灌溉区，成为每天可输送20万立方水的黄金水道。在遍地流油的沙特，他们建造了一条大大大大大大水管！	未
微博公开课 了不起的中国制造 太空争霸赛苏联惨败，因这一火箭不敌美国，中国同款将送人上月球！目前，长征9号运载火箭完成了深化论证先期关键技术攻关阶段，如果一切顺利，长征9号预计将于2028年左右，在文昌航天发射场发射。 太空争霸赛苏联惨败，因这一火箭不敌美国，中国同款将送人上月球！	未
微博公开课了不起的中国制造川藏铁路拉林段冒雪施工忙12月18日，中铁十一局的工人在贡嘎雅鲁藏布江特大桥建设工地施工。当日，在川藏铁路拉林段工地，建设者顶风冒雪在贡嘎雅鲁藏布江特大桥上进行铺轨架梁作业。川藏铁路拉萨到林芝段是西藏第一条电气化铁路，正线全长435.48公里，设计时速160公里，预计2021年建成通车。	未
微博公开课了不起的中国制造柳南高速改扩建通车 六景大桥不再是通行瓶颈 六景大桥不再是广西高速公路通行的瓶颈！12月7日，柳南高速公路改扩建项目，在自治区成立60周年大庆前实现了全线通车，以往的瓶颈六景大桥，也随着六景至南宁那容互通式立交等配套设施的完善，变得更加便捷通畅，交通通行量可由之前的日均2.56万辆次，提高到现在的610万辆次。据悉，柳南高速公路改扩建后，设置了15处互通式立交系统，全线实现了双向八车道通行，成为了目前广西通行能力最强的高速公路运输通道。	未
微博公开课了不起的中国制造正式开港！中国交建巴基斯坦胡布电厂码头项目开始运营近日，由中国交建所属公司施工的巴基斯坦胡布电厂码头正式开港运营。胡布燃煤电站是一带一路倡议及中巴经济走廊框架下优先实施和积极推进的重要能源项目，其中码头工程的施工内容为设计建造两个1万吨级煤码头。	未
微博公开课了不起的中国制造沈阳地铁九号线进入联调阶段 预计明年上半年通车运营综合联调工作是在地铁正式运营前，对各系统设备功能进行必要测试检验各系统联动功能进行全面验证的一项重要工作。沈阳地铁九号线一期工程共设置23座车站1个控制中心1个车辆段，目前各设备系统已完成安装，正在开展综合联调工作。	未
微博公开课 了不起的中国制造 老司机告诉你，为啥火车不用安全带火车，尤其是时速高达250公里以上的高铁，之所以不像飞机和汽车那样拥有安全带，是因为根本不需要。 老司机告诉你，为啥火车不用安全带	未
微博公开课了不起的中国制造这家造车的央企在孟加拉建了座发电厂近日，由中国中车资阳公司承建的孟加拉最大的单体重油电厂阿苏岗杰150兆瓦重油电厂圆满完成100小时持续商业运行试验，成功并网发电累计超过1600万度。从此孟加拉的经济发展将注入充足电力！	未
微博公开课了不起的中国制造郑州市东三环快速化工程隧道段试通车 三环快速路全线闭合11月30日，郑州市东三环（107辅道）快速化工程隧道段建成完工。至此，市民无论从市区任何一个地方出发，15分钟内都能驶入井字 环形的快速路系统，再经过15分钟均可直达绕城高速京港澳高速或连霍高速，郑州交通正式步入半小时上高速时代。	未
微博公开课了不起的中国制造雄安站正式开工！预计2020年底投入使用12月1日，北京至雄安新区铁路雄安站开工建设。京雄城际铁路线路全长92.4公里，全线设黄村新机场固安东霸州北雄安5座车站。雄安站是其中规模最大的新建车站，预计2020年底投入使用。未来，该站可实现雄安新区与北京天津半小时交通圈。	未
微博公开课了不起的中国制造青岛地铁1号线即将开始铺轨 预计2020年全线通车地铁1号线建设又有新进展！11月26日，半岛记者从青岛地铁获悉，经过不懈努力，青岛地铁1号线流亭机场站瓦屋庄出入场线段等工区近日顺利完成铺轨基地建设任务，标志着地铁1号线即将迈入铺轨阶段。	未
微博公开课今天我们又锦鲤啦刚刚发布了头条文章：《白垩纪的出租车 中外科学家发现琥珀中的伪蝎搭车鸟类》白垩纪的出租车 中外科学家发现琥珀中的伪蝎搭车鸟类	未
微博公开课 最近嫦娥四号任务 快要出发，它的难度非常大，毕竟是人类首次挑战月球背面登陆，面对的风险是前所未有的。事实上，嫦娥四号的任务也不仅是眼前这次发射任务：早在今年5月21日人类首颗地月拉格朗日二点上中继卫星鹊桥号成功发射，它要为嫦娥四号做信号传递更早在2014年10月24日，我国就发射了嫦娥T1试验器，为鹊桥嫦娥四和嫦娥五做技术准备。怎么说呢，嫦娥四是嫦娥工程这么多年来准备最充分最复杂也最有意义的一个，希望一切顺利！人类看不到的月球背面，鹊桥如何为嫦娥四号照亮	未
微博军事 的红包抢中留评	未
微博单条点赞出现打赏：可随机打赏，一次不超过2000元微博点赞按钮处的态度增加到6种，但打赏却是实实在在的奖励。IT之家发现，微博点赞打赏初始状态是随机金额，大多数是几块钱，你也可以自定义打赏金额，但一次不能超过2000元。详情点击：微博单条点赞出现打赏：可随机打赏，最高不超过2000元	未
微博博主说短线的不多，也最难！说中长线的好说，点位差不多，就买呗，今天不涨，下月涨，下月不涨明年长。只要不恶意忽悠高位股，风险股，买点底部股都没大毛病！啥时涨了啥时吹牛逼！短线就不一样了，上午说的，下午就得验证，今天买的，明天就得听响。所以，说多了自然错的多。幸好，侠哥短线盘感还 ...全文	未
@微博台灣 最后一晚，舍弃标准五星级模式酒店，来到了这家在台北的网红酒店@带着微博去台湾 ，位于大安区，市中心地段，周边很多台湾当地艺人，如周杰伦五月天等开的潮牌店！带着微博去台湾带着微博去旅游时尚时尚博主穿什么台湾自由行 上衣：Cocoon裙：Sandro靴：Lucia Tacci酒店方面，减少了公共设施，加强城市旅人的房内设施。白色设计感觉超干净舒服时尚！房间面积够大最喜欢房间的那一大片落地窗。免费mini bar的选择也多元贴心，还有宽敞的浴缸好用的沐浴备品，花俏的业配卫生纸，和鞋柜内暗	未
微博吃不了的瓜，我们换个地方吃（wanghongjiemi_）	未
@微博客服 天天的老给我推送植发广告什么意思，不能精准一点儿推送吗此类广告请以后都推送给小刀口@玩加电竞-王者荣耀 好吗	未
@微博客服 @微博会员小秘书 @微博小秘书 硬塞一万多粉搞咩啊我怀疑有人要害我	未
微博寻人	未
微博律师的水平	未
微博微信预热，伍教授值班话题引来如潮提问	未
微博情话 人生如逆旅我亦是行人	未
微博情话 你可以懒到什么程度平时吃的水果都是橘子香蕉扒个皮就能吃水洗的基本不买。懒的吃早餐，一般拖到中午，一顿全搞定。周末不把寄几憋到内伤绝不上厕所。	未
微博战队还有没参与的吗换号做任务也可以送积分 差距并不大 前进一名多5张票呢	未
微博搜了一圈，发现会做雪花酥的人好多啊，可是为什么我的好朋友没有一个会做的，真是一群饭桶	未
微博搜索的两个问题。一是，在「搜索我的微博」的地方，输入的关键字有时候没带过去。另一个，想搜索自己的时间线内容，不知道怎么搜。一个是 Bug，一个是需求。	未
@微博故事@微博红包欠了我好几个红包，结一下账呗	未
微博新闻2018年11月28日周三	未
微博新鲜事云闪付APP异军突起藏秘密 ！ 一个小小的云闪付APP已经开启了中国银联由单纯的支付结算中介平台机构，向综合性大型金融服务商转型的康庄大道。寄希望于银联紧紧紧紧抓住这个千载难逢的机遇！微博赚钱季查看图片	未
微博新鲜事 发布了头条文章：《精准施策严防非法证券代币死灰复燃》 低门槛，放进来，严监管，谁的事说谁，谁违法查谁，谁的孩子谁抱走，在准入上全面放开，让市场主体多样性，激活市场各个主体。不搞一刀切，不搞把脏水与孩子一起倒掉。大v我来问华盛通 在监管上搞一刀切是走不出一放就乱，一管就死泥潭的根本原因。更应该引起极大重视的是，一刀切关闭式监管是市场中最不公平的。主要体现在，把守法者也当作违法者一刀切切掉。一管就死根本原因在这里。 精准施策严防非法证券代币死灰复燃	未
微博新鲜事 环球时报这篇文章很逗：中国经济有困难 但没说的那么糟中国经济下行压力显然在增大，但一些人发表的悲观看法要比真实情况夸张了很多。比如有人宣扬中国经济的实际增长只有百分之一点几，甚至已经是负增长，这样的发言不仅否定了中国国家统计局的全部工作，也与国际各经济分析机构唱对台 ...全文	未
微博新鲜事  让区块链的子弹再飞一会儿 ！也许应急中心有其出台的道理和理由不过，我还是坚持认为，即使区块链平台，也不要急于出台所谓安全技术标准或者要求因为，我们还没有认清区块链这个东东，再认识认识，再观察观察，也许更加妥当一些大V我来问华盛通	未
微博族群 的红包帅哥专享，性别改成男的就可以了！	未
微博是生意幌子呀，财经大V也是门生意！	未
微博智能版自动转发	未
微博某些军事博主的祖师爷	未
微博查违法司机被请@深圳交警机动训练大队 的蜀黍请到交警队喝茶！ 查看图片 //@深圳交警: 已经通知司机，司机下午到@深圳交警机动训练大队 接受调查！//@深圳交警: 这个该罚吗	未
微博查违法师傅，来来来，交警蜀黍请你到交警队喝茶 ！过来谈谈心！ 查看图片 //@深圳交警: 作为司机，你在路上看到这样的车尾灯，什么感受	未
微博查违法经@深圳交警机动训练大队 初步了解，司机称，夫妻二人行车途中吵架，妻子在后排，突然想下车，把后门打开，丈夫开车看情况不对，就马上靠边停车！//@深圳交警: 随手拍举报交通违法 时间地点提供一下，请@深圳交警机动训练大队 严查！这样开车，到底是想干啥	未
微博查违法经@深圳交警机动训练大队 调查，车牌不影响识别，司机表示，去年10月份在停车场被其他车辆磕碰，当时也不知道，后来才发现，没有报警，也没有报保险，民警已通知车主尽快到车管所更换铁牌！ 查看图片	未
微博正文 再一条新的水立方，在前排//@王源的铁血熊猫翻滚吧:水立方 新的 微博正文	未
微博正文，加热后排出反应堆内的铅铋合金液态金属冷却剂 查看图片	未
微博正文 戳进去卷发，今晚抽个给红包	未
微博正文控一下 热评前几不是自家！	未
微博正文 桥豆麻袋	未
微博正文，海豹用的还是TrackingPoint的那个瞄准镜//@边境计划firefly: 无畏这么改的a	未
微博正文 //@精神病院長15967:好像发过了	未
微博正文评论有黑，压一下，看清楚了，不要点赞 不要回复黑评！@TFBOYS-易烊千玺	未
微博正文这条我们前排热评莫名其妙消失了，现在点进评论，按时间排列找到我，集中捞我这条，试一下	未
微博正文里苹论里抓个宝送丽芙之心的手机包（不喜欢也可以折现88圆）	未
//@微博活动: 尊重和关爱残疾人士	未
微博活动日的下午//@松鼠会Sheldon:北京的宇宙学讲座！	未
微博湖北一场冬雨，一地落叶。	未
微博湖北截至目前，武汉市共有18家市区两级医院相继推出分时预约。	未
微博热搜暴露的真相，是你想象不到的残忍	未
微博热搜暴露的真相，是你想象不到的残忍(有书)	未
微博爱医日今天不采取行动，明天可能就无药可用！据统计，我国人均使用抗生素的剂量，高达美国人均量的十多倍，是抗生素第一大国。戳图，生病时碰到这些抗生素，要合理谨慎使用 免费问医生，戳gtgtgt12.1爱医日医生，我这个毛病怎治 每问一个问题将有1块钱捐给困难人群，你愿意参与吗	未
微博爱医日小心！这8种病，都是吃饱了撑的深夜烤串啤酒，一顿饭吃两三个小时，不知道吃多少才是八分饱吃太饱带来的远不止是长肉，更有可能致病！吃太饱有哪些危害参与12月11日爱医日，你每问一个问题，公益就会捐出1元给困难儿童，你愿意帮助他们吗点击 12.11爱医日谨防这些冬季健康杀手！	未
微博现在 16-22 岁占了41，23-30 占 40，这俩加一起 81，年轻人越来越多了大 V 的定义是粉丝规模大于 50 万或者月阅读量大于 1000 万。嗯，现在可以叫我大 V 了 北京国家会议中心	未
微博现在居然也可以打赏了，长按点赞，自己赏自己一块钱	未
@微博电竞	未
微博的大神们，有认识北京国贸物业的人么，我想给他们公司管事的反映点关于他们物业管理公司的个人借着业主装修伙同保安人员向业主索贿的事@国贸物业酒店管理有限公司 @国贸物业酒店-企业微博	未
微博的热门内容，观察了几天，真是一言难尽	未
微博的短视频保卫战	未
微博的隐私设置多了个允许我的微博在附近微博中显示的功能，是自动打开状态的，首页的姐妹，为了保护个人隐私，记得关闭。	未
微博真是处处陷阱//@GHLGDQS://@趴趴_龙://@先辈: 转需//@猫手小姐://@搅基专用号: //@空巢老精：扩散！！//@荷兰豆养殖专家:已设置//@-吸魂灯-://@MonoXia_OnlyHAHAHA://@沐时翎:转给首页	未
微博确实低龄化了，都给PO主这种人拉低平均值的//@江南大野花:一个白眼，想上演什么患难姐妹情深//@天真爱丽丝:哈哈哈哈不然呢 给你陪葬吗 //@扶南:哈//@北美小桥段:我瞎了么，这说的是啥//@专业戳轮胎熊律师: 什么傻屌思维	未
//@微博股票: 太扎心了财经V峰会	未
@微博股票 @微博会员 求解答。	未
//@微博股票:殷剑峰：中国经济周期已进入冬天，持续时间可能较长，明年国企会跟民企一样困难。微博赚钱季	未
//@微博航空:航空那些事儿 持续跟踪	未
微博被删了两次了，哎，身体乳我放到下次再抽叭	未
...... 微博视频	未
() 微博视频	未
。。。 微博视频	未
微博视频	未
微博视频 Mine	未
微博视频 念旧	未
微博购物 的红包	未
微博赚钱季  24岁的年轻人有三万如何理财这个年龄属于刚大学毕业不久的人，好不容易积攒了一点钱，这个时候理财的途径很多，有银行理财，余额宝，还有股市，也有P2P等等，我认为这个时候钱不多，就追求一点利率相对高一点的，而且年轻，也可以承受一点风险，不至于一次失败就爬不起来，可以将一部 ...全文	未
微博赚钱季 一百多个回答，看了一遍，都是什么人嘛，感觉没读过书一样，三万块怎么了我当初还只有三千呢，投资要趁早，这不是我说的，是所有的大师都这么说，人类历史上最伟大的东西是什么复利，这玩意随着时间的推移威力巨大，投资的时间越长复利越稳定，这就是投资玄妙的地方。相关的逻辑《漫步华尔街》里面麦基尔说的太详细了，建议初入门投资的好好找来看看，这里面的道路不一定是你非要选择的投资之路，但是里面论证的不恰当的道路绝对是应该规避的，本书从1973年出版以后到今天正好四十五年了，维基上说作者是1932年出生的	未
微博赚钱季 万丰奥威国轩高科 sz002074 等新能源汽车股都砸跌停，发生什么了	未
微博赚钱季 不管你是刚毕业的小青年还是已经有-年工作的小白领，在任何时候都应该要意识到理财对生活对人生的重要性。个人投资理财方式较多：定期国债受托理财基金黄金等做组合投资，不同产品的投资起点不一，对应的风险级别也不相同。第一：可以放在支付宝里面的余额宝里面，3万元存 ...全文	未
微博赚钱季 中国和其他国家最大的不同点就是人口众多，你不让人退休，无无疑就会压缩年轻人的工作岗位，增加年轻人的就业压力竞争，而中国又是处于一个高速发展的阶段，必须承认的事实就是年轻人拥有的活力无限，创造力和对新生事物的接受能力要远远超过老年人，国外不同的地方是，他们人口本来就稀少，如果退休早了社会上就会找不到就业的人员了，同时，国外很多发达国家的经济已经非常稳定，工作模式和创新都已经到了一个缓慢发展的阶段。某种意义上说即使年轻人拥有更强的活力，比起老人来说，对社会的促进区别并不大，所以，我强烈建议不	未
微博赚钱季 中国将对原产于美国汽车及零部件暂停加征关税为落实两国元首共识，根据中华人民共和国对外贸易法中华人民共和国进出口关税条例等法律法规和国际法基本原则，国务院关税税则委员会决定对原产于美国的汽车及零部件暂停加征关税3个月，涉及211个税目有关事项如下：  从2019 ...全文	未
微博赚钱季 从12月14号看到市场要走C浪杀跌的时候就一直让大家空仓观望，虽然中途存在小反弹的可能，比如昨天那样的，但是都是建议大家不要进场，因为作为一个经历过几轮牛熊市的老司机还是隐约感到危险的，很早之前就讲过市场两大未爆发的风险，一是美股走熊带动全球市场下跌，二是A股权重的补跌会让指数再下一个台阶，现在看市场下跌就是因为这两大因素造成的，所以有时候老司机的担忧还是要听的，不能存侥幸心理啊	未
微博赚钱季 估计破了2518还要恐慌砸一下，先看2500和2449吧，虽然存在短线反弹机会，但是反弹空间难以把握，再看看，防止恐慌性杀跌杀过头了	未
微博赚钱季你觉得房闹降价维权是否合理房价上涨惹人愁，房价下降遭人闹。不存在降价维权这个逻辑，所以也就不存在合不合理的问题，简直就是胡闹，是严重的违法犯罪问题。开发商与地方政府在这个问题上，所体现的妥协软弱做法，实际也反应了他们对房市降价不舍抵触的利益诉求。开始的时候，还巴不得多些人来闹，把自己打扮成悲情的受害者，然后据此向政府或者更上一级的部门要政策要扶持。他们都知道这是胡闹，是闹给政府看，闹给决策层看的。这是一个特殊的现象，吃瓜群众看个热闹就行了！！	未
微博赚钱季 公务员在普通人眼里貌似是一个整体。实际情况并不然，说难听点，也分档次的。前些年由于某些你懂的的原因，部分公务员的确待遇非常高。记得2000年左右还是外资企业吃香的年头，当时说进外企那是很有面子的。那时候没多少人愿意当公务员，可能当时国家整体经济一般，才刚入WTO，中国经济还没有加速腾飞。国家财力有限，当公务员也没啥优势。到了04，05年后，公务员热潮开始逐步掀起。这个时候中国经济已经开始加速了。国家有了钱，国家公务员待遇必然水涨船高。全国上下在加入WTO后，忙着挣钱，形势一片大好。对公务	未
微博赚钱季 国务院关税税则委员会发布关于对原产于美国的汽车及零部件暂停加征关税的公告	未
微博赚钱季在今天这个人人向钱看的时代，物质高于一切是错吗 近日浙江相亲角一位大爷的一句老婆都养不起，人品再好有什么用扎了无数人的心，这不禁让人想起俞敏洪前几日中国女性的堕落导致国家的堕落的言论。毋庸讳言，一切向钱看的时代，存在人性堕落，是一个铁的事实。刚刚，补税通知 17名艺人被约谈话题刷屏微博，前几天转基因婴儿事件还在热议之中，这都在无可争辩地告诉我们一个事实，当一切行为都被利益驱使之后，人品问题便是一个不值钱没用的东西。明星偷逃税，科学家走穴挣钱都在一个个地突破我们的	未
微博赚钱季 在股票投资中哪些话最让我受用很显然，就是安全边际，其实安全边际就是保住本金的代名词，要想保住本金，那么在投资过程中就要寻找具有安全边际的股票，这是一个定量为主，定性为辅的概念，需要计算股票的内在价值，股票的内在价值需要远高于股票的市场价格，因此需要将每股收益或者自 ...全文	未
微博赚钱季 基本是精确回踩到2518左右止跌回升，反弹开始了，这拨上证50刚刚破位有点担心，所以犹豫没有参与，再等等看吧	未
微博赚钱季大家可以提前过节了，我先给各位预告一下，元旦我们有4天休息时间，终于可以喘口气儿不再被股市折磨了	未
微博赚钱季寒门再难出贵子虽然有点绝对，但是对于大部分普通人来说也不是没有道理的，没有钱孩子没有一个平等的受教育的机会，父母一天到晚为了三餐温饱去奔波忙碌，孩子长的之后成材的机会是要小的多，看看周围大部分人父母成就较高的孩子，的确也是更容易成功。如今确实发生了没钱不生孩子的状况，特别是90后一代，对于孩子教育培养和金钱之间，有了非常复杂的思考。这就形成了一个问题：如果不能够给孩子更好的教育，是否应该让孩子来到这个世界上战舰认为生孩子才是完整的人生，儿孙满堂，天伦之乐，比什么都幸福，用再多汗水	未
微博赚钱季 市场的底层架构和制度环境决定了投资者行为，进而决定了市场的牛熊特征。美国股市在制度设计上允许更大的波动和更高频率的交易，政府和监管层对股市鲜有干预，这一方面是因为政府和大众相信市场的力量能很好的稳定市场，股价最终决定于企业的价值。另一方面，也说明美国的投资者长年参与这样一个充分市场化的股市中，他们必须自负盈亏责任自担。而在中国，目前证券市场还存在一些问题，主要表现如下：（1）因为信息披露不足违规违法事件处理还有待加强有效退市制度的缺失，使得股票价格不能很好的反映企业的价值，股市被投	未
微博赚钱季 《干货 如何通过换手率看主力是抢筹还是逃顶以及持仓成本》 换手率这个指标大家都熟，但实际应用起来又总有那么点不知所然，前几天有金粉私信留言，希望能结合实际，说说换手率该如何应用。ok，我为人人的小编自然响应群众要求，准备了换手率的相关干货，希望能对各位一些帮助。建议转发收藏！ 干货 如何通过换手率看主力是抢筹还是逃顶以及持仓成本	未
微博赚钱季 徐翔案三周年：交易之王的多面人生A股击穿2500点的时候，一位身居香港的江浙游资大佬在抄完底后，给我发来一条淡淡的报仓短信：子弹全部打出，看不到打浦路抄底，终为憾事。百战之后却身陷囹圄，如今身材微微发福的徐翔在青岛服刑。枯禅苦修，倒是符合他一贯的作风，至于身上是爱马仕还是白大褂，他可能真觉得区别不大。 徐翔案三周年：交易之王的多面人生	未
微博赚钱季截止目前上海综合指数试了2556.55点，还存在0.55个点的误差，主力也太不给面子了，再狠一点点嘛短线最佳搏击点	未
微博赚钱季 收工吧，前面几天创业板和深成指的提前破位已经给沪指指明了方向，虽然有会议利好预期在这里扛了几天，但最终还是跌破了A浪低点2555，后面就看这个C浪能走多远了，保守估计2518左右，到位了还得再看。还记得我之前讲过的市场潜在的两个雷吗一个是高位权重后市补跌的风险，一个是美股见顶的风险，目前都实现了，当时提到的平安，中石油都是刚刚开始跌，现在都跌去不少了，包括银行股的招行今天也开始大跌了，这些权重补跌对指数造成的打击暂时不可预估，要谨慎观望	未
微博赚钱季 早盘小结：1大盘低开高走，创业板领涨站上5日线个股涨多跌少，涨停板数量有所扩容，惜成交量依然低迷，反弹格局略显局促。2以券商为代表的权重股继续砸盘，好在热点主线比较清晰，中小盘股还算给力。泰永长征引领次新高送转强势反弹，东方通信盘活了5G板块，并购重组和股权转让也有所表现。3指数暂时处于弱平衡状态，在控制好仓位的前提下，积极关注超跌叠加远端次新高送转预期5G粤港澳并购重组和股权转让等主题个股重仓中小盘股的可分批减仓，不杀跌。	未
微博赚钱季 早盘小结：1股指高开低走，成交量略有放大，大阳线股的数量一般般，熊市就是见证利好兑现筹码的气极。2涨停板数量不多，其实也是热点散乱的表现-----远不及前几天的辨识度高。5超跌5G环保次新高送转等都有所表现，但本质特征是超跌。3情绪周期短，个股高度被压制，市场的可操作性依然不强。预计下午还是半死不活的状态，能找到低位启动的股就做一下，找不到就观望，总体仓位控制在半仓以内。	未
微博赚钱季 正确对待发生的一切事情，凡事都有双面性，一方面是购房者对待降价的不理智行为，另外一方面也要具体情况全部落实到位再评论对错，例如房地产公司是否在售楼的时候承诺永不降价降价赔偿差价等承诺呢如果是开发商的诚信出现了问题，进而降价，那势必会引发消费者维权，但是反过来想想，这种维权是不是应该的而不是无理取闹呢当然，那些购房的时候没有得到开发商永不降价的承诺的人如果遇到了降价而去盲目维权，显然就是无理取闹了，此所谓你情我愿的事，而遇到降价就去无理取闹哗众取宠，显然就是不理智的行为。当然，还有一个	未
微博赚钱季没钱要不要生孩子这个问题很有意思，现在很多城市家庭很晚生孩子，或者不生孩子，一个原因就是认为养孩子的成本过高，现在没钱但其实有没有钱这是一个伪命题，很难说以后就会有钱，如果以后也没有钱，那是不是一辈子都不生孩子了既然以后要生孩子，不如早点生，当然也不能太早生，合 ...全文	未
微博赚钱季没钱要不要生孩子这个问题很有意思，现在很多城市家庭很晚生孩子，或者不生孩子，一个原因就是认为养孩子的成本过高，现在没钱。但其实有没有钱这是一个伪命题，很难说以后就会有钱，如果以后也没有钱，那是不是一辈子都不生孩子了既然以后要生孩子，不如早点生，当然也不能太早生，合适的时间，既然结婚了，我觉得生孩子就应该顺其自然，没必要刻意去推迟生小孩，至于钱的问题，穷人有穷人的活法，富人有富人的活法，不要以钱的多少决定是否生孩子。其实一个家庭有了小孩，家庭的关系会稳定很多，也真正有了家的感觉，会让你体	未
微博赚钱季 现在是否适合进入股市这个问题值得大家思考，我认为过去被深套的投资者，可以继续持有股票，毕竟这是一次反弹，趁反弹减少损失。如果现在持有现金的人，也就没有太多的必要进入股市，因为仅仅是反弹，目前还看不到牛市的可能性，毕竟还有很大的不确定性，而且3000点之上套牢了太多的人，需要太多的资金去解套，现在还没有这样的超级大机构，需要通过漫长的时间消化上面的庞大筹码。中国股民不容易，这么多年来，牺牲了很多时间，也牺牲了很多的金钱和健康，但收获不大，接下来还要开通科创板，总体上来说，一定的风险还没释	未
微博赚钱季 看看大家平时注意听讲没有，市场底的目标位在哪里来着	未
微博赚钱季 虽然2529点告破，但创业板并没有跌破2529时对应的低点，所以可看出都是权重股在捣鬼。继续低吸具有主题叠加模式的低位低价低市值个股。	未
微博赚钱季财经V峰会如何看待中国生育率全球倒数近日北京人口蓝皮书发布，超半数家庭不足三口人，我国人口出生率面临断崖式下跌这是一个尴尬的话题，甚至尴尬到羞于启齿。前三四十年爆发式增长的人口基数与丰厚的社会资源积累，促成了后三四十年的快速发展。但几十年快速发展所衍生的贫富分化地区差异发展不平衡后果，却无情地吞噬了社会发展赖以持续的基础大众人口的消费与再生产能力。人口断崖式递减如一个噩梦，这个噩梦将在产能过剩消费不足增长乏力长期萧条系列长尾效应中表现的淋漓尽致。狼是真的来了，不管	未
微博赚钱季财经V峰会 窝里横，欺熟怕生是一种现象，而不单单只是对待外国人的态度不同。对亲人残忍，对陌生人毕恭毕敬的事情少么在外人模狗样，在内原形毕露的事情少么与其说对待外国人态度特殊是一种奴性，不如说是懦弱和心虚在作怪。担心被外国人把事情捅到外事部门，担心捅到国外媒体，担心丢脸丢到国外以后的舆论，担心被惩处，担心坏事被揭发，担心所以，外国人的投诉为什么如此的被重视，正是因为心里的不安和惧怕，和过去找自行车事件类似的，无非是担忧一旦被重点关注到，自身内部的问题会暴露，其实就是维护自身利益作	未
微博赚钱季 财经网红直播大赛我接受了微博财经@投资达人说视频直播邀请，后天11:45，聊一聊lt国际环境gt，预约并为我打榜，可助我登上财经频道24小时直播台 狂龙十八段的股市直播 。	未
微博赚钱季 近日，一名云南大学生的留言火了，他认为由于公务员每月近一万元的工资，云南学子对于公务员过度追捧，鲜少有人想进企业发展，建议降低公务员工资，保障社会公平。对此有人认为此问题缺乏实际对公务员工作的了解，但公务员群体历来确实经常被大家种种质疑。对于这个问题你如何看待如何看待大学生建议降低公务员工资?	未
微博赚钱季 近日有一则调查称90后人均负债超12万，是月收入的18.5倍，很多人不禁感慨现在的年轻人真敢穷！为什么年轻人之间会产生这种过度消费的现象是诱惑太多吗还是经济发展的必然现象其实想想也属于正常，主要是90后的消费意识和消费观念发生新的变化。中国的消费市场正在快速发展，在快速发展的过程当中，当然会有非理性的消费。我觉得究其原因，无非几点：1.年轻人嘛，追求时尚，追求新鲜事物，不像成熟的人，买什么都追求性价比，现在的小孩都喜欢高消费，只追求贵的，不选对的。2.90后的孩子父母多是6070	未
微博赚钱季 闹这个行为在中国有特殊含义。在国人心中有个根深蒂固的认知：会哭的孩子有奶吃。只要你闹，就不会吃亏。老实人吃亏，会闹的占便宜。抛开对与错，是与非，从实际效果来说，不可否认还真是那么回事。这就暴露出一个深层次的问题，规则文化。中国自古以来是以人治为主。法治经过近代的发展的确有进步，但离成熟的现代法治法制国家还较远。人治带来的问题，就是基本游戏规则变化无常，连续性差。进而导致预期管理混乱以及安全感缺失。在这种情况下，只能用闹去解决。闹的动静越大，争取个体利益最大化的概率就越大。所以但	未
微博赚钱季 隆华科技 sz300263 公告，公司为引入战略合作伙伴，控股股东实控人李明卫李明强为降低股票质押风险，拟将公司5.46股份，转让给河南高创，转让价4元/股，总计2亿元。河南高创的控股股东河南省农业综合开发有限公司是国有政策性投资机构。上述股份原拟协议转让给世诚科技，现协议已 ...全文	未
//@微博足球:穆里尼奥下课 体育V势力 穆帅再见	未
微博足球锦鲤 国足复兴有望了//@Asaikana: 不是说了肯定是有绿色通道的么，如果没总局和公安部配合，就让俱乐部去办这个，那真是谁都归化不了。	未
微博足球锦鲤 这还用说么，2018世界杯，我们是昌平人法国球迷俱乐部@墨西哥球迷俱乐部 @德国队球迷俱乐部 @英格兰队球迷俱乐部	未
微博辟谣 净网2018缅甸孔明灯炸裂死伤数百人谣言！ 这两天，一段巨型孔明灯在空中炸裂的短视频在网上热传44秒视频中，一只孔明灯正在冉冉升空，忽然其底部裂开起火并从空中掉落，现场火光四射孔明灯下方的人群四散逃开，尖叫声此起彼伏，现场一片混乱随同视频一同流传 ...全文	未
微博辟谣我市12月限行有变你看到的这些信息可能是过时的近日，一些朋友的微信朋友圈总能看到去年发布的一条失去时效性的文章，给大家生活造成不必要的麻烦。下面小编就来给大家梳理一下这些文章。温馨提示，看新闻时一定要留意一下时间，否则，您看的新闻可能是假消息。 辟谣丨我市12月限行有变你看到的这些信息可能是过时的	未
微博辟谣 @沈阳公交网门户网站及两微一端非沈阳市交通运输部门及行业管理公交企业开设。该网站微信公众号认证微博发布9条公交线路新开及调整至沈阳南站发车信息并非官方及公交企业发布，其中5条公交线路延长信息为虚假信息。	未
微博辟谣深圳市儿童医院关于网上翻炒八毛门事件的情况说明近日，网上出现了一段深圳市儿童医院陷入八毛门的视频及相关网贴，引发了社会的广泛关注，亦有多名热心市民就此致电询问我院对上述网贴及视频核实后发现，这些旧贴和视频，实为2011年8月发生的一宗已有定论的医疗事件现将该 ...全文	未
微博辟谣《缅甸孔明灯炸裂死伤数百人谣言！》 这两天，一段巨型孔明灯在空中炸裂的短视频在网上热传。44秒视频中，一只孔明灯正在冉冉升空，忽然其底部裂开起火并从空中掉落，现场火光四射。孔明灯下方的人群四散逃开，尖叫声此起彼伏，现场一片混乱。随同视频一同流传的消息称：昨晚缅甸举办大型孔明灯表演，升空不久即发生意外，炸死炸伤500多人，踏伤600多人。经核查，该传言纯属谣言！缅甸孔明灯炸裂死伤数百人谣言！	未
微博辟谣网传制作馒头用洗衣粉发酵实验表明不可能在市场出现近日，一段网络视频流传开来视频上有图有真相，称市场上出现不法商贩，在制作馒头时，用洗衣粉代替酵母这是真的吗同安区市场监督管理局祥平所的执法人员结合日常监管，做了一场特别的辟谣专项实验执法人员先是借助日常监 ...全文	未
微博辟谣网传制作馒头用洗衣粉发酵实验表明不可能在市场出现近日，一段网络视频流传开来。视频上有图有真相，称市场上出现不法商贩，在制作馒头时，用洗衣粉代替酵母。这是真的吗同安区市场监督管理局祥平所的执法人员结合日常监管，做了一场特别的辟谣专项实验。执法人员先是借助日常监管之机，重点检查了辖区内几家馒头店储存食材的区域，未发现洗衣粉的踪迹。而两场实验也发现，洗衣粉不能替代酵母使用，也不能作为改良剂使用，所以用洗衣粉蒸馒头毫无意义，网络视频纯属造假。详情：网页链接 （厦门晚报）	未
微博辟谣网传的2018年1-9月各省规模以上工业主营业务收入及增速图明显是假的！（后三张来自中国政府网）	未
微博这个 3D Touch 的功能是新加的我咋印象里老早之前就有了可以在桌面上快速发微博发视频搜索和看热门了	未
微博这个地方最莫名其妙的一点在于，你永远都不知道你随口的一句话可能会戳到哪些神经病的G点，然后它们也一定会跑到你家门口来，疯得像自以为是门铃担当，肩负着喊你起床这个重任的尖叫鸡。	未
微博这个封面背景图是谁啊，我自己瞎几把设置的	未
微博这拉黑功能体验感这么好了吗。我拉黑屏蔽的用户就算那个敖转了我也看不到诶	未
微博马上300万粉丝了，应该给你们送点啥东西，请各位多给点建议吧！	未
微友吐槽体育馆人防工程改造进程缓慢  影响行人出行	未
微友吐槽凯里街头惊现悬浮超人 单手扶公交悬空飞行	未
微友吐槽南丰厂路口有一个井盖已经坏了很久了，希望有关部门处理一下	未
微友吐槽定额发票的金额能够随意涂改吗这家物管就这样做了	未
微友呼吁：洪洞城内早晨路灯不要关太早，希望照亮学生求学路	未
微友征婚要你做我对象，你敢答应吗	未
微友微爆料 网友说事[吃驚]	未
微友微爆料 网友说事[吃驚] @宁波交警 望关注[話筒]	未
微友微爆料 网友说事[吃驚] @宁波市公交总公司	未
微友微爆料[話筒]据东论网友我很彷徨投稿：左边阿玛尼，右边臭豆腐 周末逛银泰城，发现这里竟然在搞美食节。忍不住也去凑了一下热闹。原本以为阿玛尼旁边的美食怎么说也得有点档次，这样风格才搭啊，然而转了一圈，怎么也发现不了好吃的，美食节这三个字现在真实拿来就可以用啊。好端端的东部核心区，被活生生的搞成了乡下角落头的样子，大家去过吗，感觉怎么样[並不簡單]	未
微友微爆料 [話筒]据网友@大猪蹄子小哥哥618 爆料：圆通快递可能是我见过最任性的快递 快递明明已经可以送到了却因为天气寒冷就不送了 当然天气冷谁都不愿意出门，可这是上班时间，况且这就是你们的工作啊 @圆通速递	未
微友投稿：赶胡家坊朝拜，报春花开了！	未
微友报道独山子最贵的炒饭  冬季到美林来滑雪	未
微友新闻北京东路开心小吃发生火灾，疑因电线短路所致	未
微友新闻把鞋晾在门外，居然不见了 监控视频还原全过程	未
微友新闻风情园执勤特警深夜街头风餐，挺心疼！	未
微友爆料刚刚，遂川珠田一辆货车与红色小车相撞！小车车头被撞的面目全非......	未
微友爆料奉贤南团快线预计12月5日通车！	未
微友相亲第302期：南庙89年属蛇的未婚小哥，有看上的么	未
微友相亲第303期：92年有房有车的宜春小伙，是你的菜吗	未
微友相亲第304期：在交警大队上班的93年小哥哥，看上的带走！	未
微友读报2018年11月27日手机报	未
微友读报2018年11月29日手机报	未
微友读报2018年12月4日手机报	未
「微友读报」义马大事小事都知道11.27	未
微友陌生的熟人	未
微反馈 为什么车站插座明明空闲却不允许乘客使用是因为地铁站内插座电压高于日常的220V，如果进行手机充电易造成危险哦。@成都地铁运营	未
微反馈 地铁站内经常见到这个泡菜坛子究竟是啥正解来啦：它的名字叫防爆球，又称球型防爆罐，由于是密封式的容器，用于防止爆炸产生的碎片及能量的扩散。安防设备请勿随意触碰哦	未
微反馈 有轨电车的司机小哥哥同样也是要手指口呼，是咱们司机小哥哥确认进路道岔信号机显示的一种方式哦	未
微反馈隧道里的广告是怎么形成的那些画面是怎么在列车行驶中依然连续的?地铁隧道动态视频数字成像技术，借助安装在地铁隧道壁上的光柱（LED成像装置）， 利用视觉暂留（1/24秒可以形成动态的画面）原理，当列车在隧道里高速驶过光柱时，高清的视频影像便呈现在大家眼前了。	未
微叔今日槽：素质真差，我要坐她旁边！	未
微吧的求生欲不错 但是还是引起嫉妒举报了	未
微周刊  学校启动职能部门领导班子换届和领导干部聘任工作	未
微商不缴税吗@国家税务总局	未
微商也可以办执照了	未
微商喜提宾利已经落伍了，区区几百万，何足挂齿穷玩车，富玩表，超级巨富玩大鸟，微商发朋友圈，一顿饭几百万，打过折以后260多万，仔细看了看菜单，原来是越南盾，1人民币3381.2824越南盾，拿计算器算了一下，折合人民币772元	未
微商救星爱库存：打捞的只是微商回光返照的假象	未
微商的那些月入多少的励志女性故事，特别戳中部分全职妈妈的痛点。	未
[微善行动]6旬硬汉患癌2次死里逃生 望网友助他渡难关	未
微团课青年大学习之四个意识	未
“微型”公交上路跑 打通出行“微循环”	未
微型消防站开展消防演练西青新鲜事日前，精武镇汇英苑社区微型消防站请来了专业消防人员进行消防安全演练活动。消防人员现场演示了灭火器灭油桶还有水枪水带的连接使用方法以及相关注意事项。此次活动目的是提升火灾发生后的应变能力和救援水平。	未
微型电子背包让蜜蜂成为农场物联网的其中一环	未
微型马拉松+登山 新城初中邀请家长和孩子一起秋游	未
微基因 CEO陈钢：口水中的秘密，基因数据的未来	未
微塑料是否存在于海洋贝类、鱼类中？生态环境部回应	未
微声电台  雨	未
微天下快讯 俄罗斯卫星网援引当地媒体消息，刚果（金）独立国家选举委员会的飞机坠毁，机上无人生还。	未
微天下快讯 外媒消息，当地时间29日上午，一名女子把自己关在法国南部一家银行内，威胁要炸毁这家金融机构。据报道，安全部队以及谈判专家已被召集到事故现场，银行员工已经撤离。目前为止，尚不清楚该女子是否确实携带爆炸物及其动机。	未
微天下快讯 据俄罗斯卫星网消息，当地时间23日，在中国驻卡拉奇领馆附近发生枪击和爆炸报道称，多家媒体援引当地目击者消息称，在巴基斯坦卡拉奇市的中国领事馆附近传出一声爆炸和数声枪响，疑似发生恐怖袭击，目前尚无组织对事件负责	未
//@微天下:转发微博	未
微头条多部门联动汨罗集中整治这些交通违法行为！	未
微头条市第五届人大常委会第十四次会议召开	未
微头条枪口指向微博	未
微头条汨罗新增7处道路交通技术监控设备设置点，你知道在哪吗	未
微头条荥阳市退役军人事务局正式挂牌	未
微奉贤小编吃了一碗米线竟引发一场办公室内的争夺！	未
微妙时刻寄望与中国达成贸易协议 白宫做了一件事	未
微妙时刻寄望与中国达成贸易协议，白宫做了一件事	未
微妙时刻寄望与中国达成贸易协议 白宫做这事	未
微学习丨组工干部要有君子气节	未
微学习中共中央印发《中国共产党支部工作条例（试行）》	未
微学院预告杨永峰：揭秘遗传相关肝病的基因诊断（11月29日）	未
微宣在线@全体党员干部和监察对象，纪委监委喊你来看片	未
微寻人所有在河南郑州的朋友们，这位老人，于15日晚上七点多南四环二七区三里村走失， 头戴紫色连体围脖帽子 穿灰色印花棉袄 暗灰色印花棉裤身高1米58左右偏瘦 圆脸精神有点痴呆。有知情者请联系电话：182039926281352145719113333852455	未
微封面829孙思语 （洪港人）	未
微封面830粽子（通羊人）	未
微封面831小野猪佩琪（洪港人）	未
微封面832小谭（碧水村人）	未
微封面833吴炜（通羊人）	未
微封面834娜娜（通羊人）	未
微封面835金良攀（通羊人）	未
微封面836王丽华（洪港人）	未
微封面837余雪兰（大路人）	未
微封面838曹清琼（厦铺人）	未
微封面839谢辉楚  (集潭人)	未
微封面840 曹树建 （洪港人）	未
微封面持续报名中威县人在西安  汽修技师李佳康	未
微小世界的微小涂鸦，小到我看不见	未
微广播200家！宿迁市2018年度电商就业扶贫e站名单公示	未
微广播2018年宿迁市农村卫生户厕改造情况公示。网页链接。举报电话：宿迁市爱卫办 0527 - 84389897	未
微广播9种社保失信行为会被惩戒，骗保将限坐飞机火车！近日，国家发改委等28部门联合印发《关于对社会保险领域严重失信企业及其有关人员实施联合惩戒的合作备忘录》，拒不缴纳社保费骗保等9种情形将遭到32项联合惩戒。社保失信行为有哪些会有怎样的惩戒措施关乎你我权益，戳图了解cr：人民日报	未
微广播不符合31项次！宿迁2018年建设工程质量检测机构专项检查情况的通报来了为促进工程质量检测市场健康发展，加大工程质量检测监管力度，@宿迁沉香 宿迁市住房和城乡建设局于11月下旬对市区检测机构开展专项检查，现将有关情况通报如下：	未
微广播中共宿迁市宿城区五届区委第六轮巡察工作进驻公告 据宿城区委巡察工作领导小组统一部署，区委5个巡察组，分别对区金融办区信访局区政管办区委机关工委区住建局区环卫园林局区交通运输局区招商局区农委区农开局等10家单位党组织开展常规巡察。区委巡察组将利用1 个月时间开展巡察工作，设专门值班电话电子信箱等，巡察组受理电话时间为工作日9:00-17:30。根据区委要求和巡察工作职责，区委5个巡察组主要受理反映被巡察单位领导班子及其成员下属单位主要负责人问题和重要岗位党员干部的来信来	未
微广播南航国内航班明年起推行100预选座位，柜台不再受理座位调整中国南方航空称，公司计划于2019年1月1日起在南航实际承运的国内航班上，推行100预选座位服务。同时，南航在公告中表示，原则上机场人工柜台不受理座位调整需求，仅提供行李托运服务。对于旅客关心的热点话题，南航回应称：不便网上值机的老幼残旅客可到人工柜台办理，纸质登机牌不取消。	未
微广播宿城新区第一实验幼儿园规划核实公示。	未
微广播宿迁2018年1-10月全市重大项目进展情况通报@宿迁发改	未
微广播宿迁2019年出租车车辆更新公示。	未
微广播宿迁2019年高标准农田建设任务规模44万亩近日，省农业农村厅下发编制2019年高标准农田建设项目初步设计通知，2019年全省高标准农田建设项目初步设计任务规模394万亩，其中我市高标准农田建设任务规模为44万亩，计划财政投资9.68亿元，位列全省第三。	未
微广播宿迁人，看看这些小型文化设施你家附近有没有	未
微广播宿迁市区前期物业费定调价，这些意见被采纳！	未
微广播宿迁市发出第一张网约车运输证	未
微广播宿迁市湖滨新区嶂山林场征收办副主任赵长江接受监察调查。经批准，宿豫区监委对湖滨新区嶂山林场征收办副主任赵长江涉嫌严重违法问题进行监察调查。	未
微广播宿迁这些地方要停电！快看有没有你家	未
微广播干部人事档案，你知道多少	未
微广播悬赏注意啦！看到这几位，请立即举报！	未
微广播机构改革后，江苏省政府组成部门一把手全部产生（附全名单）	未
微广播注意避让，沭阳曝光一批老赖！@沭阳发布@沭阳新声	未
微广播还剩最后一个月！宿迁市区2019年度城乡居民医保缴费要抓紧@宿迁人社	未
微店购买的 打工猫已全部发货 注意私信的单号	未
微微一笑很倾城！这位警官，昨天很多杭州人在夸你帅！15日，快拍小友普风捉影上传了一张照片。他说，那天晚上6点，杭州下着冰雨，他带2岁儿子去上课被堵在路上。这时一辆警用摩托车正好停他车旁，儿子兴奋地冲警察叔叔挥手叔叔！没想到那位交警立刻挥手向孩子回礼致意，笑得阳光灿烂。 ...全文	未
微心传递你的头发提醒你，你生病了	未
微心传递天气大反转！大雨杀到！寒冷将至！更重要的是	未
微心传递非洲猪瘟不传人！但，防控非瘟，我们是认真的	未
微心语  您的2018年余额已不足	未
微快讯克拉玛依12级大风又来了！部分区域可能有沙尘暴！	未
微快讯克拉玛依飞阿勒泰特价9块钱，还能免费滑雪看看咋回事	未
微感动   我可能撑不住了高速突发大火，这段视频让人泪崩	未
微户籍退伍军人如何办理落户手续	未
微房产碧桂园恒大名都江南人家...看看你家房子能卖多少	未
微扩散我市新增1处电子监控抓拍系统，赶紧看看是在哪	未
微抖手册  会东蓝	未
微抖手册  网红土瓜来微抖手册啦	未
微抖手册  野味	未
微报傅华在汕尾调研时要求 把新思想送到田间地头 传到千家万户	未
微报  江店派出所抓获一名历年逃犯//安徽千年古镇，金寨一地上榜	未
微报  @江都人，年底前社保欠费将被核销禁放区内烟花爆竹回购启动这些身边事你应该知道！	未
微报  金寨24名教师被全市点名//流浪汉躺在金寨某工地上一动不动	未
微报  金寨一幼儿园门口发生惊心一幕//金寨俩邻居因这事大打出手	未
微报  金寨各乡镇的大检查开始了//注意 金寨部分道路结冰	未
微报  金寨对小区停车难的问题出招了//金寨一学校门口发现这样的问题	未
微报  金寨法官通过微信讨回农民工工资//摩托车车速过快撞上电线杆	未
微拍尤溪凌晨3点，梅仙一民房着火！浓烟四起，现场火势触目惊心	未
微招聘微求职新六一传媒公司，诚招储备干部了	未
微招聘微求职有医护士资格证的，赶紧来这里应聘医生护士！	未
微招聘微求职港中旅银泰置业招人，待遇真的高！	未
微招聘微求职给一个店让你管理，你能胜任吗	未
微招聘微求职萍水相逢招聘：服务员/传菜员/后勤阿姨了	未
微招聘微求职还有最后一个月了，你过年的钱赚到了吗	未
微提示严肃的话题！如何防止孩子被拐卖！	未
微提示从基因编辑到艾滋病日，了解一下...	未
微提示冷空气来袭降温雨天行车雾蒙蒙，出行请注意安全！	未
微提示@汨罗人，你家里有这种书吗  赶紧销毁......	未
微提示@汨罗人，这几种公交乘车卡开始年审，逾期未办理将停用	未
微提示绝不手软！这些行为将被严查（附举报电话）	未
微提醒下周，天然气入户检查到这些地方！	未
微提醒今天全省阴天，大部分地区有小雨	未
微提醒今天江西北部西部阴天，大部分有小雨东部南部阴天多云。	未
微提醒今天白天到晚上九江景德镇两市雨夹雪转中雪，局部大雪宜春南昌上饶三市北部小雨转雨夹雪，赣北山区有冻雨全省其他地区阴有小雨，局部中雨。	未
微提醒今天白天到晚上九江景德镇两市雨夹雪转中雪，局部大雪宜春南昌上饶三市北部小雨转雨夹雪，赣北山区有冻雨全省其他地区阴有小雨，局部中雨	未
微提醒 今天白天到晚上赣州市阴天，局部有小雨全省其他市阴天，大部分有小雨 其中晚上九江市北部部分地区阴有雨夹雪或小雨，局部山区有冻 雨。今天早晨九江南昌景德镇宜春萍乡五市和上饶市 北部的部分山区潮湿地面和浅水处将出现对交通有影响的道路 结冰和冰冻，请注意防范。 风向：偏北 风力：白天23级，晚上23级转4级，赣北江湖水面和平原河谷阵风56级 今天最高温度：赣西北35赣南79其他地区57， 明天最低温度：赣北北部02其他地区24， 明天白天到晚上赣西北阴转	未
微提醒今天赣州市阴有小雨九江景德镇南昌三市和宜春上饶两市北部阴天转多云全省其他地区雨停转阴。风向：偏北，风力：23级转4级，赣北江湖水面和平原河谷阵风56级。	未
微提醒今天赣州市阴有小雨九江景德镇南昌三市和宜春上饶两市北部阴天转多云全省其他地区雨停转阴风向：偏北，风力：23级转4级，赣北江湖水面和平原河谷阵风56级	未
微提醒停气啦！来看看有没有你家！因燃气管线施工，于2018年11月29日（周四）21:00至次日8:00下列地区停气：虎踞北路至定淮门大桥模范马路段定淮门门牌号古平岗门牌号晚市回龙桥镇江路察哈尔路察哈尔路16号校门口虎距北路（64号84号86号88号）天津新村云河楼十四所（招待所食堂卫生科食堂）省电信器材工业公司（嘉宾饭店）省水产养殖服务公司今世缘酒业销售公司南京经营部272大队食堂南京师范大学附属中学南京万家欢实业定淮门5-3号孙永兰小吃古平岗35号	未
微提醒停气啦！看看有么有你家。因燃气管线施工，于2018年12月19日（周三）21:00至次日8:00下列地区停气：上海路1号-1上海路16号16-1号上海路5号水利厅上海路9号汉中路136号省口腔医院莫愁路415号417号莫愁路419号女子中专莫愁路443号449号周围用户。施工期间请关好总阀门，注意安全。	未
微提醒停气啦！看看有没有你家因燃气管线施工，于2018年11月26日（周一）13:00至17:00下列地区停气：场门口2号虎踞北路175号周围用户。早完工，早送气。施工期间请关好总阀门，注意安全。	未
微提醒停气啦！看看有没有你家。因燃气管线施工，于2018年12月7日（周五）13:00至17:00下列地区停气：中山路75号中心大酒店锅炉用户。早完工，早送气。施工期间请关好总阀门，注意安全。	未
微提醒停气啦！看看有没有你家。因燃气管道施工，于2018年12月5日周三13:00至17:00下列地区停气：伍佰村3-2号格林东苑A幢周围用户。早完工，早送气。施工期间请关好总阀门，注意安全。	未
微提醒停气啦！看看有没有你家因燃气管道施工，于2018年12月6日周四21:00至次日08:00下列地区停气：童家巷丁家桥湖南路（8号10号12号16号18号）省军区（司令部政治部幼儿园）玄武饭店凤凰台饭店金都马祥兴江苏苏创大酒店广厦湖北路餐饮丁家桥2号阿英煲餐饮丁家 ...全文	未
微提醒停电啦！看看有没有你家。以下线路停电：12月14日6:3012:00停和洪线，范围：福建路中育英外国语学校铁北小区南京经济学院粮食学院北金陵机械厂北宝宁机械电器制造公司金陵机修厂南京线材厂泰润公寓市城市排水管理公司中南房地产公司华厦实业公司鼓楼城镇建设开发公司等。7:0012:00停水游城1线石城线雅居线，范围：四方建设公司省信息中心省政协办公楼华东饭店石城文化艺术交流公司省纪委办公厅化工研究所箱变省委箱变仙居华庭至12箱变等。。13	未
微提醒停电啦！看看有没有你家。以下线路停电 12月15日 7:0015:00停广东路线东柏线，范围：蔡家巷蔡家巷5东柏果园宏景2箱变南京测绘仪器厂国电南京自动化公司和宇通房地产开发公司两路全停宏景1箱变东柏果园58东柏果园60城建隧桥经营管理公司南京邮电学院(东柏线停）等。早完工早送电。给您带来不便，敬请谅解！	未
微提醒停电啦！看看有没有你家。以下线路停电 12月16日7:0015:00停广东路线，范围：又一村南又一村北模范马路南京邮电学院等。7:0015:00停东柏线，范围：模范新村南京邮电大学科技综合楼停。早完工早送电。给您带来不便，敬请谅解！	未
微提醒停电啦！看看有没有你家以下线路停电：12月1日7:0011:00停上坝河线，范围：天盛集团东山混凝土分公司供电公司基建处1临时变赛迪车辆厂市科技创新投资公司等。7:0014:00停广东路线东柏线，范围：蔡家巷蔡家巷5东柏果园宏景2箱变南京测绘仪器厂国电南京自动化公司和宇通房地产开发公司两路全停宏景1箱变东柏果园58东柏果园60城建隧桥经营管理公司南京邮电学院(东柏线停）等。早完工早送电！给您带来不便，敬请谅解！	未
微提醒全国停用！快查查你家药箱，这两种感冒药不要再吃了国家药监局发布公告：特酚伪麻片和特洛伪麻胶囊存在心脏毒性不良反应，决定停止在我国的生产销售和使用。已上市销售的，需于12月31日前召回。这两种药品平时常用于感冒引起的头痛发热流涕等症状。快查查你的药箱有没有！	未
微提醒司机们看过来！广马周日开跑，这些路段要交通管制2018广州马拉松赛定于12月9日7：3013：45举行，起于天河体育中心，终点在花城广场，半程终点在广交会展馆（1号门）。比赛当天，比赛路段禁止各种车辆停放，天河体育中心海心沙岛和广交会展馆A区内的停车场不对外开放。还有各个路段交通管制，赶紧戳图了解	未
微提醒开车不打电话，你做到了吗	未
微提醒 当前，@广州地铁 珠江新城站合景国际合建口B1口只进不出，B2只出不进体育西路站站BDH口执行三级客流控制，CE口关闭。	未
微提醒新手老手都要注意，雪后这样开车才安全！	未
微提醒早晨最低气温赣北02，局部山区-3-1，部分有冰冻赣中赣南24，局部山区01	未
微提醒   杭州大雾迷城，雾天行车这些细节要注意！	未
微提醒灯光节期间，地铁客流控制维持不变今晚广州塔灯光音乐秀取消，有小伙伴问小布，地铁会不会调整@广州地铁 提醒：灯光节期间地铁客流组织维持不变。每日18:00至22:00，APM线大剧院站花城大道站妇儿中心站将停止对外服务珠江新城站B1口只进不出，B2口只出不进。若珠江新城站广州塔站等站点客流较大时，会临时采取不停站通过措施。	未
微提醒现时花城广场人流比较密集，请前来赏灯及途经周边的市民游客注意安全，服从现场执勤民警及工作人员的指挥，自觉遵守法律法规，做到文明观看遇到拥堵情况，请稍安勿躁，有序排队等候，切勿擅自冲闯警戒区域，同时请照顾好身边的老人和孩子以及随身携带的财物	未
微提醒石阡人民，请注意啦！微信新骗局：语音都能克隆！多人中招	未
微提醒 赣中南部和赣南阴天多云，局部有零星小雨全省其他地区阴天，部分有小雨。	未
微提醒 赣北赣中阴有小雨，局部中雨，赣南阴天为主，局部有小雨	未
微提醒近期很多小伙伴问小布，芳村的这些地方是不是要封闭施工这种谣言就不要再传啦实际情况请戳图@广州荔湾发布	未
微提醒这样的体检，你或许也经历过！	未
微故事:一位新加坡女孩前往不丹旅游，途中认识了一名当地导游，然后就疯狂的爱上了他，现在俩人已经结婚。	未
微故事《相见》	未
微教育招远交警走进企业开展交通安全宣传	未
微散文|“落叶不扫”更南京	未
微整形又出事了！湛江靓妹小心哦！	未
微新闻丨淮滨乐清金华，千里奔袭，堵你在被窝	未
微新闻又一批网民意见建议得到相关部门办理	未
微新闻大话警事儿（第一百四十六期）	未
微新闻市纪委监委组织召开全市纪检监察工作会议	未
微新闻  广东省中医院被授予高级卒中中心建设单位	未
微新闻我市召开2019年度党报党刊发行工作会	未
微新闻查问题提建议找思路，务虚会虚开实做别开生面	未
微新闻荥阳市召开重点地区排查整治工作会议	未
微新闻避免抢公交车方向盘事件再发生 内蒙古开始行动！	未
微新闻青川微新闻 速览身边事	未
微曝光闯红灯曝光来了，看看都有谁	未
微案例肇事逃逸拒不认账  铁证如山不容抵赖（内附现场视频）	未
微武穴招聘碰到亲戚借钱，怎么拒绝比较好呢	未
微民声潭西崎头村网友有话说	未
微民声潭西综合市场门口，好堵！	未
微治理：社工的一个作用取向	未
微淘玩法大揭秘，不要低估它的价值  每日一课	未
微热点冷空气发飙！气温狂降至零下，汨罗要下雪咯	未
微现场漳平重拳整治载客三轮车，持续夜查不间断.....	未
微生活明天起，这些新规将影响你的生活	未
微电商每日十条文摘报2018年12月16日（总第620期，创刊于2017.3.25）@龚文祥流量奇贵阶段要自建粉丝池了福贵创始人透露，阿里高管去他公司透露，他们内部统计，淘宝天猫平均一个新流量成本是200元一个 @舒雍2019年， 社区团购如何通过地推活动来引流作为中国生鲜行业 ...全文	未
微电影：没有军衔的特种兵	未
【微电影】破除形式主义、官僚主义①“这个月我已经当了八回典型了”	未
微盘点 2018即将过去，这一年里辛苦消防叔叔了	未
微盘点 一年一度的沙雕新闻盘点又来了其他领域的有木有人来盘点下	未
微盘点这就是中国军人，转发致敬！戍边守防，他们保卫着祖国界碑边境排雷，他们不畏牺牲和伤残抢险奋战，他们即将退伍，但只要祖国需要，就时刻准备。无论是高山海岛大漠戈壁，还是雪域高原2018，他们一直都在。把危险和黑暗挡下，他们把责任扛在肩！今天，一起致敬中国军人！	未
微相亲85年的小伙身高180cm自己经营公司：本科学历！	未
微相亲89年的小伙月薪5000已购房：只想找到对的那个人	未
微相亲90年的小伙月薪15000：等待你的出现！	未
微相亲安仁87年帅小伙，佛山从事钢材贸易，众里寻你千百度	未
微相亲快要过年了，你有对象了吗	未
微相亲第110期：知道你会来所以我等	未
微相亲第240期男，92年，未婚，来自振文，是个安静实在的小伙子	未
微看  @深圳司机，换驾照可以自助体检了！5分钟就搞定	未
微眼看猇亭征文展播猇亭走笔（8首）	未
微知 北极熊从水里出来后，需要尽快把水弄干，于是在雪地上各种滚滚滚和蹭蹭蹭	未
微知识 FAS系统FAS(Fire Alarm System)是火灾报警系统，由控制中心和车站车场车辆段两级管理。控制中心负责监视全线防灾设备运行状态接收报警信号发布救灾指令等车站负责接收车站灾害报警，及时与指挥中心联络，控制设备。若遇火灾，请保持镇定，听从车站工作人员引导进行疏散。	未
微知识查出甲状腺结节怎么办	未
微科普：这些都是邪教常见的伪装方式	未
微科普：这些都是邪教常见的伪装方式人们为什么会相信邪教，甚至愿意付出一切牺牲一切原因并不复杂，由于没有识破邪教的伪装，误以为自己做的都是有意义的事。邪教是怎么伪装自己的记住以下四种常见伪装方式，转需珍爱生命远离邪教 常见的邪教伪装方式	未
微笑守护我想去看看外面的世界简陋的屋子，寒风穿堂而过，滚妹英一家只能围坐着柴火来取暖早年间父亲外出务工，常常一年到头分隔两地，如今身体欠佳回家务农，却在经济上愈加困苦交谈中父亲说道：无论多难，我都会支持我的孩子们读书，希望有一天他们能走出大山说着，年迈的父亲 ...全文	未
微笑守护我想去看看外面的世界简陋的屋子，寒风穿堂而过，滚妹英一家只能围坐着柴火来取暖。早年间父亲外出务工，常常一年到头分隔两地，如今身体欠佳回家务农，却在经济上愈加困苦。交谈中父亲说道：无论多难，我都会支持我的孩子们读书，希望有一天他们能走出大山。说着，年迈的父亲用坚定的眼神看着孩子们，笑容里满是慈爱和希望。轻戳：网页链接 听大山里关于心愿的声音，让孩子们拥抱更广阔的世界点亮心愿	未
微纪录片《时间证人》| 南京大屠杀幸存者常志强一辈子没学会笑	未
微纪录遗落在深山里的明珠百丈岩古村落	未
微纳星空吴树范：民营航天深不见底，中国可孕育SpaceX	未
微网易讯11月24日，宝坻新发生的事儿！	未
微网易讯11月25日，宝坻新发生的事儿！	未
微网易讯11月26日，宝坻新发生的事儿！	未
微网易讯11月27日，宝坻新发生的事儿！	未
微网易讯11月29日，宝坻新发生的事儿！	未
微网易讯11月30日，宝坻新发生的事儿！	未
微网易讯12月1日，宝坻新发生的事儿！	未
微网易讯12月2日，宝坻新发生的事儿！	未
微联信息科技运城分公司月薪8K-9K！缴纳社保！包住宿	未
微胖的朋友们，这条微博你们看到了吗看到就转吧！	未
//@微观园: 这龟儿子是不可能养老人的，判他入狱，钱给老人养老。	未
//@微观昭通:扩散	未
微观柳州丨20多名记者聚焦融水产业发展与易地扶贫搬迁工作	未
微观生物学研究所。副所长踱着步，面前是天文台一样大小的仪器。超级微观洞察台是5年前被发明出来的，这是一个伟大的具有里程碑的甚至恐怖的发明。它能把细胞放大，把原子放大，再清晰地看到电子，随着进一步的技术爆炸，甚至能看到夸克中清晰的动态。正当人们认为这就是最小的世界了并且掌 ...全文	未
微观荆楚医院手术中涨价昨日，湖北省卫生健康委员会挑选并公布出多起触目惊心的违法违规案例，以普及卫生执法知识。患者王某投诉黄冈名仕医院收费不透明手术中加价的违法行为。检查发现，该医院向患者王某收取治疗费2000元，在手术过程中要求患者再交2000元，患者因疼痛难忍，在医院要求下告知银行卡密码，该医院随即派人去银行取款1700元。黄冈名仕医院被处以警告，并被罚款3000元。湖北一患者手术台上遭医生加价 医院被罚款3000元	未
微观荆楚湖北恩施市一口气拟命名更名60条街道 网民：一头雾水20日，恩施发布更名公示，计划将八县市地名和州内主要景点民族特色融入当地60条街道的命名或更名中。有居民质疑：拟命名的道路与市县政府所在地的道路重名，导航地图一搜出来N多结果，外来游客要凌乱，本地人都要怀疑人生了。还有人说：命名更名涉及户籍身份证门牌号等一系列要素的更改，耗时耗力耗钱，是否应该谨慎考虑。 恩施公示城区60个新路名引热议 市民吐槽一头雾水	未
微观：让干事的干部有舞台(图)	未
微视频  一分钟会发生什么	未
微视频｜一本证书的故事	未
微视频丨一本证书的故事	未
微视频丨我们的40年	未
【微视频】丨《老白50说40》第一集 不如跳舞	未
【微视频】丨《老白50说40》第二集 嗑个瓜子不白说	未
微视频  你一直都在	未
微视频你与宪法的距离只差这210秒	未
微视频  南安一分钟	未
【微视频】原来巴拿马 不止运河那么多	未
微视频 | 国家公祭日：祭·念	未
【微视频】大国重器的“劳动进行曲”	未
微视频  天津一分钟微视频  天津一分钟	未
微视频展播、宣誓签名.....贾汪区“法治宣传周”这样来普法	未
微视频｜总书记寄语的南繁硅谷在哪里	未
微视频我与宪法的故事	未
微视频  我与宪法的那些故事	未
微视频｜我们的40年	未
微视频摩托车应该走机动车道还是二轮车道	未
【微视频】改革开放40年 听听东北农民的心声	未
微视频新农人石嫣	未
微视频汨罗娃娃兵当老板，一天赚了6498.6元......	未
微视频 | 生于1978	未
微视频｜纸短情长	未
【微视频】遇见葡萄牙：袅袅法多音	未
微视频雾天行车致车悬沟壑边 消防营救被困司机	未
微言微语话自贸 金句闪闪！50位网友齐建言：海南自贸区自贸港应该这样建	未
微警事儿一男子寒冬里上演露天睡  幸遇巡逻交警及时脱险	未
微警事儿商都县公安局特警大队冬训中开展反恐处突应急演练	未
微警事儿师带徒走进公安宣传工作	未
微警事儿您受委屈了吗 请扫24小时警局！	未
微警事儿揪心！呼伦湖垂钓掉入河道，2人获救，1人失踪	未
微警事儿派出所民警的一天 ： 五味杂陈谁能懂	未
微警事儿知法守法 为青春保驾护航	未
微警事 日常，职责@深圳交警 @深圳公安	未
微警校	未
微警示  明明有安全座椅！杭州妈妈带1岁宝宝遇惨烈车祸这个细节，千万记牢！	未
微警示  驾驶证分数可以买卖不存在的，必须依法拘留！	未
微警讯新坝派出所积极开展扫黑除恶专项行动宣传活动	未
微议室  危险的司乘关系	未
微论坛丨开化直达杭州动车票价多少城乡公交真的降价答案来了！	未
微论坛丨钱江源景区互通到底怎么收费开化自助城市书屋在哪答案来了！	未
微评与散论  小时候	未
[微评]北大“渐冻症”女博士留遗嘱捐器官，你怎么看？	未
微评真金白银挖个大坟场！	未
微话题 一个人搭地铁上下班，路上你会如何打发时间	未
微话题五星级酒店到底要不要每天换床单	未
微话题 你坐过多少个城市的地铁	未
微话题 你觉得情侣之间可以互看手机吗	未
微话题在过去的五年里，你的生活都发生了哪些翻天覆地的变化	未
微话题 地铁上有陌生人想加你微信，你会加吗	未
微话题 来对2019年的自己说一句话吧。	未
微话题 调查一下 你们公司团建都会做些什么（图源网络）	未
微话题近期，宿州各中小学都在推广使用皖事通app，不少网友遇到一些问题，请在微博评论说明，我统一整理，反馈给宿州政务服务中心。	未
微话题除了家乡，你最向往的城市是哪里	未
微读猇亭三峡汽贸大世界你去过吗不去就OUT啦	未
微读猇亭打通道畅出口顺民意！拆你没商量	未
微读猇亭长江边的环保课堂	未
微课堂丨《中国共产党支部工作条例（试行）》全文	未
微课堂丨套路满满的伪装毒品，你可别上当哦！	未
微课堂  公开课第二季：拥堵并非不可治！如何从技术角度治堵	未
微课堂掉头用不用等红灯	未
微课堂轮胎自检不求人	未
微课堂郭宁：PCI术后360天的药物治疗（中）	未
微课程  治理腐败的对策	未
微课赏析  从社会适应的角度看职场困扰	未
微课赏析  探讨青少年的社会适应问题---校园霸凌	未
微调查12月12日，对于你来说，意味着什么	未
微调查 一下 你司团建都会做些什么（图源网络）	未
微调查今天打算去哪耍	未
微调查你们家里，谁最胖	未
微调查 你们的家庭微信群，名字叫____________。	未
微调查你在家里是几把手敢不敢说出来__________。	未
微调查你工作几年了	未
微调查你的理想体重，是多少	未
微调查吃火锅的你，是吃辣的还是不辣的，难不成也是鸳鸯锅	未
微调查 就问问，你的西楚分值是多少	未
微调查成语大测试：一人来一个形容天气冷的成语。小编先来：天寒地冻	未
微调查敢不敢实话实说，你从醒了到起床，耗时____________。	未
【微调查】"老好人"的真面目	未
微调查请问，当黄灯亮起的时候，你是停住脚步等待还是加快脚步通过。	未
微资讯汨罗惊现网红糖果节，快来打卡！	未
微软HoloLens美国都卖光了，HoloLens 2快点来吧近期，甚至是HoloLens商业套件也在美国缺货了。我们不确定这是否暂时的情况。目前一代HoloLens已经断货，这也可能意味着微软即将推出下一代HoloLens。详情点击：微软HoloLens美国都卖光了，HoloLens 2快点来吧	未
微软surface 平板的充电器，长啥模样	未
微软Windows 10 19H1正测试新版文件资源管理器从Windows 10 Build 18277开始，微软已经对文件资源管理器进行了一些微小的更改。微软表示，在Windows 10 2019年春季更新中，代号为19H1系统文件资源管理器中将有更多变化。详情点击：微软Windows 10 19H1正测试新版文件资源管理器	未
微软Windows 10 Edge浏览器并没有死，Chromium版还将支持Windows 7/8.1微软正式宣布Edge将放弃EdgeHTML渲染引擎，将转而采用Chromium开源核心。全面拥抱Chromium后的Edge能否获得大家的芳心呢还需要时间来证明。详情点击：微软Windows 10 Edge浏览器并没有死，Chromium版还将支持Windows 7/8.1	未
微软 Windows 再度围剿 Google Chrome	未
微软下乡送温暖：免费给美国大农村铺宽带如何为全球偏远地区提供互联网，是各大科技公司近年来的一大情怀和挑战微软的送网项目就显得非常接地气：没有选择高大上的空降网络技术，而是选择改造利用当前已有的技术和资产，优先造福本国民众，尤其是农村地区微软下乡送温暖：免费给美国大农村铺宽带	未
微软员工辞职捡垃圾背后，是一件关系所有人的大事	未
微软和美军签4.8亿美元大单，科技巨头要跟军方联手？	未
微软在今年九月更新了失落的奥德赛商标，联系近日坂口博信声称正在开发一款新游戏的消息，业内猜测或与之有关。	未
微软宣布：Windows 10更新十月版已经大规模推送上周IT之家报道，如果用户手动检查更新，Windows 10更新十月版将面向更多设备推出。今天，微软已更新支持文档，宣布Windows 10版本1809更新现已广泛推出。详情点击：微软宣布：Windows 10更新十月版已经大规模推送	未
微软宣布了Xbox Live金会员2019年1月的会免游戏，分别为Xbox One平台：《蔚蓝》（2019年1月1日31日）《世界汽车拉力锦标赛6》（1月162月15日）。Xbox 360平台：《劳拉与光明守护者》（2019年1月1日15日）《孤岛惊魂2》（1月16-31日）。其中，像素独立游戏《蔚蓝》曾经获得IGN 10分满分推荐，并获得了2018 TGA最佳独立游戏的奖项而《劳拉与光明守护者》是一款非常适合双人合作的动作游戏。金会员用户届时可直接领取并下载进行游戏。	未
微软将让美国军方获得“我们创造的所有技术”	未
微软迫切呼吁监管人脸识别技术微软敦促全球各国政府明年对人脸识别技术制定监管措施，对该技术的准确性和偏差进行独立评估，并禁止在没有法院命令的情况下持续监控特定人士。包括Facebook和Alphabet旗下子公司谷歌在内的微软竞争对手正因它们在保护隐私方面的做法受到美国议员和其他人士日益猛烈的抨击。微软迫切呼吁监管人脸识别技术	未
微软黑曜石新作《天外世界》不含微交易：买一次，永远玩黑曜石工作室近日公布了新作《天外世界（The Outer Worlds）》，在接受外媒Gamestar采访时，游戏制作人Timothy Cain表示游戏内不包含任何微交易：你只需要购买一次，然后就可以永远游玩详情点击：微软黑曜石新作《天外世界》不含微交易：买一次，永远玩	未
微辣失联男孩闹剧：公众爱心不容消费，社会诚信不容践踏	未
微通告  6条路交通组织调整1个服务站搬迁，通告请收好！	未
微通告丨东湖高架（外翁线至临东路段）开通，你所关注的那些问题	未
微通告  杭州绕城西兴大桥和地铁10号线施工需要调整交通组织	未
微通甘南便民信息专栏20181126	未
微通甘南便民信息专栏20181128	未
微通知黑水镇万宝镇等地启动居住证受理工作	未
微通缉划车者，快投案！	未
微问答  如何处理工作上的人际关系	未
微靖江事发靖江！15岁女孩辍学离家出走，背后的原因引人深思...	未
微靖江公交车上熊孩子大声喧哗被怼，靖江这些父母长点心吧！	未
微靖江扬子江大酒店，12月7日即将发生一件大事！	未
微靖江收费站年底将拆除，江阴大桥距离取消收费还有多远	未
微靖江曾家港小桥一女子落入河中，好心人用竹竿施救...	未
微靖江最新！本周靖江这些地方将停电，请做好准备	未
微靖江本周靖江这些地方将停电，请提前做好准备...	未
微靖江标题快被雾霾挡住了...	未
微靖江注意！靖江东环路附近有猥琐男出没，女生独行注意安全！	未
微靖江火遍朋友圈！上周末，这件事在微信上传疯了	未
微靖江罕见！靖江这个局原一二三四把手相继被查	未
微靖江这个靖江人接了一个电话，瞬间20000元没了	未
微靖江雾霾来袭，靖江学校停课教育局这样说	未
微靖江靖江一90岁大爷家里煤气罐着火，消防人员徒手抱出喷火煤气罐！	未
微靖江靖江一少年徒步10天，暴走100公里到如东，居然只是因为	未
微靖江靖江这5个乡镇在全省悄悄地出了次名，快看看有没有你家	未
微预告丨 12月3日周一出行提醒	未
微预告今天广汉新闻看什么	未
微风摇庭树，细雪下帘隙	未
微风摇庭树，细雪下帘隙萦空如雾转，凝阶似花积今日大雪，你家乡那里下雪了吗  （via.意匠id）	未
《微风细雨》龙山沙子坡版	未
德一辆运输车发生泄漏 致近1吨巧克力铺满地面	未
德一辆运输车发生泄漏 致近1吨巧克力铺满地面(图)	未
德不配位	未
德不配位，下台，特没谱们。//@陶永谊: 回复@股市刀锋:说得好	未
德不配位，必有灾殃	未
德中快速通道已经动工！11月工程进度照曝光.....	未
德乌更新了一张和迪涅的照片今天凌晨的英超联赛，埃弗顿2-2沃特福德，德乌洛费乌第60分钟替补登场，埃弗顿的三位前巴萨球员全部首发并踢满全场，戈麦斯贡献助攻，迪涅的任意球帮助主队在96分钟绝平	未
德云社为啥都是胖子？这才是幕后原因，郭麒麟真不容易！	未
德云社原社员啜鹤雄因诈骗罪获缓刑10个月缓刑1年23日上午，郭德纲原徒弟德云社原社员啜梦珏（艺名啜鹤雄）因诈骗罪在通州法院受审，啜梦珏虚构自己有关系可以帮朋友办理取保候审，诈骗被害人4.7万元用于个人消费。法院当庭宣判啜梦珏获刑10个月缓刑1年，并处罚金1000元。德云社原社员啜梦珏诈骗获刑	未
德云社发声明否认授权张云雷杨九郎款台历售卖	未
德云社张云雷：女人连家务都干不好 我娶你干什么	未
德亲王1欧元甩卖城堡 135间房实在维护不起35岁的德国汉诺威亲王恩斯特奥古斯特五世宣布以1欧元的象征性价格出售在下萨克森州的宏伟的王朝官邸马林堡宫殿我无法继续承担宫殿维护费用，恩斯特奥古斯特五世承认说，这座拥有135间客房的宫殿养护正在花光他的个人财富 据了解，宫殿的维修费 ...全文	未
德保27人涉黑恶团伙落网	未
德保交警122宣传行动细节关乎生命 安全文明出行--引导社会共同关注，聚焦交通安全文明！	未
德保：做细做实遍访贫困村贫困户工作	未
德保县人民检察院开展全国第五个扶贫日捐款活动	未
德保县城关司法所开展 扫黑除恶专项法治宣传活动	未
德保女子月入6万，可结果。。。	未
德保：贫困户家门口打工一样能脱贫	未
德克士也出香水，是汉堡味还是炸鸡味	未
德克萨斯州得克萨斯州！编校中易弄错的9个国外地名	未
德兴发现罕见黄豆杉12月13日，记者获悉，德兴市占才村洪源组发现一棵结黄果的红豆杉。经测量，该树高约8.5米，胸径为24.5厘米，全树挂满了橘黄色的果实，叶形与南方红豆杉相差无异在大树的上下坡位还长有2株胸径分别为10厘米和8厘米的小树，也分别于前年和去年开始挂有少量果实，且均为橘黄色。村民程远钧介绍，这株小树苗是1978年从他家自留山挖来移栽的，2000年结了黄果。据了解，野生红豆杉是国家一级重点保护植物，为世界上公认濒临灭绝的天然珍稀抗癌植物，被称为植物大熊猫，而黄豆杉更为罕见。	未
德兴市旅发委组织收看网络窃密新闻专题片《网上谍影》	未
德兴市税务局打出新个人所得税法宣传“组合拳”	未
德军参加城市作战演习拳师犬步兵战车火力贫弱缺陷大	未
德凯律师团28期普法公开课交通路线	未
德勤下调今年港股IPO集资预测 由3000亿减至约2800亿	未
德化交警极开展 细节关乎生命安全文明出行主题交通安全宣传活动	未
德叔医古小朋友鼻炎多年，反复遗尿，德叔这样医	未
德名记：拜仁正在认真考虑在1月引进切尔西边锋奥多伊根据德国《体育图片报》主编Chrisitan Falk的消息，拜仁正在认真考虑在1月引进切尔西边锋奥多伊。实际上此前英国媒体《镜报》已经报道过这一消息，但来自德国的消息源对此做了进一步确认。奥多伊和切尔西的合同将于2020年到期，本赛季他在球队的出场机会有限，因而也迟迟未能和球队续约。不过，奥多伊在切尔西4-0大胜塞萨洛尼基的比赛中首发并且取得了进球。	未
德国BV206全地形车搭载MEADS防空系统。德国陆基IRIS-T红外制导防空导弹(IRIS-T sL)是德国陆军中程增程防空系统(MEADS)的第二种导弹。MEADS由美德意三国联合研制，主用导弹为PAC-3爱国者，德国发展陆基IRIS-T的目的是减轻采购预算负担。IRIS-TsL将采用大的固体火箭发动机集成的数据链路和GPS系统，头部改为圆锥形，以降低飞行阻力。导弹由装在全地形车上的四联装发射器发射。IRIS-T导弹采用机械扫描的4128元锑化铟红外成像导引头，该导引头工作在35m	未
德国db亚洲第三间子公司即将在中国成立	未
德国Eltz Castle，深山里的中世纪古堡！	未
德国VAT或再引卖家封号危机亚马逊大会上这项活动不可错过！	未
德国一小汽车撞向排队等公交的人群，造成一死九伤12月20日，当地时间周四中午，德国西部城镇Recklinghausen一公交站，一男子驾驶汽车冲向排队等公交车的人群，造成一名女性死亡，另有9人受伤。警方发言人称该事故有明确的动机，初步判断为凶手可能是在实施自杀行为。该男子随后被消防员从车内救出。	未
德国不是飞不起专机的国家，但是这个去G20阿根廷峰会 的代表，却安静地坐在飞往阿根廷的民航客机普通公务舱里。这个小伙子是她的邻座，在推特上发照片和短评：她吃了酸奶，看了一会儿书，睡了一会儿，没有什么特殊要求。我认出她了，但没有主动跟她打招呼，她一直对我微笑。	未
德国专家说德中汽车业将是“竞合”关系	未
德国两辆马车相撞 包括儿童在内至少20人受伤	未
德国二战黑科技提起直升机，很多人以为那是二战后的产物，可实际早在二战时期，德国就开发了包括舰载直升机FL-282FI184旋转翼突击滑翔机在内的多种直升机型号。直升机样机在展示时让德军高层十分满意，可执行侦查搜索联络和补给等任务，其前景十分广阔。可由于当时技术有限并不能像今天的直升机一样搭载声纳浮标和吊装声纳，飞行员只能依靠目视搜索。战后苏军和美军均缴获了一批德制直升机，这种武器如同其他德制新式武器一样，让美苏军队眼前一亮，也同其他跨时代的德制武器一样，给美苏两国在以后的武器研制发展上提供	未
德国亲王以1欧元甩卖城堡 135间房实在维护不起	未
德国亲王以1欧元甩卖城堡 135间房实在维护不起35岁的德国汉诺威亲王恩斯特奥古斯特五世宣布以1欧元的象征性价格出售在下萨克森州的宏伟的王朝官邸马林堡宫殿，王子不想再花更多的钱来维护宫殿。微评：欧洲王室一天天败落，确实体现出资本主义正一天天烂下去。德国亲王以1欧元甩卖城堡 135间房实在维护不起	未
德国人加班一半是“白干活”	未
德国人卧底广东工厂大揭秘！服装行业不想让你知道的丑陋真相！毛骨悚然！	未
德国人寿命越来越长，原因就是这10条三字经！记下来长10岁	未
德 国人寿命越来越长，原因就这10条三字经！记下来，长10岁！	未
德国人寿命越来越长，原因竟然这样！记下来，长10岁！	未
德国人想拯救内燃机排放法规越来越严格，各大车厂纷纷转向电动化德国一家科技公司MWI推出一项专利新技术，其在发动机内利用微波脉冲点火而不用火花塞点燃燃料，可将汽油和柴油的消耗量减少30，同时将排放减少80，因为燃料可以在较低的温度下燃烧该技术适用于目前各种发动机，而发动机结 ...全文	未
德国人的水	未
德国传统大党在走向“没落”吗？	未
德国关停最后一家硬煤矿	未
德国关闭境内最后一座硬煤矿：同是铁锈区，看看德国人怎么搞？	未
德国关闭最后一座煤矿 两世纪采煤史结束	未
德国再出颠覆性发明，我大天朝的快递被安排上了	未
德国再赔偿千名大屠杀幸存者每人2500欧元	未
德国再赔偿纳粹大屠杀幸存者每人2500欧元	未
德国出面为乌克兰求情 俄罗斯：得看他们的表现	未
德国前国脚基斯林：我从没百分百参加过赛季前的跑步体侧，体侧时会穿戴监测设备，我老婆是运动健将，有些是她穿着我的设备去运动的，没人发现。	未
德国前总理施罗德：面对全球不确定性，德中应加强全方位合作	未
德国劝法国将安理会常任理事国席位让给欧盟	未
德国劝法国将联合国安理会常任理事国席位让给欧盟	未
德国医保储备超2100亿欧元 政府立法消减盈余	未
德国卡伦鲍尔接替默克尔当选基督教民主联盟党新领袖	未
德国历史 格拉德贝克人质事件是德国战后史上最耸人听闻同时也是具戏剧性的犯罪事件之一：1988年8月16日，两名职业罪犯汉斯-约尔根霍斯纳和迪特德高夫斯基抢劫了西德北威州格拉德贝克市德意志银行，原本可以被早早遏制的恶劣行动火速升级成一场罪犯警方和媒体的三方角力：一方面，携两名人质 ...全文	未
德国又搞出变态发明，用它做内衣3秒自动发热，体温升8度！从骨头里往外暖	未
德国发动二战前军队装备和指挥员素质和管理在当时是什么水平	未
德国向法国提了一个让人惊掉下巴的要求	未
德国向美国要求反导技术支持 然而……	未
德国向美国要求反导技术支持 然而德国向美国要求反导技术支持然而 一个读者评论：德军向美军请求提供用于研制新型反导系统的计算机数字模型，但美军以防止数据外泄为由，让德国的相关研究工作难度和成本都面临大幅度提高俾斯麦听了会沉默，希特勒得知会流泪	未
德国和中国统一战线了！！！德国法庭也批准对iPhone颁布永久性禁令！！！专利果然是一把最锋利的剑！高通真的有要么和我好，要么就做掉你的感觉啊！苹果不知道会不会就一蹶不振，总感觉现在苹果就靠着乔布斯留下的系统苟延残喘着活着了，干脆就学微软卖系统吧能活好十几年呢！苹果在德国被禁止销售	未
德国：哥，借你的反导数据一用 美国：真拿自己不当外人啦？	未
德国喜瑞环，让我望而却步的鱼缸滤材	未
德国圣诞集市用“麻雀”作防恐袭障碍	未
德国基民盟召开全国大会，三大候选人竞选默克尔“接班人”	未
德国基民盟换帅开启“后默克尔时代”	未
德国基民盟换帅引关注	未
德国基民盟秘书长安妮格雷特·克兰普-卡伦鲍尔被选举为新一届党主席	未
德国基民盟迎“后默克尔时代”	未
德国大众汽车战略负责人宣布，大众品牌最后一代使用内燃发动机技术的车型将在2026年发布。意味着大众品牌要给自己的燃油车时代提前设定句号节点，全面转向电动化。网页链接	未
德国天空体育分析拜仁与马竞后卫卢卡斯（Lucas Hernndez）的转会传闻：1.卢卡斯的解约金是80m，而且没有时效，在两个转会窗内的任何时间都适用2.马竞之前想通过加薪续约的方式抬高卢卡斯的解约金到1.5亿欧元，但被球员拒绝3.拜仁是从世界上开始对卢卡斯感兴趣，因为队内后卫尤其是中卫的下滑导致拜仁对卢卡斯的态度越来越坚定4.拜仁打算让卢卡斯打中卫，搭档聚勒，所以卢卡斯与阿拉巴不存在竞争关系5.如果能引进卢卡斯，那明夏拜仁将会至少卖掉博阿滕或胡梅尔斯中的一个6.卢卡斯之前也拒绝过皇马曼	未
德国央行想查存在美国的金条 美联储却一拖再拖	未
德国如何规范医学伦理	未
德国媒体引用马卡报消息，拜仁冬歇期将启动马竞左后卫，法国人卢卡斯的8000万欧元解约金条款，这是要凑齐法国双翼的节奏啊，右路是帕瓦尔。。。等待官宣，不明觉厉	未
德国媒体报道，车王的生命是靠着昂贵的医疗科技维持。车王妻子为了让丈夫苏醒，雇佣了一组由15人组成的医疗团队，全天24小时的进行看护。聘请这个医疗团队每周的费用就高达10万欧元。为此，舒马赫的妻子科琳娜卖掉了一套别墅和私人飞机。而据英国媒体统计，科琳娜已经花掉了大约2000万欧元。	未
德国学者称自由贸易和多边主义意味着互利共赢	未
德国宇航员Alexander Gerst在国际空间站上拍摄了今天傍晚联盟号飞船发射升空的全过程飞船上有3名他的同事，已经在跟空间站会合的路上了再过不到4小时，国际空间站将再次次恢复6人编组的正常状态大概他当时心里想的是，接班的可算上来了，应该不用再加班了吧	未
德国宇航员返回地球后召开发布会	未
德国宝马或在美设第二家厂	未
德国对外国人最友好的8座城市是这些	未
德国将投资2.4亿欧元用于无人驾驶与联网汽车的研发	未
德国将推史上最严外资审查：超过10%股权就要管	未
德国小镇路面现巧克力河日前，德国西部一小镇现巧克力河原来是当地巧克力工厂发生事故，导致至少1吨巧克力从容器中溢出由于到场时巧克力已凝固，消防队只好花费2小时用铲子铲走巧克力负责人最后强调，铲走的巧克力都被处理掉了，工作人员和志愿者肯定没有吃via凤凰卫视欧洲台	未
德国就业市场面面观	未
德国州长赞济南市容 书记：把这事放头版头条	未
德国工厂一吨巧克力泄漏铺满大街 民众蹲街品尝	未
德国工厂发生泄漏 近一吨巧克力铺满街头 据德国韦尔消防部门发布的消息称，该市发生巧克力泄漏，一吨巧克力在地面凝固，并形成大约10平方米的地砖。网页链接	未
德国工厂泄漏一吨巧克力12月10日，德国韦尔市瑞梅斯特巧克力工厂发生泄漏，一吨巧克力流出来，铺满大街。当地政府封锁了马路，大约25名消防员出动处理这场事故，由于巧克力已经冻住了，他们只能先用铲子把巧克力弄碎，然后再用火把和热水把路面的巧克力冲洗干净。（观察者网）德国巧克力工厂储存环节出问题 1吨巧克力铺满大街	未
德国工厂泄漏一吨巧克力12月10日，德国韦尔市瑞梅斯特巧克力工厂发生泄漏，一吨巧克力流出来，铺满大街当地政府封锁了马路，大约25名消防员出动处理这场事故，由于巧克力已经冻住了，他们只能先用铲子把巧克力弄碎，然后再用火把和热水把路面的巧克力冲洗干净（观察者网）网页链接	未
德国工程师已出发	未
德国巧克力工厂事故 甜蜜成灾！巧克力大道惊动消防员德国的DreiMeister巧克力工厂，因储存问题造成了巧克力泄漏事故，约1000公斤的巧克力流到路面上。巧克力遇室外低温，迅速凝固，形成了一条巧克力大道。为防止路面打滑造成交通事故，25名消防员紧急出动网友：有多少人是想一路添干净的	未
德国：平均每三天就有一名女性被伴侣杀害德国联邦家庭老年人妇女和青年事务部日前公布的最新数据显示，2017年德国伴侣暴力现象严重，受害者以女性居多，平均每三天就有一名女性被伴侣杀害。在德国，伴侣暴力主要指夫妻和情侣之间的暴力。数据显示，德警方2017年共接到14万起涉及伴侣暴力的报案，平均每天有一名男性企图杀死自己的女性伴侣或前伴侣。数据显示，82的伴侣暴力案件受害者为女性，在此类案件中，三分之二的施暴者是德国公民。30岁至39岁是施暴者最集中的年龄段。据当地媒体报道，德国全国设有350个女性	未
德国快报 下萨克森州绍堡姆县 的一家医院，2018年已经发生了两次这样的医疗事故了：比如病人是左腿有问题，但医生给病人的右腿开了刀小伙伴们看病千万要避开这医院啊，医院名在图片里。	未
德国快报：《世界各国是怎么 处罚/对待 犯罪的难民申请者的》这篇文章有个不足，就是谈了世界上挺多个国家，但是德国的，没有：D 世界各国是怎么 处罚/对待 犯罪的难民申请者的	未
德国快报 中国新《个税法》与海外小伙伴可能有关的两条规定：1. 在中国境内有住所，或者无住所而一个纳税年度内在中国境内居住累计满一百八十三天的个人，为居民个人。居民个人从中国境内和境外取得的所得，依照本法规定缴纳个人所得税。2. 在中国境内无住所又不居住，或者无住所而一个纳税年度内在中国境内居住累计不满一百八十三天的个人，为非居民个人。非居民个人从中国境内取得的所得，依照本法规定缴纳个人所得税。简言之，如果一年在国内呆的时间超过183天，那么在德国的收入就必须在德国和中国两地交税	未
德国快报北威州 居特斯洛。一名14岁的男孩在当地一家医院进行全麻手术的时候突然死亡了，该医院的员工赶紧报警。不过，目前警方并没有发现其它特殊的证据，因此不会启动刑事案件程序。警察称下周一男孩的尸体会被解剖，届时会知道男孩死因是医疗事故还是正常的麻醉并发症。	未
德国快报 卢森堡，一个只有60万人口的国家，2020年起，其公交和火车将免费。相比，德国公车票和火车票则是年年涨	未
德国快报巴符州 维德尔恩。周五凌晨，一名48岁的男子驾着他的奥迪轿车想到高速旁边的休息站作短暂休息，殊不知道上违规停了一辆没有亮任何指示灯的卡车，奥迪车主刹车不及，直接高速撞在卡车上，当场身亡。奥迪车几乎完全撞烂了	未
德国快报柏林的小伙伴们看过来啦，来看看住在哪个区犯罪率低些。。颜色越深的区域治安越差哈。	未
德国快报汉堡。前两天，德国副总理绍尔茨随同德国总理默克尔一道出席G20峰会，出访专机发生严重故障，造成延误的同时，他位于汉堡的住宅也遭到不明身份者袭击。据警方消息，周五凌晨，一名目击者向警方报警称，他看到有几个人将一个废旧轮胎靠在绍尔茨门前的警卫岗亭旁，并试图点燃轮胎。因为副总理本人不在家，所以当时警卫岗亭里并无人值守。袭击者大约有14个人，他们将装满各色燃料的玻璃瓶投向绍尔茨私宅的面墙。现场还发现了一些石块，显然他们还曾试图砸破玻璃窗。随后赶到的警方巡逻人员用灭火器扑灭了警卫岗亭的火势。警方随即发	未
德国快报法国 东部城市 米卢斯。一名9岁的男孩因为不想做作业，被他的妈妈，姐姐（20岁）和哥哥（19岁）及哥哥已经怀孕的女友打死了，尸检报告显示，男孩是被重物殴打致死。。。据报道，事发之后这四人被警方逮捕，还有消息称，今年9月有一次男孩的母亲不在家时，其姐姐已经有叫过一次救护车（不知当时是否有发生家暴行为）。	未
德国快报 法国警方：在斯特拉斯堡圣诞市场进行恐袭活动的凶犯可能已经逃亡德国	未
德国快报波鸿。周日晚，警察在一处多用户的公寓楼调查，在对一名74岁男性进行控制询问的时候，这男性却伸手往他包里欲拿出什么，结果被警察掏枪击毙了。因为被击毙的男性年龄比较大，事件发生后有一些争议，但警方发言人称，对于警察来说，大部分时候必须考虑事情的严重性，是否应射中嫌疑人要害需要根据当时现场的具体情况迅速做出决定，要不然可能就没第二次机会了。如果只是射中犯罪嫌疑人的腿或胳膊的话，警察还有可能会遭到第二次攻击。	未
德国总理默克尔	未
德国总理默克尔不再竞选连任党主席，谁将成为接班人	未
德国总理默克尔发表演讲 卸任基民盟主席	未
德国总理默克尔宣布不再竞选连任党主席，3人成热门接班人选	未
德国总理默克尔潜在“接班人”希望收紧避难权	未
德国总统成都品盖碗茶、转糖画	未
德国总统施泰因迈尔将访华	未
德国总统施泰因迈尔访华	未
德国总统施泰因迈尔访问徐冰工作室“背后的故事”	未
德国戏剧《共同基础》让我们明白，中德戏剧没有共同基础	未
德国房王惊人浮现：每平米3.86万欧元！	未
德国：拆除250公斤二战遗留炸弹	未
德国推出新移民法案 允许引进高技能外劳	未
德国插画家 Karl James Mountford ins：karljamesmountford	未
德国收紧并购审查，出路在于人文交流	未
德国政坛新老交替 默克尔卸任执政党主席	未
德国政府发言人：默克尔12月1日上午将按计划与普京会面	未
德国政府通过新规收紧对非欧盟投资审查	未
德国故事德国疗养院生活小记--那个带我采蘑菇的捷克老太太	未
德国新天鹅堡的秋天和冬天试问谁不想住在这样的城堡里	未
德国新总统当选前接见首位华人州参议员杨明先生	未
德国新规对非欧盟投资收紧：收购股比达到10%即介入审核	未
德国新闻 从未怀疑我吃过的三文鱼有问题，直到今天kotest权威测评！	未
德国新闻 你还是回家找妈妈吃奶吧！DHL推特官号怒怼顾客，结果	未
德国新闻 巴符州一70岁保姆勒死了一名7岁小男孩，原因太诡异了！	未
德国新闻 德国对外国人最友好的8座城市是它们！准备搬家换城市的注意了	未
德国新闻 柏林新规：后备警察必须好好学德语！但难道以前不用学吗	未
德国新闻 正式开怼！为了默克尔接班人CDU党内元老开启互掐模式	未
德国最新研究：狒狒被移植基因编辑猪心脏后长期存活	未
德国检方：逮捕一名向俄出口军民两用产品的俄罗斯人德国联邦总检查院发布消息，逮捕一名向俄罗斯出口军民两用产品的俄公民。网页链接	未
德国正式告别石煤开采 能源转型仍任重道远	未
德国汉堡海关近日查获一起大额可卡因案，总计约100公斤的可卡因被藏在一台从巴西运来入关的大众T1中，总价值超过2100万欧元德国海关同时也没收了这台T1，将送往海关博物馆展示	未
德国汉诺威ＩＴ展将停办	未
德国汽车冲撞人群致1死多伤 死伤者不涉中国公民	未
德国汽车制造商与特朗普会面 美媒：美或取消汽车关税	未
德国：清真寺疑向教徒汇款买武器	未
德国渔夫抓到疑似美人鱼 又放归大海	未
德国渔夫抓到疑似美人鱼！又放归大海	未
德国电工：分得清 VS 印度电工：分得清	未
德国的一家巧克力工厂发生泄漏这不是小时候梦里的场景么	未
德国知名华人记者张丹红悼念关愚谦先生：愿关老一路走好	未
德国研究：矮个子男性更容易早脱发	未
德国科隆一月内拆除3枚二战遗留哑弹	未
德国科隆一月内拆除3枚二战遗留哑弹，其中一枚重达1吨	未
德国网监:华为未进行间谍活动	未
德国网监部门反驳：并无证据证实华为监视客户	未
德国网监部门站出来反驳了	未
德国考虑替换85架老旧战机 美国欲分一杯羹	未
德国联邦议院通过支持“联合国移民公约”议案	未
德国联邦金融监管局承认吉利收购戴姆勒股份合法	未
德国西部2辆小汽车正面碰撞 致4人死亡3人重伤	未
德国警方搜查德意志银行法兰克福检方表示，此次反洗钱调查针对的是年龄分别为50岁及46岁的两名德银雇员，但未透露嫌疑人姓名。网页链接	未
德国议会通过法案 将准许民众登记为第三性别	未
德国调查默克尔专机故障原因，机组靠卫星电话安排降落	未
德国财政部推出互联网交易新规定	未
德国财长劝法国将安理会常任理事国席位让给欧盟	未
德国财长提议：法国把安理会常任理事国席位让给欧盟	未
德国贸易官员认为德中经济合作关系不可分割	未
德国足协给拜仁开出了一张一万三千欧的罚单，理由是球迷在11月10日对阵多特蒙德的比赛中使用了烟火。	未
德国车和日本车分为在美国销售的德日车和在中国销售的德日车cars01车闻 //@24小时以外:韩国车分为在美国销售的韩国车和在中国销售的韩国车，所以，没啥意思（在米国，韩国车确实蛮多的）	未
德国近三分之一在押囚犯为外国人	未
德国金融监管局宣布结束吉利(00175)并购戴姆勒股份调查：无任何罚款据21世纪经济今日报道，BaFin(德国金融监管局)对吉利(00175)集团购买戴姆勒集团9.69股份一事的调查结果：此案已经终结，吉利控股集团将不会受到任何罚款。网页链接	未
德国金融监管局宣布结束吉利并购戴姆勒股份调查：无任何罚款	未
德国金融监管局宣布结束吉利并购戴姆勒股份调查：无任何罚款12月15日，21世纪经济报道记者从浙江吉利控股集团得知，吉利已经获知了BaFin(德国金融监管局)对吉利集团购买戴姆勒集团9.69股份一事的调查结果：此案已经终结，吉利控股集团将不会受到任何罚款。同时，吉利控股集团无需再接受关于此事的其他调查。德国金融监管局宣布结束吉利并购戴姆勒股份调查：无任何罚款	未
德国金融监管局宣布结束吉利并购戴姆勒股份调查：无任何罚款12月15日，从浙江吉利控股集团得知，吉利已经获知了BaFin(德国金融监管局)对吉利集团购买戴姆勒集团9.69股份一事的调查结果：此案已经终结，吉利控股集团将不会受到任何罚款。同时，吉利控股集团无需再接受关于此事的其他调查。（21世纪经济报道）德国金融监管局宣布结束吉利并购戴姆勒股份调查：无任何罚款	未
德国金融监管局宣布结束吉利并购戴姆勒股份调查：无任何罚款 从浙江吉利控股集团得知，吉利已经获知了BaFin（德国金融监管局）对吉利集团购买戴姆勒集团9.69股份一事的调查结果：此案已经终结，吉利控股集团将不会受到任何罚款。同时，吉利控股集团无需再接受关于此事的其他调查。（21世纪经济报道）	未
德国金融监管局宣布结束吉利并购戴姆勒股份调查：无任何罚款从浙江吉利控股集团得知，吉利已经获知了BaFin（德国金融监管局）对吉利集团购买戴姆勒集团9.69股份一事的调查结果：此案已经终结，吉利控股集团将不会受到任何罚款同时，吉利控股集团无需再接受关于此事的其他调查 ...全文	未
德国金融监管局宣布结束吉利并购戴姆勒股份调查：无任何罚款据21世纪经济报道消息，记者从浙江吉利控股集团获悉，吉利已经获知了BaFin(德国金融监管局)对吉利集团购买戴姆勒集团9.69股份一事的调查结果：此案已经终结，吉利控股集团将不会受到任何罚款。同时，吉利控股集团无需再接受关于此事的其他调查。在投资戴姆勒一事上，吉利控股集团一直秉承依法合规的宗旨，严格遵守德国相关法律法规，信息披露及时，内容准确无误。吉利方面表示。今年2月23日，吉利官方宣布，通过旗下海外企业主体收购了戴姆勒股份公司9.69	未
德国金融监管局宣布结束吉利并购戴姆勒股份调查：无任何罚款财联社12月15日讯，从浙江吉利控股集团得知，吉利已经获知了BaFin（德国金融监管局）对吉利集团购买戴姆勒集团9.69股份一事的调查结果：此案已经终结，吉利控股集团将不会受到任何罚款同时，吉利控股集团无需再接受关于此事的其他调查 ...全文	未
德国队DieMannschaft国家队和球迷俱乐部的两个官博我们聊聊，别人的布胖的	未
德国队DieMannschaft据德国媒体《体育图片报》的消息，拜仁主席赫内斯计划在明年春天与卡恩谈判，商量邀请卡恩进入拜仁管理层的事情。目前的形势看来，卡恩可能会在2021年进入拜仁高层。如果鲁梅尼格续约到2021年，鲁梅尼格离任之后，卡恩可能接替鲁梅尼格成为拜仁CEO。同时报道称在去年夏天赫内斯曾经和德国国家队领队比埃尔霍夫有过谈判，赫内斯问过比埃尔霍夫进入拜仁管理层工作的可能性，不过比埃尔霍夫更愿意留在德国足协工作。	未
德国队DieMannschaft胡梅尔斯happy Birthday	未
德国队DieMannschaft虎扑12月5日讯 德国队领队比埃尔霍夫日前坦言，他们没有带萨内去俄罗斯参加世界杯是个错误。在接受采访的时候，比埃尔霍夫说道：我们承认没有在世界杯上带萨内是个错误，因为他是个天才，但这对他个人可能也有好的一面，自从他回来后，我们感觉到他非常有动力，并且非常专注。	未
德国队DieMannschaft 虎扑图片报：胡梅尔斯有意冬窗离队，切尔西和热刺是可能下家 胡梅尔斯渴望出场机会，他并不会接受长期这样的处境。据《图片报》的消息，胡梅尔斯的经纪人Kosicke之前已经抵达伦敦，在为可能的转会做准备。现在最热门的下家是切尔西和热刺。不过拜仁慕尼黑高层鲁梅尼格同时表示：不是这样的！我在几天前和胡梅尔斯谈过，胡梅尔斯在下半程肯定会留在拜仁。	未
德国队DieMannschaft谁还不会个小鸟依人	未
德国队公布明年赛程：3月底和9月初两战荷兰在北京时间周五晚，德国足协在官网上公布了国家队明年的具体赛程在2019年，德国队将迎来8场欧预赛以及2场友谊赛其中，在3月底以及在9月初对阵荷兰的比赛为德国队的焦点战役	未
德国高校华人副校长丁永健：有幸赶上了改革开放时代潮流	未
德国高科技电热水瓶，家里其他烧水工具都可以退休了！	未
德基民党举行代表大会 默克尔接班人即将产生	未
德基民盟新主席寻求党内团结 但面临艰巨挑战	未
德基那个有杜比么椅子不舒服。。。//@米達麥亞--文傑：新街口德基	未
德媒：印度不仅要建厕所 还应向民众普及如何上厕所	未
德媒：印度不仅要建造厕所 还应在民众间普及如何上厕所	未
德媒：吉布提从殖民地变成地缘政治香饽饽德国联邦国防军网站：吉布提这个名字给人一种异国情调，而对于另外一些人来说，这里则是一个临时家园。在过去几十年间，吉布提一再尝试通过外交努力表现自我。由于地缘战略位置优越，多个国家在该国建立了军事基地。德媒详述吉布提成长史网页链接	未
德媒头条 2018.11.23：他上了火车，火车把他带进了监狱	未
德媒：如果俄罗斯无视“最后通牒” 世界将怎样？	未
德媒：如果俄罗斯无视最后通牒 世界将怎样新冷战或将重新开启东西方又将重新对立现在一边是中美贸易战一边是美俄中导战，我看特朗普这个搅屎棍自上台后，全世界格局可能要大变。。 德国《明镜》周刊网站12月4日刊载题为《如果俄罗斯无视最后通牒，那将怎样》的文章称，目前没有人知道《中导条约》失效后会出现什么情形。甚至北约秘书长延斯斯托尔滕贝格也承认，《中导条约》的终结是非常可能的。德国外长马斯也表达了同样的观点。他希望俄罗斯能够利用最后的机会改变方向。文章称，北约新总部透出一丝冷战的气息	未
