民生风控变本加厉，微信偏方无损提现	未
民生  驾驶证扣分何时清零记满12分怎么办很多车主都不知道！	未
民生麻涌这条村招人，大专学历即可	未
民生黄石人用手机付钱的注意了，这些真的很重要！	未
《民用爆炸物品生产和销售企业安全生产培训管理办法》印发	未
民用电子设备的权威人士，是花钱堆出来的。	未
民用航空法草案：拟对无人驾驶航空器监管作出立法授权	未
民盟中央副主席程红撰文：把握我国新型政党制度的发展逻辑	未
民福街头突然一声震天巨响！然后就成了这样...	未
民粹好可怕，我先吃个橙子压压惊	未
民航90米低能见度试飞 大雾神器能否终结航班延误？	未
民航90米低能见度试飞 大雾神器能否终结航班延误中国民航局披露，中国民航本月4日晚在北京首都国际机场完成了基于平视显示器的跑道视90米低能见度起飞首次验证试飞与此同时，北京首都国际机场还一并完成IIIA类运行验证试飞此项技术在实际应用后，将很大程度上解决首都国际机场低能见度航班离 ...全文	未
民航东北地区管理局佳木斯运行办揭牌成立	未
民航在首都机场完成90米低能见度试飞	未
民航头条导读丨2018年11月28日	未
民航头条导读丨2018年12月5日	未
民航完成90米低能见度试飞 首都机场八成低能见度航班离港问题将解决	未
民航局今日发布公告，拟按程序为以下国际航线颁发许可：1@海南航空 2019年1月起，贵阳巴黎，每周1班2@华夏航空 2019年1月起，呼和浩特乌兰巴托，每周3班3华夏航空 2019年1月起，天津乌兰巴托，每周4班4华夏航空 2019年2月起，重庆马尼拉，每周7班5华夏航空 2019年1月起，重庆万象，每周7班6华夏航空 2019年4月起，贵阳新加坡，每周4班。航旅快讯	未
民航局公布11月1日-11月30日期间收到申请已完成办理并颁发经营许可的国际航线。@吉祥航空 新加坡赫尔辛基航线均获批，@中国南方航空 广州-乌鲁木齐-维也纳广州-昆明-伊斯兰堡等航线获批，@四川航空 获批乌鲁木齐-重庆-悉尼航线，@西藏航空有限公司 获批西安-科伦坡航线，俄罗斯伊尔航空在此次公示中获批的航线最多。航旅快讯	未
民航局公示2019年通用航空发展专项资金预算方案	未
民航局处罚多家航空公司 暂停受理首都机场新增航线申请	未
民航局处罚多家航空公司，暂停受理首都机场新增航线申请	未
民航局拟规定：勿以默认选择方式为旅客购买付费服务	未
民航局督导组赴首都航空开展安全专项督导工作	未
民航局网站公示部分新开国际航线，其中海南航空计划2019年1月开通贵阳-巴黎直飞航班，每周1班。顺路看看明天早上1点海航深圳维也纳的航班上座率：13 .2。	未
民航开启飞机退役大潮 波音757、767全退役(图)	未
民航运行信息 南京机场航班延误红色预警提示：南京机场受低能见度天气影响，不满足起降标准。温馨提示一下：多留意航空公司的航班延误信息或改签信息。	未
民航首次完成90米低能见度起飞验证试飞	未
民航驾驶员数据统计（至11月20日）	未
民航黑名单来了！出现这9种行为将被限制乘机日前，信用中国公布了11月份新增失信联合惩戒对象其中有195人因为不文明行为被限制乘坐飞机，这其中涉及到9种行为被民航列入黑名单网页链接	未
民营企业债券融资支持工具落地交易所债券市场	未
民营企业发展环境的调查：企业融资新鲜血液不可少	未
民营企业商事犯罪预防与管控论坛广州举办	未
@民营企业家，你在空港新城还好吗	未
民营企业家冤狱11年获平反，法院受理其21亿国家赔偿申请	未
民营企业家冤狱11年获平反 申请21亿国赔法院受理	未
民营企业家垫付工程款为县政府修路 如今债务缠身	未
民营企业家访谈：大商大庆新玛特常务副总经理孙爱琦	未
民营企业家访谈：大庆眼科医院院长于耀光	未
民营企业家谈改革开放与民营经济发展	未
民营企业的救命钱来了，老大发话了就是不一样	未
民营企业的难点、痛点、堵点，就是我们工作的切入点——访湖北省委书记蒋超良	未
民营体检，真该体检了！	未
民营医院文化建设，员工的们在想什么	未
民营房企转型，“创二代”们靠得住吗？	未
民营线路就这样，看司机这样也挺辛苦的，就这样吧相互体谅，也不是危害交通安全。	未
民营经济发祥地台州来沪对接这件大事，李强应勇会见	未
民营经济只能壮大、不能弱化	未
民营经济在贵州访省发展改革委主任陈少波	未
民营银行吸储大打价格战：准活期存款利率达4.5%	未
民警使用微信10大注意事项	未
民警借盗贼微信预约作案 砸车窗大盗同伙准点落网一把弹弓1元硬币，砸你家车窗玻璃！一晚上4台高档轿车后备箱玻璃被击碎，2万余元钱物被盗。民警追踪砸车窗大盗，正好撞上拎着茅台酒销赃的。不料其同伙发来微信邀约再次作案，民警不失时机地与对方约定作案会面时间地点，同伙也准点落网。_ 这波聊天信息，笑skr人了！民警借盗贼微信预约作案 砸车窗大盗同伙准点落网	未
民警做的这些事值得尊重，但很不提倡！	未
民警儿子生日蛋糕写“14岁要负刑事责任了” 母亲:告诫已长大	未
民警儿子生日蛋糕写14岁要负刑事责任了 近日，一张特殊的生日蛋糕照片在网上走红。这个蛋糕上面画着黑猫警长，与传统生日快乐的文字不一样的是，这个蛋糕上写着的字是十四岁要负刑事责任了。民警儿子生日蛋糕写14岁要负刑事责任了	未
民警凌晨徒步吃夜宵，被一辆汽车连续刮蹭，原来......	未
民警出差回义乌，路上临时停下警车，做了回消防员	未
民警刘彦：我已无法归队 ，请你们继续坚守岗位！	未
民警刘彦抢救无效牺牲，妻子刚刚怀孕，珍重，警嫂！	未
民警千里护送山东流浪女回家，家属寄来感谢信称中国是个大家庭	未
民警大走访 有难他们帮	未
民警孩子过生日，蛋糕写：十四岁要负刑事责任了！网友：含泪吃下	未
民警屈膝一蹲照片刷屏朋友圈 网友：这个冬天不再寒冷	未
民警巡逻路上捡到孩子，为人父母需警惕	未
民警已在去的路上，可以罚！ 查看图片 //@深圳交警:我们查处！//@AlexAlexAlex_:举报深圳速马力车店正在为车辆非法改装油路系统。非法改装机动车油路容易发生汽油泄露，改装后罐内存储有高压气体和汽油，极易发生爆炸，增加自燃风险，此类改装车在道路行驶存在很大的安全隐患。希望交警部门重视一下。@深圳交警	未
民警帮助走失老人回家  身份牌竟立头功	未
民警帮忙寻回走失小孩 群众送锦旗表谢意	未
民警：干什么的?  我答：搞门窗的。	未
民警往返数百里  大胆蟊贼终落网	未
民警怎么把大货车搬上学校课堂了快来一探究竟	未
民警手撕车框救出被困人员	未
民警提示（视频）丹东市公安局食药侦支队 教您辨别真假茅台酒	未
民警故事一双暖鞋警民情	未
民警是个灌篮高手  一路狂奔追得窃贼双腿站不稳	未
民警查套牌车，意外搜出3把大砍刀	未
民警现学手语  帮迷路老人回家	未
民警百米冲刺抓毒贩，嫌疑人无奈道：没想到你体能那么好	未
民警蜷缩在列车里睡着 其实，还有很多警察也是这样，普通人也许很难看到这样的情景，但这却是新疆警察的日常工作照。为了脚底下这片我们深爱的热土，再苦再累都值得！新疆警察的普通照片，却感动数亿网友！ 为他们默默点赞！	未
民警蜷缩在列车里睡着请原谅我睡姿不雅今天，浙江绍兴民警钱锡灿蜷缩在列车里睡着的照片感动无数网友。其实，还有很多警察也是这样，因为连续战斗，累了只能乘车席地而睡，坐在椅子上睡觉，甚至吃着饭就睡着了岁月静好是因为有人在负重前行，致敬人民警察！	未
民警被刚吸过冰毒的毒贩死死咬住！快送医院！	未
民警视频连线帮老人不到现场取款	未
民警走访爱喝酒的独居老人，打开门却发现他满头是血躺在床上	未
民警踹破群众家门 群众却感激不尽11月14日，西安公安新城分局长乐中路派出所民警接到110报警，报警人自称是一名76岁老人的妹妹，平时与自己哥哥几乎每天都有电话联系，而就在报警前一天，她打哥哥电话几十次却无人接听，老人平时自己居住，女儿因为工作原因居住较远，与老人失去联系后，老人的女儿也多次联系没有结果，最后，一家人选择报警。接到报警，民警第一时间赶赴老人平时居住的西光37街坊，老人家门反锁，家属的钥匙也无法开门，民警敲门呼喊也无应答，时间一分一秒的流逝，考虑到老人的年事已高安危未卜，民警张晓伟当	未
民警连续工作65个小时，端着泡面睡着了12月15日，淮安市清江浦公安分局城南派出所范佳伟手捧泡面坐在沙发上进入梦乡的照片在朋友圈热传。从14日晚到15日凌晨两点多，范佳伟和同事共出警五六次，处警完回到所里泡了碗面，因为太困，吃了两口就睡着了。据了解，范佳伟值班前一直在办案，已经连续熬	未
民警连续工作65个小时，端着泡面睡着了12月15日，淮安市清江浦公安分局城南派出所范佳伟手捧泡面坐在沙发上进入梦乡的照片在朋友圈热传。从14日晚到15日凌晨两点多，范佳伟和同事共出警五六次，处警完回到所里泡了碗面，因为太困，吃了两口就睡着了。据了解，范佳伟值班前一直在办案，已经连续熬了两个通宵，工作了近65个小时。民警连续工作 65 个小时，端着泡面睡着了	未
民警连续工作65个小时，端着泡面睡着了12月15日，淮安市清江浦公安分局城南派出所范佳伟手捧泡面坐在沙发上进入梦乡的照片在朋友圈热传从14日晚到15日凌晨两点多，范佳伟和同事共出警五六次，处警完回到所里泡了碗面，因为太困，吃了两口就睡着了据了解，范佳伟值班前一直在办案，已经连续熬 ...全文	未
民警追悼会上，14岁女儿的致辞让人肝肠寸断！	未
民警遭诬陷收三条烟 督察来维权正名近日，根据公安机关督察条例实施办法，江苏省兴化市公安局警务督察大队主要负责人代表该局维权办率队前往该局垛田派出所，为55岁的民警老杨维权，宣布调查结果：耿某控告老杨收礼的情况失实，当场发给老杨澄清证明通知书及维权抚慰金  ...全文	未
民调：五分之一俄罗斯人认为2019年俄美或爆发战争俄独立民调机构列瓦达中心进行的一项民调结果显示，19俄罗斯人表示，2019年俄罗斯和美国/北约之间可能爆发大规模战争。网页链接	未
民调：俄罗斯人最常为重病患者和孤儿捐款 俄罗斯联邦社会院进行的民调结果显示，俄罗斯人最普遍的行善和捐助对象是孤儿和重病患者，约半数受访者有这样的行为。网页链接	未
民调：俄罗斯总统普京再度当选俄年度政治人物	未
民调显示：2018年一半俄罗斯人在网上购买消费品	未
民调显示：2018年一半俄罗斯人在网上购买消费品俄罗斯社会舆论与市场调查中心（Romir）的一项民调显示，2018年有一半俄罗斯人在网上购买消费品。Romir借助Consumer Scan Panel系统对俄罗斯220个城市4万人的消费情况进行抽样调查，研究结果反映了俄罗斯各市居民的购买力和消费行为。民调显示：2018年一半俄罗斯人在网上购买消费品	未
民调显示台当局领导人不满意度不信任度再创新高	未
民调显示多数美国人称家庭是生命意义所在	未
民调显示近八成美国人认为2016年大选结束后国家更加分裂	未
民调显示近八成美国人认为国家更加分裂	未
民调：约80俄罗斯人打算在家中迎接新年全俄社会舆论研究中心一项民意调查显示，约80俄罗斯人打算按照传统在家中迎接新年，只有6受访者打算去做客，1俄罗斯人将在国外庆祝节日。网页链接	未
民进党中执会火花四射 败选怨气重重	未
民进党为何2年就把视为"祖坟"的高雄丢了？	未
民进党为“去中国化”又出“损招”？国台办回应	未
民进党主席职务新动向 “立法院长”参选?	未
民进党主席职务现新动向 台“立法院长”要参选？	未
民进党主席补选要“难产”	未
民进党人士：2019年1月赖清德会坚决请辞走人	未
民进党代主席称民众已不欠民进党，网友：何时欠过？	未
民进党元老：势必要建立两岸沟通管道	未
民进党再分裂：“新潮流系”创始大佬吴乃仁“退流退党”	未
民进党刚惨败就提前成立2020竞选办公室 台网民：不做正事，没救了！	未
民进党刮问责风暴	未
民进党大佬宣布退党：我已经忍了很久，这是最后一刀	未
民进党对大陆栽赃 国台办：他们低估台民众判断力	未
民进党开争党主席	未
民进党当选议员未就职就退党 怒称这是什么政党啊	未
民进党惨败 蔡英文检讨：去高雄听民意	未
民进党惨败蔡英文辞去党主席后 事情正在起变化	未
民进党惨败蔡英文辞去党主席后 事情正在起变化(图)	未
民进党推举林右昌出任代理主席	未
民进党“新潮流系”创始人宣布退党	未
民进党要赖清德团队总辞：把争议战场清理干净	未
民进党谁选2020？准新任党主席：蔡英文无优先连任权	未
民进党败选拿一个女人开刀	未
民进党败选，是台湾选举理性回归	未
民进党闪崩！台政界权力洗牌，“无色觉醒”成新常态	未
民进党“问责风暴”刮起	未
民进党鼓噪“大陆干预选举”，台“国安局”：假新闻	未
民进湖南省委北京支部成立	未
民进湘潭市委七届十五次主委会议召开	未
民间处处有高手看到服	未
民间大妈现场打的这条拳头，你知道是什么拳吗	未
民间小调《不孝婆婆打奶奶》	未
民间小调《做婆婆难》	未
民间小调《叫花子与憨妮相亲》好事成双，哈哈	未
民间小调《穷人和富人的对话》太精辟了	未
民间小调《赌博害死人》	未
民间投资大佬林园投资备案新私募	未
民间拿它做染料，小孩拿它当子弹玩，如今走进豪宅当黄金果	未
民间故事，棺内尸体不翼而飞	未
民间武林高手一掌600斤，能打过徐晓冬吗	未
民间牛人发明砍柴火神器，不用油不用电，50元做一把	未
民间牛人自制机械化劈柴神器，工人只要远远的观看就行	未
民间用女德控制思想，上面用道德审查游戏。都是同样的意义。无论是个人生活还是国家运作，一旦采用道德去治理，就是滑向恐怖的开始。因为法律有边界而道德没有。	未
民间高手出品的国产黑科技玩具 @珠江新闻眼	未
民间“鬼节”七月半 老苏州怎么过？	未
民革上海市委召开十四届三次全体（扩大）会议	未
民革中央首次在纳雍召开全国性民革定点扶贫工作会议	未
民革十三届四次中常会在北京举行	未
民革湖南省委主委田红旗任中国工程院副院长	未
气人！女孩圈里晒自拍，熟人见面后都对她指指点点！真相竟是...	未
气人球星 科隆官方：莫德斯特暂不跟队训练，等待进一步通知！	未
气人竟然有人这样在国道220上开车......	未
气体泄漏！网友爆料，关帝庙的附近竟然有仙气飘上来！	未
气候专家：减排责任仅看排放量有失偏颇	未
“气候传播与公众意识”边会在联合国卡托维茨气候大会上举行	未
【气候变化大会】古特雷斯：气候变化问题生死攸关	未
气候变化或致欧美风暴发生频率增加两倍	未
气候变化真的存在吗？还是仅仅是理论预测？	未
气候变暖 驯鹿大幅减少？外媒关注：如何保护 “圣诞神兽”	未
气候变暖改变全球 零碳世界难以及时到来	未
气候大会再入“加时赛” 关键分歧仍待解决	未
气候大会在波兰：低碳转型、经济民生与地缘博弈之辩未决	未
气候谈判的忧与喜	未
气到变形吃T！巴特勒三分投篮被猛龙球员直接推倒，但是裁判竟然没有任何吹罚，巴特勒坐在地上就开始素质三连了NBA比赛日	未
气味电影现身：他在电影里吃火锅 你在影院内能闻到	未
气愤！云南一老人大学门口卖小吃，7元小吃顾客扫码只付1分钱	未
气愤！兴化这群老年人非要买骗子的东西！村干部劝都劝不住！(附视频)	未
气愤手术做一半，医生竟然停了下来！更气人的是	未
气愤！拄拐男子驾老年车逼停公交，还一拐将司机当场打晕...（视频）	未
气愤！洛阳这群老人拦着婚车要上千元！不给就不让走！现场视频被全国疯传！	未
气愤！班车上自良八旬阿公被割裤，偷走棺材本！	未
气旋风暴在印度安得拉邦造成1人死亡	未
气柜！  揭开张家口爆燃事故关键设备神秘面纱，全国75家氯乙烯企业气柜开始大排查	未
气温1初雪要来	未
气温列车前方即将进入大滑坡，请抓稳扶手	未
气温回升，霾再现，宝宝们昨天屯够口罩了吗	未
气温回升霾将再现今天是一个晴朗的冬日，早晨寒冷，午后有了些许暖意。冷空气离开后，气温逐渐回升了，讨厌的是，静稳天气下，霾又将来。12日陕西省大部晴天间多云，最低气温具体分布：陕北大部-21-15，最低富县-20.6关中大部商洛-14-6，西安城区-6.4汉中和安康-6-2。虽说天气转晴，清晨还是异常寒冷。白天温度回升，截至下午4时日最高气温分布：陕北大部关中北部-2-2，关中南部2-6，汉中商洛4-8，安康6-10。白天气温虽然有点低，但是阳光灿烂，空气质量较好	未
气温回升霾将再现今天是一个晴朗的冬日，早晨寒冷，午后有了些许暖意冷空气离开后，气温逐渐回升了，讨厌的是，静稳天气下，霾又将来12日陕西省大部晴天间多云，最低气温具体分布：陕北大部-21-15，最低富县-20.6关中大部商洛-14-6，西安城区-6.4汉中和安康-6- ...全文	未
气温实况 下午5点回看过去12个小时的变温哈，今天气温变化不大	未
气温实况中午这个气温出门觅食，可得把自己裹严实了喂！	未
气温实况 实况温度 vs 体感温度再多嘴一句，明日凌晨将会达到近期最低气温哈，例如榆林最低气温预计要达到-21要出门的都把自己裹紧哈	未
气温开始回升，雾霾又杀“回马枪”	未
气温开始止跌回升 北京下周慢慢“解冻”	未
气温持续下降  今天我市最高气温降至-15度	未
气温持续回升 12月16日起新一轮雾霾将影响江苏	未
气温持续滑坡！沿江苏南地区周末有望见雪花	未
气温正在缓慢下降，今晚到明早依然寒冷，明天上午太阳出来后气温才会回升，预计明天上午取消寒冷黄色预警。坚持一下，再抱着自己凑合着过一晚吧	未
气温正在缓慢下降，今晚到明早依然寒冷，明天上午太阳出来后气温才会回升，预计明天上午取消寒冷黄色预警坚持一下，再抱着自己凑合着过一晚吧	未
气温每天下跌一个拥抱的温度是时候入手新文胸新裤子新外套啦不要抱怨天气太冷 抱我赞里选3个请你们喝珍珠奶茶暖暖身子 暴走的萝莉网纱外穿跑	未
气温缓慢回升天气要闻 未来三天我市多云到晴，早晚寒冷，需注意添衣保暖早晚能见度较差，请注意交通安全 未来三天我市多云到晴 早晚寒冷需注意添衣保暖	未
气温走低，主因是晴空辐射 预计周日后温度将上扬	未
气温跌至零下1度！浏阳今年第一场雪后天就要来了	未
气温转凉，雾霾当头，您有一份鼻炎患者生存指南请查收！	未
气温降得快，拱棚如何保温防冻	未
气温骤降一下子看出供热质量了，你家今早多少度//@长春饭店小奶油:还有谁昨晚冻醒了	未
气温骤降，不能骑车这波毒解你的渴！	未
气温骤降带火香港餐厅生意 火锅店及冻肉铺门庭若市	未
气温骤降，棚室蔬菜要这样管理！	未
气温骤降的阴雨天，只想过这样的小日子	未
气温骤降，石家庄遭受冷空气袭击！速看！地铁12号线，最新建设进展	未
气温骤降秦岭山区降雪 210国道路面积雪道路湿滑	未
气温骤降，骑车出门的你得注意这些 济南身边事	未
气炸 外网论坛疯传中国生活秘籍内容令人发指 揭开这群假装爱中国的老外的虚伪面具	未
气炸！孩子穿鞋踩公交座位！就在珠海K4路公交车上！	未
气球飞了怎么办，亲爸一般是这样做的。	未
气管切开术，气管插管的过程 微博视频 Warm Nights	未
气血不足要常喝这个汤，特别是女士，每月喝三天，比乌鸡还养人	未
气象万千 万千气象丨记宁波小记者走进鄞州气象科技馆	未
气象万千下雪降雨大风！气温狂降至-3！潜江人撑住！	未
气象与生活寒潮是如何形成的	未
气象专家解析近日华东地区大雾天气	未
气象专家解析近日华东地区大雾天气 提醒注意交通安全	未
气象专报今日天气今日课	未
气象为农持续低温阴雨遇降雪 设施生产注意防范受南方暖湿气流及北方持续南下的较强冷空气共同作用，8-10日我省将持续低温及阴雨雪天气，其中8-9日沿江及苏南地区有明显降雪。建议提前加固棚体压实棚膜，并清理设施四周的沟渠，保证雨水及时排出，雪后及时除雪及时调控棚内温湿度并适时增光。	未
气象为农持续低温阴雨遇降雪 设施生产注意防范受南方暖湿气流及北方持续南下的较强冷空气共同作用，8-10日我省将持续低温及阴雨雪天气，其中8-9日沿江及苏南地区有明显降雪建议提前加固棚体压实棚膜，并清理设施四周的沟渠，保证雨水及时排出，雪后及时除雪及时调控棚内温湿度并适时增光	未
气象人与宪法微视频：讲述了气象人在宪法和气象法律法规的指引下依法履职，守护安全的故事北京市气象灾害防御中心拍摄我正在看气象人与宪法 气象人与宪法 @腾讯视频 网页链接	未
气象  今天将会重度污染，顺义全面叫停这些行为！	未
气象台发布暴雨蓝色预警 南部局地有大暴雨	未
气象台紧急通知！万州马上要下雪了！	未
气象君的科普时间 口罩戴对还是有用的！	未
气象 地面天气图显示，本轮寒潮的冷高压中心气压已达1072百帕，如同一桶冷饭锅，并在高空槽这个煮饭婆的推动下，饭锅爆炸，大片寒冷的北风正在揭锅而出，涌入南方。而真正五光十色的天气菜式也将在南方呈现。目前印缅南支槽正在加深，副高加强，冷暖空气马上要在长江流域上演quot你扯一下我的发夹，我撕一下你的头花quot的苦情戏，雪从今夜起就将在这一带逐步开张，明晚开始，西湖断桥的雪，可能就是它们多情的伤惹。	未
气象 地面天气图显示，本轮寒潮的冷高压中心气压已达1072百帕，如同一桶冷饭锅，并在高空槽这个煮饭婆的推动下，饭锅爆炸，大片寒冷的北风正在揭锅而出，涌入南方而真正五光十色的天气菜式也将在南方呈现目前印缅南支槽正在加深，副高加强，冷暖空气马上要在长江流域上演quot你扯一下我的发夹，我撕 ...全文	未
气象学家实名批“天河工程”仓促上马，研究团队未回应质疑	未
气象学家实名质疑天河工程	未
气象学家实名质疑天河工程 天河工程无疑首先是个围绕气象进行研发的工程，居然团队上下没有任何一个气象学家参加，它挂羊头卖狗肉的本质还不清楚吗	未
气象学家批天河工程仓促上马 研究团队未回应质疑	未
气象小知识一张图了解哪里霾频发   via@中国天气	未
气象小知识一张图了解哪里霾频发近些年，霾在公开场合被频繁提及，并逐渐被熟知但是，究竟那些地方霾天气频发哪个时段霾最重选口罩需遵循哪些标准一起来看图吧   via@中国天气	未
气象小知识你知道雪与霰的区别吗	未
气象小知识 天气预报中的多云有几多	未
气象小知识常年大雪节气期间高影响天气了解一下   via@中国天气	未
气象小知识雾霾散后需做的8件事   via@中国天气	未
气象小科普丨雾的种类有哪些	未
气象局:今夏洪灾较常年偏重 但弱于1998年	未
气象局：都下雪了 北京依然在干燥北风中冷眼旁观	未
气象局：降雪落地即化，不会有积雪发生	未
气象技能大比拼 几个事一起干，在成都竟然待了整整一周，终于可以回北京了话说寒潮之下，北京未来几天这气温，这风寒效应，我已瑟瑟发抖	未
气象改革开放40年 用天网捕捉雷神广西实现多要素雷电监测全域覆盖广西是我国雷暴日数最多的省区之一。3年来，广西建成了由20个三维闪电定位仪227个大气电场仪以及60个雷电流监测仪构成的雷电综合监测网。广西也成为全国首个全面建成多要素雷电监测全域覆盖的省区，跻身全国气象部门雷电业务基础设施先进省份前列。网页链接	未
气象改革开放40年 预报阴晴雨雪 惠及千家万户偏远地区也建起了气象站预报中的局部地区在减少信息发布打通最后一公里气象台摇身一变成萌台这些，都是改革开放40年来气象事业走过的路 via人民日报网页链接	未
气象  本次寒潮影响范围广大，除青藏高原云南闽南沿海外，全国各地气温都出现了10度以上的巨大降幅，其中广西贵州部分地区甚至出现了超过20度的剧烈降温有朋友问为何闽南沿海这次受寒潮影响不大简单来说：1这股寒潮路径偏西，对广西影响会比东边的福建大很多2闽南沿海受海洋影响非常大 ...全文	未
气象条件较有利于污染物扩散	未
气象条件较有利于空气污染物扩散今夜到明天白天空气污染气象条件预报。	未
气象条件较有利于空气污染物扩散今天夜间到明天白天空气污染气象条件预报	未
气象条件非常有利于空气污染物扩散今天白天到夜间空气污染气象条件预报。	未
气象条件非常有利于空气污染物扩散今天白天到夜间空气污染气象条件预报	未
气象汪的日常 一想到下午就要发下半年第一个寒冷预警就有点小激动呢，虽然现在热得像	未
气象生活30岁40岁50岁60岁，您的年龄体检最该查什么	未
气象界苦于缺少AI人才，“玩数据”的天气预报需要人工智能	未
气象科普 中国天气网首席分析师胡啸表示，当850hpa（也就是平均海拔高度1500米左右的）空气层气温低于-4左右时，就足够让高层大气中的小冰晶们以雪的形态往下掉落了。但落下来能否被你看见还有个关键因素0气温层的高度，它的位置越高表明下层空气越暖和，小冰晶们在掉落过程中也就融化得越快。一般来说，0气温层在500米以下，你才有可能见到雪花，高于这个高度则可能就是冷冷的冰雨或雨夹雪拍在你脸上了。首席分析师胡啸表示，随着气温走低，今天夜间开始，长江中下游地区就要陆续开始转雪了，武汉明天很可能推窗	未
气象科普南方冬天体感温度更低冬季南方相对湿度常常在70以上，阴雨天时更高，风一般不大同等气温条件下，南方更容易遭受湿冷的魔法攻击，而北方遭遇寒风刺骨的几率相对比较低多么痛的领悟！气温5度，湿度90时，体感温度才1.2度，好像预见了未来几天自己的凄凄惨惨的生活	未
气象科普雾霾分不清楚大家经常把雾霾联系在一起，说成雾霾其实，雾和霾是两种不同现象，既有联系又有明显区别雾和霾的成分不同，具体戳图！	未
气象那些事儿	未
气象部门预计今天仍有浓雾 出行关注路况	未
气象酷图2017年4月5日印度古尔冈的残酷闪电袭击，复合89次曝光照片：Jan Wellmann	未
气象酷图 卡拉达格山地附近的水龙卷风	未
气象酷图 夜风暴在因斯布鲁克-奥地利	未
气象酷图 尤里贝雷茨基在智利安第斯山脉的一个十二月中旬的夜晚捕捉到了这种透镜状云的夜景。站在干涸的盐湖区中央，凝视着无尽的天空，真是一次壮观的经历。	未
气象酷图 这张GIF图像是在2017年8月19日热带风暴哈维在波多黎各南部时拍摄，显示风暴上空产生巨型喷流	未
气象预警陕西省气象台12月13日16时解除低温黄色预警：随着冷空气减弱，我省大部地区日平均气温将逐步回升，故解除低温黄色预警@陕西发布	未
气象预警陕西省气象台12月8日10时30分发布低温黄色预警：过去72小时我省大部分地区最低气温较常年同期偏低，陕北最低温度在-22-17，关中最低温度在-10-5，陕南最低温度在-5-3。预计未来48小时，我省最低气温持续偏低，陕北最低温度在-20-16，关中最低温度在-11-6，陕南最低温度在-6-4。预计11-12日我省低温天气仍将持续，13日之后气温将略有回升。@陕西发布	未
气象预警陕西省气象台12月8日10时30分发布低温黄色预警：过去72小时我省大部分地区最低气温较常年同期偏低，陕北最低温度在-22-17，关中最低温度在-10-5，陕南最低温度在-5-3预计未来48小时，我省最低气温持续偏低，陕北最低温度在-20-16，关中最低温度在-11-6，陕南最低温度在-6- ...全文	未
气象预警陕西省气象台2018年12月10日11时继续发布低温黄色预警：过去72小时榆林延安日平均气温较常年同期偏低68，关中北部偏低56，预计未来48小时，陕北关中北部最低气温持续偏低@陕西发布	未
气象预警陕西省气象台2018年12月10日11时继续发布低温黄色预警：过去72小时榆林延安日平均气温较常年同期偏低68，关中北部偏低56，预计未来48小时，陕北关中北部最低气温持续偏低。@陕西发布	未
气象预警陕西省气象台发布低温黄色预警陕西省气象台2018年12月10日11时继续发布低温黄色预警：过去72小时榆林延安日平均气温较常年同期偏低68，关中北部偏低56，预计未来48小时，陕北关中北部最低气温持续偏低@陕西气象	未
氢弹掉海里怎么办？这次“断箭”任务成为史上最昂贵的抢救行动	未
氢氧化钠漂白地沟油煎炸双氧水浸泡腌制，这样的凤爪你敢吃吗劣质鸡脚，经过氢氧化钠溶液清洗漂白地沟油煎炸双氧水浸泡腌制等工序，摇身一变成为白白嫩嫩色香味俱佳的凤爪，你敢吃吗今天，记者从广州增城警方获悉，近期，增城警方打掉一个生产销售毒鸡脚的黑作坊，抓获涉案嫌疑人2名。 氢氧化钠漂白地沟油煎炸双氧水浸泡腌制，这样的凤爪你敢吃吗	未
氪星的日常 没有体会过北京早晚高峰的公共交通，那小老弟的北漂生活是不完整的	未
//@氪爆:我 杀 我 自 己//@yuzuri羽生:[贊]//@洛书-guardian :最右哈哈哈//@藤丸琥珀 :最右好//@HOGA__M :我是什么几把东西，也配在我西皮的绝美爱情里有姓名	未
水，80的人都喝错了为家人一定要看！	未
水nu，哈利嘎	未
//@水一样上善:转发微博	未
水上乐园安全管理	未
水上救援添“新星” 看机器人大显身手	未
水上漫步！青岛罕见白琵鹭越冬胶州湾湿地随着天气转寒，山东青岛罕见的国家二级重点保护动物白琵鹭在城阳区河套湿地越冬，由最初发现的两只增至七只，与同在湿地越冬的大白鹭苍鹭银鸥等候鸟一同栖息觅食。据了解，白琵鹭因嘴形扁阔似琵琶得名，为国家二级重点保护动物。@齐鲁网	未
水下打网今日体坛	未
水下摄影师罗德尼·布塞尔：我只对庞然大物感兴趣	未
水下的豹子，真是恐怖到豹炸啊！by/tw/ctowndoggz	未
水下过圣诞！挪威沉舰出现巨大破洞还没关水密门......挪威沉没的宙斯盾护卫舰英斯塔号在海底已经躺了一个多月了，经过一点也不缜密的计划，目前已经开始了打捞行动。然而，虽然挪威方面派出了包括中国制造的起重船和半潜船在内的大量工程船舶，但是到目前为止，打捞工作迟迟未见进展。水下机器人也来助力，通过机器人的灯光，可以看到英斯塔号护卫舰的损伤非常严重。和油轮相撞之后，虽然表面上还勉强可以维持，但是暗伤都在水下部分。水下机器人拍到的画面，护卫舰内部的水密门果然没有关闭，可见当时船员逃生有多么匆忙。	未
水下魁地奇	未
水不要钱吗青州这个路口怎么水流成河......	未
“水中大熊猫”哲罗鲑生态危局：开发和保护面临两难	未
水中救人	未
水乡夜色	未
水井坊好喝//@苏世山价值投资:差一点儿啊！//@浙江洪燕华:一把伤心泪//@苏世山价值投资:能活着就很了不起了//@何河成长趋势投资:庆祝一下，还健在	未
水产人都会关注的养殖技术公众号，你了解过吗	未
水产经销商再不提高服务能力，迟早会被市场所淘汰！	未
水产路6个公交站点被取消，绕行改线重立4个站马上转发！	未
水仙巍井（由左至右，巍巍的台詞是原話，檔案太大了只好切很多張）	未
水军，过来。 @来去之间	未
水冶人小时候的照片，第一张就让人回忆感慨...	未
水冶人注意：全国将严查这些行为，绝不手软！	未
水利部：2018年年底前我国将全面建立河长制、湖长制	未
水利部：2020年年底前基本完成全国河湖管理范围划定工作	未
水利部:一线调研重点约谈 靠前开展监督	未
水利部:从党的建设角度剖析问题 抓实巡视整改	未
水利部：南水北调山东段水质波动正常，在可控范围之内	未
水利部：南水北调山东段水质波动正常 在可控范围内	未
水利部多种形式纪念“宪法宣传周”	未
水利部：将河长湖长体系延伸到村，加强农村河湖管理	未
水利部总规划师回应南水北调水质不稳定：可控范围内	未
水利部调研组来缙调研潜明水库建设工作	未
水到渠成南部生活共识社区动态本帖持续更新	未
水务局汇报新建水渠27.2公里 村民实测仅8.3公里12月10日，陕西省渭南市合阳县新池镇街道社区干部刘中民反映，该社区张家庄村2016年11月至2017年3月新建农田水利灌溉项目修建长度只有不到10公里，与对外宣称的完工27.2公里相去甚远，很多农田仍灌溉困难。约在今年9月，村委会召开会议选合作社理事长，会上我提出了水渠长度问题，曾负责此项目的原村主任雷建新表示，长度不够是因村委会要雇车吃饭等开销用去的，我当时质疑即使有开销也不能把20多公里的渠吃没了吧，会议不欢而散。刘中民说。水务局汇报新	未
水务局汇报新建水渠27.2公里 村民实测仅8.3公里陕西省合阳县新池镇街道张家庄村2016年11月至2017年3月新建农田水利灌溉项目修建长度只有不到10公里，与对外宣称的完工27.2公里相去甚远，很多农田仍灌溉困难。微评：花的可是27.2公里的钱。这样的明腐败，难道审计也是扯淡水务局汇报新建水渠27.2公里 村民实测仅8.3公里	未
水务讯息五水厂大干四季度 完成取水井普查工作	未
水务讯息排水集团北部公司维养分公司继续金山路陵园街抢险	未
水务讯息沈河令闻营业所心系百姓解决吃水难	未
水务讯息连续六周放弃休息 排水集团南部公司提前完成11月清扫任务	未
水务部门回应南京主管道爆管：小概率偶发事件	未
水南公路吴山村路段车祸！	未
水友中奖一千元红包，留言我不要了，被当成机器人！弹幕礼物排行	未
水发众兴集团拟受让派思股份控股股东29.99%股份并发起要约收购	未
水喝多了@7Gurus_ICE冰块 的一直播（下载App-gt网页链接）	未
水城大河木城冯应怀后裔寻贵州遵义族亲	未
水塘里“浮尸”忽然动了  警察看到后立马跳下水	未
水墨画（何怀硕 Chinese， b.1941）	未
//@水夜未央1012:舵爷关键时候总是默了又默，从没吃过亏	未
水头：农用车刹车失灵冲出路面，车上一女子甩出车外被压车头下！	未
水头建安村发生一起车祸 死者是他...愿家人节哀！	未
水头首个家风家训家规主题公园落户邦岑	未
水头：黑户30年的聋哑母亲，终于落户在儿子的户口本上	未
水娃本娃//@阿蒥: 6666	未
_//@水工南庵:左图如果是中国，网络上马上就有对比。文明社会vs野蛮社会。	未
水市乡生态美产业兴百姓富社会稳	未
[ 水常识 ]用水户更名过户如何办理	未
水库泄洪时微博全景图片	未
水库里飘出一具女尸，头都没了！	未
水彩民居 丨蔡岳霖	未
水彩笔在纸上摩擦//@要早睡早起喔：lost rivers//@某晋：吃饭吧唧嘴 //@千万别点开我的微博：蚊子的声音//@不配有网名的小透明：泡沫摩擦//@珍珠糖玛奇朵：勺子和不锈钢碗摩擦的声音//@学姐小袁：指甲刮黑板！	未
水影流沙 岭树遥看云远走，涧溪近听雾徐来	未
水得要死的活动	未
//@水忘尘:没理的更理直气壮	未
水文观测员的日常：温度计从水中拿出瞬间冻出冰碴	未
水星记 Moment 路过密林和岛屿，路过昼与夜的交替，路过每一束光穿透树叶的细微闲隙，路过风和时间的秘密，这些组成了你	未
水晶宫在@premierleague 第16轮客战@西汉姆联足球俱乐部 的首发出炉亨内西万-比萨卡汤姆金斯萨科范安霍尔特米利沃杰维奇（C）迈尔麦克阿瑟库亚特扎哈汤森替补：瓜伊塔凯利沃德施卢普庞琼阿尤索尔洛特	未
水晶宫扳平1-1曼城！还手了	未
水晶宫：说我们是伦敦城老大，还有不服的吗	未
(  )//@水晶男孩鸡大帅:5了//@小奶球:精神病院不来拉走！//@女情儿:b//@尸姐://@钱困困: 太可怕了//@夏阿:果然是个臭傻逼//@南京先锋书店:	未
//@水晶男孩鸡大帅://@小羊爱吃酱肘子:铭记历史//@休闲璐://@银教授://@大头和他的朋友们://@赶着毛驴去纽约://@俄罗斯事儿君://@裸枪: //@趁着年轻疯一下://@laenix_://@高小里Maaya:勿忘历史//@叽吱:	未
//@水木丁:每十万每年一万八的滞纳金//@潘萌SoPhia:今天大家纷纷收到了自查自纠通知，有人卖房有人卖车the winter is coming.	未
水木：地铁口到家的1公里路上看尽了人间心酸	未
水来土掩  杂谈 11.24	未
水来土掩  杂谈 11.27  乌克兰的仆街行为	未
水果也有自己的生物钟，这8种水果晚上不宜吃！你一定要知道！	未
//@水果君:有效减少家暴女性自杀的方法既不是教导女性婚前擦亮眼也不是倡导不婚不孕保平安，而是严格立法严格执法，只有伤害他人本身会付出巨大的代价才能从根本上解决问题，	未
水果商的20年：从推着三轮卖水果到年营业额5亿元	未
水果年货节：花2万租个场子，10天卖150万，学了套路你也能搞！	未
水果店搞这个活动，顾客抢着给你充值！关键你还赚死！不信请看！	未
水果控	未
水果甜不一定热量高	未
水果连锁果多美低价切入蔬菜领域	未
水水ins， 皇馬足籃球隊的隊長和隊副給住院的孩子們送聖誕禮物	未
水污染，就是医院的福音，百姓的灾难！	未
水污染就这样被一网打尽	未
//@水泡244攒RP: //@常青的梦:转发微博	未
水泥产品生产许可证实施细则新版发布！12月起实施	未
水泥价格逆天！水泥车排长队现象依然如故，供应紧张！(视频)	未
水泥又要涨价经销商连夜排队抢购(视频)	未
水泥妹原来是炒作的，利用下层人民群众的工作来进行网络炒作达到网红目的，这种行为极度可耻	未
水泥混凝土配合比调整方法 每个试验人员到要了解	未
水泥灰-奥迪RS7	未
水泥灰-奥迪新A7	未
水泥灰奥迪新Q3	未
水泥经销商：水泥是按袋卖 不是按吨卖的！	未
水泥路面 VS 沥青路面，宿州这些水泥路为什么改成沥青路你知道吗	未
水泥这次一定会涨价！ 微博视频	未
水深5米！涿州男子跳水救人，险些遇难这才是真正的英雄！	未
水渠不通 麦苗难浇 记者帮咨询	未
水源地保护攻坚保护汉江水源地  汉滨区关停水源保护区内企业12家	未
水源地保护攻坚崇左市集中拆除清理网箱  还岸于群众  还河于群众	未
水源地保护攻坚  邕江5个在用饮用水水源水质全部达标	未
水源地整治倒计时：广东江苏剩余问题最多，环保会更猛吗	未
水源地整治城市黑臭水体整治农业农村污染治理等攻坚战相继启动。水环境尤其是群众身边的水污染问题成为治水重点，确保老百姓的水缸子安全。今年中央环保督察回头看正式启动，剑指表面整改假装整改敷衍整改等形式主义官僚主义问题，为打好污染防治攻坚战提供了坚强保障。	未
水源地整治攻坚  浙江水源地环境问题整治任务完成比例达99.6	未
水源地整治进入“扫尾”阶段：仍有132个问题未完成整治	未
水源地整治迫近截点 南通关键项目仍需加力	未
水源地环境整治仍有40地市尚未完成任务	未
水源地环境整治仍有40地市未完成任务	未
水源地环境整治冲刺：12省份已完成整改任务完成率达95距离2018年结束还有1个月左右时间，全国集中式饮用水水源地环境整治已进入最后冲刺阶段。11月29日下午，生态环境部在水源地环保专项行动2018年第四次视频会议上通报了各地相关进展。截至11月28日，已完成整治问题5970个，任务完成率达95余下281个问题也在持续推进整改。水源地环境整治冲刺：12省份已完成整改任务完成率达95	未
水源地环境整治冲刺：12省份已完成整改任务完成率达95距离2018年结束还有1个月左右时间，全国集中式饮用水水源地环境整治已进入最后冲刺阶段11月29日下午，生态环境部在水源地环保专项行动2018年第四次视频会议上通报了各地相关进展截至11月28日，已完成整治问题5970个，任务完成率达9 ...全文	未
水滴公益  一支画笔带他们逃离大山	未
水滴筹只为让父亲见孩子一面，恳请大家伸出援助之手	未
水滴筹，这些人性你相信吗大病报销，自己钱不花，用别人钱治病	未
水火无情，救火十万火急，查验证件请示领导等都耽误不起时间。	未
水灯节变失身节泰女性失身节日排行榜 节后纷纷跑妇科	未
水灯节后，在这种死水溏放水灯还是不够环保的。	未
水煮卫生巾	未
水煮肉片，不能抗拒的火辣辣	未
水熊虫乍一看有点萌，仔细一看有点可怕	未
水爷晒阿布扎比游客照，毫无违和感拉莫斯	未
水牙线明天我重发一下，不好意思需要大家重新转发了，我也不知道为什么，大概双xx新浪也没赚到什么钱，生气了。	未
@水牛想上岸：离扫码不远了	未
水獭入侵公园狂吃锦鲤引热议：保水獭还是锦鲤？	未
水獭入侵温哥华华埠公园吃锦鲤 引加拿大民众热议	未
水獭装什么企鹅	未
水獭装企鹅	未
水瓶们当你们收到信息后记得回啊！ 微博视频	未
//@水瓶座蜜语: //@白羊座专区: //@处女座蜜语: //@巨蟹座心理:	未
//@水瓶座蜜语: //@白羊座专区: //@处女座蜜语: //@巨蟹座心理: 沙雕了解下啊	未
水瓶每次遇到让自己开心的事情的时候，就蹦哒的像个忘记社会残酷无情的孩子 微博视频	未
《水电站大坝运行安全监督管理规定》　2015年第23号令	未
水痘大作战 教你做警院锦鲤	未
水痘并非儿童专属  成人出水痘更应小心	未
//@水皮: 只可意会 不可言传//@蓝鲸财经记者工作平台:	未
水立方的灯亮了，鸟巢贼抠都没亮灯。这么快2018都要走到终点了谁能想到，蚂蚁竞走十年啦！！！！哦，不好意思串台了，北京奥运会已经开完十年啦！！！ 北京北京北辰洲际酒店	未
水管爆裂后，供电部门出动水陆两用车开展抢修	未
水管突发爆裂！岳阳部分区域停水，全城减压供水！	未
水肿，煎龙眼生姜大枣	未
//@水至山凶:就這樣發吧，公訴人的總結辭錄入。作為個人紀錄用。 查看图片	未
水花超远连线，可惜维金斯阻止了你汤起飞的梦想	未
水花连线，你汤接阿水妙传两分中投落袋	未
水草小百科凯罗小圆叶	未
水草小百科印度黄蝴蝶	未
水草小百科狭叶青蝴蝶	未
水草小百科黄松尾	未
水蓝蓝这有一份《排水管理宣传手册》（排水户篇），请查收！	未
@水蜜桃君上：华润万家紫金山路店买的木耳，想吃的时候吓了一跳，未拆包的袋子里好多好多只飞蛾（应该是，看着像），在袋子里跑来跑去	未
水表嗖嗖的自转，抄表员偷偷教我一招，水费少交10吨！	未
水表废弃8年还在产生水费，原来是抄表员对错号了	未
水费正常缴，东营一小区居民停水四天！竟是因为	未
水超多哪里//@开水族馆的生物男:爱媛就是水超多//@俄罗斯什么值得买://@默默地变成了胖纸:实名为爱媛打call，目前三种中，最甜，汁水最多的一种 查看图片	未
水越来越浑了......	未
水路不走，走旱路温州市艾滋病大数据发布，今年全市新报告15-24岁青年感染者占总报告病例数的15.5，在学生群体里，新发现的感染者全部为男生，男男传播比例为92.9，说明男同性恋性行为已经成为学生群体里主要传播途径，在60岁以上年龄组所占比例为16.0，病例数比去年同期增加3.9。	未
水车侗寨举办河边歌大赛	未
水边突现男性尸体，凶手为何痛下毒手	未
水逆又双叒来了，这份自救指南请及时签收  周末酷生活	未
水逆退散 介绍一哈自行车坐垫的构造@芋圆吃饱没 的一直播（下载App-gt网页链接）	未
水逆退散[给你小心心]	未
水通南国三千里，气压江城十四州  四环探访古婺州	未
水都去哪儿了地球内陆水正大规模消失，每年达1000亿吨！	未
水里月是天上月，眼前人是不是心上人啊	未
水里月是天上月，眼前人是否心上人啊 .	未
水陆法会第五日丨慈悲告赦请下堂，六道群迷皈三宝	未
水韵武汉内沙湖：被人忽视的城中翡翠	未
水鸣发生一起车祸，女司机被困车内淡定打电话！	未
永不卷刃的反恐尖刀——记武警新疆总队某中队中队长刘琳	未
永不坍塌的人设只有一种	未
永东股份：终止受让稷山农商行9%股份	未
永东股份：终止受让稷山农商行9股份财联社12月9日讯，永东股份发布公告，公司曾于7月公告，拟出资1.19亿元受让昌业建材所持稷山农商行9股份，但因外部因素影响，股权登记变更手续至今未能完成，双方决定终止交易公司将在积极发展主营业务的同时，继续寻求新的发展机会	未
永信线路边这个惹祸的砖垛子，怎么还在那戳着！	未
永修放飞一只国家二级保护动物雀鹰	未
永兴东路：小区出口塌陷  居民盼解决	未
永兴人速看，在企业里学徒有国家补贴了！每人每年不低于4000元！	未
永兴县一男子骑摩托载妻儿4人硬闯红灯致连环撞车	未
永兴县开展规范永兴冰糖橙销售市场专项整治行动	未
永和交口乡光阴河竟发现野生鸳鸯群，内附航拍视频！	未
永善警方组织全县机修业开展实名系统采集培训会	未
永嘉厅那家小日本开的酒吧，也非常有味道，可惜对雪茄客太不友好，只能在门口过瘾，流浪狗待遇。	未
永嘉开始行动:我县选派千名干部与千家企业一对一结对	未
永嘉这条路至今没有建设公交站场开通公交线路，在你家附近吗	未
永城11月份查处的酒晕子，看看有您认识的吗	未
永城98户困难职工喜获新居	未
永城人：事业单位分类将完成！不同类型的单位人员出路不同	未
永城人小时候，冬天风雪那么大，为啥不怕冷	未
永城停电信息：11月26集聚区.候岭茴村停电信息......	未
永城农村实拍纯红薯粉条制作全过程！！这才是纯红薯粉条.....	未
永城市公安局招聘15名警务辅助人员！	未
永城市电业局副局长利用职务之便安排百余名假军人假大学生就业	未
永城新增24处电子警察（卡口），路过这些路段的车友们一定要注意..	未
永城老旧小区变样了！看看有你家没！	未
永城老旧小区变样啦.....	未
永城这些出租都被曝光啦！	未
永城这些车都被曝光啦！看看有你的吗	未
永城退伍军人信息采集这几项不知道将无法录入！	未
永夜将至	未
永太科技：海通资管拟4.68亿元受让公司8%股份	未
@永宁人，城市生活垃圾处理费大伙儿都交了没逾期不缴的，将列入失信人员名单?	未
永宁人留意丨宁夏18岁高三少女失联5天，她的电动车在黄河边被找到！	未
永宁县纪委监委通报5起扶贫领域违纪典型案例	未
永宁银川不少人不用上班却收入过万！背后竟是这样的勾当	未
永宁银川用微信付钱的赶紧看，已有人中招现在知道还不晚！对你很重要	未
永宁银川的快看！多地已出现，1秒让你倾家荡产，别把一年的辛苦钱拱手送人	未
永安一小年轻在大街上飙车，人行道上撞倒了一位老奶奶.....	未
@永安人，最新消息，11月30日0时起，南龙铁路全线进入试运行阶段	未
永安查酒驾全天侯全路段常态化，近期多名酒驾人员被查获！	未
永安漳平将首次开行动车！南铁明年1月5日调图方案出炉	未
永安王城，金黄了！	未
永安罗坊官告民 讨回生态债！	未
永安近期查获2名酒醉驾违法人员，大白天照样查酒驾...	未
永安这个镇要发了！2.5亿项目已签约，五年要大变样！	未
永定人常讲隔夜茶毒如蛇，央视实验揭晓答案！	未
永定人注意！收到这条短信，千万别点！	未
永定区坎市镇安宁桥嘉亿花园两间店面拍卖公告	未
@永定司机 油价又要变了！	未
永定政事  永定区政府召开2019年工作务虚会	未
永定隔壁县男子醉驾，侧翻沟渠，接着发生的事情堪比电视剧...	未
永寿2名被拐儿童时隔二三十载再回家，看哭了！	未
永寿交警召开排放老旧机动车淘汰安排部署会（附淘汰补助标准）	未
永寿人注意明天起这些地方将停电，看看有你家嘛?	未
永寿公安局国保大队依法取缔三个邪教窝点	未
永寿清查整治技防产品销售市场	未
永寿组织收看全省2018年度贫困县退出工作推进视频会议	未
永寿镇，15亿元砸向永寿镇！已被列入市区重点推进项目	未
永寿马坊：雨雪中的电力职工	未
永居不是入籍，所以可以确定没有加麻大国籍了	未
永川一小车穿内裤上路！还有这种操作	未
永川人以后办这些事能省心了...	未
永川又有大动作，渝西地区首个餐厨垃圾处理中心即将投入使用！	未
永川头条万达附近新修的这条公路，预计明年通车！	未
永川头条为了预防它，永川多个学校这样做！	未
永川头条今天，中央大街好多人围观这件事！	未
永川头条成本仅20块！卖上千元的运动鞋一周就开胶	未
永川头条明天起，这些新规将影响你的生活	未
永川头条最后3天！二转盘原梅西超市最后狂甩，3天之内，全部甩光！	未
永川头条永川人，2019年城乡居民医保缴费标准来了	未
永川头条永川人民医院新院区，科室分布看这里...	未
永川头条永川人，这个文理学院学生需要你帮忙！	未
永川头条永川水电气收费标准出炉！看看你该交多少	未
永川头条注意！社保卡千万不能这样用	未
永川头条细思恐极！你天天喝的这种水大多不合格	未
永川头条过站了非要下车 大妈抢过公交车司机方向盘猛拽	未
永川打造“参与式”普法新品牌 农村院坝茶话会上以案说法	未
永川有多少艾滋病人	未
永川气温最低降到2C，阴雨寒冷天气马上杀到！	未
永川老旧楼房可安电梯了！有你家小区吗	未
永川这43家单位开始招人！	未
永川这45家单位在招人啦！	未
永川这个地方拆了，有你儿时的回忆没	未
永州中心城区新能源公交票价调整听证会将举行， 调价标准公布	未
@永州人，2019年放假安排！听说多11天	未
永州人，烧柴火的日子你还记得吗	未
永州人脸曝光机专治行人闯红灯！	未
永州加油站内一辆货车突然起火！	未
永州加油站内货车起火 工作人员用3分钟救了所有人(附视频)	未
永州十大恶霸名单出炉！都是狠角色，快看看你认识吗	未
永州又一条高速公路即将进入开工阶段！	未
永州又多11家国家3A级旅游景区！	未
永州发生一起惨烈车祸！	未
永州发生一起惨烈车祸！太蹊跷了...	未
永州发生一起车祸，两辆大货车侧翻！	未
永州发生一起车祸：两辆大货车侧翻，驾驶员命悬一线附视频	未
永州宁远12人被抓！这事千万别干...	未
永州市12个县区城区快警全面运行	未
永州市全面部署打击欺诈骗取医保基金行动回头看	未
永州市未来的九大产业 ，你知道吗	未
永州惊现合约食堂，内幕大曝光！！	未
永州是我家乡，就是这个样！	未
永州水田里的黄金搭档，有人凭此一年赚40万元！	未
永州江永县递补医技工作人员体检合格列入考察名单公告	未
永州现惊险一幕 醉酒男子抢夺公交方向盘 （附视频）	未
永州行人闯红灯抓拍神器已上线，小心变网红！	未
永州车祸太蹊跷，司机当场	未
永州这11种房子千万不要买！不能办房产证！	未
永年一小型货车冲入路沟侧翻 司机卡在变形驾驶室	未
永年两大车一小车连环相撞 小车被挤成夹心饼干	未
永年区临洺关镇这个村火了，党支部书记竟然带领村民做这事......	未
@永康侬你的手机号将可以不换号码，随意转换三大运营商！	未
@永康侬关于H02公交线路调整的公告	未
@永康侬关于暂停办理全市户籍业务的通告	未
永康公交这条线路明天起开始调整	未
永康北三环重要路段开工！新东永二线入城口将封闭施工一年！请注意绕行！	未
永康又增电子监控设备，吐血整理全城抓拍点，比电子狗还灵！	未
永康启动行政村规模调整工作！新村选址命名班子选配...你关心的问题都在这里！	未
永康开展小微车辆专项整治	未
永康首次开展跨部门联合双随机抽查	未
永德县公安局一日破获两起贩毒案缴毒5245.8克	未
永德县开通城市公交车	未
永恒慈善基金会、增爱公益基金会被行政处罚	未
永新专访王志安捐款1200余万元回报社会	未
@永新人，这些小时候常做的农活，你做过几样！	未
永新光学首次公开发行A股上市仪式	未
永新县举办122全国交通安全日宣传活动	未
永新县：套牌车冲卡逃匿月余终被查获	未
永新县对小餐馆进行整治！	未
永新失联24年的男子回到了家乡，为何	未
永新开展打击非法卫星地面接收设施专项整治行动	未
永新招募农村学前教育巡回支教点志愿者	未
永新洲塘：逐水而居，低吟浅唱	未
永新：社保缴费不出门，只需在微信上动动手指！	未
永春人惊醒！永春苏坑王先生收到这种短信， 点了一下链接亏了1.7万元	未
永春县政府第29次常务会和第26次县长办公会召开	未
永春桃城一位39岁女子不幸患重疾，治愈率挺高却无奈掏不出治疗费用时间就是生命，请大家帮帮她	未
永春热心网友在岵山龙谷捡到一块车牌，请转发扩散，让失主	未
永春老北京美食文化节铲鞋底不雅视频曝光商家回应来了	未
永春这位外卖小哥火了！他因一个举动被网友曝光，视频刷爆了......	未
永春这位走失半个多月的老人在100多公里外的莆田秀屿区找到了	未
永泰县人民检察院提起公诉的余某某等6人涉黑案开庭审理	未
永泰籍在外的知名人士，你知道几个（最新）	未
永泰能源据悉已支付2020年到期利率6.625%美元债券的票息	未
永泰长征6连板下发关注涵，哎，要不是下午永泰的惊人地天板，激发人气，大盘恐怕就又要创新低了。就不能不干预吗	未
永清参保人注意！廊坊医保发布新文件！今日起执行！	未
永清大范庄村口出的事儿两货车相撞致一死两伤！	未
永清疯子支书--王文瑞	未
永清种蔬菜大棚的微友，这事儿得留意！	未
永清随手拍快车道停车让娃下车，这位家长是心急还是心大	未
永清霸州一群人聚集九街村委会，为了这件事！	未
永熙茶楼歇业 夫子庙能否留住南派相声?	未
永生了怎么计划生育。	未
永登12月停电通知丨国网兰州供电公司设备检修计划	未
永登人，你家还有这些东西吗价值连城，千万不要扔掉！	未
永登农村的土炕，承载着太多小时候的回忆	未
永福12月份圩日表来了！你还记得小时候赶圩的场景吗...	未
永福人注意：明天开始，这些新规将影响你的生活	未
@永福人，这两个消息你不得不知道 快看！	未
永福便民信息（11月23日）招聘求职征婚交友遗失登报代办	未
永福便民信息（11月24日）招聘求职征婚交友遗失登报代办	未
永福便民信息（11月25日）招聘求职征婚交友遗失登报代办	未
永福便民信息（11月27日）招聘求职征婚交友遗失登报代办	未
永福便民信息（11月29日）永福欧派橱柜急招人征婚交友遗失登报代办	未
永福便民信息（11月30日）永福欧派橱柜急招人征婚交友遗失登报代办	未
永福便民信息（12月1日）永福欧派橱柜急招人征婚交友遗失登报代办	未
永福便民信息（12月2日）永福欧派橱柜急招人征婚交友遗失登报代办	未
永福便民信息（12月4日）兴城福铝业急招人征婚交友遗失登报代办	未
永葆清正廉洁 江苏省委召开全省领导干部警示教育大会	未
永辉变局	未
永辉超市35亿受让万达商业1.5%股权	未
永辉超市：公司目前无控股股东及实际控制人永辉超市公告称，公司各大股东没有绝对的股比优势，都没有形成对公司董事会的绝对控制，各自通过其拥有的公司股份表决权进行决策，彼此独立，互不干涉。张轩宁（持股7.77）承诺，自交割日起，在张轩宁控制永辉云创，或对永辉云创的经营管理具有重大影响 ...全文	未
永辉超市创始人两兄弟分歧 结束一致行动人！打虎没有亲兄弟，超级物种未来生疑。。。张轩松兄弟分家后，现在香港牛奶股份最大，京东占11.43，腾讯5，合计16.43，如果溢价收购其它股份就可以实际控制了！新零售 是漫长战争，这场变化也许盒马鲜生 得利	未
永辉超市创始人分道扬镳：张轩松张轩宁兄弟解除一致行动协议	未
永辉超市“张氏兄弟”分界而治 “超级物种”改走独立孵化	未
永辉超市战略调整定了把永辉生活想明白了	未
永辉超市：拟35.31亿元受让万达商管1.5%股份	未
永辉超市：拟逾35亿元受让万达商管1.5%股份 调整云创股权结构	未
永辉超市的芹菜农残超标，家得乐的提拉米苏不合格 另有停电等3条通知	未
永辉超市绝不食言，今晚回家吃饭！	未
永辉超市董事长和CEO分歧公开 张氏兄弟解除一致行动协议 _ 东方财富网12月13日，永辉超市发布关于解除一致行动的补充说明公告称，张氏兄弟双方此前因在多方面存在较大分歧未再续签一致行动协议。近期为避免分歧进一步加剧，两人正式签署《关于解... 永辉超市董事长和CEO分歧公开 张氏兄弟解除一致行动协议	未
永辉超市走到十字路口：兄弟疑因分歧 分家，35亿入股万达商管	未
永远不要低估自己，就算你是一颗老鼠屎，也可以坏一锅粥。	未
永远不要只看表面现象，背后的行业秘密你知道多少	未
永远不要吝啬善良美国女大学生fishery在购买餐点时遇上一名流浪汉，为对方也买了一份，fishery耐心听流浪汉的境遇：没有父亲，母亲过世，自己染毒，遭遇各种歧视...离开前，流浪汉写了张纸条给她：我本想在今天结束生命，但因为遇见你，我现在不想了，谢谢你，美丽的人。	未
永远不要因为别人的言论而怀疑自己也不要因为喜欢谁而看低自己 你所有的优缺点 都是为了能接纳你这个样子的人而准备的	未
永远不要爱别人超过自己和家人。	未
永远别放弃自己，哪怕所有人都放弃了你	未
永远在追逐两件无法并存的事物，这实在太过悲壮。	未
永远改不过来的九键使用党	未
永远最后一刻往机场狂奔的我/ 世界各地 帮我争分夺秒的司机 南非约翰内斯堡	未
@永远的ACMilan：下图这辆车一直在占用别人的车位小区保安善意提醒，这车的车主还态度蛮横，恶语相向而且不仅占别人车位，还不规矩停车，一占就占俩真够没素质的了自己倒是方便了，可是别人呢	未
//@永远的偏锋:为了这个专题，快累挺了，哈哈，查啊查啊查啊。。。	未
@永远的军号：退伍不褪色 永葆军人好本色 然而今天，几位老战友给我发来微信，说以前网上流传的一些退伍老兵在山东平度聚集并与特警对峙的视频有结论了，是极个别人打着退役军人的旗号从事有组织暴力性违法犯罪，有10个人已经被公安机关依法采取刑事强制措施。看到这条信息，我很痛心，因为我觉得他们给军人的高大形象抹了黑。 退伍不褪色 永葆军人好本色	未
永远的张首晟：家人同事朋友的追忆世界著名物理学家斯坦福大学教授张首晟不幸于12月1日去世，永远定格在英俊潇洒才华横溢的55岁在此刊出其家人同事朋友等对他的悼念和追忆@知识分子 永远的张首晟：家人同事朋友的追忆	未
@永远的风驰：路边这种广告牌越来越多	未
永靖公安查获一起聚众赌博	未
永靖县公安局迅速贯彻落实全省公安队伍警示教育大会精神	未
永靖视点：争创文明城市 让我们对不文明说不	未
永顺县扫黑除恶举报有奖励（附11.13案犯罪嫌疑人照片）	未
汀棠公园预计在2019年春节前后开放  芜湖早阅读	未
求17人名单//@罗兰老李:	未
求下联长春微视点	未
求中，卑微	未
求人不如求己 大冷天的可长点心叭//@五行属二:哈哈哈哈哈都是塑料姐妹情//@清风伊人998:笑出小猪佩奇声	未
求人求己	未
求仁得仁，都不是好东西，好人会泡酒吧	未
求你不要再点Low爆的长岛冰茶啦，我来教你怎么装成酒吧老司机。	未
求你了。	未
求你了！出门住酒店一定要带上这 5 样！	未
求你们不要再尬吹李诞了。	未
求你们放过他	未
求别打我2333wwww 微博视频	未
求别翻拍《粉红女郎》，给我留一块净土吧	未
求助！	未
求助	未
求助：38岁全职妈妈，怎么找工作	未
求助40天的小baby咳嗽该怎么办	未
求助bot 一个后续：上次那个猫尿床的朋友发来后续了，前情见图3，链接：微博正文	未
求助bot 同事小水，看你经常发一些为大家提供意见的话题，我也有件事最近几天困扰我，让大家帮我分析一下，是我的问题么看图	未
求助！一辆开往东兴的大巴车上坐着一名疑似	未
求助万能的微博：崔老师于2018年10月8日曾经发帖，声称找到了一位家属没有去过麻栗坡烈士陵园的家属，并出资帮助该烈士家属去到了麻栗坡烈士陵园祭奠。但现在该贴被崔老师删除了，谁有原帖截图	未
求助：丈夫撩妹不断，怎么处理	未
求助下万能的网友switch那个大菠萝3和Pc版差别大不值得买么	未
求助下，有什么治疗或者防止打呼噜的办法吗_(」 )_	未
求助：丢失了四部手机，价值一万多元，现金约两千元	未
求助他73岁，漳平溪南小潭人，被诊断为肺癌，急需您的帮助。	未
求助他溪南人，38岁的他是一名小车教练，如今患这样的怪病，急需您的帮忙。	未
求助：他的初恋整天刷存在感	未
求助：仙游谁见过这个老人，请帮帮他的家人，提供线索者酬金2万！	未
求助企沙一渔船被撞2人遇难，家属寻找线索！	未
求助：借了一辆威马EX5， 可谁能告诉我车在哪	未
求助 叔叔阿姨50岁左右同工厂上班，叔叔8月份在工厂双腿烧伤，工厂拉他到一个老中医那里治。老中医很厉害，一个月左右就差不多治好了，外面看不出来。这期间公司让阿姨放心去负责照顾叔叔，说两人工资照开。八月份烫伤的九月中旬最后一次上药，10月份发8月份工资之后，9月份工资就不给了，说不上班不给，且现在伤也基本看不出来了。而叔叔现在的腿还不能做动作不能工作，感觉还要养很久。问这种情况怎么办劳动仲裁说恢复太好鉴定不出等级。	未
求助在大广州的朋友们，咱那边明儿个气候何如，用不用穿秋裤	未
求助在武安，娶个北乡闺女得多少彩礼钱	未
求助坦洲一父亲确诊鼻咽癌中晚期，已花光积蓄，儿子恳请好心人伸出援手	未
求助 多囊	未
求助！大余四岁幼女将手伸进入料卷桶机器......	未
求助：大家有没有遇到过，租完房子房东不退押金的情况遇到这种情况该怎么办	未
求助大家这个福州的水果很像龙眼很像橘子，剥开像橘子是什么水果	未
求助大家，这盆叫什么名字呀	未
求助：太苦了，沂水县诸葛镇前文村青年求好心人帮助....	未
求助：婆婆让我们交住宿费	未
求助：嫉妒前夫和小三，怎么办	未
求助：守婚的姐妹们教教我	未
求助：安阳某小区物业出新招  大家怎么看	未
求助！家住星洲东湖花苑一少女，回家竟遇到了这种事	未
求助寒流中苦盼买菜人，淄博人快帮帮这个村吧！	未
求助微博不显示热转咋办。()()。	未
求助！恋爱请回答 接收到了许多网友关于恋爱的问题，现急需各界权威专家给出靠谱解答，各位新朋老友们要来试试吗@大象安全套官方微博 @roseonly诺誓 @施华蔻官方微博 @居然之家 @MaxFactor蜜丝佛陀 @森马官方旗舰店 @老板电器电子商务 @雅萌YA-MAN @百草味 在线等，急！网友们有好办法也欢迎在评论处留言！	未
求助：我需要整哪里	未
求助 捡回来的流浪猫不用猫砂盆，怎么办	未
求助：有个问题一直很困扰不知道大家有什么解决的方法吗新搬到的一个新小区，电梯房，但是很多快递都不送上门，完全不打招呼就给放货柜和物业，我工作原因快递特别多，经常找不到快递，而且带着小孩偶尔有大件的还很难拿回家，跟多家派送员沟通过可以不着急什么时候有空或者攒多了再帮我送也行，但有的愿意帮忙，有的根本不理，甚至直接默认把件退回去了，我该找什么部门投诉才能根本解决是不是派送员不用打招呼随便一放是符合快递公司规定的之前住的小区从未出现过这个问题大柱小花	未
求助海原媳妇身患尿毒症，丈夫不离不弃守护......	未
求助！瑞金妙龄少女身患奇病！	未
求助电线乱挂好危险炮台广场没路灯求领导看望	未
求助：私生活混乱的闺蜜	未
求助：第三者给我发邮件，怎么回	未
求助紧急寻人！嵩县闫庄一妇女精神失常离家出走！帮助扩散！	未
求助紧急扩散！嵩县一男子在广东救助站，谁认识?请帮他回家	未
求助：缺失父爱的我，不会谈恋爱	未
求助：老板这是对我有企图吗	未
求助 肚子胀气有什么好办法吗	未
求助  让我们伸出援手救救东里新兴街这位父亲！家庭经济特别困难	未
求助：请问这样算逼离吗	未
求助！资中这里地下通道水漫金山了！到底什么情况！	未
求助！赵市这个老人去长江边捉螃蜞，走失两天两夜，至今没回家	未
求助：这样的人可以共度一生吗	未
求助：这种情况可以原谅吗	未
求助问这件卫衣	未
求助阿蒜	未
求助阿蒜 上完妆 一按一个手指印怎么办呢	未
求助阿蒜 偷情做了四次	未
求助阿蒜 同时相亲好几个	未
求助阿蒜 同是天涯沦落人	未
求助阿蒜 在一起四个月 男友在卧室打	未
求助阿蒜 如何控制情绪	未
求助阿蒜 接上 小三朋友劝她的 还有 是pdd 不是ppd	未
求助阿蒜 最近娇兰不是出了那个激吻三百回都不掉色的唇釉吗	未
求助阿蒜 毕业了工作后要不要给家里钱	未
求助阿蒜 继父在我房间装了针孔摄像头 里面记录了我一周做的事情 包括穿衣服	未
求助阿蒜老妈痴迷于女德课	未
求助阿蒜 舅舅们不管姥姥	未
求助阿蒜 过生日男友送辣条	未
求助阿蒜银行柜员 数10000硬币数吐了	未
求助阿蒜 附送一个我今天看到的路边广告	未
求各位老司机解释一下	未
求咨询我是租房一族，今年没有交取暖费，但是交热损费了。现在又让交200的拆接管费，请问这收费合理吗	未
求婚成功太激动弄丢戒指 美警方“通缉”寻回失主	未
求婚现场被骑行者乱入 场面心疼又好笑美国肯塔基州一名25岁的小伙布莱克马丁，为向女友求婚计划了3个月，最终他把女友约到一处公园的木桥上，在女友不经意间他单膝跪地，掏出戒指准备求婚，但就在最关键的时刻，一个骑自行车的男子刚好乱入，打破了这一浪漫的画面。这有趣的一幕，被布莱克请来的摄影师朋友用相机拍下。虽然发生了小插曲，相恋四年的女友还是答应了布莱克的求婚。别处生活小伙策划求婚数月关键时刻被骑行者乱入 场面心疼又好笑	未
求小车司机的心理阴影面积。。。	未
求帮忙，在非洲乌干达的一位浙商，跨越两大洲寻找恩人	未
求帮忙求扩散！母亲为我操劳一生，我却无钱为身患肺癌的她治病！	未
求建议 不知道有多少朋友有此类经验愿意给这位求助者点建议吗谢谢	未
求扩散！8岁女孩走失，已失联超过24小时！家人快急疯了	未
求扩散！三乡八旬阿婆走失超20天，家人心急如焚，恳请大家帮忙！	未
求扩散，求神医！德保三姐弟和爸爸患怪病，脚上长出白色角质	未
求扩散！这33人正被潮汕警方通缉，快看看你认识吗	未
求扩散！防城港一辆黄色摩托车肇事逃逸，望大家帮忙找到此人！	未
求扩散！青岛81岁老人仍没找到，今天继续大范围搜寻	未
求抱大腿！求帮助！丨匿名小调查	未
求抱大腿！求帮助！丨大学生调查问卷	未
求撩一早上的@蚂蚁花呗， 你怎么看	未
求放过//@萌宠研究院://@芬兰天鹅:中国要翻拍了，不敢想象//@蒋丞的酒:我一定要安利这部剧！但是建议不要吃饭的时候看	未
求放過吧...............	未
求救	未
求教大机微博发照片 都会压缩吗 有没有不被压缩的办法呀	未
求是	未
求是夜跑丨11.27 玉泉分队周二例跑 植物园-灵隐寺-法喜寺	未
求是手机报  2018.11.23 星期五	未
求是手机报  2018.11.27 星期二	未
求是手机报  2018.11.28 星期三	未
求是手机报  2018.11.29 星期四	未
求是手机报  2018.11.30 星期五	未
求是手机报  2018.12.5 星期三	未
《求是》杂志副总编、著名杂文家朱铁志辞世	未
求是网评：抵制历史虚无主义需坚持正确思想方法	未
求是跑马会丨12.4 玉泉分队周二例跑 植物园-灵隐寺-法喜寺	未
求杭州雪景看数据积雪有个10厘米左右，真的有吗	未
求求了//@shufAntree:滚滚滚//@大脑切片 :求求你交交房租吧！//@黄甜甜爱宝咕咪 :我许你永久居住权 在我心里	未
求求了//@格鲁叔叔:别反了(红色加粗黑体33号)//@鞭鞭于白水:别弄反了//@江南大野花:我求求了//@切腹菌:祈祷	未
求求你交交房租吧！//@黄甜甜爱宝咕咪:我许你永久居住权 在我心里	未
求求你们别再让李雷吃糖了 好不	未
求求你别虐老阿姨了()	未
求求你，把我们家熊孩子带走吧	未
求求你放过有女朋友的小师弟吧	未
求求你放过这个女孩吧//@万事屋纸纸酱:........别了吧，有点可怕唉//@M大王叫我来巡山:希望姑娘不要再出现了//@这是一个很高冷的ID:。。。别了吧//@江南大野花:好恐怖，等了50天没上班全靠借钱。。。姑娘快跑//@大头和他的朋友们:毛骨悚然	未
求求你，救救我！蒙城女子跪地求救视频传遍网络，真相是...	未
求求各位，好心别办坏事！	未
求求各位老板晚点收摊 让我再扫购一波我们现在准备出发去了	未
求求大家看看8//@神的遊戲衛星雲:人家要求一人俩灯牌 我家灯牌现在不占优人头也很惨 大家多多参与吧//@531的宝贝吸管 :人数不占优，希望有条件能来的都能来看看她，给她举一次灯牌	未
求求小钱放我去工作。	未
求求老天爷赐我一个金主 没名没分也可接受	未
求生不得求死不能	未
求生欲极其强烈的小春哥....	未
求看到@没有名字的菠萝苞 @大小孩chris	未
求真相榆次雅园小区的取暖费到底是怎么回事	未
求真纯粮酒也有假的不如看看内行人的解释	未
求知欲让我的双手蠢蠢欲动！买！	未
求票@葱不呲克 @urnot_wg	未
求职信息叙永老板们缺人吗快来看这些人在找工作！	未
求职受挫发视频引来官方表白，24岁的她为啥被数万网友鼓励成就传奇	未
求职季  16 个城市医院面试经验分享，看一下不踩坑	未
求职，招聘，出售，出租	未
求职时什么资料需要提供，什么不需要一图速读求职防骗攻略！	未
求职的看过来洪阳数十家商家正在招聘！旺铺出租转让也有...	未
求职陷阱:年轻女孩应聘总经理助理 被套路贷款整容	未
求解：两个班至少需要多少元	未
求解释 微博视频	未
求证5个部门 搞不清该谁管交警经开大队：非市政道路，无执法权张家堡街办：非市政道路，涉及拆迁暂时没人管未央区教育局：这条路属于经开区经开区管委会：是否属经开区管辖无法确定，以区国土局说的为准经开区国土局：管理这方面内容的人不在，会向领导汇报。网页链接	未
求证一下，去福岛洗地的公知们，这位网友说的是真的吗	未
求证凤凰城房子违建房原价退款，这样合理吗	未
求证实。如所证如实，就请立法机构行使监督权。百姓纳税，到底为了什么网页链接	未
求证实如所证如实，就请立法机构行使监督权百姓纳税，到底为了什么网页链接	未
求证过了，东北的朋友说雪乡价格是有点高，因为只能赚这一段时间的钱，所以有钱的小伙伴可以考虑下	未
求贤若渴！通州各单位密集招聘，涉各街乡委办局公检法医院	未
求购11月23日废品求购信息汇总	未
求购11月25日废品求购信息汇总	未
求购11月26日废品求购信息汇总	未
求购11月27日废品求购信息汇总	未
求购11月28日废品求购信息汇总	未
求购11月29日废品求购信息汇总	未
求购11月30日废品求购信息汇总	未
求购12.5苗木求购信息	未
求购12月1日废品求购信息汇总	未
求购12月6日废品求购信息汇总	未
求贼此刻心理阴影面积红人的诞生  V影响力峰会	未
求贼此刻心理阴影面积红人的诞生V影响力峰会	未
求车牌号，结果司机亲自告诉你，你怕不怕	未
求辟谣//@MebiuW://@EVIL摄影俱乐部:将上百亿美元的惠普电子产品卖到伊朗，隐瞒事实，误导银行，构成金融欺诈。(呵呵，为了一己私利，将国家置于危险境地，还有那么多官方机构脑残为她背书，你为果然比国企还国企)	未
求锤得锤	未
求锤得锤，直接锤爆了//@开水族馆的生物男: 平台主播的门槛真低//@顶天立地女超人:@开水族馆的生物男真的可怕，希望受害者不要留下心理阴影了	未
求锦鲤附身！//@钱府: 520今天就开咯，趁参与的人不多，赶紧滴	未
求问万能的网友，成都附近哪里有求姻缘的地方呢成都爆料	未
求问万能的网友，自己报考驾照是必须有自己的车，还得把自己的车改装成驾校车的样子吗我觉得好奇怪啊成都爆料 私信爆料	未
求问今年成都春熙路有跨年活动吗没有的话，我好去隔壁子重庆跨年。成都跨年城市V聚力成都爆料	未
求问哪里可以捐衣服or上门回收旧衣服。	未
求问大家伙一个事宁河区七里海大道上的这辆大卡车是如何撞在这里的? (玖龙大烟筒附近)	未
求问想问问有没有人知道万象城停车场周一到周五早晨几点开始停车	未
求高粱保佑菏泽长出5米高粱，村民对着高粱磕头烧香祈福许愿近日，有网友爆料称，在山东菏泽长出了一棵高达5米的高粱，现场高粱被固定架起用红布装饰，周围高香林立，香灰有一尺深，香桌上摆放的都是香火钱前来上香的人们络绎不绝，以年长者居多，也有一些年轻人 ...全文	未
求高粱保佑菏泽长出5米高粱，村民对着高粱磕头烧香祈福许愿近日，有网友爆料称，在山东菏泽长出了一棵高达5米的高粱，现场高粱被固定架起用红布装饰，周围高香林立，香灰有一尺深，香桌上摆放的都是香火钱。前来上香的人们络绎不绝，以年长者居多，也有一些年轻人网页链接	未
汇丰2019展望：10大风险将影响经济和股市气候变化的影响，企业债务，联储加息周二递交客户的一份研究报告显示，这些都在汇丰银行的2019年股市与经济所面临的最大风险之列 网页链接	未
汇丰将香港的美元储蓄利率从0.25%上调至0.35%	未
汇川区这个楼盘，惊动市领导现场办公，究竟发生何事	未
汇川又添一座人行天桥，这路段新天桥下月就可投用	未
汇总	未
汇总：基因编辑婴儿事件，各方这样回应！	未
汇总贴 电厂辅机	未
汇总辛苦	未
汇报下这两天安排哇这几天刷屏也刷得太多了点，但今天我还得继续今天开始剧透双十二，弹起来哈！我争取一天搞定，最多甩个小尾巴给明天。明天下午出价格，后天也就是12号十点咱们正常上新哇大家昨天从全国各地送来的鲜花我都收到了，还有那么多礼物，昨晚我往家抱都抱不动大家写的卡片我都好好读了，好好叠起来收藏着，困了累了拿出来看看恢复元气[加油]在这里一并谢谢大家伙儿的爱有你们在，我们腰杆儿可硬了	未
汇报新建水渠27.2公里，村民测量只有8.3公里	未
汇聚四方，名字叫善良：这里，是下营寨！	未
汇聚民声民智把民生实事办到群众心坎我省建立省委书记省长社情民意直通车为群众办实事(下)	未
汇顶今天怎么砸盘这么狠港资不是才买没多久吗，就算对超声波方案不看好，也不要这样弄吧。3D结构光的预期不还在嘛无法理解	未
汇鸿集团：兴证资管旗下三个资管计划拟减持不超9.81%股份	未
汇鸿集团：减持部分华泰证券及江苏银行股权 获益8703万元	未
汉世刘家，加厚吸水抹布5条 8.8到手一条一块七毛六，过年要打扫卫生，想想就心累！	未
汉世刘家垃圾袋5卷100只，券后5.9网页链接消灭小包子	未
汉中2018脱贫退出344个贫困村 西乡34个	未
汉中28路公交车，今日开通！	未
汉中33人聚众打麻将被抓！	未
汉中7岁男童负气离家出走，28年后终于全家团聚	未
汉中一4A景区闭园！	未
汉中一4A级景区闭园公告	未
汉中一个离职护士的自白：	未
汉中一列特殊使命的绿皮车，你坐过吗	未
汉中一司机路边休息，竟然起了歹心！	未
汉中一司机，路边休息起歹心！	未
汉中一司机酒驾，翻车了！	未
汉中一小车翻车，司机竟然赖在车里睡觉不想出来！	未
汉中一市民凌晨电褥子起火，房主开窗排烟烧了房	未
汉中一景区，重要通知！	未
汉中一景区，闭园公告！	未
汉中一村干部将自己全家报为贫困户	未
汉中一洗浴会所涉黄 抓13人	未
汉中一洗浴会所涉黄，抓获多人！	未
汉中一辆水泥运送车在水沟内侧翻	未
汉中一黑加油站被查获现场：老板拿出刚向安监局交的3万元罚款单	未
汉中三轮车侧翻，一人被困！	未
汉中严打黑加油站点，多种举报方式公布！	未
汉中交警热心帮助在汉中迷路的外国人	未
汉中交警连续查获两起毒驾案	未
@汉中人，今天起汉中至南江对开班车，50分钟就能到四川！	未
汉中人注意！收到这条10086短信千万别信！否则......	未
汉中人，还记得这2块钱吗	未
汉中人速看 缓解大河坎天汉桥十字交通拥堵方案来了	未
汉中今年将有344个贫困村脱贫，快看看有没有你家	未
汉中今年将有344个贫困村退出	未
汉中今年将有344个贫困村退出，快看看有没有你家乡	未
汉中住房公积金管理中心，重要提醒！	未
汉中公交，新开通一条线路！（内附途径站点）	未
汉中公交通告	未
汉中公务员注意 加班补助要来啦！	未
汉中再增两条高铁线路，西乡啥时候有！	未
汉中农合办重申：严禁征缴农合时搭车捆绑收费！	未
汉中冬天推行使用这种煤	未
汉中冬天烤火，推行这种煤	未
汉中出租车发生了什么事他们去哪儿了	未
汉中包打听，有事就找他！	未
汉中又一恶势力犯罪集团被端！现向市民征集相关线索	未
汉中又多了一个4A景区！他就是	未
汉中又开通一路公交车！（附途径站点）	未
汉中又有地方下雪了！数九的日子也快来了！	未
汉中发往南江巴中班线正式开通	未
汉中发生一起伤医事件	未
汉中各县区停电通知！	未
汉中同城拼车转让招租二手买卖都在这里！	未
汉中国宝野生羚牛下山伤人！	未
汉中城区一洗浴会所卖淫被查！现场曝光！	未
汉中城区交通拥堵将被整治！	未
汉中多地降雪！路况信息看这里	未
汉中大雾，又出车祸了！	未
汉中女人杀夫并焚尸.....	未
汉中女子手卡压面机，消防紧急救援	未
汉中宁强一村庄村民出行难，黑车无视超载！	未
汉中宁强查获1000瓶假洗衣液	未
汉中小伙借酒消愁，未料醉驾获刑！	未
汉中市2018年度脱贫退出344个贫困村名单	未
汉中市汉台区人民法院代院长杨建军一行开展辖区路段四查七禁四无工作	未
汉中开通28路公交车	未
汉中征地补偿标准2019年1月1日起施行，最低50540元/亩！	未
汉中扫黑除恶抓了605人！	未
汉中捣毁一卖淫嫖娼窝点	未
汉中捣毁一卖淫嫖娼窝点！3人被抓	未
汉中捣毁一淫窝！3人被抓！	未
汉中探店第12期  汉中夫妻卖山货，年入百万！	未
汉中新开通28路公交车，看看从你家门口过吗	未
汉中明天部分地方停电通知	未
汉中最新白菜价机票！	未
汉中未来几天停电通知！	未
汉中机场开通新航线！	未
汉中杀人焚尸案，嫌疑人已落网	未
汉中杀夫焚尸案，嫌疑人落网！	未
汉中男子为泄愤，向妻子情夫泼汽油并点燃！	未
汉中男子出狱后向看守所捐两千元书籍	未
汉中男子出狱后干了一件事，被点赞！	未
汉中男子撞人逃逸藏车，查看情况露马脚！	未
汉中男子撞死人后，藏车返回看情况，结果露马脚！	未
汉中男子无证还毒驾	未
汉中男子无证还毒驾，这下栽了！	未
汉中男子，给小三泼汽油！	未
汉中男子耍酒疯，把救护车司机打骨折！	未
汉中留坝栈道水世界拟确定为4A级景区！	未
汉中离家近不累月薪3000以上的工作，请	未
汉中诚实守信实心做事的楷模！	未
汉中车不让人，多车被拍	未
汉中车管所下放部分业务，办理地点看这里！	未
汉中车管所重要通知！关乎很多汉中人！	未
汉中轿车夜晚侧翻，救援时司机仍呼呼大睡	未
汉中近期雾霾天气增多	未
汉中近期雾霾天气增多 出行请注意安全	未
汉中这一国家4A级景区即将闭园	未
汉中这份属于年轻人的高薪工作，请及时查收！	未
汉中这小区，电梯使用费，每年70万！	未
汉中这条路上的限宽水泥墩，惹祸了！	未
汉中这段4分7秒的视频火了！	未
汉中连续查获两起毒驾案	未
汉中部分县区停电通知！	未
汉中醉汉驾车侧翻，在车里睡着不想出来！	未
汉中镇巴一青年获25万元见义勇为困难住房补贴	未
汉中门大街匝道桥周六晚爆破拆除 扬子江大道将管控，快来了解下	未
汉中门大街匝道桥本周六晚将实施爆破	未
汉产柑橘搭乘冷链班列前往俄罗斯	未
汉代人的死后世界	未
汉十高速公路管理处接受记者采访时是说消防车是从ETC进入，从人工通道出高速，所以造成的误会。看看新闻Knews的秒拍视频。这才几个小时，就改了回应内容避重就轻，各种推脱，啪啪的声音回荡在耳边！消防车出警过收费站须特事特办	未
汉十高铁武当山西站最新动态！完工时间确定，现在建成这样了	未
汉十高铁通车时间又近了，建成时间定了！	未
汉南至武当山坐飞机去明年力争开通飞行快线	未
汉印之美。12:昌威德男家丞铜印34:常乐苍龙曲侯铜印56:楚永苍丞铜印789:柜长之印铜印	未
汉口古德寺里也有一座一模一样的号称泰国请来的四面佛。原来捐赠者是批发啊	未
汉台区人民检察院开展公益诉讼专项监督活动	未
汉台区便民信息：招聘求职房屋租售二手信息	未
汉和:中国001A航母今年二季度下水 2019年海试	未
汉嘉设计冲击四连板财联社12月18日讯，汉嘉设计今日大幅高开后，快速震荡换手，直线拉升，一度封上涨停板	未
汉嘉设计封上跌停板	未
汉嘉设计跌停	未
汉 堡 可 乐.法 力 无 边	未
汉堡小子麻辣香锅麻辣烫...张家港新一批外卖店后厨曝光！你还敢点吗	未
汉堡微缩世界中的模型机场，花费了6年时间，投资400万欧元，15万小时工时，40000个LED灯，15000个小人，1000米长的铁路，4000棵树，75幢建筑物占地150平方米。每天有各不同航空公司的52架飞机做250次起降，由电脑控制，从A380到协和，还有不定时的彩蛋例如星球大战中的飞船都能看见。机场里有90辆各种 ...全文	未
汉堡王2件小食13元薯霸王带头搞事情	未
汉堡王吞并麦当劳14000家店，它究竟用了哪些套路	未
汉密尔顿在印度参加公益活动	未
汉尼拔杀人为吃，女同被碎尸为情	未
汉川人，和火车票说再见吧！铁路总公司宣布大消息，明年开始	未
汉川农户家煤气罐柜中着火 警民联手抢险	未
汉川市外环东森产业园附近发生车祸	未
汉川未来一周将泡在雨里，别急着洗衣服 洗了也干不了	未
汉拉大词典电子版ＡＰＰ在拉脱维亚发布	未
汉族：昔日太行山贫困村靠啥展新颜	未
汉服私影  空山新雨后，天气晚来秋	未
汉林镇工作动态	未
汉江河边又要搞事情，享滨江公园，游天然氧吧！	未
//@汉派老仁:还有交换机的接线员，单位的小车司机。	未
汉源县中医医院2018年12月3日--12月9日门诊坐诊信息公示！	未
汉源县人民医院12月门诊医生排班表（12月3日12月30日）	未
汉滨公安分局互联网门户网站正式上线 这些事网上就可以办！	未
汉滨区禁止调运西安市活猪及鄠邑区生猪产品！	未
汉瓦汉墙走进南半球 汉能与CSR国际集团签署合作协议	未
汉能控股集团股权生变 李河君不再为大股东	未
汉藏双语法官：在法律和传统之间寻找平衡	未
汉警播报风里雨里，路口等你	未
“汉语盘点2018”年度字词揭晓	未
汉语考试在荷兰火了 不过这些题中国人都未必答对近日荷兰举行了一场语言考试，看似普通的这场测试却上了当地媒体的头条。到底怎么一回事呢原来，荷兰考生奋笔作答的，是一份汉语试卷。看看让老外又爱又恨的中文考试你能答对几分更让当地媒体震惊的，是考试的火爆程度，据校方统计，参加的考生足足有87人，可谓史无前例。这场考试是由格罗宁根孔子学院提供的，考试内容是具有国际水平的中文考核，分成四个水平。一家荷兰媒体刊文感叹道，这充分说明，中文考试现在真的越来越火了。汉语考试在荷兰火了 不过这些题中国人都未必答对	未
汉阳区检察院捕诉合一已正式全面实行	未
汉鼎宇佑：四川璞信成公司第三大股东	未
汕头一女子帮老同学，在网上贷了几万元，结果	未
@汕头人 手机收到10086这条短信，千万别点！	未
汕头又上央视了...	未
//@汕头友信地产:还有 @平安龙湖 一直视而不见，你们也一样参与团伙犯罪！友信地产会将各位的违法犯罪控告到底揭露到底！	未
汕头市中医医院皮肤医院易地扩建项目进展如何戳进来看看	未
汕头市中心医院招聘工作人员85名，有非医护类岗位	未
汕头市公安局举行新一代移动警务终端发放仪式，配备率一次性达到100	未
汕头市公安局公开招聘警务辅助人员公告	未
汕头市公安局招聘交通协管员162名驾驶员25名110接线员8名治安联防员3名	未
汕头弟吃火锅道舞，南方卫视记者讲细节	未
汕头数字化城管来了！首期涵盖25个街道261个社区居委会	未
汕头有岗位！广东省气象部门2019年招聘事业单位工作人员86人	未
汕头有震感！刚刚，台湾海峡附近发生6.2级地震！	未
汕头某地一火锅店发生全武行，最后得来这张赔损单....	未
汕头某村乩童理六十米，符头不用点火自燃...	未
汕头某村大老热，网红包公又要火	未
汕头某火锅店上演全武行，最后得来这张赔损单....	未
汕头某火锅店内一群后生仔烧拍现场，起因疑是	未
汕头肿瘤医院2019年招聘医护人员55名非医护岗9名，本科以上可报	未
汕头谷饶大闹热上省台了，整整13多分钟！	未
汕头这5所医院招440人，12月31日前报名	未
