武侯祠，天府广场西三环银杏再不看等一年！	未
武健鹏任山西省晋城市人民政府副市长	未
武健鹏任山西省晋城市委委员 提名副市长人选	未
武冈87岁老人打官司，对方竟然是...	未
武冈一骑单车的学生出事了，现场围了好多人！	未
武冈云山大道警报长鸣，突发事件	未
武冈人也莫做这傻事了，新宁有两个人被抓了！	未
武冈人坐汽车，千万别做这傻事了，隆回有人被拘留15天！	未
武冈人注意！你买的糖炒栗子有可能添加了这种物质！不想中招赶紧看	未
武冈人注意：多地已出现！1秒让你倾家荡产，还连累别人！赶紧看下！	未
武冈住2楼以上的都应该看看！早上7点半发生的惊险一幕，	未
武冈偏远地区的快递，你付费取包裹了吗湖南台曝光了！	未
武冈做的这些实事好事，被湖南日报大篇幅报道啦！	未
武冈公布首批百余座历史建筑名单，你见过哪些请接力..	未
武冈惊现千年古银杏树！就在这个地方！	未
武冈数百人在新广场集合，接受一项惊人挑战..	未
武冈有人嫌身份证照片太丑吗现在你的机会来了，可以重拍！网友评论亮了	未
武冈男子在普岭路捡到13万！发财了..	未
武冈男子请美女喝酒，美女居然问酒后会不会去KF...	未
武冈的第一条铁路，什么时候可以开工建设	未
武冈的第一条铁路，修建时间竟然要到...	未
武冈第一批历史建筑名单公布！你家老房子上榜了吗	未
武冈老人赶集，把9000元辛苦钱丢了！调取视频监控后发现..	未
武冈老人赶集，攒的辛苦钱被扒走了，结果竟然...	未
武冈街头多人打架斗殴！现场...	未
武冈这两个著名企业家，为什么会被授予当地村的名誉村长	未
武冈这个地方终于被彻底拆除了！	未
武冈这个小车出事了，撞翻到田里去了...	未
武冈这个局又招大学生岗位，赶紧看...	未
武冈这个开垃圾车的司机，自己不要命还害人！	未
武冈这个村，政府投资上千万，都做了些什么	未
武冈这个村的民生实事向村民网络公开展示！是你们村吗	未
武冈这个种菜的男子，一下火了...	未
武冈这些地方计划停电！快看看有你家吗	未
武冈这地方发现大量胶桶，内含有毒有害危化品..	未
武冈这家公司大起底！背后竟有这么多不可告人的秘密！	未
武冈这对夫妇在家养竹鼠，前期投入已达10多万！	未
武冈这条路上又出车祸了！现场...	未
武冈这条路上竟有人干这个你怎么看！	未
武冈这辆救护车出事了！现场...	未
武冈这里凌晨起火！火势凶猛！家中老人......	未
武冈这里出事了！又是这个地方！太吓人了！	未
武切维奇受伤了崴脚了	未
武则天全皮肤250元，猴子全皮肤2300元，只有这2人0元全皮！	未
武则天海洋之心即将改版，嫦娥原画也马上曝光	未
武则天的父系家族的确不算好，家里原来是做木材生意的，趁着隋末起家的新贵，李渊正是为了抬高武士彠的身份，才让他娶了杨氏，杨氏四十岁才嫁给武士彠，自己想吧。//@hugefanofasuperband :武则天不算出身寒微吧，母系是隋朝宗室，只不过不是第一等贵族而已，但她本人对她的贵族身份一直相当有意识	未
武功县一残障村民病重危难之时   幸亏有这些村干部垫钱操心	未
武功哈怂男，专骗留守老人！	未
//@武啦啦-nana: M兔被反扑在我们国，看看此兔有多容易变成死兔//@顾惜之://@橙雨伞微博:迷笛音乐节强奸事件当事女生和帮助她发声的博主被男当事人迷笛副总周某告了，又一对弦子和麦烧，一起上法庭的同样还有新浪，请关注她们。	未
//@武啦啦-nana:嗯，路过会去吃！//@吞赦日月://@町弟噹導 ://@哈chill ://@南野的小香菇 :这个赤膊男绝对是猥亵了。//@岚陵萧萧声EX : //@老刀99 : 下次去深圳有空去这里吃一下//@摸摸摸摸了你滴卡 :经过时候去//@蒙着耳朵_ :看地址龙岗区义乌商贸城冠宏雷州牛羊肉火锅，在那条路走过很多次应该不会看	未
武器的批判是支撑：俄罗斯如何应对美国的欧洲反导计划（下）	未
武大医生坐诊被连捅数刀凉凉夜色为你守护生命，化作雪翼温暖着我。整年岁月难枕爱人袖，生死线上解人忧，强烈谴责任何形式的暴力伤医行为，强烈呼吁对暴力伤医事件零容忍，别让医暴伤害医患关系的纯。为尚未脱离危险的张卫兵医师祈祷	未
武大医生坐诊被连捅数刀进展：医生从深度昏迷中苏醒，生命特征平稳//@武汉大学:武大医生坐诊被连捅数刀经多方努力抢救，目前张医生失血性休克得到纠正，从深度昏迷中逐渐苏醒，生命体征平稳。感谢各界对我院受伤医生的关心，衷心祝愿张医生早日恢复健康！	未
武大教师聘任改革非升即走引热议，师资引进严标准或成趋势	未
武大被捅医生已转到重症室：生命体征平稳 尚未脱险昨天，在武汉大学中南医院发生的伤医事件被广泛关注。据最新消息，该事件中受伤的张医生伤情严重，手术完成后他已被转入ICU病房。目前，张医生生命体征平稳，但仍未脱离生命危险。（来源：@武汉大学 ）	未
武大被捅医生已转到重症室：生命体征平稳 尚未脱险昨天，在武汉大学中南医院发生的伤医事件被广泛关注。据最新消息，该事件中受伤的张医生伤情严重，手术完成后他已被转入ICU病房。目前，张医生生命体征平稳，但仍未脱离生命危险。（来源：@武汉大学 ）网页链接	未
武大被捅医生已转到重症室 ：生命体征平稳 尚未脱险昨天，在武汉大学中南医院发生的伤医事件被广泛关注。据最新消息，该事件中受伤的张医生伤情严重，手术完成后他已被转入ICU病房。目前，张医生生命体征平稳，但仍未脱离生命危险。（武汉大学 ）	未
武大被捅医生已转到重症室，生命体征平稳，尚未脱险！武汉被捅医生转到重症室	未
武大靖：短道王者 舍他其谁	未
武夷山国际马拉松赛近1.5万名选手参加，中国选手包揽女子全马前三	未
武夷路新增一家临时菜场，今天正式营业！连线各区@上海长宁 说：武夷路更新又有新进展！12月中旬，武夷路上的美加乐农贸市场地块将进行更新升级，工程预计一年半左右，在此期间，为了确保周边市民能买到新鲜时蔬，将在武夷路335号开设临时过渡卖菜点，今天正式营业。临时菜场提供蔬菜肉类水产豆制品冻禽蛋品六大类主副食品以及粮油大米等。	未
武威12月1日局地停电信息，看看有你家 吗	未
武威12月5日这些地方停电，最长停电十小时！	未
武威八中发生的一幕，万人落泪	未
武威农垦十字附近搜索这十个人，也许你也在其中！	未
@武宁人  官宣喊你领红包！	未
@武宁人，小时候常见又叫不上名的植物，今天终于知道全了...	未
@武宁人，省疾控中心发布流感流行季，我们需要注意！	未
武宁外婆VS奶奶，谁带孩子多些街访回答是...	未
武安14家钢企8家焦化企业，治理环保有多难	未
武安市公安局悬赏通告！见到这5人，请立即报警	未
武安所有派出所近期停办一切可能影响人口数据变化的业务	未
武安消防提醒您:手机充电，小心爆炸！	未
武安警方悬赏40000元缉拿这五人，见到他们，请速报警！	未
武安这几个村，竟然有这个来历！看看是不是你们村	未
武官寨西半屯分别发生车祸，惨烈！惨烈！	未
武定人，请把这条消息转出去	未
武定便民信息	未
@武定各单位各个体经营户 这有一封第四次全国经济普查告知书，请查收！	未
武定 盛开在滇中北的一朵奇葩	未
//@武定那点事儿：人到中年要服老，吃得再多也无济。	未
武定首批彝乡英才人选公示	未
武宣人注意了！南宁开启刷脸进城模式！车友们还有这些要注意...	未
武宣公安清查整治二次行动！在朝阳路当场查获1起涉黄案件！	未
武山县人民医院停电通知	未
武山唯一的量贩KTV，你居然还没去过吗	未
武山城区低压供水的的通知！	未
武山家门口的高薪工作都在这里！	未
武山：文明之花遍地开	未
武山：文明新风扑面来	未
武山这家KTV，有内幕	未
武山这家KTV活动内幕曝光，简直让人难以置信	未
武平：127辆面包车未年检，30辆面包车已达报废期！附详细名单	未
武平TV兴林扶贫东留拆除违建3300平方米农村公路扩建（11.29）	未
武平一女子上山捡板栗踩上捕兽器，被困深山！所幸	未
武平交警公布我县新增的2处危险路段，看看都在哪	未
@武平人，你有一份城区禁鸣倡议书未领取，请及时查收	未
武平人注意了：年底前，这三笔钱记得领呦！	未
武平县公安局关于缉捕重大涉毒网上逃犯的悬赏通告	未
武平地震了！朋友圈震出一堆段子手县地震办：莫慌张，牢记这几件事！	未
武平城区及各乡镇11月26日11月28日计划停电公告，有没有你家	未
武平城区及各乡镇12月3日9日计划停电公告，有没有你家	未
武平快讯我县完成事业单位法人公示信息随机抽查工作	未
武平快讯我县开展行政事业单位财政资金管理问卷调查工作	未
武平警方举办返赃座谈会，共返10余万赃款赃物！	未
武平这些车逾期未年检或已达报废期，有没有你的车违规上路将	未
武当山机场12月票价低成这样，还没休的年假该花掉啦！	未
武志红：为何你总是会受伤（附：赠书）	未
武打戏踢头不能躲!郑嘉颖：看到张晋抬腿就想闪开	未
武昌城管启动融雪防冻应急预案 确保市民出行安全	未
武易高速马官营特大桥上跨成昆铁路采取转体施工	未
武松上景阳岗吃的那顿饭你知道放现在要多少钱吗	未
武林外传官方手游 电影武林怪兽冲鸭	未
武汉	未
武汉17岁少女突然腹痛差点丢命！全身血液变粉红，医生惊呆了！只因3年每天都吃它… 	未
武汉一中学生串起全班56位同窗姓名 为班级作赋	未
武汉一中学附近上演欺凌事件！六七个少年围攻一人	未
武汉一夜出动5000多警力 从娱乐场所带回2450人连夜审查	未
武汉一大楼拆迁时突然倒塌 如此拆迁是否合理合规？	未
武汉一女子寻找毛嘴救命恩人，时隔20年好心人你在哪里	未
武汉一小区挂横幅傍高考状元沾喜气，“状元”称从未住过这里	未
武汉一市民20年用钢笔作画千余幅(图)	未
武汉一市民自创金属“书法” 5年编字万余个(图)	未
武汉，一座来了就不想走的城市	未
武汉一民间艺术家30余年手指画天下	未
武汉一男子10年自制20余架飞行器	未
武汉一社区挂猫狗无证打死火锅炖条幅居委：物业冒名的养猫养狗要办证，无证打死火锅炖11月22日，武汉市东湖新技术开发区关南社区一小区内悬挂的条幅引发热议有网友认为，养狗办证是应该的，但并没有听说养猫也要办证并且，无证打死火锅炖这一说法也太简单粗暴23日，澎湃从关 ...全文	未
武汉一社区挂猫狗无证打死火锅炖条幅居委：物业冒名的养猫养狗要办证，无证打死火锅炖。11月22日，武汉市东湖新技术开发区关南社区一小区内悬挂的条幅引发热议。有网友认为，养狗办证是应该的，但并没有听说养猫也要办证。并且，无证打死火锅炖这一说法也太简单粗暴。23日，记者从关南社区居委会了解到，该条幅是物业公司此前早些时候挂的，目前已经撤下。	未
武汉一社区挂猫狗无证打死火锅炖条幅居委：物业冒名的养猫养狗要办证，无证打死火锅炖。22日，武汉市东湖新技术开发区关南社区一小区内悬挂的条幅引发热议。有网友认为，养狗办证是应该的，但并没有听说养猫也要办证并且，无证打死火锅炖这一说法也太简单粗暴。记者今天从关南社区居委会了解到，该条幅是物业公司此前早些时候挂的，目前已经撤下。武汉一社区挂猫狗无证打死火锅炖条幅?居委:物业冒名的	未
武汉三环线梅子立交沌口方向匝道滑移险情排除，12月1日恢复正常通车	未
武汉三镇四个医疗基建项目昨同步开工	未
@武汉上班族，办这些证再不用请假了，首家AI办证神器了解下	未
武汉下雪 今天上午武汉国家站观测到了短暂的降雪，此外市区高楼汉口北光谷郊区都观测到了雨夹雪天气，洪山区南湖则出现了霰。从今天早上的探空数据来看，之前葬送了武汉多次降雪机会的逆温层这回被寒潮击败了，高空条件其实已经满足降雪的要求不过由于市区地面温度太高，雪花一时落不到地上，等到下午地面温度降下去了，雪花差不多就来了。	未
武汉下雪 今天上午武汉国家站观测到了短暂的降雪，此外市区高楼汉口北光谷郊区都观测到了雨夹雪天气，洪山区南湖则出现了霰从今天早上的探空数据来看，之前葬送了武汉多次降雪机会的逆温层这回被寒潮击败了，高空条件其实已经满足降雪的要求不过由于市区地面温度太高，雪花一时落不到地 ...全文	未
武汉下雪你们那里开始飘雪了吗	未
武汉下雪划重点：等到下午地面温度降下去了，雪花差不多就来了。	未
武汉下雪啦下了吗 目前还没！武汉伢们，我晓得你们都等不及辽。莫慌，稳倒，该来的总会来滴目前武汉水汽条件已经具备，现在就等近地面的气温逐渐下降，以实现从雨雪的转换最快今天下午，最迟明天凌晨，大家就能看到片片飘落的雪花咯！ps：武汉北边会比南边先下雪，汉口伢可以先嘚瑟哈子	未
武汉下雪啦  下了吗 目前还没！  武汉伢们，我晓得你们都等不及辽莫慌，稳倒，该来的总会来滴目前武汉水汽条件已经具备，现在就等近地面的气温逐渐下降，以实现从雨雪的转换最快今天下午，最迟明天凌晨，大家就能看到片片飘落的雪花咯！ps：武汉北边会比南边先下雪，汉口伢可 ...全文	未
武汉下雪啦！！！！（不下雪的冷天没有任何存在的意义）	未
武汉下雪 我叫夏雨，我叫夏雪，我叫下冰雹汉口下冰雹辽，你那地咧	未
武汉下雪武汉要下雪了吗	未
武汉中南医院恶性伤医事件，关于行凶者的情况，据了解有关部门总体已调查清楚，家属反映，行凶者在癌症扩散后有行为不正常现象，沉默寡言，悲观绝望，不和人说话，喜怒无常。	未
武汉中南医院恶性伤医事件，张卫兵教授截止目前仍未脱离危险，很不稳定，明天是关键期。	未
武汉中南医院恶性伤医事件，预计今天下午五点左右，医院将发布张卫兵教授的情况。	未
武汉中心气象台2018年12月03日23时37分发布大风蓝色预警信号：预计今天夜间到明天白天，除十堰神农架恩施以外，我省大部地区将出现4到5级，阵风6到8级的偏北大风，请注意防范网页链接	未
武汉中院谈“摸狗命案”：尊重公众的普遍正义观念	未
武汉中院谈“摸狗命案”：尊重公众的朴素情感和普遍正义观念	未
武汉中院谈"摸狗命案"：考虑尊重普遍正义观念	未
武汉为什么不下雪就在上海杭州人民喜提初雪的时候，武汉人民却在黯然神伤，说好的大雪去哪了简单来说，武汉这次不下雪的原因是水冷条件不配合，也就是有水汽的时候地面温度不够低，等温度足够低时水汽又没了。12月8日白天武汉水汽充足，可由于地面温度太高，雪还没落到地上就化了，只有温度低一点的高楼和郊区看到了雪花等到昨夜今晨温度降下来了，水汽反而跑到长三角去了，最终全市降雪以惨案收场。武汉这次降雪如此凄惨，确实连小编都感到意外，不过武汉盼雪的朋友也不要太伤心，有气象记录以来武汉还从未有过没有雪的冬天，虽	未
武汉为什么不下雪就在上海杭州人民喜提初雪的时候，武汉人民却在黯然神伤，说好的大雪去哪了简单来说，武汉这次不下雪的原因是水冷条件不配合，也就是有水汽的时候地面温度不够低，等温度足够低时水汽又没了12月8日白天武汉水汽充足，可由于地面温度太高，雪还没落到地上就化了，只有温度低 ...全文	未
武汉举办“普法网红”大赛把法律送到网民指尖	未
武汉二手房市场加速调整 中介一个月难卖一套武汉的二手房市场，在悄然中迅速降温。从今年9月份开始，除极少数中心城区的热门地段外，多数区域成交量都在大幅下滑，有的甚至断崖式下滑。买涨不买跌，这条规律仍然适用。洪山区团结大道有一套待售房，两个月降25万仍卖不掉。受交易业绩影响，杨汊湖南湖汉口后湖等部分区域中介关门者众多。11月，百居易华明达亿房等三家本土知名品牌房产中介启动合并，涉及门店约500家。今年前10月成交量同比减7.8 江城二手房市场进入调整期	未
武汉五天四晚自由行攻略全程无尿点，请仔细阅读前使用滴眼液。from：食咗野 旅行	未
武汉五点的天就黑了	未
武汉交警开展预防冬季重特大交通事故百日行动	未
武汉交警微视角 12月10日晚，@武汉交警 开展酒驾醉驾严整严治行动，共查处涉酒类违法49起，其中醉驾23起统一行动期间，武汉公安交管部门在全市各区布控65处查缉岗位，共出动警力700余人次20时30分许，红安男子郑某和江夏男子周某刚刚因涉嫌酒驾被民警查获，最终郑某被处以暂扣驾驶证6个月扣12分 ...全文	未
武汉人：来不及了，我去坐公交车了 via@上流君	未
武汉人注意：重度污染入侵！专业雾霾天防护指南戳这里	未
@武汉人 看病找知名专家，诊察费变了，快来了解一下	未
武汉今天出门基本看不清，到底是雾是霾权威说法来了	未
武汉今天的气温就在1.23之间徘徊，冷得不分白天黑夜，冷得不分室内室外	未
武汉今年的初雪，比以往来得更早一些...	未
武汉：今年首次确诊患4类重疾的在职职工将获5000元救助11月28日，武汉市总工会宣布，对该市今年首次诊断为患恶性肿瘤肾功能衰竭冠状动脉搭桥及支架术白血病四类重疾的在职职工给予一次性救助，以减轻他们的生活负担。救助标准为一次性给予5000元救助金。职工本人今年内一经首次确诊患上述四类重大疾病，即可提出书面申请。申请还需一些材料，要收集好哦。今年首次确诊患4类重疾的武汉在职职工，将获5000元救助	未
武汉修建“排污地铁” 污水“乘专列”送入处理厂	未
武汉儿童医院通过HIMSS六级评审 得过什么病一卡全知晓	未
武汉公厕样板间：刷脸取纸不稀奇，还能实时监测有无异味家住余家湖的陈女士到武昌内沙湖公园散步，内急走进路边一座公厕，她发现不仅有免费厕纸洗手液，而且一点异味都没有真是干净，如果公厕都像这样，那我们一百个满意陈女士笑说15日，记者来到这座位于友谊大道新生路地铁站A口 ...全文	未
武汉公厕样板间：刷脸取纸不稀奇，还能实时监测有无异味家住余家湖的陈女士到武昌内沙湖公园散步，内急走进路边一座公厕，她发现不仅有免费厕纸洗手液，而且一点异味都没有。真是干净，如果公厕都像这样，那我们一百个满意。陈女士笑说。15日，记者来到这座位于友谊大道新生路地铁站A口附近的公共厕所，远看公厕外摆放着各类绿植花草，与周边绿化景观相得益彰，走进去发现里面除了男厕女厕，还有母婴室和第三卫生间。市民如果没有带纸，也不用担心，这里有人脸识别厕纸机，可以刷脸取纸，如果不够用，墙上还挂有卷纸。洗手	未
武汉公益法律服务进民企，为民营企业发展保驾护航	未
武汉六旬老贼眼神不灵光 冒险白天砸车窗行窃18起	未
武汉再次集中清查洗浴场所，一晚上关停取缔62家20日晚，武汉警方在全市范围内开展全市足疗桑拿洗浴场所集中清查整治行动，当晚共出动警力6100余人，关停取缔违法违规经营场所62家。武汉市公安局相关负责人表示，对检查中发现的违规经营行为，将严格依法予以处罚。对查实存在黄赌毒问题的场所立案侦查，查清组织者经营者获利者，打掉犯罪团伙。同时还要通报工商部门，商请吊销存在黄赌问题洗浴场所的经营证照。汉警播报武汉再次集中清查洗浴场所，一晚上关停取缔62家	未
武汉军运会倒计时	未
武汉农博会产销对接“两旺”协议签约金额45亿	未
武汉冷吗冷。起床了吗起了。下雪了吗没有。武汉下雪	未
武汉出现海市蜃楼奇景浓雾中有一幢金色大楼，专家却这样说...	未
武汉出警5316人突击夜店	未
武汉分享被催婚想跳槽写总结你有没有年关焦虑症随着新年和春节临近，节日气氛越来越浓，但有些人的年关焦虑症也日渐明显。熬夜写年终总结工作指标未完成跳槽的压力团聚时亲朋间的比较这些都让人喘不过气。年底了，你有年关焦虑症吗	未
_//@武汉刘正涛:这个分析很对。	未
武汉刚获批最严养狗令，黄冈有可能实施吗	未
武汉医学院大学生拿校园流浪猫练手，肢解猫咪，剥眼球，捶脑袋，已经有十几只猫都惨遭毒手！学校不重视，凶手还在逍遥法外！！！	未
武汉协和医院新增名医门诊！最高诊察费801.5元协和医院有一个名医门诊，怎么挂号就要200元300元，最高要800多元啊！11月27日，有网友反映，华中科技大学同济医学院附属协和医院（以下简称武汉协和医院）官方微信在线挂号突然出现了名医门诊，诊察费好惊人！武汉协和医院新增名医门诊！最高诊察费801.5元	未
武汉卓尔官宣：前恒大青少部主管姜夫出任俱乐部副总经理，负责统筹青训工作中超联赛 中超2018	未
武汉卓尔宣布姜夫任俱乐部副总	未
武汉原副市长等“三李”同堂受审：李忠李勇共谋，另一人执行	未
武汉发布ETC催费公告，欠费不缴将影响个人信用！	未
武汉古风妹摄，菩岁	未
武汉司机注意了：这些路段明天临时交通管制，今晚10点将进行清理！	未
武汉同城 冬天的武汉大学 武汉武汉大学	未
武汉同城 叶子都黄了	未
武汉同城 霾天下	未
武汉周末下雪吗刚采访完首席的瑚瑚，第一时间过来汇报啦预计今天白天，武汉只会局部飘一会儿小雪或者小雪籽 到了晚上（至少17点以后），雪势有所加强，飘起正经雪花，且南部下的会比北部更大但如果大家期待天空中会飘下鹅毛般的大雪，那恐怕有些难度所以我们一起等待这场雪，悄然而至吧	未
武汉周末下雪吗 这几天在粉丝的轮番轰炸下，瑚瑚觉得很有必要出来当一次马景涛8号武汉会下雪吗会下！！能见到雪花吗能！！气温低吗逐渐跌至0以下！！你们还有问题吗！！有也不许问了！至少在这一条微博下 正气和硬气并存的瑚瑚	未
武汉和上海的朋友们可以安排上了	未
武汉地铁票价调整方案出炉听证会21日举行，目前有2套方案，主要对起步价起步里程和晋级里程结构进行调整起步价2元可乘4公里，4-12公里，1元/4公里50公里以上，1元/20公里起步价3元可乘9公里，9-17公里，1元/4公里55公里以上，1元/20公里你看好哪种方案武汉地铁票价调整，你看好哪种方案	未
武汉城市留言板2018年武汉职工平均工资是多少预计明年6月公布17日，武汉市网上群众工作部长江网武汉城市留言板入驻单位武汉市统计局武汉市档案局通过长江网今天我值班板块，回答网民提问。网民：武汉职工平均工资是怎么统计得来的2018年的职工平均工资何时出台武汉市统计局：我局每年都会在武汉市统计局网站上公布武汉市城镇单位就业人员平均工资城镇非私营单位就业人员平均工资和城镇非私营单位在岗职工平均工资。武汉市的工资数据是通过国家和地方统计联网直报平台的基层数据采集得来，按照国家统计局劳动工资	未
武汉城市留言板既然零钱不好找，那公交价格能不能进行调整方便市民12月3日，网民肖先生在长江网武汉城市留言板（武汉城市留言板）留言建议，黄陂区很多公交线路，票价都是2.5元或3.5元，给投币乘车的乘客找零带来不便，希望能调整票价，化零为整。 零头公交乘客找零不方便，市民建议票价化零为整	未
武汉大学125岁了	未
武汉大学中南医院被刺医生从深度昏迷中苏醒，生命体征平稳	未
武汉大学中南医院被刺医生逐渐苏醒 生命体征平稳	未
武汉大学中南医院针对主任医师的行凶事件我觉得有必要说两个点。这两个点绝非定论但理应具有深思的价值。关于医闹行为的凶暴化倾向。在反反复复无数次大小医闹之后国家开始严管法律和制度收紧属于医闹的惩罚越来越明确。同时在社会大背景上基于移动互联网与数字化监管体系的超速发展实际上天罗地网已经开始形成不仅仅是医院医闹其他领域也一样我们会发现社会治安整体的确在变好越来越安全。然而这背后或许要注意一个相应的变化那就是绝对违法犯罪案件数量下降但一旦下手犯罪事件的凶恶程度或者致命程度可能远超从前	未
武汉大学教师聘任改革“非升即走”热议背后	未
武汉大学教授谈问津书院：三大精神薪火相传	未
武汉大雪虽然“爽约” 气温却难回升	未
武汉天气 未来天气预报市气象台预报:明天白天武汉阴天到多云。	未
武汉天气预报  今天晚上：北部阴天转零星雨夹雪南部阴天转小雨明天白天：小雨转阴天最高温度：4， 最低温度：1湿度：65-95， 风：偏北风2到3级中心城区：最高气温4， 最低温度1	未
武汉天气预报今天晚上：北部阴天转零星雨夹雪南部阴天转小雨。明天白天：小雨转阴天。最高温度：4， 最低温度：1。湿度：65-95， 风：偏北风2到3级。中心城区：最高气温4， 最低温度1。	未
武汉天气预报 今天晚上：多云到晴天明天白天：晴天到多云最高温度：6， 最低温度：-4湿度：50-95， 风：偏北风3到4级转2到3级中心城区：最高气温7， 最低温度-3	未
武汉天气预报 今天晚上：多云明天白天：阴天到多云最高温度：8， 最低温度：2湿度：50-95， 风：偏北风2到3级中心城区：最高气温9， 最低温度2	未
武汉天气预报 今天晚上：晴天到多云        明天白天：晴天到多云        最高温度：9， 最低温度：-2        湿度：50-95， 风：偏北风2到3级        中心城区：最高气温10， 最低温度-1	未
武汉天气预报        今天晚上：阴天，局部有小雨雪明天白天：多云最高温度：6， 最低温度：0湿度：60-95， 风：偏北风3到4级，阵风5到6级中心城区：最高气温7， 最低温度1	未
武汉天气预报  今天晚上：阴天有小雨明天白天：北部小雨转雨夹雪南部阴天有小雨最高温度：5， 最低温度：1湿度：75-95， 风：偏北风4到5级中心城区：最高气温6， 最低温度1	未
武汉天气预报 今天白天：阴天到多云今天晚上：北部阴天有雨夹雪南部阴天有小雨最高气温：4， 最低气温：1湿度：55-95， 风：偏北风2到3级中心城区：最高气温4，最低气温1	未
武汉天气预报 今天白天：阴天到多云今天晚上：阴天到多云最高气温：8， 最低气温：2湿度：45-95， 风：偏北风转偏南风2到3级中心城区：最高气温9，最低气温3	未
武汉天气预报         今天白天：阴天有小到中雪今天晚上：北部阴天有小到中雪南部阴天有中到大雪最高气温：2， 最低气温：0湿度：80-95， 风：偏北风3到4级，阵风5级中心城区：最高气温2，最低气温0	未
武汉天气预报 今天白天：阴天有小到中雪今天晚上：北部阴天有小到中雪南部阴天有中到大雪最高气温：2， 最低气温：0湿度：80-95， 风：偏北风3到4级，阵风5级中心城区：最高气温2，最低气温0	未
武汉天气预报  今天白天：阴天有小雨今天晚上：阴天有小雨最高气温：6， 最低气温：3湿度：80-95， 风：偏北风4到5级，阵风6到8级中心城区：最高气温6，最低气温3	未
武汉天气预报  今天的武汉，依然是阴沉沉的今天白天：短时小雨转阴天    今天晚上：阴天最高气温：7    风：偏北风3到4级，阵风5级觉得冷的话，可以做做运动暖暖身子鸭	未
武汉嫂子图鉴：你是不是也碰到过这种武汉嫂子	未
武汉将首开至浙江千岛湖、山东威海等地高铁	未
武汉小区遛狗不戴嘴套最高罚千元 物业不管罚3万据报道，为治理小区狗患，武汉将推出新版物业条例，规定禁止在物业管理区域内饲养烈性犬和大型犬，违反规定的，由公安机关没收犬只，并处5000元以上1万元以下罚款。携犬只出户的，应当为犬只挂犬牌束犬链戴嘴套，由成年人牵引，主动避让他人。两次受罚者将纳入严重失信名单，条例将于明年1月1日起施行。	未
武汉市东风大道高架桥将从11月1日起开始新的管制措施	未
武汉市中山舰博物馆：十年磨一“舰” 英气传千古(图)	未
武汉市企业标准自我声明平台正式开通	未
武汉市公安局关于招聘轨道交通分局警务辅助人员的笔试公告	未
武汉市原副市长李忠在咸宁中院公开受审，当庭认罪、悔罪	未
武汉市委副秘书长赖圣聪拟任市管正局领导，曾长期在温州工作	未
武汉市属国企今年新建近万个公共停车位	未
武汉市新房网签管理新规将实施 同一套房屋严禁重复备案更名	未
武汉市民26楼平台护栏晒萝卜，万一刮大风，会不会下刀子雨小雪节气后，气温下降，天气变得干燥，是腌制食物的好时候。11月26日，武汉市硚口区长丰大道一小区内，26层高的居民楼楼顶阳台护栏上被人晾晒了不少呈长条形的萝卜，没有固定装置。大风刮过，萝卜随风震动。萝卜一旦被吹落是否会如高空抛物一样伤人根据实验和理论计算，一枚30克的鸡蛋从25楼抛下能使人当场死亡。好可怕！这位晒萝卜干的市民朋友，求放过，请在安全区域晾晒。微观荆楚 26楼平台护栏晒萝卜，万一刮大风，会不会下刀子雨	未
武汉市法检两长双双被查后 职务空缺拟同步补齐	未
武汉市法检两长双双被查后，职务空缺拟同步补齐	未
《武汉市物业管理条例（修订）》明年1月1日起实施！	未
武汉市轨道交通票价听证会将于12月21日举行	未
武汉年末集中查酒驾醉驾	未
武汉广州汕头6天和你爸带你跑了三个地儿以后还要一起去更多的地方所以，多多关照啊松爷	未
武汉建设武汉长江左右岸将各现百公里滨江绿道，串起百里江滩公园近日武汉市国土资源和规划局召开了专家咨询会，为武汉长江沿线生态保护出谋划策，初步编制了武汉长江大保护滨江带规划，将着力构建沿江百里画廊美景，打造双百里江滩绿道。经过长期发展，武汉长江沿江带形成了以江为轴南北两岸并重的整体格局，江河交汇河湖联通的水环境生态特色。详情：武汉长江左右岸将各现百公里滨江绿道，串起百里江滩公园	未
武汉开发区万警进社区 现场教市民防身术，防盗术。@楚天都市报 的一直播（下载App-gt网页链接）	未
武汉开发区召开东风系重点企业座谈会，协调解决的困难和问题	未
武汉开发区警方深夜出击 追击70公里查获.....	未
武汉开启“速冻模式” 今冬第一场雪或为中到大雪	未
武汉怀胎六月孕妇治痔疮 医生抹麝香膏后流产	未
武汉户外广告颁新规：广告牌晚上须关灯 ，广告人沸腾了！	未
武汉拟任市委副书记，曾补缺任上殉职的市委组织部长	未
武汉“摸狗”命案二审二次开庭：是否构成正当防卫仍是焦点	未
武汉“摸狗”命案二审改判	未
武汉“摸狗”命案改判 认定正当防卫这个案子很典型	未
武汉“摸狗案”二审改判：弟弟获刑4年 哥哥无罪释放	未
武汉政务服务试点“刷脸”缴费	未
武汉政法系统持续震荡 半年内五名资深官员落马	未
武汉整治牛皮癣出新招：呼你撕全覆盖 墙面穿不黏衣你擅自涂写张贴刻画宣传品广告，影响了城市市容和环境卫生，请你在接到本通知24小时内自行清除干净12月17日，3397个电话号码被武汉市城管部门行政执法语音系统（简称呼你撕系统）不间断呼叫。与10余年前的呼死你不同，呼你撕系统严格按照执法程序设计，经照片取证内容核实，再进行自动发送语音呼叫和提醒，直至违法当事人接受处罚。而武汉正在推广的防癣涂料，通过在公共外墙面上涂刷新型材料，小广告张贴后半分钟会自然脱落。据称，	未
武汉整治牛皮癣出新招：呼你撕全覆盖 墙面穿不黏衣你擅自涂写张贴刻画宣传品广告，影响了城市市容和环境卫生，请你在接到本通知24小时内自行清除干净12月17日，3397个电话号码被武汉市城管部门行政执法语音系统（简称呼你撕系统）不间断呼叫与10余年前的呼死你 ...全文	未
武汉新修禁毒条例，药店违规售卖特殊药品最高罚5万11月23日，武汉市十四届人大常委会第十七次会议表决通过了修订的《武汉市禁毒条例》，专门制订条款，重点关注未成年人毒品预防教育，并处罚违规售卖特殊药品的零售企业。修订的《条例》规定，教育行政部门应当将毒品预防教育纳入教学考试内容。含麻黄素等特殊药品复方制剂，严格执行实名登记限量销售，药店违规售卖特殊药品最高罚5万！武汉新修禁毒条例，药店违规售卖特殊药品最高罚5万	未
武汉新闻14日起长江二桥匝道将在每周末施工，交管部门发布绕行提示从武汉市公安交管部门获悉，为尽量减少施工对道路通行的影响，长江二桥匝道将于2018年12月14日22时起至2019年1月7日止，利用每个周末时间进行维修施工，为保障施工期间道路通行安全，部分匝道将封闭。根据施工安排，2018年12月14日（本周五）22:00至12月17日（下周一）05:00，黄浦立交1号匝道（长江二桥下解放大道二七路）2号匝道（解放大道永清街方向上长江二桥）禁止机动车通行。14日起长江二桥匝道将在每周末施工，交管	未
武汉新闻 2018中国武汉速度赛马公开赛无惧寒流12月8日下午，天气预报中的大雪并未落下，但2018中国武汉速度赛马公开赛第17个赛马日仍如期在东方马城国际赛马场举行。5场赛事中，前三场均是长距离比赛，赛马也玩冬季长跑。	未
武汉新闻3年汉堡炸鸡当饭吃，17岁女孩全身血液变粉红色险丢命13日深夜，在武汉市汉阳医院急诊科，一位父亲抱着女孩小钱冲进诊室。此时，小钱面色苍白全身大汗表情痛苦。当血液从小钱血管里抽出时，在场医护人员惊呆了：血液竟然是罕见的粉红色，并在瞬间凝固。经连日抢救，小钱逐渐清醒，脱离生命危险。3年多来，小钱几乎每天吃汉堡炸鸡烧烤，只喝可乐不碰白水...3年将汉堡炸鸡当饭吃，17岁女孩全身血液变粉红色险丢命	未
武汉新闻-5冻你没商量！本周五起武汉连下4天雪：局部还有暴雪气象部门预计，从今日至10日，武汉市将有一次持续阴雨雪天气过程，其中：今明以雨为主7-9日，随着低温降至-3到-5，将由雨转为中到大雪局部暴雪转发提醒！这次降温超凶的！一条秋裤看来是不够了网页链接	未
武汉新闻80后税务干部为村民办实事13日，江夏区山坡街群力村，当地村民听说是采访汉阳区税务局驻村扶贫工作队的冯海亮，都竖起了大拇指：小冯驻村扶贫不到一年，就给村民做了不少实事，忙起来甚至把2岁的儿子绑在电动车上走访贫困户。在冯海亮和其他扶贫工作队队员的努力下，昔日的空壳村发生了巨变。村集体经济收入突破10万元，实现了所有贫困户脱贫摘帽，整村脱贫出列。冯海亮说，贫困户们的笑声，就是对自己工作的最大肯定。80后税务干部为村民办实事	未
武汉新闻 中央生态环保督察组转办武汉市环境问题信访件32件11月24日，中央第四生态环境保护督察组向武汉市交办第24期信访件32件，目前已交办各对应部门。截至11月24日，武汉市共收到中央第四生态环境保护督察组交办信访件479件，其中重点交办件37件，重复投诉件189件，已全部交办到各对应部门。按污染类型分类，其中大气污染类240件水污染类61件土壤污染类20件 噪声污染类75件生态破坏类37件辐射类1件其他污染类45件。	未
武汉新闻协和医院与20家社区医院抱团防治脑卒中，覆盖200万市民大医院一床难求，社区卫生机构门可罗雀，如何打破这一僵局12月8日，中部地区首家下沉到社区卫生机构的专科联盟中部神经系统疾病（卒中）医疗共享平台社区联盟正式成立，该联盟以武汉协和医院神经内科为依托单位，联合武汉市20家社区医疗服务中心组成，覆盖武汉200万市民。	未
武汉新闻 地铁全线网道岔涂抹防冻油，高架站台铺设防滑地毯2万米连日来，武汉地铁运营公司近700名信号工，对地铁全线网道岔进行紧急涂抹防冻油，确保在寒冷天气下对道岔起到润滑作用，保障列车安全通行。	未
武汉新闻女足世界杯抽签揭晓，中国队与德国西班牙南非同组9日凌晨，2019年法国女足世界杯赛在巴黎举行了小组抽签仪式，中国队与德国队西班牙队和南非队被分到了B组，铿锵玫瑰将面对两支欧洲劲旅的挑战。现效力于巴黎圣日尔曼女足的武汉姑娘王霜作为央视转播嘉宾，现身抽签现场。接受长江日报记者采访时她表示，对手已经确定，现在唯一要做的就是全力备战。	未
武汉新闻好吃佬自制毒鸭脖掳走金毛犬，被警察抓获时狗狗已下肚蔡甸男子陈某，想吃狗肉却不想花钱买，于是开着面包车在村里四处游逛，听见狗声便觅声而去，等到四下无人，就把自制的毒鸭脖丢给狗，待狗被毒晕后抱到车上近日，周先生养了四年多的杂交金毛也不见了，他一直闷闷不乐报警后， ...全文	未
武汉新闻好吃佬自制毒鸭脖掳走金毛犬，被警察抓获时狗狗已下肚蔡甸男子陈某，想吃狗肉却不想花钱买，于是开着面包车在村里四处游逛，听见狗声便觅声而去，等到四下无人，就把自制的毒鸭脖丢给狗，待狗被毒晕后抱到车上。近日，周先生养了四年多的杂交金毛也不见了，他一直闷闷不乐。报警后，民警通过视频追踪迅速锁定嫌疑人陈某。陈某被民警拦截抓获时，他的车上还有不少毒鸭脖。陈某交代，他一共偷了3条狗，已经吃掉了两条。目前，陈某因涉嫌盗窃已被公安机关刑事拘留。男子想吃狗肉却不想花钱，用毒鸭脖下药偷狗	未
武汉新闻应对冰雪天气，湖北高速公路储备1.7万吨融雪剂6日，记者从省高速公路管理局获悉，为应对即将到来的冰雪天气，保障高速公路安全畅通，全省高速公路系统提前安排部署，共储备融雪剂17206吨，各类铲冰除雪机具设备492台，组建应急队伍156支，全力备战冬季除雪保畅工作。发布了头条文章：《应对冰雪天气，湖北高速公路储备1.7万吨融雪剂》应对冰雪天气，湖北高速公路储备1.7万吨融雪剂	未
武汉新闻我市专题部署当前融雪防冻工作12月6日上午，市政府召开专题会议部署当前和今冬低温雨雪天气应对工作。各区政府及市政府应急办市城管委市建委市交委市公安交管局市气象局市城投集团公司武汉地铁集团公司等部门和单位负责人，各区城管委主任公安分局交通大队长参加了会议。 我市专题部署当前融雪防冻工作	未
武汉新闻拾到装有高考资料的手机及时归还11月25日19点左右，祝女士和外孙乘坐华昌出租车公司鄂AXQ781出租车从大智路数码港到江汉路五芳斋路口，下车后发现外孙手机遗落车上，幸好遇见华昌好心的哥雷鸣，在帮忙找到手机后 及时归还，而且不留名不收感谢费。祝女士说，外孙今年正读高三，手机里有许多学校发给他的备考资料，谁知手机不小心损坏，祝女士就带着外孙到大智路修手机，当时外孙坐在后排，下车时将手机放在座位上。直到回家后，祝女士的外孙才想起手机还在出租车上，抱着侥幸心理，祝女士拨打外孙的手机，没想	未
武汉新闻无证无行医资质！中医养生推拿馆开进江城住宅楼近日，家住洪山区街道口阜华大厦的黄女士反映，自家楼栋里开有一家中医养生馆，每天该馆都要营业到转钟，顾客进进出出的很是闹心。不仅如此，该馆工作人员有时还会熏艾条，对居民的日常生活造成了不少影响。本报记者连日探访，发现这些藏身于住宅楼中打着中医旗号的养生推拿馆大多属于无证经营，也不具备相关的行医资质。工作人员则称，普通人都可以开这样的店面。目前，工商质监局珞南所已向阜华大厦一家养生馆下达了责令停业通知书。标着中医的各类养生推拿馆开	未
武汉新闻 武汉启动临时管控措施应对空气污染25日凌晨，受北方污染传输和本地污染叠加影响，武汉空气污染加剧。市改善空气质量工作领导小组下达紧急通知，启动临时管控措施，应对空气污染。为做好本轮次空气污染应对工作，尽可能减少本地污染叠加影响，按照《市人民政府关于印发2018年拥抱蓝天行动方案的通知》关于空气污染临时管控的工作要求，市改善空气质量工作领导小组启动临时管控应急。管控时间：11月25日12时至27日8时。 武汉启动临时管控措施应对空气污染	未
武汉新闻 武汉将推建筑工人实名制，建筑工人不用担心欠薪了近日市城建委出台推进全市建筑工人实名制管理工作的实施方案，我市将进行为期3个月的试点，建立武汉市建筑工人实名制信息管理平台，并于明年6月起全面推广使用该平台。该平台通过实名制管理，对工人实现信息录入和考勤监督，工人与企业签订的劳动合同工资信息都能入系统查询，保障工人工资不拖欠参建单位和管理人员的信息，平台也会录入，督促在职在岗规范管理。	未
武汉新闻 武汉市通过第二批全国水生态文明城市建设试点验收2014年5月，武汉市被水利部确定为全国第二批水生态文明城市建设试点城市，试点期为2015年到2017年。11月30日，根据水利部湖北省政府验收工作安排，受省政府委托，省水利厅组织召开武汉市水生态文明城市建设试点验收会。验收委员会一致认为，武汉市试点建设规划理念先进布局合理保障措施有效创新特色突出示范作用明显，完成了省人民政府批复的《武汉市水生态文明城市建设试点实施方案》规定的工作任务，实现了建设目标，同意武汉市水生态文明城市建设	未
武汉新闻 武汉明年5月前要解决地名乱象全市地名标识牌清理整治工作动员部署会昨日召开。记者从会上获悉，明年5月前，武汉市民政局将联合市城管旅游委公安交管等多个部门集中清理整治地名标识牌。目前已对全市7230条道路完成标识牌硬件升级，从12月份起，还将针对武汉所有的A级景区标识牌做清查，同时完成86处交通道路指示牌整改工作。另外，会上也要求，针对市民提出一条路为何有多个路名地名混乱有路无名的情况，各部门各区将联合执法，在明年5月前拿出解决方案并妥善实施解决。 一路多名有路无名武汉201	未
武汉新闻江汉路上无人警局，3分钟内自助补办身份证我第一次使用自助机办理身份证，不到3分钟就办理完身份证补办业务，真的很方便。24日晚10点，市民王先生在江汉路警务站AI（人工智能）自助服务区内，使用二代身份证自助申请受理终端机办完业务，赞不绝口。在这间无人警局内看到，有身份证自助申请终端港澳签注取证机交通违法自助处理机等设备。这些自助设备涵盖了自助证件照拍摄机自助办理网证机自助发证机自助签注机等。为方便市民自助办理，每台机器上方都详细标注了名称使用方法及步骤。	未
武汉新闻浴池更衣处竟安放摄像头，老板：吓唬小偷从未开过60多岁的魏爹爹在江夏区兴才路轻工浴池洗澡时，发现更衣室装有摄像头。魏爹爹觉得此事尴尬，也担忧隐私外泄，建议拆除摄像头。本报记者发现，该浴池共装有四个摄像头，但服务台的电脑显示屏上，仅显示着服务台这个摄像头拍摄下的画面。老板刘女士表示，因有顾客丢失财务，才装了摄像头。但男更衣室的摄像头只是摆设，目的是吓唬小偷。浴池更衣处安装摄像头顾客忧，老板称只是吓唬小偷从未开过	未
武汉新闻省博母子志愿者：母亲服务超3000小时 儿子中英文讲解已5年2月8日，湖北省博物馆志愿者许可秋被授予该馆荣誉馆员称号，在此前的11月24日，许可秋以优异的志愿服务工作业绩现场展示，荣获由中国博物馆协会主办的第九届牵手历史中国博物馆十佳志愿者之星荣誉称号。省博母子志愿者：母亲服务超3000小时 儿子中英文讲解已5年	未
武汉新闻看着都疼！2岁男童不慎将剪刀插入颅内险失明5天前，年仅两岁的男童小喆拿起剪刀玩耍，意外摔倒在地，手中的剪刀沿左眼眶插入颅内，家人几经辗转将他送到武汉儿童医院，经紧急手术，剪刀被成功取出，万幸的是，未伤及眼球及视神经。目前，小喆已经脱离生命危险，后续还需度过颅内感染关。 ...全文	未
武汉新闻看着都疼！2岁男童不慎将剪刀插入颅内险失明5天前，年仅两岁的男童小喆拿起剪刀玩耍，意外摔倒在地，手中的剪刀沿左眼眶插入颅内，家人几经辗转将他送到武汉儿童医院，经紧急手术，剪刀被成功取出，万幸的是，未伤及眼球及视神经。目前，小喆已经脱离生命危险，后续还需度过颅内感染关。小喆的家庭比较贫困，现在已经欠了医院六七万元，后续治疗费用还不知道从哪里筹集。真险！拿剪刀玩耍，意外插入两岁男童颅内，幸好...	未
武汉新闻网店拒发货给出奇葩理由：你们武汉全是骗子 杨女士双十二买下一双运动鞋，两天后卖家称没货，要求买家申请退款，当买家提出质疑时，卖家竟以你们武汉都是骗子为由，不给武汉买家发货卖家称，武汉有一伙人专门网上骗卖家的鞋子，他们店铺被骗了3双鞋，还没追回来目前，杨 ...全文	未
武汉新闻网店拒发货给出奇葩理由：你们武汉全是骗子 杨女士双十二买下一双运动鞋，两天后卖家称没货，要求买家申请退款，当买家提出质疑时，卖家竟以你们武汉都是骗子为由，不给武汉买家发货。卖家称，武汉有一伙人专门网上骗卖家的鞋子，他们店铺被骗了3双鞋，还没追回来。目前，杨女士正等待电商平台介入处理你们武汉全是骗子 网店拒绝给买家发货，竟给出奇葩理由	未
武汉新闻豪车男收走522万元购房茶水费，其父建议：你们报警吧武汉男子刘某平日开着奔驰保时捷等豪车出行，还在徐东做着古玩生意，到处自称有关系能帮人买到房子今年7月至9月期间，刘某收取了27名买房者522万元茶水费，却一直以开发商出事为由，迟迟没有让买房者去签约两个月前，刘某突 ...全文	未
武汉新闻豪车男收走522万元购房茶水费，其父建议：你们报警吧武汉男子刘某平日开着奔驰保时捷等豪车出行，还在徐东做着古玩生意，到处自称有关系能帮人买到房子。今年7月至9月期间，刘某收取了27名买房者522万元茶水费，却一直以开发商出事为由，迟迟没有让买房者去签约。两个月前，刘某突然失联，买房者们想尽办法，却始终找不到他人。刘父表示，儿子跟自己一年难得见面，自己不知道儿子的下落。听到儿子的这些事，刘父建议买房者们报警。目前，买房者们已在武汉多个派出所报警。豪车男收走522万元购房茶水费，其	未
武汉新闻 这些人守了武汉长江大桥一夜，每隔1小时测量一次桥面温度12月7日晚10时，寒风凛冽，武昌城管委大桥清洁队司机班的谌俊峰和同事到长江大桥开始值守，每隔1小时报告1次桥面温度，观察桥面是否结冰，一直守到8日清晨7时。	未
武汉新闻金银湖路300米路段已加装大型交通指引牌金银湖路三环线至金银湖南路方向的近300米路段上，没有设置大型的交通指引牌，且路口附近的地面指引线前后不一，影响交通通行效率，更产生了安全隐患。近日，在市委基层作风巡查第十组的督导下，东西湖区交通大队对此处进行了整改。	未
武汉新闻首轮低温天气武汉救助近200人，市民遇困可拨救助热线求助记者从武汉市救助管理站获悉，截至12月9日的今冬首轮雨雪低温天气，全市已救助近200人，其中八成多的救助对象为临时遇困人员。发布了头条文章：《首轮低温天气武汉救助近200人，市民遇困可拨救助热线求助》首轮低温天气武汉救助近200人，市民遇困可拨救助热线求助	未
武汉日均登记旅客8.1万人次 登记信息助警方抓获208名逃犯坏人要敢来武汉，别的不说，至少酒店让你不敢住。11月25日，从武汉市公安局治安管理局获悉，截至目前，通过公安旅馆业治安管理信息系统，武汉市旅馆累计登记旅客信息2635.27万人次，较去年同期2418.91万人上升了8.94，日均登记旅客信息达到8.1万人次。今年以来，公安机关在旅馆共抓获逃犯208人，其中重大案件逃犯31人。武汉日均登记旅客8.1万人次 登记信息助警方抓获208名逃犯	未
武汉最牛醉驾！车没熄火停在马路中央，司机呼呼大睡	未
武汉有群熊猫侠，16年9914次挽救生命近日，武汉协和医院一名稀有血型患者大出血，急需输血。血液中心一个电话，与其素不相识的武大附二小教师潘红当天下午就赶到中南路的献血车上，捐献了400毫升稀有血液。潘红是武汉以血结缘的特殊人群中的一位。Rh阴性血，在汉族人群中仅占3，因其极为珍贵又被称为熊猫血。武汉有一群人，因为身上流着同样的RH阴性血走到了一起，他们用爱心和奉献组建起武汉市稀有血型爱心之家。据统计，截至目前稀有血型累计献血达13214人次，献血量达19828个单位，捐献的血液可以挽	未
武汉未来2天停水计划公布，在此范围居民请提前做好准备！	未
武汉未来3天停水计划公布，在此范围的居民请提前做好准备！	未
武汉机场大巴将与地铁差异化运行 在地铁不便区域设点	未
武汉杨春湖高铁商务区规划披露：北洋桥垃圾山将变身生态公园12月6日，杨春湖高铁商务区规划展望与项目推介会在东湖国际会议中心举行据武汉市规划研究院披露，位于杨春湖高铁商务区的北洋桥垃圾填埋场将经过无害化处理后，变身生态公园，让市民受益目前，北洋桥中央生态公园生态修复工程已于半 ...全文	未
武汉杨春湖高铁商务区规划披露：北洋桥垃圾山将变身生态公园12月6日，杨春湖高铁商务区规划展望与项目推介会在东湖国际会议中心举行。据武汉市规划研究院披露，位于杨春湖高铁商务区的北洋桥垃圾填埋场将经过无害化处理后，变身生态公园，让市民受益。目前，北洋桥中央生态公园生态修复工程已于半年前启动，将在明年军运会开幕前完工。武汉杨春湖高铁商务区规划披露：垃圾山将变生态公园	未
武汉桥工段在黄石地区开展路外安全宣传活动	未
武汉武汉大学	未
武汉求脱团 投稿ID：@ashgd已验证确系本人投稿男，90年，176/80，专科，国企，铁路工作的复转军人，未来稳定武汉发展，详见长微博(本平台所有征友，未经投稿人同意前，禁止一切抄袭/复制原文作为直发的行为，谢谢配合)	未
武汉求脱团 投稿ID：@vvkira 男 94年 武汉本地 173/60 游戏宅 详见长微博(本平台所有征友，未经投稿人同意前，禁止一切抄袭/复制原文作为直发的行为，谢谢配合)	未
武汉求脱团 投稿ID：@快要坏掉的冰冰 92年，武汉本地人。希望找武汉的小哥哥脱团，详见图片，谢谢(本平台所有征友，未经投稿人同意前，禁止一切抄袭/复制原文作为直发的行为，谢谢配合)	未
武汉江夏区开展食品安全事故应急演练	未
武汉深夜食堂	未
武汉滨江最后的处女地	未
武汉照云蓝和我@湖北天气	未
武汉爆料0！雪雹交加！雪呢@武汉身边事 @武汉同城 @湖北天气	未
武汉爆料下火车换乘地铁能不能取消二次安检逢年过节，在武汉三大火车站内，火车换乘地铁的乘客较为密集，过安检经常排起长队。有市民不解：乘火车时已经过安检，换乘地铁时能不能取消二次安检呢据悉，成都北京天津等城市已陆续在火车站地铁站取消二次安检，通行效率明显提高，武汉市交委目前也正在研究此事。你支持吗下火车换乘地铁取消二次安检武汉正对此进行调研	未
武汉爆料不是北京不是上海，这里才是中国城区面积最大的城市美国国家地理杂志根据遥感卫星测绘得出：武汉是中国城区面积最大的城市其城市建成区远远超过首都北京，是上海的两倍多天津的3倍多南京的4倍多重庆的5倍多，杭州的6倍它是一个被长江和汉江分隔的三座城 ...全文	未
武汉爆料事发武汉！男子拉拽公交车方向盘，被乘客飞踹据湖北日报：12月1日上午11时，东湖高新区一辆公交车上，乘车男子因公交卡余额与司机发生争执，不顾公交正在行驶两次拉拽方向盘，一名乘客对他飞踹一脚进行劝止，抢方向盘的男子转身殴打该乘客。最终该男子因涉嫌危害公共安全罪被警方刑拘。	未
武汉爆料太吓人了！武汉一驾校竟悬在20米高的楼顶练车，如果刹车没踩好...近日，有市民反映：在位于汉口解放大道旁的中山广场7楼平台上有个驾校训练场，平台距地面20多米，周边水泥护栏仅1.5米，学员们在教练指挥下倒车入库曲线行驶。这真是在用生命在练车，太危险了！（长江日报）	未
武汉爆料家长在地铁车厢里给孩子把尿弄脏他人行李：小孩憋不住11月29日，武汉地铁四号线车厢内，一名中年女子抱着两岁左右的小女孩在车厢内撒尿。市民汪女士的行李被弄脏，与家长发生争吵，家长表示小孩憋不住。汪女士在将此事发到网上，有网友表示，在车厢内方便实在不雅。也有网友称，家长事后应该及时做好清理。你咋看 家长抱孩子在地铁上撒尿 尿液弄脏乘客行李引发争吵	未
武汉爆料报告，武汉目前还没下雪，大家还可以多睡会@武汉同城 武汉周末下雪吗	未
武汉爆料武汉协和医院新增名医门诊 最高诊察费801.5元27日，有网友反映，武汉协和医院在线挂号突然出现了名医门诊，诊察费惊人，有200元300元，最高要800多元。记者查阅发现，11月29日上午名医王泽华挂号金额为801.5元，名医消化科侯晓华挂号金额为301.5元，名医男科陈晓春挂号金额为201.5元。武汉协和医院公告称，根据《湖北省知名专家诊察费管理办法》，自2018年11月26日起，协和医院名医门诊将执行新的名医门诊政策，名医门诊知名专家诊察费调整如下：名医诊察费分为200元/	未
武汉爆料武汉协和医院新增名医门诊 最高诊察费801.5元27日，有网友反映，武汉协和医院在线挂号突然出现了名医门诊，诊察费惊人，有200元300元，最高要800多元记者查阅发现，11月29日上午名医王泽华挂号金额为801.5元，名医消化科侯晓华挂号金额为301.5元，名医男科陈晓春挂号金额为2 ...全文	未
武汉爆料武汉摸狗命案二审改判 一人无罪一人获刑四年2016年，武汉男子杨建平因摸了一下宠物狗，狗主人彭芳明与他发生口角，而后还邀约另3人持洋镐上门报复。打斗中，彭芳明被杨建平杨建伟兄弟二人刺死。一审法院认定杨建平及其弟弟杨建伟犯故意伤害罪，对两人分别判刑9年和13年。二人当庭上 ...全文	未
武汉爆料 湖北人，换个方式记住乡愁吧！腊肉不能带上火车了@湖北之声：对很多湖北人来说，乡愁就是故乡的味道。年关将近，越发想念火塘上的腊肉和香肠。不过，近日，包括武汉宜昌恩施荆门等湖北多地的火车站接上级通知，12月13日起，未经卫生防疫部门检疫合格的生猪产品严禁携带上火车 ...全文	未
武汉爆料目前武汉地铁全线网手机扫码购票系统异常，工作人员紧急处理中。	未
武汉爆料网友爆料，武汉城区开始下雪了，虽然很小很小，但是武汉下雪开始了 （图自网友）年度抗寒大戏@武汉同城  @湖北天气 @新浪湖北	未
武汉爆料网友爆料，武汉城区开始飘雪籽了，虽然很小很小，但是武汉下雪开始了 （图自网友）@武汉同城  @湖北天气 @新浪湖北	未
武汉版绝命毒师制丧尸药远销欧美	未
武汉生活中国哪里最挤武汉这几条街上榜从自身感受出发，有人会说，早高峰的地铁最挤公司的电梯最挤有人会说，市中心（尤其是金融中心）最挤有人会说，北上广深等大城市最挤。通过一份城市日间人口数据报告，对全国多个城市进行250m250m空间格网尺度的人口密度进行比较，武汉水塔街道六角亭街道荣华街道前进街道纷纷上榜。中国挤都在哪里不是北上广却是它 你觉得，武汉最挤的地方是________?	未
武汉生活在水塔，你手里要是没有端个吃的，那你就是个外码大晚上的，看饿了！（图/@何威heweifuck）	未
武汉的C位是你的 你把毕业生当个包袱，他就会成为你的包袱。当成资源，他就是资源。当家人，他就是你的家人。我们在调研时，武汉市委组织部副部长市招才局常务副局长孙志军就城市应予青年的风度态度温度气度做了这样的解读你所在的城市又是如何留住你的呢	未
武汉的冬天，总算不那么冷的了	未
武汉的冬天，被这20家烤肉店安排得明明白白。	未
武汉的刘先生真倒霉，自己正在充电的电动车，被小偷惦记上了，小偷在拆偷电瓶时，不慎触电死亡了。结果，小偷家属要刘先生赔偿20万元，并扬言一分不能少，经当地法院调解，刘先生付出5万元精神补偿费，才把这件事做了了结。自己被偷了，是一个受害者，反而要向违法者赔5万元，这算是啥子道理 ...全文	未
武汉的千古难题！依然哭笑不得！ 微博视频	未
武汉的市井气。	未
武汉的年轻人，你今天想辞职吗	未
武汉的朋友们多休息，别玩得太累。。。	未
武汉的第一场雪要来了！还有疯狂降温冷雨7级北风，棉裤安排上了吗	未
武汉砍人嫌犯系四川宣汉人 曾被确定二级精神残疾	未
武汉破获70公斤毒品案	未
武汉硚口区公益性岗位招聘60人	未
武汉繁华地段大楼拆迁时突倒塌 附近市民四散奔逃	未
武汉网红教授：流氓有了文化，到底有多可怕！	未
武汉聋哑摄影人用镜头说话：40多年来残疾人生活巨变30年前，武汉市街头，一位普通的个体户，首次在自己的摊位上打出了免费为伤残人服务的公益公告牌1989年，坐在轮椅上的残疾人举行了武汉市首届轮椅大赛1990年的一天，一位肢残青年与一位健全姑娘结婚，结婚仪式是为市民免费修理自行车 ...全文	未
武汉聋哑摄影人用镜头说话：40多年来残疾人生活巨变30年前，武汉市街头，一位普通的个体户，首次在自己的摊位上打出了免费为伤残人服务的公益公告牌1989年，坐在轮椅上的残疾人举行了武汉市首届轮椅大赛1990年的一天，一位肢残青年与一位健全姑娘结婚，结婚仪式是为市民免费修理自行车......改革开放40年中，武汉市残疾人的生活，被一位聋哑摄影人用镜头记录了下来。武汉聋哑摄影人用镜头说话：40多年来残疾人生活巨变	未
武汉聚焦10万件衣物发往大凉山，武汉给偏远地区送去暖冬7日是二十四节气中的大雪，上午10时，由长江日报武汉晚报联合武汉市慈善总会及30多家爱心单位联合发起的2018年暖冬行动发车仪式举行，50多名志愿者公益组织爱心企业代表冒着寒风冷雨共同见证。下午5时，满载着武汉人民爱与温暖的车队朝着四川大凉山进发。	未
武汉聚焦动车上也有独立包间，可以坐还可以躺着休息11月23日，在汉举行的中国工业设计展览会上，有一个长5米的动车车厢模型吸引了不少观展者。，精致的做工独特的设计让人感叹：什么时候能坐上这样的动车，太舒适了！模型第一列是坐卧式商务车厢，与现有动车不同的是，左右靠窗都有一个小包房，中间是走道，每个人在这个独立的空间里，坐着看书看电视，还可以拉开坐椅，变成一张床躺着。另一列车厢是互错式卧铺车厢，世界首创，设计的卧铺更巧妙利用空间，二排纵向错落式分布，每人可躺在单独的房间里休息，具有独立性和私密性，有	未
武汉聚焦地铁洪山区政府站转入主体结构施工，所占二环线道路明年恢复22日，武汉地铁8号线二期工程洪山区政府站主体围护结构施工完成，该站将全面转入主体结构施工阶段。据悉，项目所占用的二环线道路预计将于明年下半年恢复，届时外界进出南湖地区将更加通畅。 地铁洪山区政府站转入主体结构施工，所占二环线道路明年恢复	未
武汉聚焦 武汉多路口设置汉字显示屏提醒您左转待驶区何时能驶进近年来，武汉不少路口都设置了左转待驶区，让左转车辆提前进入准备状态。交通大队介绍，增设这块电子显示屏有一周时间，此举确实大大提高了左转车辆的通行效率，将向全区设有左转待驶区的路口推广。 武汉多路口设置汉字显示屏提醒您左转待驶区何时能驶进	未
武汉聚焦武汉新型水警快艇巡逻护江，震慑涉水违法活动12月13日，长江武汉段江面上，两艘新型水警快艇正在沿江巡逻。武汉市公安局水上分局以服务长江大保护为核心，根据水域实际情况确定重点时段重点部位，使用新型快艇开展长江汉江水域巡逻防控，配合海事水务渔政等部门联合执法。截至目前，该分局今年侦破非法捕捞案件51起非法采矿案件30起，刑事拘留96人，有效震慑了涉水违法活动。明年，武汉水警将启动智慧水上信息化项目系统，对长江武汉流域的船只进行精准监控。	未
武汉聚焦湖北近期要建10余条铁路，其中过半是高铁，快来看经不经过你家16日，湖北省发改委官网发布的《湖北省铁路中长期发展规划》称，近期，我省一批新建的铁路项目共有10余个，包括武杭高铁黄冈至黄梅段宜昌至郑万高铁联络线沿江高铁武汉至宜昌段等均已确定。记者了解到，湖北省2018年铁路续建项目包括武汉至十堰高铁郑州至万州高铁安庆至九江高铁黔江至张家界至常德铁路蒙西至华中地区铁路煤运通道武汉新港江北铁路香炉山至黄州段天门至仙桃铁路支线潜江铁路支线汉宜铁路大福至仙桃城区支线等。 湖北	未
武汉聚焦路灯杆多杆合一 空调外机消失惠明路四个月脱胎换骨 600米长的惠明路，经过4个月综合整治，脱胎换骨，令人耳目一新。近日， 记者多次到武昌区惠明路，发现整条道路换了模样，空中电线不见了，街上的各种杆子少了，沿街建筑挂的空调消失了，原本圆柱状的路灯杆全部变成少见的方形了。 路灯杆多杆合一 空调外机消失惠明路四个月脱胎换骨	未
武汉自贸区受理首例商标注册申请 6分钟完成初审	未
武汉行（5天）攻略 其实大多数都是吃吃吃，整理了一些吃的店还有一些景点的打卡	未
武汉街头此花有毒 植物专家：勿碰勿食就没事	未
武汉被刺医生意识恢复 开口第1句话是询问病人情况	未
武汉被刺医生意识恢复，开口第一句话是询问病人情况近日，武汉一名外科医生在门诊正常坐诊期间，被一身份不明人员持刀刺伤，生命垂危。据@武汉大学中南医院 目前受伤的张医生病情持续好转，意识已恢复，可以正常进行语言交流，看到同事，第一句话是询问自己受伤前手术的病人情况。早日康复！（中国 ...全文	未
武汉被刺医生意识恢复，开口第一句话是询问病人情况近日，武汉一名外科医生在门诊正常坐诊期间，被一身份不明人员持刀刺伤，生命垂危。据@武汉大学中南医院 目前受伤的张医生病情持续好转，意识已恢复，可以正常进行语言交流，看到同事，第一句话是询问自己受伤前手术的病人情况。早日康复！（ ...全文	未
武汉被刺医生意识恢复，开口说的第一句话是询问病人情况	未
武汉被捅医生仍未醒 院方：心情沉重 不要妄加评论	未
武汉被捅医生已转到重症室：生命体征平稳 但尚未脱险据@武汉大学 消息，12月14日上午在坐诊时被犯罪嫌疑人曾某连捅数刀的张医生已转到重症室，目前生命体征尚平稳，但尚未脱险。14日，嫌疑人曾某手持刀具连捅医生张某数刀，导致医生生命垂危。曾某后跳楼身亡，案件在进一步侦办中。（央视网）	未
武汉被捅医生转到重症室：尚未脱险@武汉大学 消息，12月14日上午11时许，在武汉大学中南医院门诊部四楼，一男子突然手持刀具连捅医生数刀，行凶后跳楼身亡，该医生头颈胸部严重损伤肠道破裂腹部大血管断裂。目前该医生已转到重症室，生命体征尚平稳，但尚未脱险。暴力伤医背后到底发生了什么gtgt武汉被捅医生转到重症室：尚未脱险	未
武汉被捅医生转到重症室：尚未脱险@武汉大学 消息，12月14日上午11时许，在武汉大学中南医院门诊部四楼，一男子突然手持刀具连捅医生数刀，行凶后跳楼身亡，该医生头颈胸部严重损伤腹部大血管断裂。目前该医生已转到重症室，生命体征尚平稳，但尚未脱险。暴力伤医背后到底发生了什么gtgt武汉被捅医生转到重症室：尚未脱险	未
武汉被捅医生转到重症室 据@武汉大学 ，目前，张医生已转到重症室，生命体征尚平稳，但尚未脱险。暴力伤医，零容忍！	未
武汉被捅医生转到重症室武汉被刺医生已转到重症室：生命体征平稳 ，尚未脱险...医患关系医患矛盾是这个时代的痛点，对医生做出的任何暴力侵害行为都必须谴责没有人愿意看到这样的结果，这世界也没有天生的杀人犯...	未
武汉被捅医生转到重症室：生命体征平稳 尚未脱险昨天，在武汉大学中南医院发生的伤医事件被广泛关注。据最新消息，该事件中受伤的张医生伤情严重，手术完成后他已被转入ICU病房。目前，张医生生命体征平稳，但仍未脱离生命危险。（武汉大学）	未
武汉要下雪了	未
武汉要下雪冻遍全国的冷空气来了	未
武汉要下雪武汉下雪啦为了迎接这场雪，政府相关部门已经做好准备，为人行天桥铺设防滑垫@武汉发布  @武汉市政府应急办 @武汉城管   @长江日报  @武汉晚报  @楚天都市报 武汉	未
武汉要闻23日，市十四届人大常委会第十七次会议表决通过了修订的《武汉市禁毒条例》，专门制订条款，重点关注未成年人毒品预防教育，并处罚违规售卖特殊药品的零售企业。 武汉新修订禁毒条例，药店违规售卖特殊药品最高罚五万	未
武汉警方今年打掉涉恶团伙398个 在重点地区行业领域启动新一轮打击27日，武汉警方为纵深推进扫黑除恶专项斗争，部署全市公安机关以重点地区行业领域为突破口，迅速启动新一轮打击攻势。今年截至目前，我市公安机关共侦办涉黑案件15起恶势力犯罪集团34个，打掉涉恶团伙398个，破获九类涉恶案件903起，受到公安部湖北省公安厅肯定。汉警播报武汉警方今年打掉涉恶团伙398个 在重点地区行业领域启动新一轮打击	未
武汉警方全国首创约束戒治疗 2017年4月以来武汉在全国率先探索医疗约束性戒毒。截至今年 10月底，共有5700余名吸毒人员接受过约束戒。经对前期约束戒病人进行跟踪回访，半年以上未复吸率达到50。今年10月23日，全国社区戒毒社区康复工程会议上，推介了武汉市探索约束戒新模式。汉警播报 （通讯员冯威张斌） 武汉警方全国首创约束戒治疗 二千多名吸毒人员初步脱毒瘾	未
武汉警方建成21家网安警务室12月7日，武汉市公安局网安支队联合东新汉阳青山分局，为武汉市卓讯互动科技有限公司武汉汉阳造文化产业投资有限公司和创青谷数字文化科技产业基地的网安警务室正式挂牌网安支队负责人介绍，全市重点互联网单位网安警务室全覆盖的目标又向前推进了一步目前， ...全文	未
武汉警方建成21家网安警务室12月7日，武汉市公安局网安支队联合东新汉阳青山分局，为武汉市卓讯互动科技有限公司武汉汉阳造文化产业投资有限公司和创青谷数字文化科技产业基地的网安警务室正式挂牌。网安支队负责人介绍，全市重点互联网单位网安警务室全覆盖的目标又向前推进了一步。目前，武汉市重点互联网单位已建成网安警务室21家。（李振楠）汉警微镜头武汉警方建成21家网安警务室	未
武汉警方： 查处黄赌毒不力的派出所责任领导一律先停职再处理近日，为从严治警正风肃纪，武汉市公安局制定了《公安民警八个严禁》和《查禁黄赌毒工作三个一律问责暂行规定》。《八个严禁》纪律规定重点针对队伍中存在的对待群众冷硬横推吃拿卡要及不作为慢作为乱作为等问题而制定，确保全市公安民警依法履职秉公办事令行禁止。《三个一律问责规定》则聚焦派出所，针对查禁黄赌毒工作中存在的问题，瞄准责任民警治安副所长所长三个关键岗位，下狠手出重拳一刀疼，进一步落实查禁黄赌毒工作责任	未
武汉警方： 查处黄赌毒不力的派出所责任领导一律先停职再处理近日，为从严治警正风肃纪，武汉市公安局制定了公安民警八个严禁和查禁黄赌毒工作三个一律问责暂行规定    八个严禁纪律规定重点针对队伍中存在的对待群众冷硬横推吃拿卡要及不作为慢作为乱作 ...全文	未
武汉警方通过DNA比对助离家16年男子回家想不想我，还认不认得我见到离散16年的儿子，52岁的罗美华紧紧拉住他的手，再也不愿意松开2002年，10岁的佳佳（化名）离家出走，幸遇好心人收留，成年后辗转北京上海杭州深圳，一直靠打临工为生16年来，家人一直没有放弃寻找，父亲还在寻找 ...全文	未
武汉警方通过DNA比对助离家16年男子回家想不想我，还认不认得我见到离散16年的儿子，52岁的罗美华紧紧拉住他的手，再也不愿意松开。2002年，10岁的佳佳（化名）离家出走，幸遇好心人收留，成年后辗转北京上海杭州深圳，一直靠打临工为生。16年来，家人一直没有放弃寻找，父亲还在寻找途中突发中风丧失劳动力。11日上午，经过武汉警方和宝贝回家公益组织的努力，佳佳终于和家人团聚。汉警微镜头武汉警方通过DNA比对助离家16年男子回家	未
武汉警星登门入户，送来防火防盗防骗武器！ 12月20日，洪山区公安分局以万名警察进社区为依托，开展三送（送防盗锁送防诈术送灭火器）三收（收集意见收集线索收集情报）三拒（拒钱拒卡拒餐）活动，向居民群众送平安礼包，为居民送来防火防盗防骗武器，居民喜 ...全文	未
武汉警星登门入户，送来防火防盗防骗武器！ 12月20日，洪山区公安分局以万名警察进社区为依托，开展三送（送防盗锁送防诈术送灭火器）三收（收集意见收集线索收集情报）三拒（拒钱拒卡拒餐）活动，向居民群众送平安礼包，为居民送来防火防盗防骗武器，居民喜笑颜开，纷纷感叹：服务真贴心！汉警播报武汉警星登门入户，送来防火防盗防骗武器！	未
武汉调整轨道交通线网票价听证会举行，多数代表同意调价	未
武汉身边事一夜疯狂，武汉一大学生感染艾滋病：比起无知，更可怕的是今年3月，24岁的大学毕业生浩浩（化名）被武汉市金银潭医院确诊为感染HIV病毒。去年12月，一个阴冷的冬日，为了寻找安慰，他下载了一个交友软件，结识了一名男朋友。一次同性性行为，给他带来莫大的懊悔。怎么就一次就是中招了！浩浩后悔莫及，他把自己愚蠢行为告诉了父母。目前，浩浩正在接受治疗。via.武汉晚报	未
武汉身边事你怎么看	未
武汉身边事暴雪蓝色预警！湖北高速部分路段结冰，实行临时管制湖北高速交警发布今早07：00全省高速公路实时路况：因路面结冰，只允许7座（含）以下客车及货车（危化品车辆除外）通行的有：G50沪渝高速永安段。因路面结冰，只允许三型（含）以上货车（危化品车辆除外）通行的有：G70福银高速十堰西至漫川关段实行临时管制。省内其他高速公路通行正常。详情：暴雪蓝色预警！湖北高速部分路段结冰，实行临时管制	未
武汉身边事武汉宝马哥找到了！帮单亲妈妈出钱解围不留名宝马哥自掏腰包为剐蹭轿车的单亲妈妈王女士解围，做好事不留名的故事感动了许多网友今天，有市民透露，宝马哥姓周，今年40岁，汉阳本地人，从事工程行业周先生再三婉拒了记者当面采访的请求听说王女士想要还 ...全文	未
武汉身边事武汉惊现海市蜃楼11 月 27 日早晨，家住武昌的王女士惊讶地看到，一栋金光闪闪的大楼，出现在大雾笼罩下的汉口她怀疑这栋金黄色的大楼，就是传说中的海市蜃楼而家住武昌的袁先生，也看到了那栋金色大楼待雾散后，他发现这栋金色大楼，其实是位于汉口三阳路江边 ...全文	未
武汉身边事武汉整治牛皮癣出新招：呼你撕全覆盖 墙面穿不黏衣你擅自涂写张贴刻画宣传品广告，影响了城市市容和环境卫生，请你在接到本通知24小时内自行清除干净12月17日，3397个电话号码被武汉市城管部门行政执法语音系统（呼你撕系统）不间断呼叫，呼你撕系统严格按照执法程序设计，经照片取证内容核实，再进行自动发送语音呼叫和提醒，直至违法当事人接受处罚。	未
武汉身边事武汉的朋友，请帮助这个走失27年女孩找到回家路27年前，冯明月在汉口机场河附近的菜场被人带走，后又辗转三户人家机缘巧合下她回到武汉，记忆中：父亲高，常穿黑西装母亲瘦，有乌黑的长发但童年记忆里的老房子早已消失不见结婚后，冯明月就租住在离机场河仅4公里远的田 ...全文	未
武汉身边事武汉的朋友，请帮助这个走失27年女孩找到回家路27年前，冯明月在汉口机场河附近的菜场被人带走，后又辗转三户人家。机缘巧合下她回到武汉，记忆中：父亲高，常穿黑西装。母亲瘦，有乌黑的长发。但童年记忆里的老房子早已消失不见结婚后，冯明月就租住在离机场河仅4公里远的田园小区。她总在想，或许亲生父母离就在离自己不远的地方转发扩散！帮帮这个可怜的女孩！如果您有线索，请一定跟我们联系！幼时被人带至河南，辗转三户人家又回到武汉，漂泊27年的明月何时...	未
武汉身边事江滩芦苇已经收割，明年再见！24日，长江二桥附近汉口江滩芦苇荡里，机声隆隆。又到江滩芦苇收割季，游客要和荻花说再见了。武汉市江滩办负责人称，收割荻花除了要避开火灾，还是为了这片荻花来年能更好地生长。眼前虽无花可赏，但这道美丽的风景线终会回来，明年见！（长江日报）	未
武汉身边事法官追踪6年找到老赖	未
武汉身边事注意！武汉中心气象台拉响今年下半年首个霾黄色预警信号受北方污染传输影响，武汉今天空气质量达到重度污染。今天尽量少出门，出门记得戴防雾霾口罩。	未
武汉身边事浴池更衣处竟安放摄像头，老板：吓唬小偷从未开过60多岁的魏爹爹在武汉江夏区轻工浴池洗澡时，发现更衣室装有摄像头魏爹爹觉得此事尴尬，也担忧隐私外泄，建议拆除摄像头经调查发现，该浴池共装有四个摄像头，但服务台的电脑显示屏上，仅显示着服务台这个摄像头拍摄下的画面 ...全文	未
武汉身边事进站后想上厕所怎么办，如厕卡悄现武汉部分地铁站武汉绝大部分地铁站，厕所修在闸机外，乘客刷卡进站后如突然内急，还得刷卡出闸机，存在诸多不便。近日，有市民反映，武汉地铁站近日推出了一种车站便民服务卡，已刷卡进站的乘客如需临时出站，可向站务人员索要此卡，并在规定 ...全文	未
武汉轨道交通票价调整方案出炉 有两套方案武汉市调整轨道交通线网票价听证会21日召开，此次调整仍沿用里程计价的方式，主要对起步价起步里程和晋级里程结构进行了调整。方案一：起步价2元可乘4公里，4-12公里，1元/4公里12-24公里，1元/6公里24-40公里，1元/8公里40-50公里，1元/10公里50公里以上，1元/20公里。方案二：起步价3元可乘9公里，9-17公里，1元/4公里17-29公里，1元/6公里29-45公里，1元/8公里45-55公里，1元/10公里55公里	未
武汉轨道交通票价调整方案出炉 有两套方案武汉市调整轨道交通线网票价听证会21日召开，此次调整仍沿用里程计价的方式，主要对起步价起步里程和晋级里程结构进行了调整方案一：起步价2元可乘4公里，4-12公里，1元/4公里12-24公里，1元/6公里24-40公里，1元/8公里40-50公里，1元/10公里 ...全文	未
武汉轨道交通线网票价调整方案出炉了！	未
武汉近两天到底是雾是霾专家：主要还是雾最近两天，武汉雾霾成为市民关注焦点。从1日22时截至2日18时，武汉市相对湿度一直在90以上，下午5时甚至高达98，空气中水分含量非常大。 另根据武汉市环境监测中心消息，2日白天空气质量维持在中度污染水平，下午3时城区小时AQI指数为162，中度污染，首要污染物为PM2.5。空气质量较1日的重度污染有所好转。因此，可以说在雾和霾的双重作用之下，出现这样的天气景象。气象专家介绍：今天这种雾蒙蒙的景象，主要原因还是雾。 （长江日报）	未
武汉这个中学启动“食堂革命” 学生吃好了 垃圾减少了	未
武汉这些景区不一般，中国历史都被它们改写了！	未
武汉退休教师新疆支教7年，丈夫赶来陪她，要在吉木乃一起干到70岁	未
武汉：部分幼儿园尝试平板电脑进课堂 不少家长担心影响孩子视力	未
武汉雨雪冰冻天气来袭，这91处路段易结冰！	未
武汉首次开展冬季义务植树活动	未
武汉黄陂锦里沟	未
武清三处项目规划出炉！内容量很大，在你家附近吗	未
武清两车相撞起火，燃烧车辆中三人被困，幸好。。。	未
武清也有24小时无人超市了原来竟然是	未
武清人注意！这东西已被禁8年，致很多人受伤！	未
武清体育中心，后更名武清游泳馆。	未
武清公交561路调整运营线路	未
武清北辰再出让两地块	未
武清家门口工作！天津交警支队招辅警了	未
武清旧楼加装电梯到底难在哪专家是这么说的	未
武清男子酒后将徐官屯交通护栏推倒！结果......	未
武清的养狗人注意这些行为要开始整治了	未
武清谁认识这个骑电动车的，忍不住曝光他！	未
武清面包车注意！专项治理来了	未
武清黑恶势力颤抖吧！！！这次督导组也来了，专项严打！附举报电话	未
武直10会出口到哪呢	未
武磊：2022仅1目标打进世界杯！武磊接受了FIFA的专访，他表示：2018年世预赛的经历对我们很重要，我们在12强赛的表现，证明了我们是一支有竞争力的球队，这加强了我们的信心。至于2022年世界杯，我们只有一个目标：进入世界杯正赛！这不仅是整个团队的目标，也是每个中国球迷的目标。	未
武磊受伤缺席训练，张鹭复出国足将确定23人名单我台前方记者刘思远透露，武磊在与伊拉克队的教学比赛中受伤，缺席了昨天的训练。刘思远在节目的连线中说：张鹭在来到多哈以后一直因伤缺席训练，他今天已经恢复了。不过昨天和伊拉克的比赛中，武磊被对方球员踩伤，没有参见今天的训练。从各方消息看，武磊的伤情并不严重，他肯定不会缺席亚洲杯首场比赛。按照计划，国足将在今天或明天向亚足联递交23人名单，此前李学鹏已因伤回国，国足的最后一个落选球员将在门将中产生。	未
武磊接受FIFA专访：国足只有一个目标，打进卡塔尔世界杯	未
武磊进球，但国足防线被伊拉克人打进两球，在李学鹏伤退的背景下，防线似乎成了国足的问题，本场里皮派出了一个类似于5-3-2的阵型，三个中后卫是刘奕鸣石柯和冯潇霆。刘洋张琳芃分列左右。在里皮执教国足的时代，很少采用如此偏向防守的阵型，何况伊拉克队实力并不是太强，显然里皮想的是如何在亚 ...全文	未
武磊进球，给了对方一点压力，1比1。小样，我们控制节奏。	未
武科大两位教授发明治艾滋病新方法 可完全清除HIV	未
武穴90后小姐姐，坐公交的一次亲身经历	未
@武穴人，近期接到这个陌生电话！别着急挂！这很重要！	未
武穴司机注意了！全国统一严查时间表公布，违者或吊销驾驶证！	未
武穴女子当选湖北省妇联第十二届执委	未
武穴屋脊有个黑电台基站藏在山顶，24小时播放	未
武穴市副市长郭春桢与11家单位负责人“廉政夜谈”	未
武穴市扫黑办公开征集张中喜恶势力犯罪团伙案件线索	未
武穴影剧院广场免费发放1800只安全套这是怎么回事...	未
武穴微封面1534期：廖小应 （ 武穴街人 ）	未
武穴微封面1536期：李宥呈（ 武穴街人 ）	未
武穴某小区设置奇葩路障，影响车辆进出！	未
武穴计划补充引进到村任职大学生40人	未
武穴这个小区电梯问题频发，原因是有人在电梯内跳广场舞	未
武穴这些人被吊销驾驶证，这里面有你认识的吗	未
武穴这条主干道的绿化工程即将完工	未
武胜一水库发生女尸，警方悬赏5万元征集线索！	未
武装分子突袭政府大楼	未
武警交通兰州营区寒冬大练兵：扛方木、翻轮胎	未
武警副政委颜晓东兼任党委政法委书记，高伟接任政工部主任	未
武警安徽总队合肥支队立查立改纠治不实训风演风	未
武警官兵勇救车祸群众12月10日20时许，正从扶贫点返回部队的武警四川省总队凉山支队执勤四大队副大队长布哈，看到路边一辆农用拖拉机在路边侧翻，驾驶人员伤情严重，血流不止。布哈立即给驻地急救中心打电话，并现场检查伤情，将受伤群众送上了驻地医院进行急救。目前，因伤情严重，受伤群众已送往上级医院救治。（李结义）	未
武警官兵勇救车祸群众12月10日20时许，正从扶贫点返回部队的武警四川省总队凉山支队执勤四大队副大队长布哈，看到路边一辆农用拖拉机在路边侧翻，驾驶人员伤情严重，血流不止布哈立即给驻地急救中心打电话，并现场检查伤情，将受伤群众送上了驻地医院进行急救目前，因伤情严重，受伤群众已送往 ...全文	未
武警官兵拉练途中，遇到一位大爷骑三轮车掉入河中，紧急救援将三轮车和大爷拉上来！这就是中国军人为什么优先！为他们点赞致敬！ 微博视频	未
武警宜宾支队参加救援兴文县周家镇地震灾区救援活动初步结束12月16日12时46分，宜宾市兴文县周家镇发生5.7级地震，灾情发生后，武警宜宾支队投入110名兵力紧急抗震救灾。任务中，共协助地方党委政府安置252户受灾家庭，转移灾民884人，拆除危房26间，搬运卸载物资95吨，搭建帐篷150顶，疏通道路28 ...全文	未
武警战士3年筑起“穿沙路”：把种树锹当做开路石	未
武警新疆总队近万名新兵雪山戈壁锤炼实战本领数名暴恐分子实施破坏活动后向天山腹地逃窜，命令你部迅速将其抓捕 12月17日清晨，天未破晓，一阵急促的警报声打破了武警新疆总队新兵团的宁静，新兵们闻令而动，紧急打背包领装具快速集结随着一声令下，近万名新兵分别从乌 ...全文	未
武警某部交通第三支队：危难关头，他们总是向灾区逆行	未
武警某部组织新兵严寒条件下射击训练严冬南疆，寒风凛冽，气温-10。12月15日，驻南疆武警某部严密组织新兵实弹射击训练。通过训练，有效检验了前期新兵射击训练成果，激发了新战士练就过硬本领争做强军标兵的动力，为圆满完成新训工作打下了坚实基础。（陆文凯 王劼/摄影报道）	未
武警湖北总队女新兵野营拉练掠影	未
武警烟台支队开展新兵野营拉练	未
武警特战员的“魔鬼周”	未
武警福建总队开展第四季度魔鬼周训练	未
武警福建总队特战队员开展按图行进丛林“觅宝”训练	未
武警福建省总队开展新兵野营大拉练	未
武警西藏总队一支队严密组织极限训练	未
武警边防宣布集体退役！再见了，边防！今天上午10点公安现役部队官兵集体退出现役命令宣布大会召开武警边防与武警警卫一道集体脱军装在时间的沉淀里我们这代人将送走最后的武警边防战士对于武警边防人来说2018年注定是不平常的一年等待焦灼改变告别这些关键词裹挟着数十万军人军属而最终千言万语只化作一句再见根据改革方案除了部分转隶陆军武警内卫之外剩下的大多数集体脱军装改为人民警察编制拿到新下发的警服，五味陈杂最后再叫一次中国人民武装警察部队边防部队在69年的边防岁月中她先后经历了20余次编制体制调	未
武警部队由党中央、中央军委集中统一领导	未
武警部队跨军地改革正在按计划有序推进	未
武警鄂尔多斯支队治沙：把种树的锹当成杀敌的枪	未
武警雪豹突击队海岛上演魔鬼周极限训练冬日的珠海，海风呼啸，寒风刺骨。由武警某部雪豹突击队组织的魔鬼周极限训练在桂山岛展开。在为期一周的魔鬼周特训中，雪豹突击队紧紧扭住全员参加陌生地域昼夜连续挑战极限等指标，主要对极限体能特种射击攀岩小队战术和战备演练等6大类35个训练课目进行训练，充分利用海岛跨区陌生环境，全程贯彻实战化导向，大胆创新，突破桎梏，不断夯实特战分队能力建设。（涂敦法甘冬冬姜永盛杨桐）	未
武贵龙任北京科技大学党委书记(图/简历)	未
武进一泡沫厂突发大火！现场火势凶猛，黑烟滚滚	未
武进区抽检各类食品2143批次 50批次产品不合格	未
武进泡沫厂腾起冲天黑烟 女村民拎着灭火器跑来	未
武进消协：教育培训成维权热点 课程报名须谨慎	未
武邑交警夜查不放松，筑牢冬季道路交通安全防线！	未
武都警方利用一标三实采集工作，群众主动上交枪支	未
武都这家超市拿出60万元回馈社会！	未
武都龙坝乡一村民家中发生火灾，接下来的一幕让人......	未
武钢集团正式宣布与宝钢集团筹划战略重组	未
武陟一恶势力集团成员悉数获刑	未
武陟亲，你对林业局，房产管理中心，工商行政，卫生和计划生育委员会有什么问题要问的，来留言了	未
武陟有车的人注意，交警同志有份倡议书请您签收！！	未
武陟西陶/大封/三阳乡等人被抓，还有女的	未
武陟这家饭店里为什么坐满了环卫工人	未
武院再闻	未
武隆将建全国首个纤夫水镇 明年五一开街	未
武馆教练掌掴环卫工	未
武馆教练掌掴环卫工博武堂发布致歉信，内容如下：各位晚上好，我公司对于视频中工作人员给社会带来的极度恶劣影响表示抱歉！公司已第一时间将老奶奶送到医院检查，正等待结果馆内也已报警将此人带到公安机关调查！也请大家不要急，我们将严肃处理此事件，并承担所有后果！后期我们将陆续更新事件 ...全文	未
武馆教练掌掴环卫工博武堂发布致歉信，内容如下：各位晚上好，我公司对于视频中工作人员给社会带来的极度恶劣影响表示抱歉！公司已第一时间将老奶奶送到医院检查，正等待结果。馆内也已报警将此人带到公安机关调查！也请大家不要急，我们将严肃处理此事件，并承担所有后果！后期我们将陆续更新事件进展，给大家一个交代实在抱歉！在此向老奶奶和其家人表示最诚挚的道歉！以及给社会带来恶劣影响表示道歉！他们已经在网上发了道歉声明，并送环卫工到医院检查，同时也报警，积极解决这件事情，具体情况以警方调查为准。给一个公正处理！	未
武馆教练掌掴环卫工 拘12天便宜他了	未
武鸣一果园惊现个大家伙，还自带降落伞！	未
武鸣一老人遗物惊现两枚旧式手雷数发子弹和雷管...	未
武鸣区城厢镇：58辆巡防电动车发放村（社区） 治安巡防面扩大	未
武鸣区迁坟通告（标营一带孔镇）	未
武鸣发生多起车祸，开车上路请注意安全！	未
武鸣各乡镇未来一周计划停电通知！	未
武鸣多家店铺门被撬，监控记录了下这一幕	未
武鸣定罗路段发生车祸，一人倒地不起	未
武鸣：老人遗物惊现手雷子弹和雷管，群众主动上交公安	未
武鸣警方扫黑除恶宣传显成效 ，已有27人投案自首	未
武鸣：辞掉城里工作 哥俩返乡种地   武鸣安凤岭风电场风机吊装全部完成	未
武鸣这位妇女用众筹做了件了不起的事。	未
武鸣骑电动车的注意了， 明天起这些行为将被整治！	未
歧視不是外國商人，而是國內商人，DampG最多言語辱華，這是行動傷華。	未
歧视链的底端小镇生活社会的多样性决定了什么人都可能存在，每个人都是独立的个体，有各自的成长经历世界观学识认知性格脾气等，因此，歧视肯定存在，但未必是以种族为界线。歧视链的底端小镇生活查看图片	未
歧视链里没有赢家	未
歪思夜话 你最喜欢闻什么味道关注歪思夜话 网页链接，深夜聊点不一样。	未
歪思夜话 你知道的第一位网络歌手是谁关注歪思夜话 网页链接深夜聊点不一样。	未
歪思夜话和我们说说你最满意自己身体的哪个部分关注歪思夜话 网页链接，深夜聊点不一样。	未
歪思夜话和我们说说，哪些行为让你觉得自己得了强迫症关注歪思夜话 网页链接，深夜聊点不一样。	未
歪思夜话 如果没有限制，你想要怎么拍你的身份证照片！关注歪思夜话 网页链接，深夜聊点不一样。	未
歪思夜话 给我们看看你跟父母的聊天记录吧！关注歪思夜话 网页链接深夜聊点不一样。	未
歪思夜话 （选择题）遇到特殊天气时，你会选择用什么样的方式填饱你的肚子A. 自己在家做 B. 叫外卖 C. 出去吃 D. 干脆不吃了 关注歪思夜话 网页链接，深夜聊点不一样。	未
歪思黄历 我们就这么一说。	未
歪果仁口中的风城，大苹果，罪恶之城，光之城都是哪些城市	未
歪果仁在森林里捡到一只流浪猫，但总觉得哪里不对	未
歪果仁对熊猫有多爱 甘愿签“不平等条约”	未
歪果仁新闻大事件：今天全网最爆炸的5件事	未
歪果仁眼里的中国什么样真相要把中国公知气死了！	未
//@歪果热门视频: 原来你是这样的胖虎	未
//@歪果热门视频://@嫑搞事:	未
//@歪果热门视频: 看给孩子饿的	未
//@歪果热门视频: 练舞蹈真的太辛苦了	未
//@歪果热门视频: 老奶奶小心身体	未
//@歪果热门视频: 肚脐	未
//@歪果热门视频: 防火防盗防闺蜜	未
歪果网友分享的各种不按套路出牌的蛋同样都是蛋，你们为什么这么秀	未
歪果网友分享自己小时候做过最怪异的傻事真的勇士，敢于直面童年的沙雕	未
歪果车圈趣闻 买兰博基尼宾利迈巴赫雪佛兰萨博班，不会开车，只是喜欢在豪车里面自拍。女人为了自拍可以有多狠！Cardi B	未
歪果车圈趣闻 国外网友在街头捕捉到一幅名场面，亮漆绿的保时捷918，后面还跟着一辆磨砂绿的奔驰AMG GT R。大哥带小弟出来兜风	未
歪特内推2018年跳槽末班车小鱼易连武汉研发中心	未
歪瓜店铺被要求参加派红包活动，复制这个打开淘宝可以领红包PjeSbmlgLxv 。你们看图就知道了。。。我参加了	未
歪瓜被要求发一波红包，看评论吧	未
歪门邪道必遭天谴，不是不报，时候没到	未
歹徒冲进东莞一家银行，腰捆炸药还持枪！4名梅州学生站了出来	未
歹徒冲进银行，腰捆炸药还持枪4名蕉岭学生站了出来	未
歹徒刺杀女法官，30岁的狱警奋勇追击，却	未
歹徒劫车行进路线图	未
歹徒在绍兴便利店劫持人质，拿刀直扎女顾客大腿！警方果断开枪，现场视频曝光	未
歹徒在超市劫持人质，拿刀直扎女顾客大腿！警方果断开枪，现场视频曝光	未
歹徒意图抢劫银行，腰捆炸药还持枪4名梅州学生站了出来	未
歹徒突袭，丹巴警察蜀黍教你如何做自己的首席安全官！	未
歹徒辛苦了//@江宁婆婆:。。。起码是有正义感的热心市民。。。	未
死于25岁，葬于75岁：这是改变上百万人的短片	未
死于故乡 写给在首羡校车事故中遇难的孩子们	未
死亡28人！山东通报10月最新传染病疫情！平邑人千万当心！	未
死亡28人，山东通报最新传染病疫情，从感冒到去世仅29天，成武人千万当心！	未
死亡42人！辽宁发布最新传染病疫情！秋冬之交要特别注意	未
死亡59人！刚刚湖北公布最新传染病信息！武穴人务必当心！	未
死亡59人！刚刚湖北公布最新传染病信息！黄冈人务必当心！	未
死亡59人！湖北公布最新传染病信息！十堰人务必当心！	未
死亡59人！湖北发布最新传染病疫情！这些病千万要当心	未
死亡59人！湖北发布最新传染病疫情！这些病宜昌人千万要当心	未
死亡59人！湖北发布最新传染病疫情！这些病建始人千万要当心	未
死亡下胸 微博视频	未
死亡之舞即将得到改动：治疗量由造成物理伤害的15调整为全部类型伤害的15大家觉得新的死亡之舞会适合哪些英雄英雄联盟	未
死亡之角要人命！	未
死亡之角要人命，每个人都要注意！	未
死亡之角要人命！  细节关乎生命	未
死亡也是人生经历的一部分	未
死亡交叉	未
死亡人数己升为二十二人	未
死亡光线	未
死亡内双，请不要再这么化妆了	未
死亡回放！ 转	未
死亡因缘的三种类型	未
死亡天选荷兰队	未
死亡威胁来临时，告诉孩子如何自救！	未
死亡征兆，人死前会有几个征兆，最可怕的是	未
死亡旋转	未
死亡的声音《事故》，看到这样的结局真让人寒心	未
死亡的骆驼（最近网上真的很火）你看了么	未
死亡芭比粉//@学弟帮帮我:转需//@飞仔Joey:关注我并转发本期视频，我将从转发里抽3位宝宝，每位送上100块，周二开	未
死亡补偿金属于夫妻共同财产吗? (附分配8大要点)  劳动法行天下	未
死亡黑屏的几十秒，他居然能做这些事?	未
死侍阻截复仇者联盟了复联4刚宣布副标题为终局之战(endgame)，而域名AvengersEndgame.com已被抢注，且点进该链接，会直接转到PG-13版死侍2官网推主AGuyintChair自称拥有该域名，想跟漫威交换复联4洛杉矶首映的票，并对外媒THR澄清：ta不是瑞恩雷诺兹的马甲而据显示，这 ...全文	未
死刑！千刀万剐，不能解恨！	未
死刑大法好//@我的忍界有轮回_骑士君: 一群田园女权完全静默当做看不见的样子//@专业戳轮胎熊律师 :之前说我国强奸如何如何的呢你家十年现在不拿出来和死刑比了	未
死刑！深圳滴滴司机劫杀女乘客 案一审宣判2016年5月2日晚，潘土金在开滴滴网约车搭载教师钟某回学校时，见坐在后座的钟某是一单身女子，又住在高档住宅小区，遂对其实施抢劫，并在钟某反抗的时候将其杀害据悉，潘土金在同年4月时便已开始预谋利用滴滴载客的机会实施抢劫，还先后购买了变造车辆 ...全文	未
死刑！深圳滴滴司机劫杀女乘客 案一审宣判2016年5月2日晚，潘土金在开滴滴网约车搭载教师钟某回学校时，见坐在后座的钟某是一单身女子，又住在高档住宅小区，遂对其实施抢劫，并在钟某反抗的时候将其杀害。据悉，潘土金在同年4月时便已开始预谋利用滴滴载客的机会实施抢劫，还先后购买了变造车辆号牌的号码贴水果刀约束带口罩迷药等作案工具。目前，经深圳市中级人民法院审理，潘土金以抢劫罪被判处死刑。信息时报 记者 何小敏 深圳身边事	未
死刑犯的最后一天是如何度过的狱警无奈道出心酸！	未
死刑！立即执行！在凤凰广场抢劫杀人的遵义男子伏法	未
死后到底是什么样的两度死而复生的幸运男孩有话要说。 VICE事儿我们替你问了两度死而复生的幸运男孩十个问题	未
死后给挚友的遗嘱	未
死囚车上，他逆天改命 大唐怪奇	未
死在喜马拉雅山上，70年后尸体会变成什么样子	未
死娃子！老子不停这，停哪 这个宜宾哥子占用公交车道还骂人 （视频）	未
死守不降国会大厦的居然是1500名党卫的SS11师丹麦团和SS33师的第一志愿兵师团	未
死局，无解。	未
|"死星空间站"可行？可能需热核实验反应堆	未
死死亡防守	未
死气沉沉的一天行情，跟外面的雾霾天气一样今天没戏了，收工，看明天的吧	未
死灰复燃？这个恐怖组织将再次崛起，却是因为此国内斗！	未
死的值了，差不多16万人民币了//@老马自奋蹄://@时蝇喜箭: 厉害了 //@霜叶: 死的不冤	未
死盯死守！马驹桥开展无证餐饮单位整治回头看，关停50家！	未
死磕！为什么客户老嫌你家灯太贵	未
死神之吻：广岛原子弹事件	未
死神今天比以往来的要早一点金州勇士杜兰特	未
死神来了？巨大冰柱从天而降 正好砸中女子头部	未
死神降临的村庄，这个村子究竟发生了什么，让村民如此害怕	未
死穴在哪	未
死者为大伏惟尚飨，秦省无人渠为泰斗。	未
死者是大陸中遠海能總經理賈利賓，本月18日入境台灣，據飯店人員表示，賈昨日看起來精神狀況與情緒都不好，不料，凌晨從15樓開窗跳下，警方在現場有找到遺書，但不太了解其表達的意思，將再通知家屬及調查案發經過。	未
死者男，年龄50岁左右，短发...警方现面向社会征集线索！	未
死过人，出现过干尸体，如今这栋凶宅免费你敢住吗	未
死过人，出现过干尸，如今这栋凶宅免费你敢住吗	未
死过人的房子真的不能住吗看完大吃一惊！	未
死鬼们，赶紧约起	未
死鱼	未
歼10B和歼10C外观很像，但性能大不相同？看完这些你就知道了	未
歼-11傲视苍穹12月13日，东北大地，气温已降至零下二十多度。北部战区空军航空兵某旅利用极寒天气条件，组织全天候实战飞行训练，提高飞行员空战能力。（军网英文/王海军 摄影报道）	未
歼15：大家都闪开，我要变身	未
歼15降落在辽宁舰有啥感觉？着舰第一人这样说	未
歼15险情得救，今年飞豹再次安全返航，背后都有同一实战意义！	未
歼20为何不能飙产能？增加生产线还不够	未
歼-20为何出现在美军机场？几十年前还特意从中国买战机当靶子打	未
歼20会不会安装矢量发动机？	未
歼-20会不会安装矢量发动机？国防部这样说	未
歼-20全集	未
歼20歼10C歼16同框照发布 网友诗兴大发看图写对联	未
歼20歼10C歼16罕见同框照发布 网友诗兴大发(图)	未
歼20、歼10C、歼16罕见同框 空军喊话网友＂写对联＂	未
歼20歼10C歼16罕见同框，网友控制不住自己的才华了	未
歼20现身美军基地！ 军迷自称拍到猛料：一个全尺寸歼20模型突现美国军用机场！美军是何用意 歼20现身美军基地！	未
歼20现身美军基地据美国《飞行家》网站报道，有航空爱好者在美国佐治亚州萨凡纳-希尔顿黑德国际机场内发现了一个几乎是等比例的中国空军歼-20战机模型。从质量来看，这架歼-20应该只能用于地面展示，它既不能进行飞行，也没有办法进行任何动作。甚至在外形上也仅仅是大致准确，无法用于精确测定其性能水平。 观察者网军事评论员认为，这架歼-20战机模型很可能是该中心用于向飞行员们展示假想对手战机的外观特征而制作的地面模型，用于帮助飞行员建立有关歼-20战机外形的直观印象。歼20等比模型现身美军基地 用于	未
歼20现身美军基地据美国《飞行家》网站的最新报道，一架歼-20突然出现在了美国空军基地里。该网站12月7日报道称，有航空爱好者在美国佐治亚州萨凡纳-希尔顿黑德国际机场内发现了一个几乎是等比例的中国空军歼-20战机模型。《飞行家》网站称，这张照片是他们于12月5日收到的。拍照人要求匿名，但声称照片拍摄地点位于美国佐治亚州。照片显然是某位美国爬墙党爱好者的杰作，而拍摄者则声称自己是在一个公共停车场内拍摄的照片。《飞行家》网站将照片背景中的建筑物屋顶与其他卫星照片以及视频资料对比，认为这似乎是佐	未
歼20现身美空军基地？！	未
歼20试飞员曾遇空中发动机停车 驾机安全返航	未
歼20隐形战机究竟有没有侧视雷达？机首这2个细节透露端倪	未
歼20首架验证机将进中国航空博物馆	未
歼5发动机破冰 航发吹雪车其实应用很早的，只是很多在空军机场，公众不知道。	未
歼8为什么不用“斯贝”型涡扇发动机？用途不同，歼8有特殊任务	未
歼击机刚撞上1架运输机！特朗普又要头大了	未
歼教六，戴司令当年还在东海舰队航空兵的时候，驾驶该机型遭遇发动机空中起火的特情，成功跳伞	未
//@歼灭tym: //@-TID-:转发微博	未
//@殆知阁2://@superview://@飞蠓 ://@绿色超级稻 ://@猫头鹰快艇 : 转发微博	未
//@殆知阁2:不能//@Connor_Kong: //@宏观对冲陈凯丰Kevin:好文	未
//@殆知阁2://@轩辕黛橼橼: 这是什么法律环境，让人不得不说远离男人保平安了//@果子狸7777:很多家暴和骚扰行为的严重程度，是一次次升级，一步步加码的，这是因为犯罪者发现，原来自己做的事情不会受到惩罚，原来这个社会是站在自己这一边的！	未
//@殆知阁2: //@颖川喵腻: @京兆尹的搬砖工 //@曹操大叔:一本正经做傻事//@碎花是甜到掉牙的兔子:这个故事真的太日本了为了守规矩扔垃圾自行处理120罐为了不给户外的路人造成迷惑，所以喷在自己的室内还细心的打了孔弄完之后还要洁癖的洗个手太日本了	未
残忍！12小时给活牛注水120斤，牛流泪下跪！3招辨别注水肉	未
残忍！12小时给活牛注水120斤，牛流泪下跪！注水肉，我们吃得放心吗！	未
残忍。。//@尸姐: 不要自欺欺人//@这是一个很高冷的ID://@你的凝://@桃知了:Repost	未
[残忍]本拿比这家人 竟将捕到的浣熊活活淹死	未
残忍！河南女子溺死4岁双胞胎侄子，竟因公婆照顾俩侄子比自家孩子多	未
残忍！男子进小学找妻子时枪杀副校长 作案后迅速逃离现场	未
残忍的双头实验，现实版狗体蜈蚣！	未
残忍的是  人是会变的	未
残暴！磐石市这4人抢了老人17块5 还把人杀了！	未
《残机0：最后的开始》中文版发售日确定Spike Chunsoft宣布将于2019年3月14日推出《残机0：最后的开始》PS4繁体中文版。标准版售价360元，豪华版售价448元，除游戏本体以外，还包括游戏原声带和游戏角色的头像套组。另外，中文版免费附赠日文版付费 DLC泳装 SKIN 组合。本作于2019年1月15日开放预购，届时将享受9折优惠。	未
残疾人两项补贴信息系统全国上线运行	未
残疾人两项补贴信息系统即将全国上线运行	未
残疾人做义工回报社会	未
残疾人家庭减免收视费	未
残疾人换证开始鉴定了，12月底截止工商营业执照可全程网上办理	未
残疾人的婚姻状况，一个配字深深地刺痛了我	未
残疾人脱贫，国家有什么政策	未
残疾妈妈产下早产儿第5天 在纸上写下：我要安乐死	未
残疾妈妈生下一双儿女，丈夫嫌不能赚钱，儿女待妈妈场面令人泪目	未
残疾妈妈用剪纸铺就助残创业路 55岁的重庆人彭茂琳是一名残疾人，儿子患有血友病在与血友病作斗争的30余年里，彭茂琳成立重庆首个血友病关爱之家，病患及家属亲切称她彭妈妈为帮助病友患者和残疾朋友适应社会，她创办剪纸工作室开展培训，目前已有200余人掌握剪纸技能从公益志愿者到 ...全文	未
残疾妈妈靠摆摊养俩女儿，十年后父亲开豪车回来，大女儿把车砸了	未
残疾放牛人实为贩毒嫌犯  广西跨境贩毒团伙13人被捕	未
残疾旅客乘扶梯 徐州火车站一铁路人员全程搀扶	未
残疾男子酒后开代步车别公交车并用拐杖打昏司机，被拘10天11月26，在四川雅安市雨城区，一辆红色老年代步车突然试图别一辆正常行驶的3路公交车，并做出了多个危险驾驶动作，最后将公交逼停随后该代步车男子用自己的铁拐，将公交司机打晕车内乘客纷纷下车控制施暴者11月28日，雅安市公安局雨 ...全文	未
残疾男子酒后开代步车别公交车并用拐杖打昏司机，被拘10天11月26，在四川雅安市雨城区，一辆红色老年代步车突然试图别一辆正常行驶的3路公交车，并做出了多个危险驾驶动作，最后将公交逼停。随后该代步车男子用自己的铁拐，将公交司机打晕。车内乘客纷纷下车控制施暴者。11月28日，雅安市公安局雨城分局发布的警情通报显示，李某某右腿断腿残疾，依靠拐杖行走。当天酒后驾驶无牌红色机动三轮车时怀疑公交车妨碍其行驶，于是发生上述一幕。目前，李某某已被依法行政拘留10日并处500元罚款，驾驶员袁某无生命危险正在医院接受治	未
残疾男子酒后开代步车别公交车并用拐杖打昏司机，被拘10天11月26，在四川雅安市雨城区，一辆红色老年代步车突然试图别一辆行驶正常行驶的3路公交车，并做出了多个危险驾驶动作，最后将公交逼停随后该代步车男子用自己的铁拐，将公交司机打晕车内乘客纷纷下车控制施暴者11月28日，雅安市公安 ...全文	未
残联理事长截留使用扶贫工程专项资金！市纪委通报5起扶贫领域形式主义官僚主义典型问题	未
残血草丛回城难，五排破车真队友，辅助中单真的横，成天就会窝里斗	未
残酷的真相：你在家里的地位是随时可以被取代的，可不可怕	未
残酷的社会造就了他们畸形的生活！	未
残阳与我立黄昏，阿婆问我粥可温。	未
残障小伙黑夜漂泊流浪遇上他们才化险为夷！	未
殡仪战线的“天堂使者”	未
殡葬人手记：我们终将成为那道伤痕	未
殴打喂芥末携程托幼所8个老师虐待孩子  最终处理结果刚刚公布	未
殴打强奸拍不雅视频要挟，胁迫卖淫团伙被端今年8月，黑龙江省牡丹江市区两级公安机关多部门协同作战，历经十个月多波次侦查，先后辗转多地调查取证，成功打掉一起以吴某为首的quot胁迫卖淫quot恶势力犯罪集团，侦破涉嫌强奸非法拘禁强迫卖淫犯罪案件6起抓获犯罪嫌疑人7人。（记者 王骁）	未
殴打强奸拍不雅视频要挟，胁迫卖淫团伙被端今年8月，黑龙江省牡丹江市区两级公安机关多部门协同作战，历经十个月多波次侦查，先后辗转多地调查取证，成功打掉一起以吴某为首的quot胁迫卖淫quot恶势力犯罪集团，侦破涉嫌强奸非法拘禁强迫卖淫犯罪案件6起抓获犯罪嫌疑人7人（记者 王骁）	未
殴打，搜身，脱光上衣...凌晨2点，桂林高校附近发生可怕一幕！	未
“段子手”朱广权又来了！讲解全国“超凶”降温图	未
段子手朱广权新解“一丝不苟”号召文明养犬 手语老师：下班别走！	未
//@段子楼://@病房:人与人之间确实是靠感受的，朝夕相处的人怎么能藏住小心思	未
//@段子楼://@病房:没错	未
//@段子楼://@病房:爱不是任何人的给予	未
//@段子楼://@病房:看到烟花的时候，会想着假如有你在身边该多好	未
//@段子楼://@病房:转发微博	未
段宜恩段吧代购《Present: You》amp Me 改地址不需要改地址请勿拍下链接Owhat链接：网页链接12月19日晚七点截止，逾时不候有任何疑问，加段吧代购QQ群：791304736（已加任一代购群不用重复添加）	未
段成刚任重庆市渝北区委书记	未
段智博督查指导创文工作	未
段染线编织的花样毛衣	未
段段夜话告诉我你的第一个网名是什么今晚PK下谁的网名更非：_________评论里继续抽一个零食大礼包	未
段永基：中关村教父的浮沉	未
//@段爷阿://@小何才露尖尖jio:甜的犯规了	未
//@段爷阿:马住	未
段红放歌段氏明星演唱会 梨花颂引发大合唱	未
殷一鸣：愿往事不回头，未来岁月不将就	未
殷勇：鼓励金融机构在京设立金融科技子公司，建立内部孵化机制	未
殷昭举任广东潮州市委副书记，提名为市长候选人	未
殷松深入和平派出所调研	未
殷殷关怀润天山 切切嘱托催奋进	未
殷都区：重拳打击治理超限超载等违法行为	未
毁三观！茂名一宾馆保安竟向客人介绍卖淫	未
毁了一个家！大爷盗走两颗天鹅蛋，天鹅爸妈茶饭不思伤心欲绝12月8日，湖南长沙李子健美术馆生活着20多只黑天鹅，冬季来临，天鹅们进入了繁殖季节但一男子却翻越栏杆偷走了两颗天鹅蛋天鹅爸妈伤心欲绝，天鹅妈妈一直卧在蛋上，天鹅爸爸一直守护在旁边目前工作人员已报警@一手Video ...全文	未
毁了三个家，连累三代人//@坏吉吉：妹夫一家脑子也是有毛病吧	未
毁家纾难抗日殉国——鲁雨亭	未
毁容现场红人的诞生微博视频	未
毁掉一个品牌，只需要123...	未
毁掉孩子的第一杀手，不是打骂不是离婚，而是回家后这个动作	未
毁灭性损失！杨振宁弟子骤然辞世，曾被认为早晚拿诺贝尔奖，要把精力都贡献给中国，与华为联想美图等合作	未
毁灭自己，祸及家庭！山南派出所抓获六名瘾君子！	未
毋以善小而不为，勿以恶小而为之大爷顺手偷走天鹅蛋的行为实属不道德，两颗蛋可能对于大爷不值一提，但是对于天鹅爸妈来说，那可是它们的孩子。同时也呼吁偷盗者尽快归还。	未
毋庸置疑gt_lt//@三吼君:是的//@围观菌_AstronautWHITE:是的	未
母乳喂养超2岁半，影响肠道健康	未
母 亲	未
母亲不让爷爷上桌吃饭，父亲暴跳如雷，看见爷爷饭碗父亲愣住了	未
母亲也是第一次做母亲，对他们耐心点	未
母亲从小就像女孩一样打扮他哈哈哈哈哈哈	未
母亲八十九周岁生日随记	未
母亲八年前送女儿玻璃项链做嫁妆，如今涨到一百万！赚大发了！	未
母亲养育你们，你们就这这么报答的吗	未
母亲写给4个儿子的遗书刷爆朋友圈！谢谢你们照顾我，但我后悔生下了你们...	未
母亲写给4个儿子的遗书，很多沭阳儿女们都不敢看！	未
母亲去世后，托梦给儿子说浑身发痒，挖开坟墓得知真相，儿子呜咽	未
母亲去世这一天，儿媳在葬礼上举办了婚礼	未
母亲发现16岁儿子与25岁女老师的聊天记录，瞬间脸红！	未
母亲吃掉亲生儿子：亲子教育中上演的人吃人，也许你正在经历	未
母亲吃馒头咸菜，儿女吃菜，儿子回家看到后...	未
母亲在遗书里对4个儿子说：谢谢你们照顾我，但我后悔生下你们...	未
母亲多年前报错孩子，没想到20多年后...	未
母亲家门口倒车 将1岁大女儿撞倒碾压致死	未
母亲已下葬，会宁陈娟娟你在哪里?	未
母亲已下葬，陈娟娟你在哪里?	未
母亲很快就老去了	未
母亲患病欠下巨债，23岁立下遗嘱，因一句话让胡歌心疼，今成赢家	未
母亲患病记忆停在多年前，31岁男子每天穿校服与其视频聊天	未
母亲患病记忆停留十几年前 31岁儿子每天扮高中生让母亲安心日前，成都赵先生捡到一只手机，微信置顶聊天对话是高中生与妈妈的日常。归还手机时才发现机主王强是31岁的上班族。原来，王强母亲患阿尔茨海默氏症，记忆永远停在儿子高中时期，王强便开始扮演高中时的自己。网页链接	未
母亲患病记忆停留在十几年前，31岁儿子每天扮高中生让母亲安心日前，成都市民赵先生捡到一只没有密码的手机。为归还手机，他打开微信，发现置顶的聊天对话完全就是高中生与妈妈的日常。可直到他将手机归还时，才发现机主王强竟是一位31岁的上班族。原来，三年前，王强的母亲因患有阿尔茨海默氏症，记忆永远停在了儿子的高中时期。王强从小和母亲在达州生活，毕业后就一直在成都工作。为让在老家的母亲开心放心，王强开始扮演高中时期的自己每天早上6点半起床，晚上9点半下晚自习，10点半左右寝室熄灯睡觉，并每天准点给母亲汇报	未
母亲患病记忆停留在十几年前，成都31岁男子坚持穿高中校服三年让母亲安心日前，成都市民赵先生捡到一只没有密码的手机。为归还手机，他打开微信，发现置顶的聊天对话完全就是高中生与妈妈的日常。可直到他将手机归还时，才发现机主王强竟是一位31岁的上班族。原来，三年前，王强的母亲因 ...全文	未
母亲患病记忆永远停留在十几年前，31岁儿子每天扮高中生让母亲安心日前，成都市民赵先生捡到一只没有密码的手机为归还手机，他打开微信，发现置顶的聊天对话完全就是高中生与妈妈的日常可直到他将手机归还时，才发现机主王强竟是一位31岁的上班族原来，三年前，王强的母亲因患有阿尔茨海默 ...全文	未
母亲患病记忆永远停留在十几年前，31岁儿子每天扮高中生让母亲安心日前，成都市民赵先生捡到一只没有密码的手机。为归还手机，他打开微信，发现置顶的聊天对话完全就是高中生与妈妈的日常。可直到他将手机归还时，才发现机主王强竟是一位31岁的上班族。原来三年前，王强的母亲因患有阿尔茨海默氏症，记忆永远停在了儿子的高中时期。为让母亲开心放心，王强开始扮演高中时期的自己，每天准点给母亲汇报自己的高中生活。(成都晚报)网页链接	未
母亲患病记忆永远停留在十几年前，31岁儿子每天扮高中生让母亲安心日前，成都市民赵先生捡到一只没有密码的手机。为归还手机，他打开微信，发现置顶的聊天对话完全就是高中生与妈妈的日常。可直到他将手机归还时，才发现机主王强竟是一位31岁的上班族。原来，三年前，王强的母亲因患有阿尔茨海默氏症，记忆永远停在了儿子的高中时期。为让母亲开心放心，王强开始扮演高中时期的自己每天早上6点半起床，晚上9点半下晚自习，10点半左右寝室熄灯睡觉，并每天准点给母亲汇报自己的高中生活。(成都晚报)	未
母亲患病记忆永远停留在十几年前，31岁儿子每天扮高中生让母亲安心日前，成都市民赵先生捡到一只没有密码的手机。为归还手机，他打开微信，发现置顶的聊天对话完全就是高中生与妈妈的日常。可直到他将手机归还时，才发现机主王强竟是一位31岁的上班族。原来，三年前，王强的母亲因患有阿尔茨海默氏症，记忆永远停在了儿子的高中时期。为让母亲开心放心，王强开始扮演高中时期的自己每天早上6点半起床，晚上9点半下晚自习，10点半左右寝室熄灯睡觉，并每天准点给母亲汇报自己的高中生活。(成都晚报) 31岁男子坚持三	未
母亲患病记忆永远停留在十几年前 31岁儿子每天扮高中生让母亲安心日前，成都市民赵先生捡到一只没有密码的手机。为归还手机，他打开微信，发现置顶的聊天对话完全就是高中生与妈妈的日常。可直到他将手机归还时，才发现机主王强竟是一位31岁的上班族。原来，三年前，王强的母亲因患有阿尔茨海默氏症，记忆永远停在了儿子的高中时期。为让母亲开心放心，王强开始扮演高中时期的自己每天早上6点半起床，晚上9点半下晚自习，10点半左右寝室熄灯睡觉，并每天准点给母亲汇报自己的高中生活。（成都晚报）母亲患病记忆永远停	未
母亲患病记忆永远停留在十几年前，31岁儿子每天扮高中生让母亲安心日前，成都市民赵先生捡到一只没有密码的手机。为归还手机，他打开微信，发现置顶的聊天对话完全就是高中生与妈妈的日常。可直到他将手机归还时，才发现机主王强竟是一位31岁的上班族。原来，三年前，王强的母亲因患有阿尔茨海默氏症，记忆永远停在了儿子的高中时期。为让母亲开心放心，王强开始扮演高中时期的自己每天早上6点半起床，晚上9点半下晚自习，10点半左右寝室熄灯睡觉，并每天准点给母亲汇报自己的高中生活。(成都晚报)网页链接	未
母亲患病记忆永远停留在十几年前，31岁儿子每天扮高中生让母亲安心网页链接	未
母亲患病记忆永远停留在十几年前，31岁男子每天穿高中校服与母亲视频聊天3年前，成都王强的母亲患阿尔茨海默氏症，记忆永远停在了他的高中时期为让母亲放心，31岁的王强扮起高中的自己，早6点半起床，晚9点半下晚自习，每晚穿着高中校服和母亲视频via.成都晚报 31岁成都男子坚持三年穿高中校服，每天与母亲视频聊天，背后原因...	未
母亲患老年痴呆症记忆减退 中年男子每天穿校服与其视频聊天	未
母亲您辛苦了	未
“母亲 我回来了”	未
“母亲，我回来了！”	未
母亲找儿子借钱给妹妹凑学费，儿子只给一个旧包，打开后母亲哭了	未
母亲把我送人，我照顾养父20年获百万遗产，母亲却要我给弟弟买房	未
母亲抛弃双胞胎脑瘫女儿，如今女儿台上一番话，让人潸然泪下！	未
母亲抛弃双胞胎脑瘫女儿，如今女儿台上一番话，让人潸然泪下	未
母亲拒绝帮女儿带小孩！一位女儿的感悟，令人深思	未
母亲故意制造孩子失踪案：孩子算什么东西不过是我消遣对方的筹码	未
母亲故意抱错儿子，20多年后...	未
母亲故意抱错儿子，没想到20多年后...	未
母亲梦见阎王给姥姥延寿10年，姥姥果真多活了10年！	未
母亲死后留下一筐土鸡蛋，两儿子嫌脏不要，女儿拿走后发财了	未
母亲用自己儿子在论证一个课题《娘炮是先天的还是后养的》	未
母亲病世，女儿不能见最后一面	未
母亲病危向兄弟借1万，只给200！5年后....太解恨！	未
母亲病重危在旦夕，接回家还是继续医治义乌这对兄妹吵翻了，你怎么看	未
母亲的一生，就是这样子的。趁现在还来得及，好好爱一下我们的家人吧	未
母亲的年猪	未
母亲的梦  我的梦 中国梦	未
母亲祖籍是安徽人的我瑟瑟发抖//@Tremak:安徽人瑟瑟发抖1 查看图片	未
母亲给4个儿子写遗书: 谢谢你们照顾我， 但我后悔生下你们！	未
母亲给4个儿子的信: 谢谢你们照顾我，但我后悔生下你们	未
母亲给4个儿子的遗书	未
母亲给4个儿子的遗书：谢谢你们，但我后悔生下你们...	未
母亲给4个儿子的遗书: 谢谢你们照顾我，但我后悔生下你们	未
母亲给4个儿子的遗书：谢谢你们照顾我，但我后悔生下你们。	未
母亲给4个儿子的遗书：谢谢你们照顾我，但我后悔生下你们	未
母亲给4个儿子的遗书：谢谢你们照顾我，但我后悔生下你们...看哭南宁人！	未
母亲给4个儿子的遗书:谢谢照顾我 但我后悔生你们	未
母亲给任性啃老儿子的一封信	未
母亲给四个儿子的遗书：谢谢你们照顾我，但我后悔生下你们	未
母亲老了，这些话请不要说！	未
母亲自杀在儿子门前，看哭了所有人	未
母亲走了，把一生积蓄捐给了学生	未
母亲走后继父把我赶出家，五年后赚了大钱我回家，看到继父我落泪	未
母亲赶200公里为白血病儿子配型，曾盼海南团聚，一颗椰子糖存两年	未
《母亲送养儿子34年后求助遭拒：他年薪55万 网友吵翻了天》浙江绍兴有位王女士，生有三个儿子，因为小儿子属于超生，所以小时候一岁就被抱走送养。如今，王女士的老伴因病去世，两个儿子又生意失败，她生活拮据便想联系小儿子小张，小张今年35岁，现在年薪55万。想要让他孝敬自己，但对方一直不接电话。戳图 母亲送养儿子34年后求助遭拒：他年薪55万 网友吵翻了天	未
母亲送掉超生儿子 现今患病求助：他年薪55万元	未
母亲送走超生儿子34年后 患病求助遭拒:他年薪55万	未
母亲遭遇车祸生命垂危，急需肾移植，儿子知道后拒绝捐赠。	未
母亲/高建瓴	未
母亲鼓励少年携自制降落伞跳楼  现场目睹其身亡近日，乌克兰一名15岁的少年自制降落伞，从14层楼高的屋顶跳下，过程中降落伞没有打开，少年当场死亡。当时，他的母亲和其他许多成年人都在场，他们手持录像设备，鼓励少年往下跳。不幸的是，他的伞包并未顺利打开，导致他背部着地硬生生砸向地面，当 ...全文	未
母女三人凭借一组照片爆红ins，网友直呼：又来骗我们生女儿	未
母女不走斑马线，女司机按喇叭提醒，被扇十几个耳光！但今天，在温州斑马线上却是	未
母女不走斑马线暴打司机 扇对方十几个耳光近日，杭州的周女士行驶中见一对母女横穿马路，便按喇叭提醒，结果母女对她破口大骂周女士回了句明明是你们的错，更是遭对方踹车。见周女士报警母女中两人轮流连扇她十几个巴掌，现场目前母女二人已被警方拘留母女不走斑马线 司机按喇叭后被扇十余耳光	未
母女不走斑马线殴打女司机：不管是不是斑马线，汽车就得让行人上月，杭州的周女士行驶中见一对母女没走斑马线横穿马路，便按喇叭提醒，结果母女俩恼羞成怒，先是骂人踹车，后见周女士报警，便把她压在引擎盖上，轮流扇她巴掌...被抓后，母女俩称，她们觉得，不管是不是斑马线，汽车就应该让行人的，所以听到周女士按喇叭就很生气。最终，母女二人分别受到行政拘留5日和10日的处罚。（都市快报）一对母女不走斑马线，女司机按喇叭提醒，竟被扇十几个耳光！打人...	未
母女俩爱上同一个老男人，现场变情敌引发激烈争吵	未
母女回老家奔丧惨遭杀害 警方悬赏20万缉凶11月2日，是福建漳州市华安县仙都镇市后村詹蓉的奶奶去世后的头七，整夜大雨。 当天凌晨，詹蓉和5岁的女儿欣欣被发现在家中遇害。詹蓉和女儿欣欣遇害处，位于家中三楼的卧室，由于案发当天下了一整夜雨，所以家人和邻居都未听见异响。被害人家中还被盗LV男式手包一个三把豪华品牌汽车钥匙遥控器。据了解，遇害者一家心地善良，常年捐款助他人。目前，警方公布了两段可疑录像，并将悬赏金额提高至20万。（红星新闻）母女回老家奔丧惨遭杀害 警方悬赏20万缉凶	未
母女回老家奔丧惨遭杀害 警方悬赏20万缉凶11月2日，是福建漳州市华安县仙都镇市后村詹蓉的奶奶去世后的头七，整夜大雨 当天凌晨，詹蓉和5岁的女儿欣欣被发现在家中遇害詹蓉和女儿欣欣遇害处，位于家中三楼的卧室，由于案发当天下了一整夜雨，所以家人和邻居都未听见异响被害人家中还被盗 ...全文	未
母女回老家奔丧惨遭杀害 警方悬赏20万缉凶11月2日，是福建漳州市华安县仙都镇市后村詹蓉的奶奶去世后的头七，整夜大雨。 当天凌晨，詹蓉和5岁的女儿欣欣被发现在家中遇害。詹蓉和女儿欣欣遇害处，位于家中三楼的卧室，由于案发当天下了一整夜雨，所以家人和邻居都未听见异响。被害人家中还被盗 ...全文	未
母女坠下4米深井 妈妈当肉垫护住2岁女儿	未
母女奔丧夜惨遭杀害 20万悬赏缉凶	未
母女空姐同飞一趟航班 女儿给妈妈捏肩(图)	未
母女被残忍杀害回家奔丧 母女被害小瑾今年29岁，女儿5岁，常年住厦门。这次是因小瑾的奶奶过世，母女回老家奔丧。奶奶头七当天凌晨，小瑾和女儿被发现死于家中。据媒体公开报道，案发现场是一栋三层民宅，紧邻的一栋三层民宅正在装修中，窗户尚未安装好，这两栋楼均围着警戒线。	未
母婴V时代 生活的模样 妈妈一走开宝宝就哭，分离焦虑应如何对付分离时要迅速坚定不拖拉！很多时候孩子本身并没有那么焦虑，反倒是感受到家长的焦虑后，孩子变得焦虑哭闹！	未
母婴v时代生活的模样 昨天灰灰学校的冬日市集，爸妈们的负责布置摆盘甚至雕刻样样拿的出手，更有西班牙空运回来的火腿，孩子们每人发一笔钱，各种买买买，钱花完了还可以做任务赚钱接着花，悟出了一丢丢经商之道。	未
母婴v时代 生活的模样 睡前不要对孩子做这几件事，会影响他睡眠睡之前给孩子压力：很多家长白天忙于工作无暇顾及孩子，晚上回家看到孩子哪里做的不好可能就会对孩子生气，责骂孩子。家长们有中招吗	未
母婴v时代 生活的模样 米粉怎么选择和冲调你想知道的都在这里经常有妈妈在后台留言，不知道第一次喂米粉的方法，比如不知道多少量合适，不知如何冲调什么样的米粉适合宝宝。	未
母婴v时代 铁铁原创育儿 当你在未雨绸缪，为孩子选择什么样的学校而发愁的时候，有人已经给孩子铺好道路了。在传统应试教育下，可以走关系，去上地方初高中名校。当年想孩子将来的人生，从事什么职业，是否出国的时候，有人已经给孩子囤了几个店铺来谋生。我们的孩子成绩优异，综合素质发展，选择权在于孩子，更希望孩子能展翅高飞。关于学校的选择：1，要么是传统学校，上重点，随大流，然后应试2，要么是国际学校，国内外都行，小小年纪，家长陪伴在外国读书身边有好几个这样的案列，对于我们来说，前路迷茫，也想走国际，然后	未
母婴关注 3岁男童不幸离世 父母挥泪捐儿子器官延续4人生命与其化作一堆灰，不如让他的生命在其他人身上得以延续，替我儿子看看这个还未来得及看的世界詹纬一的母亲唐华，泣不成声3岁男童不幸离世 父母挥泪捐儿子器官延续4人生命	未
母婴关注 3岁男童不幸离世 父母挥泪捐儿子器官延续4人生命与其化作一堆灰，不如让他的生命在其他人身上得以延续，替我儿子看看这个还未来得及看的世界。詹纬一的母亲唐华，泣不成声。网页链接	未
母婴关注8岁女童上舞蹈课后截瘫 老师：无法解释拒提供监控半个月前，8岁的晗晗是舞蹈室中自由展现舞姿的精灵半个月后，被诊断为截瘫的她只能躺在医院病床上而一切的伊始，仅仅是舞蹈练习中的一个侧手翻因不正确练舞蹈导致重伤甚至瘫痪的儿童，其实并不鲜见8岁女童上舞蹈课后截瘫	未
母婴关注妈妈让4岁男孩在公交垃圾桶里尿尿11月25日，有网友爆料称，在长沙乘坐7路公交车时，一位妈妈带着孩子在公交车垃圾桶里尿尿此事引起网友热议有网友认为，孩子还小，憋不住尿很正常，尿在垃圾桶里已经算很有素质了也有网友认为，在公共场合便溺不文明你怎看妈妈让4岁男孩在公交垃圾桶里尿尿 网友：可耻	未
母婴关注姐姐亲了一下满月弟弟 小弟呼吸变困难心脏骤停汉阳的毛毛出生一个月，是家中的二宝6岁的姐姐十分喜爱他，每天都要抱抱亲亲一周前，姐姐出现轻微感冒症状，家人也没怎么在意随后，毛毛便出现阵发性咳嗽在家自行用药后，病情没出现好转，病情危重被送至医院姐姐亲了一下满月弟弟	未
母婴关注 建昌二小门前 市民自发点3600支蜡烛悼念遇害学生11月23日，东北小城辽宁建昌迎来入冬来的第一场雪一天前，一场悲剧打破了这个小城的平静只因夫妻矛盾和个人性格，一男子驾驶奥迪轿车冲撞人群据官方通报，截至目前已造成5名未成年人死亡19人受伤，其中重伤3人23日晚，当地 ...全文	未
母婴关注新京报评女德班：岂能让女德班荼毒00后最近，有媒体曝光温州某单位举办亲子夏令营活动，在课堂上老师教女学生做各种家务，还说男人就是天，女人就是地将来无论丈夫说什么，作为妻子都只能回答是好马上很难想象，2018年了，女德班还可以荼毒00后新京报评女德班	未
母婴关注无痛分娩为什么现在才开始全国推广在国外普遍应用的无痛分娩，要在全国推广了！近日国家卫健委发布通知，在全国范围内遴选一定数量的医院开展试点无痛分娩，并于明年1月公布试点医院名单。关于无痛分娩你了解多少无痛分娩为什么现在才开始全国推广gtgt无痛分娩为什么到现在才推广?	未
母婴关注男孩冒严寒赤膊跑步 这种磨砺该支持吗近日，北京奥体公园，当天气温低至零下10度，公园一隅，15名小学生头顶印有男子汉字样的黑色发带，在5名教育机构老师的率领下，赤膊冲向一公里外的终点线该组照片引发网友热议：你认为这种形式的磨砺该支持吗男孩冒严寒赤膊跑步 这种磨砺该支持吗	未
母婴关注贫困县小学将喝剩牛奶倒水沟 学校：防止变质误食近日，一段湖南贫困县学生把营养餐牛奶倒水沟的视频引发关注。18日，当事隆回县罗洪中心小学负责人表示，学生倒掉的牛奶是已打开过包装，喝不完的剩余牛奶，出于对学生身体健康考虑，不建议把营养餐带回家食用。贫困县小学将喝剩牛奶倒水沟	未
母婴关注辽宁冲撞学生案：一名男童凌晨死亡 死亡数升至6人近日，葫芦岛建昌县第二小学门前一男子驾车冲撞学生，造成5名未成年人死亡，19人受伤，其中重伤3人一8岁男童为特重型颅脑损伤，27日凌晨，孩子经抢救无效死亡截止到目前，该事件造成6名未成年人死亡，18人受伤辽宁冲撞学生:一男童凌晨死亡	未
母婴周刊：90岁米奇版权将过期 宝宝树低价上市	未
母婴周刊：90岁米奇版权将过期 宝宝树低价上市试点无痛分娩并逐步全国推广90岁米奇版权将过期，迪士尼或失摇钱树宝宝树香港IPO定价低，阿里巴巴遭遇投资折价超过1/3家庭有托育需求这周的母婴圈依然精彩纷呈，一起来看看这周的大事小事，跟上行业的步伐吧！母婴周刊：90岁米奇版权将过期 宝宝树低价上市	未
母婴周刊：贝拉米深耕中国市场 携程亲子园虐童案宣判	未
母婴室入驻郑州公交场站 带娃出门不再尴尬	未
母婴店店员：我卖的这些东西，从不给我家娃用	未
母婴店：店多大进多少货备多少货	未
母婴日报丨国家抽查国产婴配粉再次全部合格国家卫健委回应基因编辑婴儿：零容忍叽里呱啦注册激活用户已达2000万	未
母婴海淘水太深，宝妈们到底要怎么做才能避雷不被坑	未
母婴社区第一股宝宝树集团午后转跌逾1%	未
母婴 育儿 昨晚整理收纳抽屉，翻出了妹妹的防疫本，看了一下，本月不需要接种疫苗，下次接种疫苗的时间是1.5-2周岁的时候，需要接种甲肝疫苗，加强接种乙脑疫苗和百日破疫苗。顺便看了一下妹妹每次体检的记录，虽然说身高和同龄的小朋友相比是要稍微矮点，但是也在参考值之内。这小妞最近Get了个新技能，站着时，可以弯下腰去捡东西啦！	未
母婴自媒体大赏母婴 育儿 最近一段时间接下图这个小子放学时，他都会飞跑地来到我的身边，然后给我一个热情的拥抱，哇，实在是热情啊！然后再来一句，妈妈，你爱我吗当然爱啊！妈妈，我爱你，一连几天都是这样。咦，这是怎么回事，知道他是一个心思细腻的孩子，可是最近对我的爱也表达得太热情了吧。后来我问他，我发现你最近很喜欢拥抱妈妈，为什么啊因为我听到学校广播里的一首歌说，当你老了，头发白了，当你老了，走不动了。忽然间我就很想你，我希望妈妈一直和我在一起！哎哎哎，听他这样一说，老母亲我的眼角竟然不知不觉湿润了！	未
母婴自媒体大赏 母婴 育儿 泥巴，石块，是上天赋予孩子的一种怎么都玩不坏，到处都是，取之不尽，用之不竭的百变玩具，我想，大部分父母的童年时光都玩过，反正我是玩过的，那种乐趣，至今记忆犹新。而今当小朋友想玩泥巴石块的时候，部分父母们会认为泥巴是脏东西，弄脏了小手，弄脏了衣服，从而拒绝让小朋友去接触泥巴石块，总是要求子干干净净的。其实只要在孩子结束以后及时帮他们洗澡洗手，清理干净，完全是没有问题的，这些理由真的不能和孩子的快乐相提并论。再就是万物靠泥土孕育，人类在泥土上繁衍，说泥土是我们的衣食父母，一点	未
母婴连锁爱婴室拟收购重庆泰诚控股权	未
母子一氧化碳中毒危急绥德清涧两地交警接力送医	未
母子二人一氧化碳中毒情况危急，绥德清涧两地交警接力送医！	未
母子双双神秘失踪，凶手居然是他！	未
母子在车库遭大狗追赶躲进电梯 被堵门疯狂扑咬(现场)_腾讯网	未
母子离别30年 民警助团圆	未
母子走失 西站铁警相助母子团聚安全返乡	未
母子遭遇车祸 322省道泾川驾校路段上演暖心一幕 好心人及时撑伞救助	未
母子遭遇飞来横祸受伤 爱心志愿者协会及时伸援手	未
母校去哪儿了？——聚焦那些消失的学校	未
母爱 22:09中国女红3	未
母爱如山！为救儿子一命，72岁的她做出这样的选择	未
母猴申冤（民间故事）	未
母老鼠怀疑她丈夫有外遇。一天，她便悄悄地跟随其后。突然，丈夫一头闯进灌木丛中，不久出来一刺猬。母老鼠一把揪住刺猬：还说没外遇，说！打这么多摩丝去勾引谁	未
母职凭什么理所应当仿佛通过将母亲塑造为一份神圣而伟大的天职，就可以掩盖和抹杀附着在母职背后的体力与情感劳动，以及这种日复一日的劳动为女性带来的损耗，仿佛女性天生就要成为母亲，并且在此期间放弃自己的其他社会角色。而这些劳动，往往被划归为不计报酬的家务劳动。母职凭什么理所应当	未
母胎单身的相关思考	未
母 鸡	未
母鸡家磨毛四件套冬被，暖冬一套走起 微博正文	未
母鸡生蛋	未
母鸡生蛋 微博视频	未
母鸡的压力得有多大啊	未
母鹅为了保护鹅蛋一动不动挺过了火灾！国外一农场意外失火，当农场主人查看失火情况时发现母鹅坐在地上，一动不动，保护着身下的鹅蛋，母鹅羽毛都已经烧焦，为了自己的孩子却宁愿葬身火海。幸运的是经过治疗母鹅恢复了健康。世界上最伟大的永远是母爱，为孩子付出生命也在所不惜。	未
每5个到菲律宾的游客中就有1个是中国人	未
每一个人，每一分情都是需要经营的。父母，爱人，亲戚，朋友不要因为很亲密，就觉得没关系。不在意的结果可能会慢慢失去你以为的永远。如果仅仅是性格使然也罢，如果真的是没有一颗能爱人的心就无可救药了。	未
每一个善意都不应该被辜负
每一个学生都不能放弃	未
每一个家庭都有其对于家庭各项开支达成共识的使用方式，而这个使用方式在你的家庭中已经被创造出来了，规则已经创立且协议已经签订了。	未
每一个成功人士背后都有....1987年，刚刚初中毕业的丁世忠（安踏创始人）决定辍学，他想到北京闯荡一番。毫无疑问，这个想法遭到了全家人的反对：家里生意刚有起色，你留下来帮忙就好，干嘛还要跑那么远去北京?丁世忠不甘心，年仅17岁的他，已经有了一番与众不同的胆识，他对父亲说：现在每天都有不少人来买东西，几乎什么东西都能卖出去，但我们不能总等着客人上门，必须自己主动去销售丁父被丁世忠的话打动，他资助了儿子1万元和600双鞋。	未
每一个看维密的人，都是冲着____去的。	未
每一个秃头女孩的痛，从来没人能明白	未
每一个胖子，都可以变身成人体取款机	未
每一个阶段，都会有不少人问我会不会担心哪天就不红了啊开始我不知道怎么回答才好，但静下来想一想10年之前和10年之后的自己红不红，青春都是我自己的，既然当初来北京做时尚，做造型师，那当然是红过和红得久，更值得被记住总比岁月步步紧逼后，最后什么颜色都没留下好 ...全文	未
每一副仿佛都在讲一个故事	未
每一句话都是插在我心上的刀，是在骂本猪猪女孩没错了！	未
每一句都表示深有同感@烛心少女	未
每一句都说到了心坎上	未
每一只船总要有个码头，每一只雀儿得有个巢。	未
每一块巧克力背后，都沾染着非洲几百万童奴的鲜血......	未
每一天，每一天，一睁眼全是重雾霾。心情巨差。这次，据说全国都基本沦陷了私信和评论每天都有无数人在问新风，其实咱不是十几天前刚刚做完活动么，只是看来这不断恶化的天气把我们原本觉得可以撑一撑的幻想都打破了。	未
每一家香港的奶茶店，都有一些让人肃然起敬的理由	未
每一帧都在烧钱，我愿意被它霸屏10年	未
每一幕都流露出深深的无力感	未
每一年，防空警报都要凄厉响起12月13日国家公祭日前夕，让我们来到地铁站里的留言墙，祈祷自由与和平P.S.留言墙设在新街口鸡鸣寺云锦路南京南站和岗子村地铁站内	未
每一张都好好看收图去	未
每一张都很想要 原 po坪伦收.图	未
每一样都很想要了	未
每一次上微博都会确认 热点 们都还有谁 .想要送小礼物给你们.所以左思右想大家可以选一张你们喜欢的我的照片寄给我 如果有什么想对我说的也可以写信哦 然后我会在照片上签名按照你们的地址寄回给你们哦 公司还会挑一到三位小盆友送公司的小礼物 寄信地址：上海市黄浦区黄陂南路751号1号楼502英模文化有限公司 时限呢 从这周三到下周三 这一周的时间等你们来信哦 下周三开始回寄给你们哦 muah热撩撩等你们呢女神养成记颜值V风尚 @esee英模	未
每一次告别的时候都请用力一点	未
每一次！每次他都要走上边，还要我扶着！别人家不都是女孩走上面吗 微博视频	未
每一款都想要	未
每一步发展都印刻在西藏人心里	未
“每一步都烙刻着改革印记”  	未
每一段路	未
每一点关爱像是一缕和煦的阳光，让艾滋病患儿的阴霾被阳光取代，和@张墨锡 一起121一起爱，给予他们更多关爱与帮助	未
每一轮经济危机之后，都会有新的巨无霸出现，新的机会萌芽！你认为，未来5年的机会在哪从知乎裁员300人，到罗永浩卸任锤子法人，寒冬后的嫩芽在哪	未
每个不想上班的人，都有一个开奶茶店的梦 。	未
每个不想上班的人，都有一个开奶茶店的梦。	未
每个不曾滑雪的冬季 都是对生活的辜负
每个不被理解的强迫症，都最需要安全感	未
每个不让养宠物的爸妈，都会经历一场大型真香现场。	未
每个交通参与者都需要看懂，这些交通标示你都清楚吗	未
每个人周一的时候都会特别困吗还是只有我这么困的	未
每个人在自己的时区有自己的步程。	未
每个人头顶都有光，邪淫的人头顶是什么光	未
每个人小时候都有害怕的东西，都来说说你最害怕什么	未
每个人心中，都有一方小楼，可梦可栖。	未
每个人心中都有一条回不去的腐败街	未
每个人心中，都有一种古镇情怀，流水江南，烟笼人家。	未
每个人心里都有一片海。	未
每个人是每个人的生活	未
每个人最怕自己给出去的是心，别人还回来的却是刀子。友情也好，爱情亦然。	未
每个人每年五万美金的额度够不够用我们家是够用的，儿子美国留学期间，我和老婆二个人的额度就够用了，也不耽误出国旅行，大多数人的额度是烂掉的，根本用不上，如果大户不够用，找几个烂掉的顶一下也可以。那些要转移财产的，当然困难，不方便，但是，你想想，干嘛要给转移财产的人提供便利呢	未
每个人的一生，都有一些。。。	未
每个人的心里都有一团火，路过的人只看到烟。	未
每个人看到都进去补一波//@粗额咔:dbq来了不要让圆圆辛辛苦苦白忙活一场	未
每个人要到达的地方不一样，所以我们不需要跟别人去比。	未
每个人要到达的地方不一样，所以我们不需要跟别人去比	未
每个人说一个你的家乡特产，评论猜猜你是哪里的	未
每个人说一种你们那的特产，不许提到地名，让大家来猜猜我的家乡是哪里_________	未
每个人身上都有三个不定时炸弹！为了自己和家人，赶紧看！	未
每个人身边都需要一个，出去玩当借口的人，家长听了肯定放心的人。	未
每个人都会以自己的利益最大化来指导自己的行为，当你委托别人为你做一件事的时候，如果他的利益与你的不一致，那就别指望能如你所愿这种现象在经济学上被称为激励不相容，是威廉维克里和詹姆斯米尔利斯（张维迎的博士导师）共同提出的，二人因此获得了 1996 年度的诺贝尔经济学奖 ...全文	未
每个人都会老的，看看下面的话	未
每个人都可以是改革“弄潮儿”(人民论坛)	未
每个人都可以有自己的看法和观点，不认同我的观点，你可以在我微博评论里用论证来证明我是错的，我也非常尊重每一位用论证来否定我的的网友，但是一上来就发私信骂人的傻逼，不好意思，你已进去我的黑名单。	未
每个人都应该是一个独立的灵魂。相互依赖在于心，相互信任在于情，在一起就要接受彼此。朝朝暮暮谁都想，但真的让你们每天大眼瞪小眼，就算没有经济压力，也有美颜压力啊。所以长久的情感一定是相敬如宾，不要被偶像剧洗脑。我奋斗也是为了家人更好，我老婆真不生气//@anita1228_:你老婆不生气啊	未
每个人都是从第一次开始就有第二次	未
每个人都是城市的建设者：他们的身份默默无闻，他们的故事掷地有声	未
每个人都有个爱吹牛的老爸，但是他爱你丨日签	未
每个人都有孤独的时候。要学会忍受孤独，这样才会成熟起来。年轻人到了一个陌生环境，面对形形色色的人和事，一下子不知所措，有时连倾心说话的地方也没有。这时，千万别浮躁，学会静心，学会忍受孤独。在孤独中思考，在思考中成熟，在成熟中升华。不要因为寂寞乱了方寸，去做无聊的事，白白浪费时间。	未
每个人都有自己喜爱的生活方式。慢节奏的，快节奏的。人总是很贪心个个都想尝试一下，结果一开始，就迷失在半路上了。爱情也许真的是可以让一个人去看清自己的本质，一个人太孤立，两个的生活才是体现一个人是否优秀，因为相处之道才是做人的最高追求。 情感依梦	未
每个人都有自己应对挑战的方法，我的方法是不应对	未
每个人都有自己的一束光请接收一份不早的早安吧	未
每个人都有自己的一片森林 微博视频	未
每个人都有自己的嘴，每个人都有自己的路。自己的路自己走，别人的嘴是别人的，别人的嘴话再多不如自己的路的一步。 情感	未
每个人都有自己的时区	未
每个人都有自己能承受的阈值吧，病房护士用不着看手术室那些红红绿绿。	未
每个人都要对自己的身体生命负责，因为这世界上还有你爱的人，爱你的人，所以活着健康的时候自己给自己买一份保险，这就是你自己应该要负责责任。而且越是穷的人才越是需要买保险。就是因为穷，所以你才承担不了任何风险，所以穷人才更需要保险！ 我不是卖保险的，我只是一个被保险照顾过的窮人。	未
每个人都要提高警惕！这不是危言耸听，间谍可能就在你身边！//@成都共青团:每个人都要提高警惕！这不是危言耸听，间谍可能就在你身边！	未
每个人都要知道的地震逃生知识！	未
每个人都该看一看，什么是尊重	未
每个企业都是华为所有应届生都能达到华为的标准做什么梦呢//@红色野麻花: 华为批发价14k，海康中控华三这些基本也12k也不是很过分吧	未
每个分手的人都因这首歌泪流满面	未
每个周五的我每个周五的我，真的需要好好休息一下！	未
每个周末睡的觉比工作日加起来还多	未
每个周末都会被对面楼反复播放的口哨歌吵醒，这歌还不是完整的，就反反复复来来去去的一段在重复播放。我其实一直在怀疑是对面那家养了两只腮红鸡的家播放的，目的估计是让它们学会哼歌，可是我都听了好几周了，他们家的蠢鸟只会跟远方不知道哪家的鸟对唱，根本学不会，再这样播下去鸟不会唱周围所有人都会唱了！腮红鸡的智商是有限的好吗！！能不能放弃啊实在是太吵了	未
每个在火车南站换乘的人都应该有30分钟的迟到权	未
每个女孩心中都有一个属于自己的杂货铺 。	未
每个女孩都做过的芭蕾梦photo by . Henry Leutwyler	未
每个女孩都是下凡来渡劫的	未
每个女生都会遇到的尴尬时刻，看国外美女如何一分钟解决！	未
每个季度一定会有想扔掉的衣服	未
每个导游都想告诉游客的九件事！疯传旅游界！	未
每个小区总有不自觉的狗主败坏了其他有素质狗主的努力这条狗往孩子身上扑，我说你得拴绳，直接回我家狗不咬人，你能跟畜生一般见识吗我直接怒了，报警，警察来调解，物业经理后续我还得说道一下，一年前我就给物业提议倡导遛狗拴绳，别出事，物业也宣传了，就是有个别不自觉的这种事还是立法 ...全文	未
每个小区都有很多路灯，那这些电费到底是谁出可算知道了！	未
每个小胸都想转//@牛蛙饭:我们松松是硬质奶糖，甜甜不发腻。让人忍不住一口一口舔舐吞下。	未
每个成年人都不容易。	未
每个拿到驾照的人，都有一段催人泪下的悲惨时光。	未
每个新员工都会发的微博（这个是我工作量大 增招的小助理） 查看图片	未
每个早产儿家庭都不应该是一座孤岛	未
每个月换一个新对象，男女通吃！高手，这是高手	未
每个月有30天不想早起	未
每个月的工资都是怎么扣钱的啊	未
每个滕州人都应该知道的，滕州地名来源之谜！	未
每个百毒不侵的人，都曾经无药可救过。	未
每个百毒不侵的人，都曾经无药可救过。 Every one who was not invade by hundred poison ， once hopeless.	未
每个礼拜天早上都10点准时蹲在商场门口等开门，然后伺候菲总买	未
每个礼拜日能在九点前从被窝爬起来的都是我心里的狠人。你今天是几点爬起来的	未
每个胖子都是潜力股 长得美但是胖 ，是因为在这个看脸的社会，不放大了浪费 。	未
每个脱发青年，都为这3件事拼过命！	未
每个行业都有自己的幕后规则，采购也不例外	未
每个转下吧	未
每个都很戳心	未
每个都想要	未
每五人就有一人中招，在英国到底该如何避免信用卡被盗刷	未
每人3分钱救助5岁患病女童，评论区太暖了	未
每人多少钱	未
每人悬赏5000元普宁市公安局悬赏这33名负案在逃人员！	未
每人报销的燃油费都是一致的文昌市委巡察组发现了这个秘密	未
每人每年4000元！国家要给临汾这些人发补贴了！快看有你吗	未
每人每年4000元！国家要给这些人发补贴了！	未
每人每年4000元！国家要给这些人发补贴了！习水人速看有你没	未
每人每年4000元！国家要给这些人发补贴了！快看有你吗	未
每人每年4000元！国家要给这些人发补贴了！欢欢看看有你吗	未
每人每年4000元！国家要给这些人发补贴了！浑源人快看有你吗	未
每人每年4000元！国家要给这些人发补贴了！看看有你吗	未
每人每年4000元！国家要给这些人发补贴了！贵州人速看有你没	未
每人每年4000元！国家要给这些人发补贴了！遵义人看有你没	未
每代人在20岁出头，都有过被害妄想症	未
每代人在20岁出头，都有过被害妄想症吗	未
每份杂志平均被四位读者传阅，看来官方的宣传还是有依据的哈	未
每体：AC米兰有意冬窗租借丹尼斯苏亚雷斯	未
每体又来TOP SECRET1乌姆蒂蒂通过在卡塔尔的治疗，情况已经有所好转，但左膝依然有些不舒服2他将于30号归队，继续保守治疗3经过检查，巴萨认为他依然有需要做手术的风险4俱乐部与他达成协议，如果一月情况没有好转，就需要做手术	未
每体：周四穆里略将出现在诺坎普球场上，球员将签署合同并有一个新闻发布会。	未
每体封面：德容接受了巴萨给出的条件，同意签下长约，接下来需要与阿贾克斯进行谈判，对方标价7500万欧元。	未
每体封面报价克里斯腾森巴萨正在准备乌姆蒂蒂的替代人选，已经开始了和切尔西的谈判，俱乐部层面还没有达成任何协议，但球员本人愿意来诺坎普	未
每体：巴萨一线队目前还剩下3个名额，因此不排除冬窗有新援到来的可能性	未
每体支招：巴萨为什么不考虑一下卢卡斯	未
每体：波尔多后卫巴勃罗卡斯特罗 (pablo castro) 是乌姆蒂蒂疗伤期的一个选择，27岁的巴西国脚	未
每出一款新的球衣，热火就开始卖卖卖肾都没了	未
每到下午，办公室里此起彼伏的声音：我点个炸鸡吧！我点个掌中宝吧！我点个奶茶吧！我昨天买的巧克力到了吧！我我去给减肥茶加点水吧。这是什么残酷的办公环境。今天我也想辞职	未
每到下午就犯困，每到下班就清醒，同志们有没有相同体会的	未
每到冬天床以外的地方都是远方手够不到的地方都是他乡上个厕所都是出差	未
每到冬天床以外的地方都是远方手够不到的地方都是他乡上个厕所都是出差上个班就是出国。	未
每到冬天床以外的地方都是远方手够不到的地方都是他乡上个厕所都是出差上个班就是出国	未
每到冬天都想说	未
每到周一的我....	未
每到周五这时候，大家都在刷屏展示蹦迪生活，不得不怀疑大家辛苦赚五天的钱只是为了买一晚的快乐。	未
每到夜晚，他们总是在一些奇怪的地方	未
每到红叶季，就想去京都	未
每到金秋十月，灵山为何总是雾霾天气	未
每千人支付20亿美元！苏丹不给沙特提供雇佣兵了？防长澄清谣言	未
每句话不能说全错但就是惹人讨厌，不会读空气。比如你买了个奔驰，他跑来说为啥买C系低配，E系才算奔驰入门，有钱人都是买S系。别人谈恋爱说男朋友在外企，他说那个男的傻傻的长的又不帅，现在收入高没用以后未必稳定。//@晓梦喜欢的我都爱:ky是啥	未
每句话都是笑着说的，但每句话都让人毛骨悚然...	未
每名奖励5万元！焦作警方通缉14名重大命案逃犯焦作警方现对焦作市历年来命案逃犯予以公开悬赏通缉希望社会各界和广大人民群众踊跃提供有关线索或者清晰照片对提供有价值线索直接协助公安机关抓获的群众，或者直接抓获逃犯的民警，每名奖励人民币50000元公安机关将对提供线索人员身份严格保密 ...全文	未
每吨补贴500元！邻县已经实施，青龙还会远吗	未
每周一早上是我杂货铺的固定上新日	未
每周一星中国好人邱旭诚信行医三十年	未
每周一景  延庆千年洞穴，是蛮洞还是仙居！	未
每周一村前新尧	未
每周一村狄家墕	未
每周一次力量训练，可以降低一半的心脏病风险	未
每周一游丨看瀑布耍野水森林洗肺...一天就能来回！	未
每周一股以及下周总策略多的话就不想多说了，自己看看吧，写了挺多的首标次标大盘推演板块预判最重要事件解读已经更新，注意点赞查收	未
每周两小时的懒人科学健身法:疯狂减脂塑形，私教请回家！	未
每周二老爸都会来我家帮我打理一下家里的花花草草昨晚做好了准备，今天早上烙十几张梅干菜饼让老爸拿回去做中饭想学的大家搜梅干菜或者永康麦饼都能找到哈！	未
每周五晚上的感受大概都是这样了8	未
每周新闻播报交通部：明年底取消司机2年1次的再教育	未
