最新停气停电通知！唐山这些区域的居民请提前做好准备！	未
最新停水通知！	未
最新停电公告12月玛纳斯停电计划丨请大家互相告知	未
最新停电消息！明天饶洋镇多地将计划停电！	未
最新停电消息！涉及城镇和多个村庄！	未
最新停电通知！（11.23-11.30）临时日前停电计划停电！涉及哈密这些用户，请做好储电准备！	未
最新停电通知！未来7天青龙这些区域计划停电看看有你家吗?	未
最新停电通知！涉及十堰这77个地方	未
最新停电通知！涉及这些小区医院市场提前做准备！	未
最新停电预告！11月2730日湘潭这些地方要停电了，快看看有没有你家	未
最新全国258个5A级景区名单！天津的竟然是......你去过几个	未
最新全国258个5A级景区名单！广东13个，你去过几个	未
最新全国258个5A级景区名单！广东13个，你去过哪几个	未
最新全国258个5A级景区名单！广东13个，您去过哪几个	未
最新全国执业药师工资水平，你达标了么	未
最新：全民喊打！滚出中国，这个辱华公司最害怕的事终于发生了！	未
最新全省寒潮预警！临沂多个县发布暴雪预警！半岛地区大雪！	未
最新！公务员加班给补助，修法正在征求意见！	未
最新公告范县关于调整污水处理费征收标准的公告！	未
最新公告范县纪委对全县基层党务村务公开检查情况的最新通报！	未
最新公布！东升镇落实国家机关普法责任制普法责任清单	未
最新公布丨2019年节假日安排出炉！附日历加班工资（台历申请开通中）	未
最新公布！全国统一查酒驾时间表！司机们速度互相告知	未
最新公布！全顺德这4天统一查酒驾！具体时间是......	未
最新公布，枞阳县公安局招聘22名特（巡）警警务辅助人员！薪酬待遇是	未
最新公布！河北1县部分行政区划调整河北发布 近日，廊坊市民政局下发《关于同意大城县撤乡设镇的批复》。经河北省人民政府批准河北省民政厅批复，同意撤销大城县臧屯乡北魏乡，设立臧屯镇北魏镇。据了解，今年以来，河北这些地方已撤乡设镇（河北日报）	未
最新公布！河北1县部分行政区划调整河北发布 近日，廊坊市民政局下发关于同意大城县撤乡设镇的批复经河北省人民政府批准河北省民政厅批复，同意撤销大城县臧屯乡北魏乡，设立臧屯镇北魏镇据了解，今年以来，河北这些地方已撤乡设镇（河北日报）	未
最新公布！河北1县部分行政区划调整近日，廊坊市民政局下发《关于同意大城县撤乡设镇的批复》。经河北省人民政府批准河北省民政厅批复，同意撤销大城县臧屯乡北魏乡，设立臧屯镇北魏镇。据了解，今年以来，河北这些地方已撤乡设镇（河北日报）	未
最新公布！河北1县部分行政区划调整近日，廊坊市民政局下发关于同意大城县撤乡设镇的批复经河北省人民政府批准河北省民政厅批复，同意撤销大城县臧屯乡北魏乡，设立臧屯镇北魏镇据了解，今年以来，河北这些地方已撤乡设镇（河北日报）	未
最新公布！河北1县部分行政区划调整近日，廊坊市民政局下发《关于同意大城县撤乡设镇的批复》。经河北省人民政府批准河北省民政厅批复，同意撤销大城县臧屯乡北魏乡，设立臧屯镇北魏镇。据了解，今年以来，河北这些地方已撤乡设镇源/@河北日报	未
最新公布！河北3市来了纪委新书记	未
最新公布！河北建投集团总经理梁静被查！另有6市21人被查处！	未
最新公示！河北拟认定25个名县名镇，快看有你家乡吗	未
最新六安发布今冬首个寒潮预警！出门前必看！48小时内...	未
最新！关于开鲁南湖公园管理通知！	未
最新关于盐通高铁大丰段的最新进展！	未
最新！关于网传庆阳一中学搬迁的问题，官方权威回复来了...	未
最新！关于郑州单双号限行下连霍高速凭缴费凭证2小时不予处罚措施的解释！	未
最新！兴山县任免一批干部	未
最新内黄县发布大风蓝色预警 2018-12-06	未
最新农房改造政策出台后  浦江首个整村改造项目实施 一户一宅  多余地基有偿退出	未
最新出台：开车得看看吧！吉林市又有很多地方不能乱拐弯了	未
最新出炉！南京这些企业秋冬季可豁免错峰生产及应急管控	未
最新出炉！松滋这20个乡村被省里点名！	未
最新出炉！洪湖这20个乡村被省里点名	未
最新出行一夜间，南京少了一座桥，多了条隧道！	未
最新列车调图方案，滨海火车站开通时间定了	未
最新列车调图方案，青盐铁路在列！明年1月5日起，盐城到北京时间只要	未
最新！刚刚一大波骑电动车的淮安人被曝光！	未
最新！包头两家医院上榜中国医院排行榜！什么病去什么医院 这回心里有数了！	未
最新化妆品抽检结果出炉，这里有30批次不合格产品和3批次复检合格产品	未
最新化妆品抽检结果出炉，这里有30批次不合格产品和3批次复检合格产品经天津市药品检验研究院等检验，标示为大连河原日用化学品有限公司（委托单位：北京顺捷彩悦化妆品有限公司）等15家企业生产的30批次化妆品不合格。 关于30批次化妆品不合格及3批次化妆品复检合格的通告	未
最新，北京任命2位副市长，一名安徽籍	未
最新北京房屋租赁市场这行情了房东租客都来看看！	未
最新！华为回应了！	未
最新！南京地铁9号线一期和10号线二期二次环评重新公示	未
最新！南京调整非居民用气售价，区分冬季和非冬季价格政策	未
最新！南充50多名老赖姓名照片等大曝光快来看看有没有你认识的	未
最新！南城地陷现场正安装特制钢拱门！每节15吨重	未
最新！南湖万达将变停车场负责人揭秘背后真相	未
最新！博兴大货司机孙某利在河北海兴闯卡被抓！	未
最新！印尼海啸已致至少62人死亡近600人受伤	未
最新县长一周政务，涉及南城河治理等多项工作	未
最新！又一批失信人名单曝光！其中还有两名90后	未
最新反诈骗微电影来了，花5分钟让你看懂3个套路！	未
最新发布丨《2018年医务人员流感培训手册》	未
最新发布交警部门公布省内45处交通隐患路段 冬季出行特别留意	未
最新发布！关于对张家口市经开区国土局局长的处理意见	未
最新发布！无锡市住房公积金提取管理新规来了！	未
最新发布！涉及罗庄！省里发话，临沂这些地方要有大发展，有你家乡吗	未
最新发布！省里发话，临沂这些地方要有大发展，有你家乡吗	未
最新发布！省里发话，沂水这些地方要有大发展，有你村吗	未
最新发布！这些岗位急需用人！报名赶紧打这个电话	未
最新发布！邹平这6个镇村被省里通报！有焦桥好生韩店...	未
最新发布：重庆市政府领导分工	未
最新发布:重庆市政府领导工作分工	未
最新发布：非洲猪瘟疫情防控八条禁令！速看	未
最新发现：4万年前人类就已经登上了青藏高原11月30日，美国科学（Science）杂志在线发表中国科学院古脊椎动物与古人类研究所张晓凌等的研究论文，公布了在青藏高原腹地尼阿底遗址的重大考古发现及研究成果该项发现将人类首次登上青藏高原的历史推进到4万年前揭秘青藏高原4万年前的人类活动	未
最新发现：利用太阳光催化二氧化碳合成氨基酸	未
最新发现岳飞书法真迹，时隔千年观之如见其人！	未
最新！台州市南部湾区引水工程进展情况	未
最新！合肥今冬第一场雪已安排！时间就在...	未
最新！合肥市人民政府人事任免通知  合肥早新闻	未
最新！吉林一机械厂爆炸2人死亡，受伤人数增至死57人原因公布了！	未
最新名单来了！国家要保护秦皇岛这3处老地方	未
最新名单来了！国家要保护秦皇岛这几处老地方	未
最新！周六南京可能有中到大雪，最低-1℃	未
最新！周口会不会集中供热新建小区规划是......赶紧看！	未
最新！周口双胞胎男童遇害，嫌疑人确系孩子伯母11月24日下午，记者从周口市西华县公安局获悉，当地4岁半双胞胎男童被害的嫌疑人，确系孩子伯母谢某。目前，谢某已被警方控制。详情最新！周口双胞胎男童遇害，嫌疑人确系孩子伯母	未
最新！周口这些路段单位小区学校要停电，扩散！	未
最新！哈尔滨街头出现的小海豹回家了！原来小海豹是在江北一家酒店表演工作人员：自己想溜达就出来了！	未
最新！嘉兴11月房价和平均工资来了！你能在哪买房浙江各地房价涨跌表，扎心了	未
最新！嘉定拟新建的这两处经适房设计方案有调整，今起公示	未
最新！四川公布社会救助信息公开网址及投诉举报电话记者从省民政厅官网获悉，日前，按照《中华人民共和国政府信息公开条例》第九条的相关规定，四川公布了最新的四川省民政部门社会救助信息公开网址及投诉举报电话。具体请点击查看：网页链接（四川发布客户端消息）	未
最新！四川发布26名干部任前公示	未
最新：四川宜宾发生5.7级地震 四川重庆多地有震感中国地震台网正式测定：12月16日12时46分在四川宜宾市兴文县（北纬28.24度，东经104.95度）发生5.7级地震，震源深度12千米。据网友反映，四川和重庆多地有震感，你们感觉到了吗 @中国地震台网	未
最新！国办公布2019年放假安排，五一假期才一天！	未
最新！国家卫健委启动调查，多方回应基因编辑婴儿！	未
最新  国家卫健委表态基因编辑婴儿事件，事态发展汇总	未
最新国道319安岳县客运总站桥断道检修，过往车辆注意绕行！	未
最新！地铁2号线17辆列车已就位！再过两个多月就能出发了！	未
最新！地震局发布汇报：此次地震对五华的影响是	未
最新！基因编辑婴儿事件震惊社会，各关联方纷纷回应	未
最新！基因编辑婴儿事件震惊社会，国家卫健委回应	未
最新！基因编辑婴儿事件震惊社会，官方启动伦理调查	未
最新！基因编辑婴儿事件震惊社会，官方启动伦理调查该项试验未向深圳市卫生计生委报备新京报从深圳市卫生计生委医学伦理专家委员会获悉，该项试验进行前并未向该部门报备，正开会研究此事深圳和美妇儿科医院否认与此事有关据媒体公开的这项实验医学伦理委员会审查申请表书显示，贺建奎这项研究提交审查的医学伦理委 ...全文	未
最新！基因编辑婴儿事件震惊社会，官方启动伦理调查该项试验未向深圳市卫生计生委报备新京报从深圳市卫生计生委医学伦理专家委员会获悉，该项试验进行前并未向该部门报备，正开会研究此事。深圳和美妇儿科医院否认与此事有关据媒体公开的这项实验医学伦理委员会审查申请表书显示，贺建奎这项研究提交审查的医学伦理委员会，系深圳和美妇儿科医院的医学伦理委员会。媒体在网上披露的医学伦理委员会审查申请表深圳和美妇儿科医院接受采访时，否认该院和此事有关。称这件事不属实，我们没有接受过相关信息，正在调查。11月	未
最新！基因编辑婴儿砸蒙义乌家长，真相究竟如何戳进展	未
最新！基因编辑婴儿让世界震惊！官方已启动伦理调查	未
最新！基因编辑婴儿震惊社会，官方启动伦理调查	未
最新！基因编辑逆天改命事件震惊社会，官方启动伦理调查	未
最新增值税发票备注栏填写总结	未
最新大同区街道电子抓拍已启用，压线打电话不系安全带，闯红灯....附详细地点	未
最新天气	未
最新天气大连市区当前气温-5.5，西北风，1级，气压1022.3，能见度35000米，相对湿度046周三周四大连地区以晴为主，但气温暂时没有摆脱冷空气的控制，市区最高气温在01，最低气温-7-5预计周四冷空气将耗尽它的最后一丝能量，周五开始气温会开启回升之旅，届时市区全天气温在-42 ...全文	未
最新天气大连市区当前气温-5.5，西北风，1级，气压1022.3，能见度35000米，相对湿度046。周三周四大连地区以晴为主，但气温暂时没有摆脱冷空气的控制，市区最高气温在01，最低气温-7-5。预计周四冷空气将耗尽它的最后一丝能量，周五开始气温会开启回升之旅，届时市区全天气温在-42。双休日天气多云转晴，气温继续回升，市区最高气温45，最低气温-2。最近这两场降雪都不约而同选择了大连南部地区，所以与雪无缘的瓦房店普兰店和庄河近期森林火险气象等级偏高，风干物燥，注意用	未
最新太原西中环南延工程施工进展图片汇总	未
最新央视报道宁河非洲猪瘟情况	未
最新奶粉抽检合格率100！飞鹤澳优圣元等265批次奶粉均在列	未
最新奶粉抽检结果：近5个月第六次奶粉抽检100合格！进口国产均在其中......	未
最新！她任安徽这个新机构的一把手	未
最新！宁乡部分市领导信息有调整！大家办事莫找错人哒......	未
最新宁河区拟任1名常委1名副区长两名市管干部提任前公示	未
最新 宁河区网友问北七村搬迁?	未
最新宁河区芦台镇一带停气通知	未
最新 宁河区这两个村在生态规划红线范围内吗官方明确回复	未
最新！宁河法院：拆迁取消，村民可否获得房屋拆迁补偿详情...	未
最新 宁河网友关于煤改气迟迟没有供气的问题? 官方最新回复...	未
最新！宁波地铁3号线二期走向调整公示！你家在边上吗	未
最新！安徽一地拟提拔20名干部，涉及多个岗位！	未
最新！安徽多个新机构的一把手到任	未
最新！安徽已经下雪了！合肥明起连续4天有雪！还有蓝色寒潮预警...  合肥早新闻	未
最新！安徽已经下雪！暴雪范围有变！合肥连续4天有雪！这些图让人瞬间落泪	未
最新！安徽明天降雪局地暴雪合肥连下4天中央气象台:没有最冷，只有更冷	未
最新 安徽省新任命9位厅长 其中一位是咱金寨老乡@你认识吗?	未
最新！安林高速因为这个全线封闭！注意绕行...	未
最新！安溪城区将成立五个社区居委会，名字和辖区范围如下...	未
最新 ! 官方答复兰州 t088# 路通车时间 附最新实拍进度	未
最新定位！江苏新组建的省级机构在哪里？带你认个门	未
最新！宜宾地震为5.7级中国地震台网正式测定：12月16日12时46分在四川宜宾市兴文县（北纬28.24度，东经104.95度）发生5.7级地震，震源深度12千米 （成都晚报）	未
最新！宜昌一干部接受监察调查	未
最新！实名公布！我省又一批终生禁驾人员曝光，莱芜7人！	未
最新实拍 宁河中医院新建工程 当初工程概况公示说年底竣工	未
最新！家长注意了：佛山四中附属学校规划有这些调整！征求意见中	未
最新！宿松市监局公布食品抽检情况，不合格的一个是油条！一个...	未
最新！富阳又一个乡镇将启用违停抓拍电子警察	未
最新！富阳这个镇将启用违停抓拍电子警察	未
最新封路通知！这两个路段和你的行程有关吗	未
最新就在昨晚，央视《新闻联播》报道了晋城这个村子！	未
最新   岳西县公安局交警大队交通安全提示！	未
最新！嵊州126个市级文明村（单位）名单公示，有你们村吗	未
最新！平乡最新停电信息！	未
最新  平阴人这件事别着急，马上油价又双叒叕要变！时间就在	未
最新！年底前，山东江苏间所有高速公路省界收费站取消	未
最新！年底前，山东这些高速公路省界收费站取消	未
最新！广宗停电计划！	未
最新！广西一女子对前夫的孕妻狠下毒手：当街泼汽油并纵火，只因	未
最新张家口人穿羽绒服在家做饭视频供热企业答复了 有人要送锦旗	未
最新！张家口化工厂爆炸 事故已致22死22伤11月28日零时41分，在张家口市桥东区河北盛华化工有限公司附近发生的爆炸起火事故，经公安消防现场搜救确认，目前有22人死亡，22名伤者已分别送往河北北方学院第一医院和251等医院救治。经初步调查，事故中过火大货车38辆小型车12辆。现场搜救工作和事故原因调查仍在紧张进行中。我们向事故中的遇难者表示哀悼，向受伤人员表示慰问。希望市民不要去事故现场围观，以免影响施救秩序。（张家口发布）	未
最新：征地告知书  涉及3县多个村	未
最新！徐州地铁票价出炉，看看你上班要花多少钱	未
最新！徐州第6条高架路来了！线路走向施工方案公示！	未
最新！德清又一批交通违法行为曝光！这些事情千万不能做！	未
最新怀来54所校外培训机构黑名单曝光，有的名气还不小	未
最新！恩施州各级纪检监察机关举报渠道公布	未
最新悬赏公告，看到这23个人，请立即举报！最高悬赏金额5000元！	未
最新情况！张家口市政府举行桥东区爆燃事故第二次新闻发布会	未
最新情况！慈利县至岩泊渡路段项目工作需推迟2个月！	未
最新情况：搜救过程又发现一具遇难者遗体据现场搜救人员介绍，在进一步搜救过程中又发现一具遇难者遗体。截至目前，遇难者人数升至23人。 @张家口发布	未
最新！我市非洲猪瘟疫情目前情况是猪肉确定能吃?！	未
最新！@所有党员 《中国共产党支部工作条例（试行）》已印发，请遵照执行！	未
最新批准的广谱抗癌药的抗癌谱有多广	未
最新批复！涉及张家口这5地	未
最新批复！青州这一片将要拆迁了！	未
最新报告：通州7成上班族通勤时间达“忍耐极限”	未
最新报道猪肉，猪瘟，不信谣，不造谣，不传谣	未
最新抽检：这些菜市场都有青菜不合格 涉及长春各区	未
最新拆迁标准来了！一夜拆迁，身价百万探访三爻村实情！	未
最新拆迁消息！涉及濮阳这8个村庄！	未
最新招聘快看，赣州公安局环保局都在招人！	未
最新招聘求职信息！离你家最近的工作都在这里！	未
最新！招远市容市貌管理办法发布！力度很大！	未
最新提醒用手机付钱的注意了，现在看还不晚，对你很重要！	未
最新揭秘温州男孩失踪真相，失联前曾独自上公交与母亲碰面	未
最新  揭西河婆越来越像大城市了！街头中间有交警指挥！	未
最新！揭阳一餐饮店凌晨起大火，群众睡梦中被吓醒	未
最新政策丨北京海淀税务：个体户自2019年 1月 1日起终止定期定额转为查账征收	未
最新政策丨国家税务总局  关于发布《重大税收违法失信案件信息公布办法》的公告	未
最新政策！全诸暨所有镇乡！这批公务员都将调动！	未
最新数据出炉！合肥今年新发现艾滋病感染者最小仅15岁！	未
最新数据：女性初婚越来越晚！网友：你在等谁	未
最新！新伊大街什么时候通车，官方回复来了	未
最新！新加坡明年涨薪标准出炉，你老板达标了吗	未
最新  新建宁启铁路南通至启东段开始动态检测	未
最新新闻：一化工厂附近爆炸共50辆车起火，已致22人死亡22人受伤！	未
最新无人工厂曝光，整个工厂空无一人，不知道多少人要失业了！	未
最新！昆山轨道交通S1线开始勘察施工	未
最新明天起，这些新规将影响你的生活	未
最新昭平招聘信息！这些企业大量招人！别说在昭平找不到工作！	未
最新晋城兰亭书院杀人案细节曝光！	未
最新晋城最新招聘，全在这儿了	未
最新晋城这里发布紧急消息！	未
最新！曝光一批失信黑名单！快转发提醒身边人	未
最新曝光！丽水这批借钱不还的人里，最高298.5万！别再借钱给他们	未
最新曝光！义乌这5家外贸公司拖欠货款！	未
最新曝光！唐山5人被处分！	未
最新曝光！唐山这些食品用品抽检不合格！涉及啤酒鸡蛋餐具！	未
最新曝光！唐山这些食品用品抽检不合格！涉及啤酒鸡蛋餐具	未
最新曝光这12个庆阳人，姓名照片身份证地址都有！	未
最新！曲阜市人大常委会任免工作人员名单	未
最新最全数据丨奶粉安全大于天！2018年前3季度共抽检7446批次婴幼儿配方奶粉，不合格率原来是这样	未
最新最全：目前16款合法玻尿酸名单！过年前不少人打算做个微整悄悄变美，收藏这份名单，让你安全变美！	未
最新：本市艾滋病疫情继续控制在低流行水平	未
最新权威回应：郑州限行连霍高速下站2小时不处罚政策12月1号前有效	未
最新权威证实：主食吃太少，减寿4年！别再误会主食了！	未
[最新样式] 中国科学院大学学位论文 LaTeX 模板 LaTeX Thesis Template for the University of Chinese Academy of Sciences GitHub: 网页链接	未
最新！桂平社步-麻垌白石山二级公路施工进展...	未
最新桂林小偷地图分布，常去这些地方的一定要小心了！	未
最新桐庐出台生均公用经费标准！明年1月1日起执行	未
最新款的 林肯领航员 应该是首撞吗@陈震同学 @萝卜报告 @越野路书 @李益斌 @韩路 @闫闯	未
最新！此类事业单位转制为企业！涉及收入、社保、人员安置......	未
最新！毕节刷屏小男孩与父亲相见	未
最新！毕节小男孩走失，警察蜀黍帮忙找到爸爸后却是这个结果......	未
最新！民进江苏省委来我市开展校外培训机构专项治理情况调研	未
最新！气温还将骤降霍邱全城低温，这个地方却暖到不行	未
最新！江都城区发生惨烈车祸，两人死亡！嫌疑人抓到了！	未
最新！沪嘉沪平城际轨道交通最新进展！	未
最新：沭阳这2个地方要征地了，补偿安置方案出炉	未
最新！沭阳这个地方将拆迁，是你家吗	未
最新！河北1县政府主要负责人被公开约谈	未
最新！河北1县部分行政区划调整	未
最新！河北4市任免！院长市政府副秘书长	未
最新！河北多名厅级干部履新	未
最新！沿江大道延伸段要这么建！看看经过你家吗	未
最新！泗阳九号公馆酒店食物中毒原因查明	未
最新！泰康保险入股基因编辑涉事医院母公司  后者曾与贺建奎公司订立合作框架协议	未
最新洪洞连手们快看，刚公布的超速车里有没有你的！	未
最新！浏阳这条老路提质改造需封闭两个月请注意绕行！	未
最新！浏阳这条老路提质改造需封闭两个月，还有这些道路目前施工，请注意绕行！	未
最新！海南交警公布82名被终身禁驾人员名单，都有谁	未
最新！海宁又一批老赖被人脸实名曝光！还有1位女老赖竟然...	未
最新消息！12月1日起，贵阳北站出租车乘车点将搬到这里	未
最新消息！ 12月份陇南这些地方要停电	未
最新消息！1号线双林站即将开站！地面站改为地下站	未
最新消息BC省投机空置税正式生效！第三套房子出租和子女住能豁免吗 官方回应了	未
最新消息：Laker Film Room告诉我，英格没有跟队去圣安东尼奥，今天晚上将会在洛杉矶做MRI！	未
最新消息！NASA探测器在一颗小行星上发现水的迹象	未
最新消息！七里这些街道即将大变样！	未
最新消息！上犹社溪的高铁梦要碎了	未
最新消息丨饶平，新人民医院，已经进入建设阶段，详情......	未
最新消息：乐清11岁男孩走失3天，目前监控显示孩子出现在...	未
最新消息！乐清失联男孩找到了，孩子平安！乐清公安发布警情通报12月5日凌晨1时最新消息，乐清11岁男孩黄政豪在失联后的第六天，终于找到了！孩子平安！凌晨2时28分许，乐清公安发布警情通报。向所有参与转发寻人的网友们表示感谢！	未
最新消息！今天第三次！台湾海峡又震了！	未
最新消息！今天，郑万高铁万州段这里贯通了，比修地铁还难！	未
最新消息！公务员加班有补助了！	未
最新消息！六安皖西路七里站预计26号可全线通行	未
最新消息：关于大荔县小区45元供暖费由谁来承担供暖价格温度等问题都在这！	未
最新消息！关于莆田市非洲猪瘟疫情控制情况！可怕的是...	未
最新消息！兽印开始了！女子双手植入芯片变超人：挥手就能开门	未
最新消息！刚刚发布！明早上班上学的亲们，快转告亲友同事！！	未
最新消息华盛顿当地部门正在开会，考虑把沙特驻美国大使馆门口那条路改名为卡舒奇路Jamal Khashoggi Way	未
最新消息！南三龙铁路时刻表曝光，看看永安都能到哪些地方...	未
最新消息  台湾海峡发生地震 揭西震感强烈！预计后期还有余震！	未
最新消息！合肥这场大雾将持续一周！更严重的是...	未
最新消息：合阳解除限行通知！	未
最新消息：吉迪恩苏卡穆约退赛，韩呈恺周昊东最后一场不战而胜但无缘出战。李俊慧/刘雨辰和阿斯特鲁普/拉斯姆森出线。羽毛球年终总决赛	未
最新消息！呼市意达V公馆火灾致3人死亡 死者为一家三口	未
最新消息！四川泸州叙永山体滑坡： 8户房屋被埋8人被困 已救出2人9日下午，四川泸州叙永县分水镇加油站旁突发山体滑坡，据初步统计，现场塌方约3万立方米，有8户房屋被埋8人被困，已救出2人，现场还有3名被困人员，正进一步营救，另3名被困人员正在搜救当中。via.@华西都市报	未
最新消息：固始县退役军人事务局正式揭牌成立！	未
最新消息！失联35小时！刘畅已安全回家	未
最新消息：妙音受害人团结一起报警来了，正式向漳州公安报案	未
最新消息： 孟晚舟保释获准1000万保释金，700万现金来自她的丈夫，另外300万来自保人。私人安全公司Lions Gate Risk Management 承担监视任务。法庭上出示的家庭照片-	未
最新消息安九高铁途径宿松进入倒计时....	未
最新消息：官方确认9人死亡 其中有孕妇乐山市沙湾区委宣传部工作人员11时45分许向@新京报 确认死亡人数为9人，其中有孕妇。目前，肇事司机已被警方控制，正在接受警方调查，事故原因正在进一步调查中。	未
最新消息，巴黎警方已拘捕481名黄马甲示威者。海外网快讯	未
最新消息：广东出台涉犬管理新规	未
最新消息：当地时间11日下午3点多，加拿大不列颠哥伦比亚省高等法院法官宣布，准许孟晚舟女士获得保释。	未
最新消息：当地时间12月6日凌晨2点左右，美国海军陆战队一架载有两人的F/A-18战斗机在日本附近海域与一架载有五人的KC-130加油机进行空中加油时发生事故，两架飞机双双坠入海中。目前搜索和救援行动正在展开......军事集结号	未
最新消息！怀邵衡铁路进入试运行阶段，开启通车倒计时	未
最新消息！成贵高铁四川段开始联调联试	未
最新消息承德高铁开通后，或将告别纸质火车票	未
最新消息：据应急管理部，今天11时11分，河南省商丘市华航现代农牧集团有限公司厂区发生火灾，造成11人死亡，应急管理部已派工作组赶赴事故现场，指导协助地方全力做好应急救援和调查处理工作。（央视）	未
最新消息：揭秘茅台酒不为人知的内幕（喝酒人士必看）	未
最新消息：新市西街泽州路段至前进路段正式通车	未
最新消息：新疆多地突降大雪风吹雪，这些路段交通管制禁止车辆通行！	未
最新消息：日产秘密调查戈恩，戈恩已否认一切指控	未
最新消息时代杂志揭晓其年度人物：记者们：卫士们和对真相的战争	未
最新消息！昌赣高铁泰和至赣州段开始铺轨	未
最新消息！明日0时起，南龙铁路全线进入试运行阶段！	未
最新消息！ 明日零时起，南龙铁路进入试运行阶段！每日开行14对动车组列车	未
最新消息！明日零时起，南龙铁路进入试运行阶段！每日开行14对动车组列车	未
最新消息！昨晚，一潜逃14年的命案嫌犯在定海被抓获！	未
最新消息：是否属于强奸还未定性，监控显示入住时俩人很亲密。	未
最新消息，曝蒋劲夫拘留延长十天，将他拘留在一个5平米大的单人房间里。	未
最新消息最严税务稽查时代来临！指明下个十万亿风口！！	未
最新消息，李毛毛在哈尔滨街头舔着吃冰棍，舌头粘冰棍儿上了。	未
最新消息来了！南京交警发布国家公祭日出行提示	未
最新消息！桂林8岁小男孩已平安寻回，走失原因竟是......	未
最新消息！桓台这5个村部分土地被征收！	未
最新消息！永州公交车涨价了！1元变2元！	未
最新消息汉中门大街和江东路交叉口的水管爆裂，水务局供水处表示，水务集团正抓紧抢修！目前江东门隧道无法通行，已临时封闭，大家注意安全，提前绕行。	未
最新消息！沙县12.8小吃节交通管制，不想堵车吃罚单赶紧看这里...	未
最新消息：泰安人你的手机自由了不用换号，三大运营商随意转换	未
最新消息！海宁这家店被立案调查！斜桥黄湾袁花等地都有连锁！	未
最新消息！淮北公布十路举报电话，助农民工讨薪维权！	未
最新消息！淮南今冬初雪要来了！	未
最新消息！淮安公交车涨价了！1元变2元！一直持续到....	未
最新消息！潆华路和西华路交叉路口将规划互通立交，很多人看后坐不住了	未
最新消息！爬上地铁站顶棚男子被救下！深圳地铁3号线全线恢复正常运营	未
最新消息牵动全城的走失男孩已平安找回，然而失踪的原因竟然是	未
最新消息：狼来了欲知失联超100个小时的温州11岁男孩背后的真相	未
最新消息 目前江东门隧道双向北圩路隧道双向封闭，正在进行排水作业。江东中路从汉中门大街到水西门大街地面道路南向北无法通行，应天大街高架下江东中路临时封闭，建议从乐山路扬子江大道出口下高架。	未
最新消息！离远安最近的高铁真的要来了！站设在这里......	未
最新消息：纽约警察找到了这对人儿，他们来自英国。我们继续关注背后的故事	未
最新消息：经救援人员连续奋战，叙永县分水镇山体滑坡最后一名被掩埋者被救出，已无生命体征。截止目前，11名被掩埋者全部救出。另有1名失联人员仍在寻找中。	未
最新消息！罗平儿童预防接种信息补录时间延长了	未
最新消息！苍溪至旺苍快速公路建设又有新进展了...	未
最新消息！苏州地铁6号线15个站点公示！	未
最新消息！蜀山包河2大纯新盘规划曝光！两款感冒药被安徽食药监叫停	未
最新消息表示：经过初步的检查，詹姆斯的伤情没有大碍，只是左腹股沟轻微的拉伤。后续会做进一步的检查。	未
最新消息见鬼了，这三个省又发现非洲猪瘟疫情！	未
最新消息！轨交6号线部分站点公示！	未
最新消息！远安这些地方明天开始停电，有的连停两天！	未
最新消息！途经南康北六乡的高铁梦要碎了	未
最新消息！郑万铁路开始铺轨，这个地方明年10月通车！	未
最新消息！银西高铁，惠安堡铺轨基地附近机器轰鸣！	未
最新消息：长沙下雪了 长沙岳麓区下雪籽了！不信你听！	未
最新消息！雄安新区这一项目对外招标，涉及78村（附名单）	未
最新消息！霍邱85人被抓！其中党员13人...@霍邱城区新路名全知道！见图	未
最新消息！青银高速原寿光收费站即将关闭，上高速走这里！	未
最新消息，顺丰和商家互踢皮球，双方都不愿意赔你们说我怎么做好	未
最新消息！龙口这18个小区的居民注意了！	未
最新：消防员回忆郑州热力爆管3人死亡 救援现场 水温高达84度今天凌晨4点10分，郑州经三路农科路附近发生热力老旧管网爆管，爆管致3人死亡1人受伤，据参与救援的消防员介绍，现场水温84度，事发时热水喷射了两三层楼高，消防员救援时水深到膝盖，并且听到了呼救声，目前事故具体原因仍在调 ...全文	未
最新！涡阳机场已完成军方审核，大规模开工有望了	未
最新！淄博这个区公布11批次食品不合格！抽检不合格食品集中在......	未
最新！淮南真的要下雪了......	未
最新：深圳市医学伦理专家委员会启动对深圳和美妇儿科医院伦理问题调查！	未
最新清泉寺棚户区最新拆迁现状披露！未来将建南充太古里	未
最新！清涧210国道南坪天桥至南门路段实行交通管制！	未
最新 湖南省人民政府任免一批干部 涉及多个重要岗位	未
最新 湖南省人民政府任免一批干部，涉及多个重要岗位	未
最新湖州天气信息！明后天的雪有多大	未
最新  湘雅路隧道有望年内动工，双向6车道，完工要等到	未
最新！滨州这些小区可办不动产了！/惊险！滨州三岁男童把黄豆塞进鼻孔/通告！12月4日至6日，全市停止办理一切户籍身份证业务！	未
最新！潍坊42人被终身禁驾，快看有你认识的吗	未
最新潘集拼车信息（潘一到安成铺/海门到潘集）	未
最新潘集拼车信息（潘集到合肥/上海）	未
最新潘集拼车信息（潘集到合肥/亳州到潘集/山东到潘集）	未
最新澄清文件！京唐高铁有变！燕郊站或将移动...	未
最新！澳洲最大城市已沦陷！1死2伤，44年最恐怖暴雨！近200人报警求救，CBD已成河！交通瘫痪！	未
最新濮阳到郑州高铁运行时间和票价曝光时间1小时，票价预估90元?	未
最新！濮阳这几个村的拆迁补偿出来了！	未
最新灾情！44年来最恐怖暴雨狂扫悉尼！已有1人死亡，全城瘫痪，学校停课公司放假！而最坏的情况没完...	未
最新爆料！北京这10个区 ，明年到底怎么搞要搞哪些大事情！	未
最新爆料！北京这10个区要搞哪些大事情看看有没有您家	未
最新版2019年放假通知来了！五一小长假没了	未
最新版国家对绿色建筑的政策	未
最新！猪肉，非洲猪瘟，不信谣，不传谣	未
最新！用于罕见病治疗的司来帕格片获批上市	未
最新用药黑名单出炉，看完后赶紧把这篇文章转给家人，翻翻自己的药箱！这些药一定要慎重使用！	未
最新：疑似出现无人机踪迹.. Gatwick机场的跑道刚刚再次关闭！	未
最新疫情！黄金埠镇艾滋病感染者已有31例，梅港乡17例	未
最新的全国5A级景区名单，安平的您去过多少?	未
最新的全国医院综合排名，如果亲朋生病了能去靠谱的医院！	未
最新的消息显示，我还是说对了。	未
最新：盗车案件进展情况通报晚安大城	未
最新！省台再次走进迁西，追踪报道饭店噪音油烟扰民事件	未
最新省里决定任命9位厅长，有金寨老乡！	未
最新！石家庄第六批停车场明细公布12月7日，石家庄市治堵办发布了第六批公示停车场目录，本次公示启用的停车场共计69个，涉及泊位3238个。其中长安区（车场10个泊位642个）裕华区（车场22个泊位1177个）新华区（车场4个泊位204个）桥西区（车场33个泊位1215个）。(记者刘涛)	未
最新！石家庄第六批停车场明细公布12月7日，石家庄市治堵办发布了第六批公示停车场目录，本次公示启用的停车场共计69个，涉及泊位3238个其中长安区（车场10个泊位642个）裕华区（车场22个泊位1177个）新华区（车场4个泊位204个）桥西区（车场33个泊位1215个）(记者刘涛)	未
最新研究:多吃米面等低能量密度食物有利减肥	未
最新研究：女子怀孕后大脑灰质减少 有助于亲近宝宝	未
最新研究惊动央视！东莞这种特产可以防癌！最近家家天台都在晒！	未
最新研究惊动央视！市场卖的这个可以防癌！99的深圳人都不知道！	未
最新研究惊动央视！黄埔这种特产可以防癌！最近家家天台都在晒！	未
最新研究揭示肿瘤微环境中肿瘤细胞与免疫细胞相互调节机制	未
最新碰瓷手段，行车记录仪都不管用，有车的都看看！	未
最新！社保新政策！关乎五险一金和人们的养老金！	未
最新！神木市撤销神木镇，设立6个街道办事处(附区域划分)	未
最新！福州11月各区县二手房房价曝光！看看你家房子还值钱吗	未
最新！禹州电子警察抓拍位置全曝光！这些地方抓拍最多	未
最新绿绿绿！桐庐人，你已经被省级森林城镇全包围	未
最新  网传潮州一工地挖出了百年古墓，尸体保存完好官方这样回应......	未
最新！网友建议潍坊取消老年公交卡官方给出明确回复来了	未
最新！网友建议青岛取消老年公交卡官方给出明确回复了	未
最新羊水栓塞救治PPT （可下载）	未
最新！美国检方决定不起诉刘强东当地时间21日，美国明尼阿波利斯市亨内平县检察官办公室公布刘强东事件的调查结果，认定刘强东涉嫌性侵的案件存在严重的证据问题，决定不予起诉，这也意味着该案正式结案，刘强东无罪。22日，@刘强东 个人微博发博称，为事发当天的行为感到十分的自责和后悔。 （中 ...全文	未
最新  美国阿拉斯加发生7.2级地震！海啸预警！	未
最新老赖曝光有没有欠你钱的人在?	未
最新老赖曝光！这些人上了黑名单！	未
最新！莆田一大批酒醉驾曝光来袭，多人刑拘！这些人有你认识的吗	未
最新：莆田猪瘟疫区已无疫情	未
最新！莆田要在这9个村征地410亩	未
最新！莆田非洲猪瘟疫情防控检查工作！食药监部门出手了！	未
最新！莘县又发布一批失信被执行人 姓名照片地址大曝光	未
最新！莱州6条公交线路绕行通知！	未
最新！萧山这四个镇街将大变样！涉及南阳义桥所前新街！	未
最新，葫芦岛建昌二小奥迪冲撞嫌犯更多背景被曝光，村民竟然说出这些！	未
最新蓬莱调整后的测速点限速值公示！60的还很多，要注意	未
最新！蚌埠部分职业(工种)工资指导价发布，你有没有拖后腿	未
最新！西安公交站点调整，有12个站被取消......	未
最新！西藏又有两家单位挂牌	未
最新规划！乡村振兴方案来啦！三河农村以后这样变	未
最新规划出炉！涿州农村要有巨变！乡村振兴河北方案来啦！	未
最新规划！大厂家住农村的速看，咱家乡这样变	未
最新规划！家是农村的享福了！农村以后这样变	未
最新规划！成都东进区域主线没有红绿灯，遂宁包含在内！	未
最新规划！成都东进区域将形成半小时交通圈，遂宁包含在内！	未
最新规划来了！博阳路周边三处街区规划公示！涉及75.93公顷！	未
最新规划！河北要建这些机场高速城轨多处涉及沧州	未
最新规划！河北要建这些机场高速城轨快看涉及你家乡吗	未
最新规划！河北要建这些机场高速城轨涉及承德这些地方	未
最新规划！肃宁农村将这样变	未
最新规定：在西安强行上下列车地铁扒门或罚100-500元	未
最新！警方悬赏10万通缉四川公交爆炸案嫌疑人12月5日17时31分，四川省夹江县焉城镇一辆3路公交车因不明原因导致爆炸，有17名人员受伤，现场无人员死亡。@夹江微警 发布警情续报称，经公安机关侦查，卢仕兵(男，汉族，1974年3月6日出生，四川省夹江县顺河乡前进村10社人，身份证号：511126197403063439)有重大作案嫌疑。刚刚，警方悬赏10万通缉此人，看到请立即报警！	未
最新！警方悬赏10万通缉四川公交爆炸案嫌疑人12月5日17时31分，四川省夹江县焉城镇一辆3路公交车因不明原因导致爆炸，有17名人员受伤，现场无人员死亡。@夹江微警 发布警情续报称，经公安机关侦查，卢仕兵(男，汉族，1974年3月6日出生，四川省夹江县顺河乡前进村10社人，身份证号：511126197403063439)有重大作案嫌疑。刚刚，警方悬赏10万通缉此人，看到请立即报警！（乐山公安）	未
最新！警方悬赏10万通缉四川公交爆炸案嫌疑人12月5日17时31分，四川省夹江县焉城镇一辆3路公交车因不明原因导致爆炸，有17名人员受伤，现场无人员死亡@夹江微警 发布警情续报称，经公安机关侦查，卢仕兵(男，汉族，1974年3月6日出生，四川省夹江县顺河乡前进村10社人，身份证号：511126197403063 ...全文	未
最新证据表明：三四万年前古人进入青藏高原腹地	未
最新！诸暨又一批失信人名单曝光！其中还有两名90后	未
最新调查进展！前后花了一万多元，服务站到底肯不肯修	未
最新资讯喜之郎巧妈妈果冻含蒟蒻在澳洲被召回中消协发布婴幼儿牙胶试验：9款化合物超标，3款可使儿童窒息	未
最新资讯明天起，这些新规将影响你的生活	未
最新跟进：河北省张家口市爆炸事故遇难者人数升至23人	未
最新！跨省异地就医定点医疗机构数量达14458家	未
最新路况！今早滁州人的朋友圈被TA刷屏......	未
最新路况！安林高速全线封闭，司机朋友请绕行！	未
最新路况 目前，浦东新区所有高速道路已恢复正常通行，受前期大雾影响，各上匝道车辆积压比较严重，车流量较大，请控制车速，限速行驶，切勿急躁，避免事故@警民直通车-上海	未
最新路况辖区高速全部封闭！今天的济南红得发紫，你堵了吗	未
最新身份证来了，以后出门可以不用带身份证了 ?	未
最新近况：当事人说联系到朋友的父母，明天退钱！！明天是否会退钱，我们拭目以待！//@并不软的软喵子:怎么办这个客户现在要投诉我！！虽然我不知道他有什么理由投诉我明明讲的如果他朋友不退钱，我就发微博要帮他找人并且洗刷冤屈！	未
最新！这30批次化妆品不合格，大家要小心！	未
最新！这位安徽老乡任浙江省军区政委！	未
最新进展！六旗乐园现场实拍在这里！	未
最新进展宁波地铁3号线一期全线轨通预计明年开通试运营	未
最新进展！宜宾新机场已修了成这样，明年7月投入运行！	未
最新进展！宜宾新机场已修成这样	未
最新进展！就在下个月，轨道交通5号线这项控制性工程全线贯通	未
最新进展张家口新建的这5座高铁站！具体情况	未
最新进展！张家口机场改扩建项目2019年底竣工	未
最新进展！新建环湖路开始摊铺水泥路面	未
最新进展新野白河与三里河水系连通工程现场实拍.....	未
最新进展来了！河北一市新建这5座高铁站！分别位于	未
最新进展：沭阳城乡公交即将纳入城市公交！	未
最新进展！高盛澧园三期安装高空油烟管道，解决油烟污染等问题	未
最新进度！郁江两岸整治工程项目已施工到大东码头！	未
最新违停曝光！你的车牌上榜了吗	未
最新退役军人和其他优抚对象各县信息采集咨询电话在这里	未
最新选情：蓝15县市绿6县市  台北仍在胶着	未
最新通报 6.2级地震！2次余震！距离漳州最近海岸线约109公里！	未
最新通报！7名村干部搞扶贫腐败，2人开除党籍，其他人	未
最新通报丨乌海市纪委监委刚刚发布......	未
最新通报！二广高速湖南段23车相撞共造成8死11伤，事故现场双向交通恢复通行	未
最新通报！河北2区政府主要负责人被公开约谈	未
最新通报！淄博7名村干部搞扶贫腐败，2人开除党籍，其他人	未
最新通报！男子驾车冲撞学生动机初步查明！嫌犯身份曝光！	未
最新通知：下周主城这些小区停水 最长16小时	未
最新通知以后身份证这样办理，有大变化	未
最新通知华州明日不限行啦！！！车辆限行解除！（12月5日解除）	未
最新通知，昨天定的2019年劳动节小长假没有了！只放一天，你怎么看！	未
最新通知来了！以后身份证这样办理，有大变化	未
最新通知！河北2家医院被确定为三甲医院近日，省卫生健康委发布通知，根据评审结果和公示情况，经研究，确定河北燕达医院承德医学院附属医院为三级甲等综合医院。有效期为2018年12月至2022年12月。三级甲等医院是依照我国现行《医院分级管理办法》等的规定划分的医疗机构级别 ，是对医院实行三级六等的划分等级中的最高级别。来源/@河北长城网	未
最新通知！河北2市明起单双号限行，公交免费！最新消息！邢台市自12月10日0时启动重污染天气红色预警，市主城区对机动车实行单双号通行，限行时间为700至2000，法定节假日和公休日不限行外地牌照车辆与本地车辆同样受限行限制限行期间，加大公共交通运力，公交免费此前，石家庄市发布通 ...全文	未
最新通知！河北2市明起单双号限行，公交免费！最新消息！邢台市自12月10日0时启动重污染天气红色预警，市主城区对机动车实行单双号通行，限行时间为700至2000，法定节假日和公休日不限行。外地牌照车辆与本地车辆同样受限行限制。限行期间，加大公共交通运力，公交免费。此前，石家庄市发布通知，于12月9日0时起启动重污染天气一级应急响应 ，12月10日起，全市限行区域内实行单双号限行，届时城市公交车免费。	未
最新通知  请互相转告，恩施州城这些桥晚上都不能通车了！	未
最新通知！这17种抗癌药要全部纳入河北医保	未
最新通知黑河段江面仍有大面积冰坝，气垫船无法通行	未
最新速报！黔西南州4名县级干部分别接受调查审查或监察调查	未
最新！郑州一小区管道爆裂致3死1伤，造成14个小区停暖现场视频	未
最新！郑州市热力总公司回应暖气不热：将启动退费制度12月16日，针对这些问题，郑州市热力总公司给出回应郑州市热力总公司表示，针对市民最关注的暖气不热，减免费用问题，将启动退费制度，具体的退费制度正在制定中如何申请退费，具体退费流程如何记者将保持持续关注 ...全文	未
最新！郑州市热力总公司回应暖气不热：将启动退费制度12月16日，针对这些问题，郑州市热力总公司给出回应。郑州市热力总公司表示，针对市民最关注的暖气不热，减免费用问题，将启动退费制度，具体的退费制度正在制定中。如何申请退费，具体退费流程如何记者将保持持续关注。郑州市热力总公司回应暖气不热：将启动退费制度	未
最新！郑州爆裂管道1996年敷设，爆管造成14个小区停暖	未
最新！长沙一校车与渣土车相撞，2名学生受伤	未
最新！长治又公布66名老赖，与他们打交道要当心！	未
最新！长治又公布94名老赖，有你认识的吗	未
最新！长治又公布94名老赖，身份信息住址都被曝光！	未
最新闲置物品大处理！	未
最新！阜阳这2个地方要征迁，补偿和安置方案公布！	未
最新！阜阳这2个地方要拆迁！这回到你家了没	未
最新防城区烧烤场所严禁使用烧碳炉具！	未
最新防城港一神秘失踪小孩是这样被找到的......	未
最新防城港：一驾校教练帮人运输五爪和穿山甲挨捉！	未
最新  阿克苏市公共停车场差别化计时收费方案	未
最新！陈羽凡被认定吸毒成瘾，社区戒毒3年！驾驶证将被注销！	未
最新限行通知！山西阳曲临汾两地实施限行......	未
最新！雾霾持续至月底！一个半小时， 灯火通明的大楼消失了	未
最新！青岛地铁这些线路开建，15号线走向定了！	未
最新！青岛地铁这些线路开建，15号线走向定了丨11.24新闻早餐	未
最新！青岛市企业用工需求岗位信息公布	未
最新！青岛要取消老年公交卡官方回复	未
最新！非洲猪瘟疫情防控相关情况	未
最新韦州村民羊只食用黄花菜根中毒已死亡100多只，何种解药能救治	未
最新!韩永生任安徽省市场监督管理局＂一把手＂	未
最新预报！今早滁州人的朋友圈被TA刷屏......	未
最新预报：今明江苏持续中重度污染 建议老弱易感人群留在室内	未
最新预报！大雪即将抵达张家港，积雪可能达2厘米左右！	未
最新预报！罗田即将要下雪了	未
最新食品安全抽检：漳州4家企业上黑榜！快来看看是哪几家	未
最新首例基因编辑艾滋病免疫婴儿震惊全球！专家: 早有此技术，无人敢做！	未
最新：马蓉已被打伤送医院，真相扑朔迷离真假难辨！	未
最新骗局，已有多人上当，赶紧告诉家人	未
最新高速路况，请注意：雾天出行请一定减速慢行，切勿疲劳驾驶分心驾驶，关注细节，安全出行。	未
最新高速路封闭情况	未
最新高铁时刻表曝光！诸暨两个小时到黄山，沿途停靠	未
最新鲜的剩菜店主长期送剩菜给困难老人，其实都是精挑细选湖北省宜昌市钟婆婆的孙女患白血病，花费100多万，老伴又被查出患有肝癌为维持生计，她每天去菜市场捡菜叶得知情况后，社区网格员找到蔬菜店主王宏菊，希望她将每天卖剩的蔬菜留一些给钟婆婆此后，王宏菊每天将蔬菜打包 ...全文	未
最无法抵制的诱惑巧克力控的自觉转！	未
最早一批农民工，他们被称呼为盲流  弄潮儿	未
最早的！全景的！北京动车医院展示给您看！	未
最早的游戏手机是的！一定是！	未
最早的西藏人比你想的还早青藏高原发现现代人适应高海拔环境的最早证据	未
最早“走出去”的央企：中交集团建设中国桥、中国路、中国港	未
最早连载金庸小说的杂志《武林》：曾月销350万份	未
最明显的，啥事都是南周出来挑事，公知跟着起哄，记得2012年12月底最高潮，基本要翻天了//@终南刺青: 微博头几年确实是公知的黄金年代，任总潘秃谣大嘴李开腹老贺口鸟大眼于大总统作孽本群魔乱舞，随着老沉走人，芦苇被撸，这群渣算是统统凉了	未
最是人间留不住，朱颜辞镜花辞树...	未
最是人间留不住，朱颜辞镜花辞树。	未
最是老院子	未
最最标准的没见过世面的样子	未
最有远见的中国人: 收复流落十年的国土， 相当于五个日本	未
最权威的放假安排来了！国务院官方上线放假安排查询小程序近日，中国政府网正式上线 quot 放假安排查询 quot 小程序，用户通过该小程序可一键查询2019年放假安排 。该小程序可以随时查看国务院办公厅权威公告信息，还能日历直观展现假期安排，相比文字公告更加人性化，也能保证信息的真实准确。	未
最权威的残疾人低保问题解答：来自民政部官方网站的信息	未
最毁车的省油开车方法 最后一条你肯定做 最毁车的省油开车方法 最后一条你肯定做	未
最毒的地方就是那张一天到晚呼个没完没了的嘴	未
最沙雕的快递收件名大合集：我的快递竟然被「猪」签收了	未
最没必要买的保险，那是人到中年不如狗这群人生命的延伸	未
最深的孤独，是你明知道自己的渴望，却对它装聋作哑。	未
最深的相爱，读完泪奔	未
最火最难买的娃娃都在这家抓娃娃店找到了！头一次觉得抓娃娃比买娃娃还便宜还容易！听说有人抓完娃娃拿去卖玻尿酸鸭这么萌，不舍得！！！	未
最“火”消防员岳永峰的“冰与火之歌”	未
最爱宠物 狗子误跑到马路中间，情况危急，幸好有他...这几天苏州一位交警蜀黍在朋友圈火了，一只流浪狗寻找食物的时候误打误撞跑到了车流密集的马路中间，交警小哥看到后立马赶到了狗子身边，一边安抚狗子的情绪，防止它受到惊吓乱窜或者伤人，一边看着来往的车辆，避免碾压到狗子... 交警蜀黍的爱心举动获得了市民们的广泛点赞，大家纷纷为生活在一个有温度的城市而感到骄傲	未
最爱宠物 笑喷！猫头鹰为抓老鼠竟掉进油锅...前几天，在桂林做小生意的张女士在街边准备食材时，一只猫头鹰突然飞进了旁边的油锅里，幸亏当时还没开火，不然就变油炸猫头鹰了...经当地民警确认，这是一只猴面鹰，属于国家二级保护动物，推测它应该是在抓老鼠过程中误飞进了油锅...算是命大，下次千万注意了！	未
最爱宠物 警犬带头盔并不是为了装逼，而是。。 警犬带头盔主要有两个功能，一个是类似于风镜的作用，主要用于直升机空降或者风沙地区作业时防风防杂物入眼的。国外的一些类似头盔还装有皮卡汀尼战术导轨，可以加装摄像头或者红外引导，进一步提高警犬的实战作用。另一个功能就是实打实的提高警犬的头部防护能力，因为实战和训练中都发现当警犬扑咬犯罪分子的时候，警犬头部反而是最容易受伤的，甚至发生过警犬被犯罪分子咬伤的事件[捂脸][捂脸]	未
最爱的我的家人 从小到大 从一而终	未
最牛两只股票基金竟都是quot空仓基quot 躲过大跌还赚了钱距离2018年收官仅剩十余个交易日，公募基金年终排名也进入了冲刺阶段今年以来A股市场持续低迷，截至最新收盘上证综指下跌21.56，深证成指跌超30，创业板指下跌23.65在这样的行情背景下，股票型基金几乎全军覆没，获得正收益的产品寥寥 ...全文	未
最牛医学新闻一下午反转，谁来担责	未
最牛女司机！看完我都被她惊呆了！	未
“最牛开发商”赵晋名下济南三楼盘商用房退房退款工作启动	未
最牛挪车姐停车妹，没有之一！	未
最牛的死刑犯，临死之时逆天改命！	未
最牛的车牌，交警都看哭了	未
最牛股票基金是空仓基看了这个新闻，存在三个误区:第一，这是股票基金排名在有仓位最低限制，且市场热点结构性分化震荡市中，股票基金没有任何参与意义第二，要懂得对冲模式和套利模式比如ETF可以实现一二级市场套利，自己股票篮和基金套利，还有50ETF期权对冲，这是几乎是无风险的，所以这些 ...全文	未
最牛英语老师！竟把英语语法编成口诀全班53人，均分不下118	未
最牛逼的村长大喇叭广播下雪了紧急通知，全体村民赶紧看	未
最牛钉子户终被强拆，死守北京主干道7年多，400万赔偿变83万...	未
最牛题材崩了?元老级龙头批量跌停，主力资金已净卖出超300亿元	未
最特别的家乡话你们那里管图片上的这些叫什么，留在评论里，看看谁的最特别潇生	未
最狠女人董明珠：断亲哥财路，跟首富翻脸，明目张胆给上司穿小鞋 董小姐的魔法冰箱最狠女人董明珠：断亲哥财路，跟首富翻脸，明目张胆给上司穿小鞋	未
最狠歹徒！竟提着一米的砍刀挥向卡友...	未
最环保大货车，路政拦都不拦，交警看了都没话说	未
最理想的女友身材 LAKER GIRLS里不可能找不到！看仔细哟！NBA吐槽大会	未
最理想的放假生活 莫过于上半晌睡个觉觉 中午睡个觉觉 下午睡个觉觉 午夜再睡个觉觉 .	未
最疯狂的8种极限俯卧撑，逃离地心引力！	未
最痛苦的就是赚钱已经不会让自己开心但还是要继续赚钱因为没钱会不开心的日子。	未
最真实的网恋 奔现翻车现场：网恋吗我萝莉音	未
最真实的街头打架 警察一拳KO小商贩	未
最瞧不起就是这种偷鸡摸狗的人，其实在这个社会有手有脚健全人，只要勤快一点对于生存，真的一点都不难，只要脚踏实地，自己赚的钱，也花的安心，非要走歪门邪道，肯定脑子有坑	未
最硬核的导师催你交论文2014年，在瑞典隆德大学就读的伊拉克雅兹迪族（伊拉克境内信仰基督教的民族）博士生Firas Jumaah，因家乡可能被伊斯兰国极端组织占领，他赶回老家与家人团聚。有一天，他给自己的导师化学系教授夏洛塔特纳（Charlotta Turner）发消息，伊斯兰国极端组织占领了距离不远的雅兹迪村庄并屠杀了所有的男性，还奴役了全部的妇女。如果自己在一周内没有回来，他可能完成不了他的论文了。特纳教授非常生气，她觉得极端组织冲进了她的世界，并干扰了她的研究活动。于是特纳联	未
最神奇的5个交通事故，一个比一个离谱：到底怎么开的	未
最神秘部落隔绝6万年美传教士想登岛被乱箭射死在沙滩上一名27岁美国籍基督教传教士，日前划船登上印度安达曼群岛中最遗世独立的北桑提内尔岛（North Sentinel），试图与岛上原住民接触，结果才刚踏上沙滩就被乱箭射死，陈尸沙滩印度警方21日表示，已经朝杀人罪方向调查，并逮捕7名涉 ...全文	未
最祸害年轻人的3条毒鸡汤	未
最终名单	未
最终名单已更新，请大家再次确认下！！！特别是之前没收到的！	未
最终幻想15主线我玩通了。不夸张地说，把毛巾哭湿了妈呀_(:))_片尾曲这里放照片我真的受不了代入感太强而且我选的带走的就是一开始在锤头鲨拍的第一张合影啊啊啊啊啊啊我的诺克提斯，我的小王子，宁愿他永远是个任性无能沉迷钓鱼的熊孩子。	未
最终归属，今晚揭晓！	未
最终成为野兽的我们（绝望）	未
最终，我们都只是故事。We are all stories in the end.	未
最终打了下面的电话//@哼格林:后续查看图片	未
最终让你难以忘怀的，并不是某个谁，而是当初为之倾心，不顾一切的自己。	未
最终还是要推动立法。香港日本都有惩戒虐待动物恶行的法律，麻烦有司向周边看齐//@设计系奶子://@麗芙Lif:看哭了心里很难受不过作为五年闲鱼塘主也和官方问过相关类似事件，表示平台是无法监管的，因为目前没有对非保护动物的保护法律	未
最终，霍金最可怕的预言成真了，后果不堪设想！	未
最缺医生的，恰恰是老百姓理论上最经常去的基层医疗机构。作者：徐子明 中国有多少人看不到医生大象公会	未
最缺德的行业！	未
最缺德的行业曝光，传疯了	未
最美新闻人 山东青岛公交车上一位老人因腿脚不便，尝试几次都无法系上松开的鞋带旁边年轻女乘客主动蹲下身子将老人松开的鞋带系好，之后又将老人另外一只脚上的鞋带松开，重新为其绑好，在确保老人两只脚的鞋带都系牢后，她才匆匆拿起自己的物品下车视频被上传后网友纷纷开始寻找这位最美弯腰 ...全文	未
最美的新娘：一男子在海水浴场游泳时突发心脏病，远处正在拍婚纱照的护士新娘见状跑过来急救，跪地二十多分钟这样的画面总让人心暖，世界上还有许多真善美	未
最考验人品性的，往往不是看他春风得意时的善举而是看他失意时，如何安放善良	未
最耽误年轻人赚钱的3条毒鸡汤	未
最能喝酒的欧洲国家榜单出炉quot清醒的俄罗斯quot运动的专家们发现，哪些欧洲国家在酒类消费和因喝酒导致死亡方面名列前茅。网页链接	未
最落魄时捐献全部积蓄，最红时荒野捡垃圾，10年为公益！	未
最被嫌弃的极地大乱斗英雄有一部分英雄，是在大乱斗里无论如何都要换掉摇走，不然就秒退的英雄乌迪尔和雷克赛在大乱斗里出现的几率不足1，那么 你最嫌弃哪个英雄	未
最让人猜不到的脑筋急转弯，狐狸为啥站不起来	未
最让日本害怕的4个国家，美国排第三，第一名让日本怕到骨子里！	未
最讽刺的是留言网友的名字叫做Kevin King，还给自己的姓翻译成了英文	未
//@最诗词:舵爷还想去消费以股票抵资	未
最贵的女人，是沉默无声（深度好文）	未
最贵豪车索赔案反转 1650万quot泡汤quot车主quot倒贴quot20万还记得贵州宾利车主的那场史上最贵豪车索赔官司么车主杨某花550万元购买了一辆宾利慕尚，偶然间发现这台英国进口新车之前却有过大修记录，遂将经销商告上法庭。在一审和二审中，法院均判定新贵兴公司（经销商）存在欺诈行为，除了给车主退车之外，还要承担购车款三倍（1650万元）的惩罚性赔偿责任。然而，这场社会关注的退一赔三案却在最近迎来了大反转结局。详戳最贵豪车索赔案反转1650万泡汤车	未
最贵退一赔三案尘埃落定，最高院首次明确汽车流通欺诈认定	未
最赚钱、最抢手、最坑爹......今年的打新之最，你中了几个？	未
最近18年来各年最后一周股市表现。	未
最近3件大事暴露了海沧教育的真相，看后有一万个想不到	未
最近7场比赛球哥的三分31中7，22.5的命中率，但却有着14的正负值！	未
最近，一个机构坑了21名中国富豪2.3亿巨款，原因仅仅是为了一张绿卡	未
最近一些消息，说英法日澳都提出拒绝我国电信设备，德国也在讨论。大数据时代，信息和隐私也是武器，会倒逼通信运营商结盟站队，彼此价值观差异越大，就越难以信任。逆全球化首先是通信设备的各自为战，华为中兴成为贸易战首轮热点也是必然结果，还会持续热点。虽然说有约定协议不看隐私，但这个很难完全避免，比如手机定位，就可以看出来繁荣程度和人员流动，群体支付特征可以看出来经济指标。前段时间有大佬说沟通不用微信，因为怕马化腾看到。包括美国棱镜门也是如。 以后信息和数据会越来越重要，5G时代可能连总统健康水平，甚至行车路	未
最近，一位华为男在华为专属的心声社区发了一个贴子，晒出自己卖四套房等待抄底A股的经历，操作真的是666	未
最近，一位母亲给四个儿子的遗书刷爆了朋友圈，无数人看完后红了眼眶：谢谢你们照顾我，但我后悔生下了你们儿子们：今天六月初六，我过了80岁生日，也就是说，我活了整整80个年头了这么长的岁月里，我生了你们4个，又帮你们带大8个孩子，也就是说，我这一生，用一双手，亲手抚 ...全文	未
最近，一场关于生物质乙二醇有关专利的掰手腕战正在中科院大连化物所与某欧美企业之间上演，该企业为了将来能免费运用这项专利而对其进行无效宣告，然而在大化所知识产权团队坚固的堡垒面前，对手也无计可施。十余年耕耘，大化所竭力打造知识产权舰队，为科技研发保驾护航！网页链接	未
最近一年多来，路面喷水好像越来越频繁了这是为了把灰尘暂时固定在地面上吗	未
最近一段时间家里用水越来越多，直到发现了这个	未
最近一段，雾霾天气多了，我们该咋办《健康鹿邑》第31期	未
最近一直在日本比賽 很少陪伴家人 每次回家都跟住在飯店差不多 回家沒兩天就又飛到日本比賽前陣子其實小愛特別辛苦 有一天小愛要回去日本工作我送她到機場 小愛突然跟我說，她身體不舒服很想吐 我心裡第一個反應懷孕了嗎我二話不說，馬上去買驗孕棒 直接在機場廁所驗看看是不是真的 ...全文	未
最近三次衰退前收益率曲线均发生倒挂：19902000和2007年	未
最近三江县这两起行政拘留，让人哭笑不得！	未
最近上下班路上已经能看到威马在跑了，有没有选装了柴油加热包的，说说柴油加热对续航影响多大使用体验好不好	未
最近下饭看的毒枭.... //@林熊猫:B站纪录片频道是下饭神器。	未
最近不大，能用到的领一下 8925425	未
最近不是想换工作吗找了一个合适的，给太阳按开关。上班晚，早上醒了慢悠悠骑共享单车去单位，咔嗒一下把太阳打开，天亮。下班也早，五六点钟就能结束了，关掉太阳打卡，打完卡还能找朋友出去喝一杯。打算今年冬天就干这个了，希望大家监督我不睡懒觉。	未
最近专心祸害我枕头的居居噗	未
最近两个月5g最妖标的都在这里了，连分析师都看不懂为啥涨	未
最近两天，寨南村正在进行垃圾清运	未
最近两天把机器人游戏通关，下午还是塞尔达i晚上还是吕鬼。	未
最近两月要去泰国的来看看	未
最近两次都还需要一张纸条。不过还是方便，我宁愿电子登机牌纸条。	未
最近，中科院苏州医工所通过影像组学的应用，构建出一种新的肿瘤生物特征无创评估模型。利用这种模型，以往必须通过手术穿刺等侵入手段才能获取的一系列肿瘤病理指标，仅通过拍摄磁共振影像就能获得。目前，这种新方法的有效性已在100多名直肠癌患者身上成功验证。网页链接	未
最近九台朋友圈刷屏的霸屏天下已被新闻曝光，都看看！	未
最近书荒嘛这里找找看有没有你喜欢的	未
最近，交通银行发生了一件大事！	未
最近会主动发信息告诉你下雪的人，心里一定有你。	未
最近体型大的动物都能火！越南一位供应商最近从一位柬埔寨渔民手里买到了一条巨型鲶鱼，这条鱼长2.5米宽1米，总重达480斤因为鱼的体量太大，这也在当地引起了不小的轰动，好多居民都跑去观看最终这条大鱼卖了7000万越南盾（约2万元人民币）	未
最近你梦寐以求的东西 会来到你身边	未
最近俩月，我发现自己到哪儿就强降温！我现在正在担心一会儿到了成都，会不会直接飘雪特别是对于我们这种单裤加卫衣的人，明显是伤不起的！ 广州广州白云机场B区跑道	未
最近做了个梦...太吓人了...转发关注@I-ROCKS 抽一把Ta-70圣诞节特别版键盘三个老WE队员签名背包提前祝大家...新年快乐	未
最近光顾着发红包，你们也扫一下我的码领红包消费一下吧	未
最近全球资本市场四面楚歌，腹背受敌！十面埋伏 (琵琶与鼓)	未
最近，六个在游戏里相识已经认识五年多的网友成功面基了！他们彼此离得很远，但因为其中一个小伙伴患上了恶性肿瘤，其他五个朋友决定跨越远距离去探望他给予他支持，很多被感动的网友也分享了自己跟网友的故事，这种友情真的很温暖很感人了	未
最近冷的要死！马一下！	未
最近几个星期，我每天起早写文章都要加上一句话，必须严格控制仓位，唉，真的不愿看到这个局面又来。具体原因我们也在文中讲到了逻辑。	未
最近几天，中国三座动物园的三位动物明星相继陨落。它们都进入了各自城市的记忆，代代相传。	未
最近几天，南宁这些路都封了不能走！出门之前记得看看！	未
最近几天湖南农业大学校园赏枫游客暴增，爬树的摘树叶的农大同学表示每年这个时候都很受伤长沙身边事	未
最近几天，澳门二龙喉公园有一个特殊的追悼会。大家追悼的是亚洲黑熊BOBO。1984年，澳门政府从一家餐馆中救出了一只小熊，这只差点被吃掉的亚洲黑熊就是BOBO。34年来，它一只居住在二龙喉公园，成为了澳门人的朋友。BOBO和大陆也有缘份。澳门回归后，@北京动物园微博 曾送了一头雌性黑熊到二龙喉公园，两园就此联姻。2018年11月20日，35岁高龄的BOBO病逝。随后，BOBO的笼舍就变成了纪念地。园方赶制出展板，介绍BOBO的生平。人们带着花画和信，乃至气球胡萝卜棒棒糖，放在这里向BOBO道别。笼	未
最近几天直邮采购图1	未
最近几天直邮采购图2	未
最近几天直邮采购图3	未
最近几天直邮采购图4	未
最近几天采购图	未
最近几天。//@飞岭呵飞岭：今晚秒了两幅。@于建嵘还想要团山洱海斜阳峰这一线的画，于老师什么时候带队去	未
最近几次我们家热评都有问题，明明赞更多但是却不是热1，看一下问题在哪里	未
最近，凤翔人都在用手机干这件事，你知道吗	未
最近到底有啥事牵动着80万金山人的心	未
最近到过年都会很奔波	未
最近刷论坛时，看到一位男网友找对象的帖子，看完他列出的自身条件，以及对另一半的要求后，你有何看法如厕必备读物	未
最近力度挺大，可以一试！8925425	未
最近包比较大，过了0点又可以领新的记住zfb搜索 563909036	未
最近包都很大，支.福-宝搜索570898914  ，来试一试手气	未
最近包都很大，支.福-宝搜索590384729  ，来试一试手气	未
最近半年吧，都在不断的跟朋友，同行，粉丝，渠道等各方解释，大师兄，板王，牙财经，宇飞，还有很多你们不认识的合伙人，他们都是老板，都在独立运营不同的项目，经营他们自己的公司，很多事儿问我我是真不知道，找我我也说了不算这应该是第4次发声明了吧昨天有两个朋友，都希望我安排某某 ...全文	未
最近，南昌人都在议论的这件事，到底是啥	未
最近去东北看雪的人可真多啊	未
最近去日本玩一定要吃草莓阿！！到处都是草莓限定	未
最近去泰国落地签的亲们说一下拥挤吗出关要多久	未
最近去阿拉尔的注意，这条主要道路已经封路啦！	未
最近又偷偷积累了一大堆猫咪表情包	未
最近又胖了，别问我怎么知道的	未
最近发布！绍兴每33户家庭就有1户资产超600万	未
最近发生在鹤壁这个学校的事儿	未
最近取消公交爱心卡的呼声越来越高，究竟怎么回事	未
最近，台商区党组织都在做这个事	未
最近听到一个什么毒鸡汤，说什么飞机头等舱可以优先登机，却无法提前到达银行有VIP柜台，却不能多取一分钱说说我的看法啊同一架飞机的头等舱乘客是没法比同飞机的其他乘客提前到达，我要想提前到达我就定更早的航班了我要头等舱就是想要个宽敞舒服的乘坐环境，以及之前办登机牌托运登机 ...全文	未
最近听到一个什么毒鸡汤，说什么飞机头等舱可以优先登机，却无法提前到达。银行有VIP柜台，却不能多取一分钱。说说我的看法啊。同一架飞机的头等舱乘客是没法比同飞机的其他乘客提前到达，我要想提前到达我就定更早的航班了。我要头等舱就是想要个宽敞舒服的乘坐环境，以及之前办登机牌托运登机都不需要排太长的队。只要能比同飞机的人早登机早下飞机就足够了。要想早到，定更早的航班就可以。至于银行那个，就不用说了，大家都明白什么道理。没别的意思啊，不是显摆什么的。有的鸡汤能沁人心脾，有的能麻痹灵魂。这些毒鸡汤都是编来骗别	未
最近咨询私信真的有被各种复合的消息冲击刷屏，也确实很多旧友会恢复联络，但真的真的好心提醒大家最近是在水逆期，复合需谨慎呐	未
最近因为大家都在帮我打榜很多买家兽都看不见啦，大家可不可以再艾特艾特我呀。@有姨说一 来发小红包	未
最近图片被使用的频率越来越多，被粉丝发现的次数也越来越多，毕竟世界很小。说了这么多，还是希望自己的劳动成果被尊重，希望使用时注明来源。	未
最近在北京街头打车，意外发现在后视镜上挂一串红珠子的黑车多了起来，刚才从我身边就过了五六辆，只几分钟时间。这些车的报价是一般出租的一倍。把外地人赶出共享汽车的市场，结果是马上用黑车来回应了，更无管理，更高价格，更不安全。 北京  CBD	未
最近在忙一些零售的事情，估计还有两天左右搞定，昨天写完R17 PRO的视频稿子，今天把素材拍完了，估计也是后天搞完一个人做内容蛮辛苦，分心卖鸡也会经常拖慢进度。生活就是这样，艰难复杂但又不得不面对	未
最近在更新2019的洛杉矶Why旅行指南，发现工程浩荡惊人多次想弃笔，所以急需鼓励	未
最近，在由日本10代女子（满10岁未满20岁的女孩子）选出的2018年上半年流行的事物排序中，荒野行动与Tik Tok贡茶一起占据了前三名，这种现象导致国内不少人感慨：刷dou音，喝贡茶，玩荒野行动，日本女孩子和我表妹没什么两样	未
最近大佬们说的话一个比一个惊人 微博赚钱季	未
最近大家最关心的问题莫过于跨年的天气了。根据气象局预测，今年跨年碰上冷气团，除了会冷之外，因南方有水气北上，覆盖全台，曙光可能都难见。跨年假期，尤其是跨年夜元旦全台都将感觉湿冷，有安排活动的人，要有心理准备了。雨天备案网页链接 晚安。	未
最近大家貌似很容易感冒 老奥的宝宝们要注意添加衣物，不要感冒啦，喝点预防感冒的药，注意锻炼身体哟12月，你们都要给我好好的	未
最近大家都在弄雪幽魂清姬，其实就算面板很差也不要紧的，稍微计算了下，1）50命中的土蜘蛛雪幽魂和200命中的雪幽魂控制概率一致，2）忽略小怪抵抗的情况下，50命中的土蜘蛛雪幽魂控住小怪的概率是83.36。按照期望来说，五六个怪会漏控一个。虽然小怪肯定带有一定抵抗，但是一速清姬也可以多几轮控制，漏控的小怪如果攻击输出还会触发输出的荒骷髅25增伤。土雪清姬套装比属性更重要，四五星的御魂也是可以将就的。	未
最近大家都在玩ZEPETO啊！安利大家一个画风不一样的捏脸游戏叫Monster Girl Maker，制作出来的形象是这样的，我捏的不太好看Monster Girl Maker是没有社交功能的，只能单纯的捏脸，但是可搭配的元素很多，画风也诡异的可爱	未
最近大火的成都七中有个最牛班：搜狗CEO王小川腾讯公司COO任宇昕等都是这个班的	未
最近天气太冷活太多，视频稍微晚点	未
最近天气温度直线下降，乐粉儿们请记得：上身毛衫棉杉棉毛衫 下身毛裤棉裤棉毛裤哦不过再冷也别忘了来瓶可口可乐取取暖哦可口可乐带你畅爽寒冬！	未
最近天津会集一大波年轻人，凭脑力解决生活难题	未
最近央视315记者应该都快卧底结束了	未
最近，夹江人都在找的红衣女子！蜀黍已经帮你们找到啦...	未
最近好几个朋友在深圳买新房，买二手房已经不划算了，甚至好几个都准备买盐田和光明了。深圳尚且如此，二三线城市的非核心区的二手房哪来的基本盘	未
最近好多虹桥人反应，家附近的电线都不见了，原来是......	未
最近好心人太多也不知道是谁往家里寄了个空气净化器问了一圈都没人承认还是谢谢啦不过不知道谁送的 细思极恐	未
最近媒体曝光的瑞幸咖啡B轮融资商业计划书，因为前9个月瑞幸咖啡累计销售收入为3.75亿元，毛利润为-4.33亿元，净亏损8.57亿，瑞幸咖啡官方还回应，全年亏损额会远大于这个数字，引发了很多相关的争议和讨论，虽然总体看还是自媒体蹭热点居多，但有些事情，还是需要做一些正确的分析和解读。  ...全文	未
最近宁县来了一大群人，带着长枪短炮，还有航拍器	未
最近宁波天气萧瑟，你给凛冬加 色了没12月21日，MAC魅可宁波天一银泰盛大开业，玩色之徒，无色不欢燃情玩色，玩得有深度，更有温度！为期一周的现场活动，除了有DJ激情打碟帅气外模互动，更有缤纷好礼任性送。更集结了众多人气美妆达人现场极限玩色，掀起年末最有温度的玩色狂潮。活动将持续到12月27日，想知道你的好色段位有多高，去到现场便能见高下。	未
最近，安徽这位书记红了！	未
最近，宜春朋友圈疯传女学生在老农业局对面被撞，真相是	未
最近实在丧到不行，狮子大大快救救我纪录片王朝	未
最近小盼出差了，也没时间更博。不知道发点啥，就给大家分享一下今天的晚餐吧 厦门	未
最近川哥接到不少职场困惑求助，为什么原本看起来没什么差别的人，毕业几年时间后，差距却这么大今天这篇文，川哥帮大家进行了解析，期待能给你带来启发，也希望大家都能过上自己想要的生活。 毕业五年，同学间为什么差距越来越大	未
最近工作太累了，和闺密在富士山过个周末 顺便直播一下，一定要看哈哈 住的是10月刚开张的 河口湖 Fufu酒店。据说是目前河口湖地区最高级的。直播预告，12/8 北京时间 13:45分开始	未
最近开始锻炼了朋友们，为了八块腹肌，我已经两天没喝奶茶了	未
最近开车太危险！冷冷冰雨中，这几件事很多车主都没做好	未
最近很多人去芬兰吧	未
最近很多人要，19.9入手，罐头类的我说下，出现储存问题，生锈了，胀气了，一定要拍照售后，光嘴巴说坏了没用，任何东西都是，记住拍照留存证据，记住了哈，很介意铁罐的，建议还是买玻璃罐哒！有人喜欢，有人不喜欢，自行斟酌！	未
最近，很多供电员工都收到一样东西	未
最近，很多南阳人都在为别人送一样东西，据说收到的人很	未
最近很多火 朋友工厂都有 喜欢哪个加薇：y89795676	未
最近很多自媒体和网友都说插电式混动车以后不属于新能源车了，实际上并不是这样的，看看到底是怎么回事。发布了头条文章：《辟谣！插混还属于新能源车 解读汽车产业投资管理规定》  辟谣！插混还属于新能源车 解读汽车产业投资管理规定	未
最近很流行这个逮虾户	未
最近很火的一段微信，转给你看看！	未
最近很火的早起打卡挑战还能赚钱，居然很多人还不知道	未
最近得严防死守注意非洲猪瘟啊//@战争史研究WHS:	未
最近微博官方有一个活动，只要我每天完成一个指定任务，就可以在我当天发的一条里，抽一百的宠粉红包，所以这几天我微博你们盯紧了，说不定哪条就有隐藏红包	未
最近，怀集每个家庭都在讨论这件事！你了解吗	未
最近怎么了，恶性事故此伏彼起张家口一化工公司附近凌晨发生爆炸致6死5伤11月28日凌晨，张家口市桥东区大仓盖镇盛华化工有限公司附近发生一起爆炸事故。事故造成6人死亡5人受伤，伤者已送往医院救治，现场已无明火。事故原因正在进一步调查核实中。（张家口发布）	未
最近，成武对学校周边这些现象进行清查！	未
最近成都开始降温了，今天最低气温4度，羽绒服可以穿起来了。你们那里多少度呢	未
最近成都开始降温了，今天最低气温4度，羽绒服可以穿起来了你们那里多少度呢	未
最近我们全队在君泽的家乡海南进行团队建设[给你小心心]	未
最近我总是这样穿着泳裤，看到景区的大海就跳进去。 三亚  三亚湾	未
最近我总觉得，工作室门口特别干净可能是物业的保洁阿姨越来越认真负责吧我这样想着直到前期哥今天跟我揭穿了真相工作室是玻璃门源氏老蹲在门口物业的保洁阿姨，的确对我们有特殊照顾因为她会假装拼命地拖地，实际上，在逗猫行吧	未
最近我真滴有点忙，有好多奖品还没来得及寄给你们，等我等我等我	未
最近我（等于）赚了很多钱，因为没有炒股。	未
最近打算去趟郑州，去看看那里去现在最贵的日料和西餐是什么水准了啊	未
最近收到不少私信和留言，希望我能说说广州14-1行的事。这两天风头稍微过去了些，我悄悄说一下吧。我不敢说，首先是我并不太了解这件事的始末。其次我所在的一个群里，工作人员明确要求，这个话题是不能说的。最近抓得严，其他类的也最好不要讨论不要转发。这个号我想留着和大家吹牛打屁逗趣，不愿意轻易炸了。所以只能谨慎些。你们想想看，营销号和大V们，有谁在认真深究这件事也许真有冤情，也许只是怕y情无法控制，总之上面那只手盖下来了。再多的讨论和观点在铁腕面前都软弱无力。此事只能言尽于此。我们想窥探真相或者伸张	未
最近收到超级多表扬但大家不要只私信和评论，一定写到评价里	未
最近收到这条短信，千万别点！已有多人中招！	未
最近整理旧照片的时候又看到这张，想起那天小姑娘冒着大雨救下了一只路边的流浪猫，不知怎么的，让当时心情阴郁的我又明朗了起来，温暖其实从未离开你也有过类似的经历或感受吗把你的照片和故事在评论区分享出来吧！12月21日上海，佳能记录，美好时光影展，愿每一份温暖的记忆都被铭记！	未
最近，新兴大街小巷被一层粉红笼罩住，你看到了吗	未
最近日常。1. 感恩节当天早上起床，发现餐桌上摆着一盒巧克力，小星在收据上草草写着thank you for giving me my baby！一看就是带娃间隙随手划拉的两笔。（小星：送巧克力肯定不出错！2. 和小星的二人感恩节晚餐。把娃哄睡后煮了火锅，一边看着宝宝的监控一边吃完。没有了往年呼朋唤友一起roadtrip滑雪火锅的热闹，简简单单一家人的节日也有不同的幸福感。3. 小哥俩再次会晤！这次俩人终于意识到对方的存在了，懵乱中保持着友好和礼貌。。。拍了不少视频等着发vlog！图9是今天收到的一部分	未
最近日本也步入了德国的后尘，被迫吸纳护工移民，没什么办法。不过我对护工行业在国内的发展并不看好，主要是我国的70后多数都不可能用得起护工。高端养老体系可能会直接吸纳护士。养老真是贫富差距最直观体现。	未
最近日本雅虎新闻制作了一期特辑，专门追踪福岛核事故污染物的处理问题，结果令人震惊	未
最近是搞团购么，这么多GT2GT3，那谁新到的GT3是不是该拉出来拍个写真了	未
最近有不少朋友都在问我有关于2019赛季的计划，在这里统一答复一下其实在过去的若干年里每年到这时候我就早已确定第二年的参赛计划了，今年是唯一一年拖到十二月份还没有确定第二年的具体计划的，但是现在我可以告诉大家的是，明年我将会继续第四年效力于@兰博基尼 ，并且继续驾驶厂队赛车征战于顶 ...全文	未
最近有两个新闻，串一下：1进博会最大的商品金牛座龙门铣落户江苏某民营企业，机械进出口公司未透露该企业名称我老师说，这么大的家伙，可能是工业母机换句话说，这货有可能是生产高精度机床的机床个人认为，除了生产机床之外，还可能用来生产一些大型部件，比如说大型船舶的部件212月 ...全文	未
最近有些人问我想做什么，我想做的是新东方老虎基金思多金对应着投资界的新东方，混创对应着老虎基金老虎基金曾经是美国最伟大的对冲基金之一，现在是一个美国的私募基金经理平台正常人当然会觉得不可能，不过做投资需要想象力，经营事业也需要想象力，我觉得我的特长是逻辑思维能力和想象力 ...全文	未
最近有什么烦心的事写在评论里，给热心回复的人点个赞吧	未
最近有各种谣传，国际风云多变，务必谨言慎行，不传谣不信谣，努力搬砖，共克时艰，妈妈从小教育我们国家大事不用你瞎操心，也与你关系不大，但胡乱评论国家大事就与你有关了。	未
最近有没有什么小心事梨茶话会	未
最近有没有旅游计划啊分享一下呗	未
最近有点乱，当然更重要的事是在80多天之后。	未
最近有点忙，这个话题等我慢慢写一天操心你们找工作还要担心你们走歪门邪道	未
最近有谣言说我喜欢你。我必须出来澄清一下，那不是谣言！小王ji今天撩了吗	未
最近机票价格大跳水！出疆部分航线票价低至1.9折！	未
最近，杞县这些姐妹大妈们火了！！！	未
最近松原朋友圈刷屏的霸屏天下已被新闻曝光，都看看吧！	未
最近，梅州被一层金黄笼罩，朋友圈都刷爆了！	未
最近正在操心的事情都会解决	未
最近水逆严重，转发后一切都会变得好起来的。	未
最近沉迷于《塞尔达传说 荒野之息》的世界不能自拔	未
最近没什么好刷的，新浪又限我流，打算收拾收拾猫冬了2333	未
最近没有伤春悲秋，忙着冬眠。	未
最近流行的四分之三妆容你学会了吗？泫雅和蔡依林已经上手了！	未
最近海王火到不行，不过看了有个问题，海王刀枪不入，那么请问纹身怎么来的	未
最近热论的基因编辑到底是啥点进来一目了然	未
最近爆红让阿姨活不下去的14岁男孩，没错14岁！是男孩！	未
最近玉米酱去了一趟伊豆 。多少日本文人墨客曾经去过的小城，也有歌曲唱了背山面海的伊豆的温泉。日本伊豆半岛 距离东京大概3小时左右，坐新干线转车伊豆一班观光列车。川端康成笔下伊豆的舞女。夏目漱石曾经住过的酒店。远离各大城市东京的喧嚣，这里有山也有海，每一帧风景，都宁静的像一幅画一样。列车穿过大山洞而来，看得到秋天的红叶换上浴衣，代表冬天的黑色浴衣，黑金团鹤加上银簪，小步慢慢行走在海边。真是把自己当作伊豆的一位小舞女了。随处一张照片都好看，透过窗户，仿佛自己回到了江户时代。真希望在这个宁静的地方多带一	未
最近，瓜州的小伙伴业余时间都忙着走近科学	未
最近白天都昏昏沉沉的 连续看了两个刑侦cpy 做梦都在破案	未
最近的一些事情让我觉得吃瓜可以 但保持理性和独立思考也是要的啊 如果听风就是雨 只会被居心叵测的人拿来当枪使 变成免费水军也没钱拿 真正的赢家躲在屏幕背后别提有多高兴了呢	未
最近的出门御寒方式 没条棉被不敢出门 微博视频	未
最近的北京，又迎来了大霾天！一不小心雾霾成了我们生活中必经的一部分，甚至大家还开玩笑的把它立上了第25个节气立霾，这一天，人们都尽量在家中不出门，以躲避传说中的怪兽霾，然而生活在北京的我们，对抗雾霾到底有什么妙招呢让芭姐来告诉你吧！ 北京抗霾指南	未
最近的天气让小天变成起床困难户	未
最近的新闻看的我只有一个评价。绝了。	未
最近的案子让人心寒，很多事情不方便透露，我只想对女孩们说，要保护好自己，关键时刻一定要勇敢，有条件的可以去学下防身术。还有做了妈妈的女生，一定要保护好自己的孩子，守护他们天真的笑容，有些童年阴影是一辈子的。性侵虐童请重判好吗	未
最近的比较大，领一个用吧。	未
最近的热图合集 收图右下角	未
最近的瓜确实多	未
最近的红包比较大，赶快领吧。	未
最近的节奏就是忆往昔。	未
最近的苞娜 真的好绝哦！	未
最近盛行董秘风，临港这董秘临差不多半年没更新互动易临近周末，终于开说了。。上海临港 sh600848	未
最近看到了一条新闻：2018年1月8日，河北唐山取消了公路收费站，收费站的员工找领导讨说法。其中一个大姐说了一句话，成为今年最火金句之一：我今年36岁了，我的青春都交给收费站了，我现在啥也不会，也没人喜欢我们，我也学不了什么东西了。36岁，大姐你已经活到了人生终点，这话让人不寒而栗。活人能被尿憋死，真的。	未
最近看到很多人在说一个新的名词说中国是一个「互害型社会」。我觉得说这些话的人都是公知根本没有反映真相。世界上唯一纯正的互害型社会是日本。无论你在车站还是商店或者甚至街头你天天都会看到很多人互相鞠躬嘴里不停说！这才是名副其实的互型社会。蕨代灯谜	未
最近看文感想我应该在车里，不应该在坑底	未
最近看经济危机和金融危机的越来越多，真熟悉，相信明年这种声音会更大，然后夹头变为趋势派，纷纷割肉，老话说的好，底是割出来的，不是抄出来的。	未
最近真的很少看新闻有长舒一口气的感觉。看的很安心。可以耐心等明天新闻了。	未
最近着实有点累，趁着周末把自己吃饱吃爽，下周要和你们宣布一件大事！	未
最近研究了一下4Runner，和FJ一样的4.0配5速变速箱，同样分时四驱带后锁带A-TRAC，很多配件和FJ通用，基本就是个4座FJ，下台车如果我需要一台后排能坐家人的车这个是我重点考虑对象。（我是典型的喜欢小众车普拉多和陆巡太常见了很无感而且它比普拉多看着更硬派）@方成说进口车 @高彦Will 这个现在你 ...全文	未
最近研究表明雾霾颗粒会进入大脑！	未
最近磨砂膏的风吹得有点大于是乔一就搜罗了各大网红热门款磨砂膏来给你们分享因为冬天身体皮肤很容易起白屑死皮嘛，摸起来很粗糙所以一定要时不时用用磨砂膏祛祛角质祛祛鸡皮啊，皮肤才会嫩滑吹弹可破嘛你们可以参考下种颗小草哇	未
最近空气这么差，购买空气净化器一定要擦亮双眼，毕竟一分钱一分货，同时也要看看各方面的参数。网页链接	未
最近红包很大 可以吃夜宵了！//@翠大腿：醒来发现是被善待的一天 查看图片	未
最近红包还都蛮大的	未
最近经过这里要注意！威远人都爱去的这个地方正在...	未
最近缺钱的一定要转	未
最近网上流传着这样一些动图，哈哈看完神清气爽每日笑话微博	未
最近网络上时常能够看到大家对于环境污染的各种吐槽，雾霾严重空气质量变差...我们究竟该如何从身边下手，为改善环境出一份力看这些由快递盒改造出的小小艺术品，有流浪猫窝也有可以摆放家中的装饰品...谁能想到，它们的前世今生竟然可以经历如此的天壤之别！别吝惜你的才华，大胆地动手吧，让身边更多人能够看到千禧一代正有为！	未
最近老有人私信我接不接内衣推广可我都不穿内衣的80胸围都没有没有，穿什么都会往上滑，120斤的时候也没意见胸变大，脱了衣服像个有着啤酒肚的中年阿伯	未
最近股市很火。一哥们儿平时不怎么碰，一天却心血来潮问同事：你们股民炒股最怕什么同事回答说：跌！哥们儿顿时开怀大笑：嗯，儿子乖	未
最近肺炎太凶猛，这些信息你一定要知道！	未
最近胖了我要下蛊了...把双下巴转移给别人 有需要的来来来一起	未
//@最近脑洞有点大:民族英雄//@月刊勇者KuMa君:挺有意思的人	未
最近自媒体行业有很多变化，很多管理严格了起来如果你放开到一定时间去看，类似的事情发生在很多领域和行业比如之前的环保检查，娱乐圈的税务风暴，包括房产金融政策电商法实施等等，被管理的行业其实相当之多，而这背后的一切其实总结下来却可以有一个共同的趋势解读，那就是合规  ...全文	未
最近花钱有点多，下面要省钱了，好过年。艰苦朴素自在年。	未
最近，莱州家家户户都开始忙活这件大事了	未
最近菏泽多个大型商超全是人人人人人，你一定想不到都是为了这个....	未
最近，蔡甸此地被盯上了，它的影响或将变大！	未
最近，蜀黍发现家中被盗的警情多了不少，那么平时该如何防范呢，快看看蜀黍为你们准备的小妙招吧	未
最近街边店生意越来越难做，店招全街面统一失去辨识度，门窗必须常闭香味不能飘出来，广告灯箱不允许悬挂，海报展板一律没收。实在没有办法，到网上查查政策，结果看到这篇报道。按照这个标准，绝大多数文案都该抓去坐牢。这个政策如果全国推广，连我的品牌老司鸡本身都涉嫌违规。越发感到，在中国谋生不容易，文明城市创建了一轮又一轮，能整治的地方都给整治了，有时候啊，这没地方整治了，没办法出新政绩心里着急啊，他们还会进一步开发大脑，努力发掘可以整治的地方。	未
最近被刷屏的表格	未
最近被改革开放40年长长长图刷屏了！来源人民日报	未
最近要不要卖粮我给大家两个忠告！	未
最近认识了一个波兰朋友我一看到他就忍不住说一句话他都烦死我了	未
最近，这个027开头的电话荆州伢一定要接！	未
最近这个15岁的日本美少女被刷屏了，男网友大呼：我的梦中情人！	未
最近，这个电话5882 3888，快被打爆了！你打过么	未
最近，这些江阴籍的大咖给家乡来信了......	未
最近这些红马甲遍布了青州所有的小区，你见过吗	未
最近这几张图片刷爆了博野人朋友圈 都看看吧！	未
最近这图很火啊。	未
最近进展来了！地铁11号线4号线有了新动态	未
最近部分地区有洪水，有人拍到一位大哥在洪水中赤脚买啤酒，网友尊称他为国民壮士，风雨再大，啤酒不可不买，头身可湿，啤酒不能湿	未
最近部分地区有洪水，有人拍到一位大哥在洪水中赤脚买啤酒，网友尊称他为国民壮士，风雨再大，啤酒不可不买，头身可湿，啤酒不能湿 美食	未
最近都在枫传婺源，只因她美若天堂！	未
最近都没有詹姆斯小公主的消息了，今天一次看个够！	未
最近金星是晨星，也就是启明星了，天天早上起来都看她一个星星在天上挂着，特别亮，特别孤独所以孤独看那定是因为长得好看吧	未
最近问我植发广告和假潮牌广告做不做的也太多了8！能不能来点儿别的我能接的让我水微博	未
最近陇南徽县各小区正在陆续供暖，原来都是这样的...	未
最近除了工厂就是医院把一整年拉下的体检做一下年底了大家也记得做个全面的体检	未
最近   雁城很多小区都出现了一副这样的宣传画	未
最近雾霾有点大，我想去奉化清清肺！   这几天朋友圈里的奉化又火了！	未
最近领的比较大，吃饭可以用	未
最近风波不断的招商贷出台兑付方案了	未
最近魏县人的朋友圈都在热传会稽山，听说它和冬天最配！	未
最近，黄河岸边的一个山西姑娘刷屏了！很多人看完了都想来...	未
最迟下个月！南京市民可半价游黄山啦！黄杭高铁下月即将通车，南京市民凭本人身份证和去黄山市的高铁票，在黄杭高铁开通后半个月内，可以半价游黄山风景区！开通后一直到明年2月28日，还可以半价游其他A级景区！赶紧艾特你的小伙伴约起来吧！	未
最“通畅”的10个城市 有6个在江苏	未
最遭骂的8大开车恶习，快来看看你有没有中枪！	未
最长13小时！下周一起，肥东这些地方要停电！快转告亲戚朋友	未
最长13小时！明天（27日）渭南这些地方要停电！	未
最长停电11小时！明天起乐清这些地方要停电，有你家没	未
最闹心的烦躁是，你根本不知道自己究竟在烦什么，无缘无故的就全身负能量爆棚。	未
最难不是脱单是上下班重庆生活	未
最难受的思念，不是对方不知道你的思念，而是他知道了却无所谓。	未
最难受的感觉不是成为陌生人，而是逐渐陌生的态度。	未
最难对付的对手不是别人，正是自己。	未
最难找的民间偏方，药到病除！为家人留着吧！	未
最难找的民间偏方，药到病除！为家人留着吧	未
最难测的就是人心。	未
最难渡的是情劫	未
最难过的 不是大吼是痛到深处喘不上气 手抖连泪都忍着 。	未
最霸道运河将开挖：每挖1公里要花1亿，还要把卡塔尔挖成岛国！	未
最高1000元常德举报交通违法有奖，附参与方式	未
最高10万！举报欺诈骗取医保，两部委有奖国家医疗保障局财政部近日印发《欺诈骗取医疗保障基金行为举报奖励暂行办法》。办法提到，举报奖励坚持精神奖励与物质奖励相结合。统筹地区医疗保障部门可按查实欺诈骗保金额的一定比例，对符合条件的举报人予以奖励，最高额度不超过10万元，举报奖励资金，原则上应当采用非现金方式支付。via 国家医保局微信公号 两部委：举报欺诈骗取医疗保障基金行为，最高奖10万元	未
最高18！九江接下来是连晴7天，但这点要当心...	未
最高20！接下来是连晴6天，但这点要当心	未
最高50万！警方公开悬赏通缉24名在逃犯罪嫌疑人，总金额超过320万！	未
最高63.6，最低4，城乡医保不同区域报销比例相差大国君研究产品中心：整体来看，城乡医保不同区域报销比例相差较大，一线城市报销比例显著高于其他地区，其中最高的上海，实际报销比例为63.6，而最低的齐齐哈尔实际报销比例只有4左右最高63.6，最低4，城乡医保不同区域报销比例相差大	未
最高一次性补助1万元 遂宁市率先开展社会组织党组织星级评定	未
最高人民检察院依法决定对王阳立案侦查	未
最高人民法院关于知识产权行为保全规定将于明年1月1日施行	未
最高人民法院改判“宾利退一赔三案”	未
最高人民法院派员慰问见义勇为狱警刘彦家属	未
最高判监禁5年罚50万令吉！马来严管废塑料进口！	未
最高可奖60万！12月新规来了，这些新规将影响你的生活	未
最高处罚50万！关于这个辛集人应该知道	未
最高奖10000元现金，顺义这样的家庭注意了！	未
最高奖10万！欢迎举报犯罪线索！丰泽深化生态环保领域扫黑除恶专项斗争	未
最高奖20万元！南京征集涉黑涉恶犯罪线索南京身边事截止目前，南京侦办涉黑组织案件数恶势力犯罪团伙数等指标均位居全省前列。11月，市扫黑办下发《南京市涉黑涉恶犯罪线索有奖举报评审办法》，将受理举报线索范围扩充至23项。最高奖励金额提高至20万元。南京有奖征集涉黑涉恶犯罪线索	未
最高奖20万元！南京征集涉黑涉恶犯罪线索截止目前，南京侦办涉黑组织案件数恶势力犯罪团伙数等指标均位居全省前列。11月，市扫黑办下发《南京市涉黑涉恶犯罪线索有奖举报评审办法》，将受理举报线索范围扩充至23项。最高奖励金额提高至20万元。扫黑除恶，我们需要你的加入！最高奖20万元！南京征集涉黑涉恶犯罪线索	未
最高奖60万元！@安徽人：下月起这些新规将实施	未
最高奖60万元！@岳西人：下月起这些新规将实施	未
最高奖60万元！@桐城人：下月起这些新规将实施	未
最高奖励5万元！柳州人看到这126个在逃人员请立即报警！	未
最高奖励5万元！玉林公安征集这个涉黑恶团伙犯罪线索和证据	未
最高奖励5万元！融水人看到这126个在逃人员请立即报警！	未
最高奖励5万！平阳人看到这项行为，请举报！	未
最高悬赏50万元！看到这24个人，赶紧报警！	未
最高悬赏50万！ 看到这24人赶紧报警浙江省公安厅7日发布通告，向全国公开悬赏通缉24名涉网贷案件在逃犯罪嫌疑人名单包括在逃人员照片以及相关身份信息和体貌特征，每一位在逃人员都注明了对应的经办民警及其联系方式悬赏金额最高50万元，最低2万元其中一名叫许园园的嫌疑人（4号）因照片的相 ...全文	未
最高悬赏50万！ 看到这24人赶紧报警浙江省公安厅7日发布通告，向全国公开悬赏通缉24名涉网贷案件在逃犯罪嫌疑人。名单包括在逃人员照片以及相关身份信息和体貌特征，每一位在逃人员都注明了对应的经办民警及其联系方式。悬赏金额最高50万元，最低2万元。其中一名叫许园园的嫌疑人（4号）因照片的相貌清秀，引起众多网友关注。有人说：前有高颜值女嫌犯卿晨璟靓自首，不知这位许园园会不会也前来投案。有网友表示：法律面前，相貌算什么对逃犯就要严厉打击！网页链接	未
最高或降价96！11城试点药品集中采购日前，北京上海等11个城市药品集中采购拟中选结果对外公布，包含吉非替尼片（易瑞沙）甲磺酸伊马替尼片（格列卫）等抗癌药，拟中选价平均降幅52 什么是药品集中采购具体哪些药可能降价哪些病人有望获得实惠戳图了解转发周知！（人民日报）	未
最高才几百//@源子弹工厂:人呢都睡午觉了吗睡午觉也该醒了吧	未
最高扣6分罚200，什邡这些车辆被曝光了！闯红灯逆行不让行人 ...，看看有没有你	未
最高扣除15万！个税专项附加扣除办法公布	未
最高明的坐庄方法就是输出方法论，我A做到这一点的不多，信（）（）算一个。所以我现在一看到人公开教方法论就很警惕。世上哪有那么多雷锋呢	未
最高检党组第三巡视组向湖南省检察院党组反馈巡视情况	未
最高检再次亮剑：在教室等场所强奸猥亵未成年人将从重严惩！	未
最高检：前11月提起公益诉讼2560件，督办秦岭别墅事件	未
最高检副检察长：正当防卫不是以暴制暴，而是“以正对不正”	未
最高检发声：村长镇长，县长全部清查！重点收拾农村苍蝇！	未
最高检发布指导性案例明确正当防卫标准 含昆山反杀案	未
最高检发布指导性案例 明确正当防卫界限标准	未
最高检发布第十二批指导性案例 明确正当防卫界限标准	未
最高检发布第十二批指导性案例明确正当防卫界限标准	未
最高检新规公检法司工作人员的这14种犯罪，检察院要侦查处理(详细全文)法客帝国	未
最高检明确正当防卫界线标准出台了一堆，我看到一个家暴也可以正当防卫。我引申一下我的一直有个猜想，就是可能在中国家庭里，男性遭受家暴的比例也会很高，须知，家庭暴力除了肉体暴力，还有冷暴力之类，后者对配偶的伤害同样沉重。女子遭遇家暴，尽管也是家丑，但毕竟还有许多人对人诉说。相对 ...全文	未
最高检明确正当防卫界线标准敲黑板，划重点，一定要了解下！	未
最高检明确正当防卫界限标准	未
最高检机构改革方案获批 强化民事行政未成年人检察职能	未
最高检法律实习生热议公益诉讼：年轻的制度需要年轻的力量	未
最高检聘任新一届咨询委员和首届特约监督员	未
最高检获准增设负责未成年人检察工作的第九检察厅	未
最高法：中国庭审公开网直播庭审超过200万场	未
最高法：以营利为目的利用微信群设赌属于开设赌场 12月25日，最高人民法院召开新闻发布会，发布5件依法严惩网络犯罪指导性案例。指导案例105号《洪小强洪礼沃洪清泉李志荣开设赌场案》旨在明确以营利为目的，通过邀请人员加入微信群的方式招揽赌客，通过竞猜游戏网站的开奖结果等方式，以押大小单双等方式进行赌博，利用微信群进行控制管理，在一段时间内持续组织网络赌博活动的行为，属于刑法第三百零三条第二款规定的开设赌场。	未
最高法：依法严惩暴力伤害法官的不法分子	未
最高法：健全执行救助制度	未
最高法再发保护产权和企业家合法权益典型案例 为企业家吃下定心丸	未
最高法出台全面落实司法责任制实施意见	未
最高法出台全面落实司法责任制实施意见：院庭长不办案 应退出员额	未
最高法出台司法解释完善行为保全制度 加大知识产权保护力度	未
最高法：加大监督指导地方法院审理好涉产权申诉案的工作力度	未
最高法发布保护产权和企业家合法权益案例	未
最高法发布六个产权保护案例 给民营企业家吃“定心丸”	未
最高法发布六个案例给产权人和企业家吃“定心丸”	未
最高法发布司法解释 完善知识产权纠纷行为保全制度	未
最高法发布司法解释完善知识产权纠纷行为保全制度	未
最高法发布第19批指导性案例	未
最高法发布第19批指导性案例 涉及见义勇为和烈士名誉权保护	未
最高法发布第二批人民法院保护产权和企业家合法权益典型案例	未
最高法发布第二批保护产权和企业家合法权益典型案例	未
最高法发布第二批保护产权和企业家合法权益的典型案例	未
最高法发布第二批保护产权和企业家权益典型案例	未
最高法司改办主任胡仕浩：有序放权和依法监督缺一不可	未
最高法司改办就进一步落实司法责任制实施意见答记者问	未
最高法：基本实现对被执行人主要财产形式“一网打尽”	未
最高法对知识产权纠纷行为保全案件出台司法解释 做到及时保护与稳妥保护兼顾	未
最高法巡回法庭设立四年实现改革初衷，年均结案率超90%	未
最高法指导案例：民间借贷本息到期后，以房抵债有效 (2018后都这么判)	未
最高法：支持律师担任特邀调解员参与非诉讼纠纷解决	未
最高法改判宾利车退一赔三最贵赔偿案，1650万变11万！	未
最高法明确“非法经营罪”适用问题	未
最高法、最高检：不得单纯将信用卡持卡人未按规定还款认定为非法占有目的	未
最高法、最高检出台意见 省一级设法官检察官惩戒委员会	未
最高法最高检：近期将平反一批民营企业家冤案	未
最高法案例明确：利用微信群设赌属“开设赌场”	未
最高法：法律的生命力在于执行，打通司法公正“最后一公里”	未
最高法省高院：借名买房的裁判规则汇总(含8大实务要点)	未
最高法确定首批“一站式”国际商事纠纷多元化解决仲裁及调解机构	未
最高法：继续加大涉产权和企业家合法权益错案冤案的甄别纠正工作力度	未
最高法补充规定“婚姻法司法解释（二）”第二十四条	未
最高法、证监会：全面推进证券期货纠纷多元化解机制建设	未
最高法、证监会发布关于全面推进证券期货纠纷多元化解机制建设的意见	未
最高法、证监会联合发文推进证券期货纠纷多元化解机制建设	未
最高法证监会联合发文推进证券期货纠纷多元化解机制建设	未
最高法：近4年全国审结强奸案7万余件 猥亵儿童案超万件	未
最高法院：上班发病请假回家48小时内死亡不属工伤！	未
最高法院出台意见 进一步全面落实司法责任制	未
最高法院判例：农村家庭成员以户为单位享有的宅基地使用权应当平等地受到物权登记制度的保护	未
最高法首次委托第三方机构评估司法公开	未
最高法首次委托第三方机构评估司法公开工作	未
最高法首次委托第三方机构评估司法公开工作 评估报告今日发布	未
最高温度才刚达标，挺遭罪，希望有关部门关注	未
最高给予100补偿！海口年底前将全面关停禁养区规模场	未
最高罚20万元！这项条例直接关乎青海人的生活！	未
最高罚20万元！《青海省燃气管理条例》明年3月1日起施行	未
最高罚20万！《青海省燃气管理条例》 明年3月1日起施行	未
最高罚款10万以上！土地新规出台，与鄱阳人息息相关	未
最高罚款2万！广西出台最新文件：今后这些地方将禁止露天烧烤	未
最高罚款50万元！明年起，这项条例在宁夏正式实施！	未
最高补助3万3！陕西出台高排放老旧车淘汰方案，政策还说	未
最高记12分罚2000元！你还敢在海口海秀快速路超速行驶曝光名单来了	未
最高记12分罚2000元！海口海秀快速路超速行驶曝光名单来了17岁姑娘减肥暴瘦，1个月后丨今日热点	未
會有點難	未
月亮与潮汐的深层关系	未
月亮你要，六便士你还嫌少。	未
月亮公车取自几米绘本《月亮忘记了》，每到夜晚这辆从quot遗忘quot开往quot记住quot的公车就会亮起灯来，车上坐着熊司机小男孩和月亮，等待大家一起送月亮回家。车里还有望得见星空的天窗和秘密树洞！地址：台北市信义路五段及松智路口，近101大楼，9:00-21:00，每月首周一不开放。	未
《月亮的游戏》- Laurent Laveder	未
月亮立功了！这样的案子据说包拯也办过	未
月供还不起房子卖不掉，这些炒房客年末不好过	未
月光族，月初，各种账单如雪花般飞来。各种花呗，借呗，信用卡，挤干了微薄的工资。月光，成为年轻人生活完美写照，焦虑情绪在年轻人心中不断蔓延。@一汽丰田官方微博 @卡罗拉双擎 以全新的视角审视月光，帮助你选择健康的消费模式，一扫焦虑的烦恼。网页链接	未
月光白到底是白茶还是生普，真相竟然	未
月入10万海归男商场偷化妆品：不差钱只想释放压力	未
月入10万的海归男刚刚拆开一片面膜，咚咚咚，警察敲门了…	未
月入10万的海归男刚刚拆开一片面膜，咚咚咚，警察敲门了我月收入10万，不差钱，只想释放一下压力。杨明（化名）38岁，某连锁酒店区域负责人，海归，经常出差到全国各地飞。19日晚，来杭州出差的杨明在酒店房间被警方抓获。他桌上摆着的SK-II眼霜兰蔻精华乳碧欧泉男士BB霜竟全偷来的月入10万的海归男刚刚拆开一片面膜，咚咚咚，警察敲门了	未
月入10万的海归男商场偷化妆品：不差钱只想释放压力38岁的杨明，是某连锁酒店区域负责人，海归，经常出差到全国各地飞。19日晚，来杭州出差的他在酒店房间被警方抓获。他桌上摆着的各款护肤品竟全是从商场偷来的......月入10万海归男偷化妆品此前他曾因偷包被拘役三个月。面对警方询问，他说：我月收入10万，不差钱，只想释放一下压力。目前，杨明已被刑拘。网页链接（都市快报）	未
月入1千和月入20万的人，他们的朋友圈有什么不一样	未
月入3500和2万，退休后分别能领多少钱养老基金的出现，将众人的视线又聚焦在养老保险上，不少人心中都会浮现一个疑问：等我们退休之后，到底能领多少养老金呢	未
月入3500和2万，退休后分别能领多少钱我算了一笔账养老基金的出现，将众人的视线又聚焦在养老保险上，不少人心中都会浮现一个疑问：等我们退休之后，到底能领多少养老金呢	未
月入3万，天天售罄！水果小贩的社群营销思维	未
月入5000，零花钱400万：成年人的世界，为什么非要工作	未
月入5000，零花钱400万：我为什么还要工作	未
月入5K和月入5W的人，到底差在哪儿	未
月入几千元的小粉红，对于香港女富豪遇到点事情，也太关心了吧这和你有一毛钱关系吗	未
月入过万！没想到在广州最赚钱的职业竟然是这6种......	未
月入过万！没想到在清远最赚钱的职业竟然是这6种......	未
月入过万男白领疯狂追求做家政的大姐，背后真相竟是......	未
月初刚被释放，龙海这名男子居然重抄旧业再度行窃，最终	未
@月半居士__：我只想看懂自己的病例	未
月均贷款20亿！这家消金平台已和BAT中国电信达成合作	未
月夜饮雨：浙江嵊泗列岛行吟系列	未
月子会所坐月子宝宝却病了，咋办？ 3·15前夕市场监管部门就新型消费答疑	未
月子期间，我把婆婆熬的鱼汤端给闺蜜喝，丈夫看到后，脸色大变	未
月子里减重挺快后面估计就不会那么快了我只希望我后面别再像老大一样增肥增到167斤	未
月子里很少 下周就出关了	未
月底两条地铁新线开通 市民可刷手机二维码乘车12月18日，北京青年报记者从北京如易行科技有限公司（以下简称易通行）获悉，将于本月底开通的地铁8号线三期四期以及6号线西延将同步启用刷手机二维码乘地铁据易通行介绍，目前已有1000多万市民注册易通行，刷手机二维码乘地铁根据易通行提 ...全文	未
月底了，濮阳没驾照的人，你还有件重要的事情没做！	未
月底前通车！东北路又一瓶颈路段将打通	未
月底去上海该穿多厚呢	未
月底我也过去了，好些摊位都特别熟悉	未
月底，林州停电区域通知	未
月底看见账单的我	未
@月影流纤 ：潘家园这边，园林工人刚种下的花，大爷大妈们都给搬回家了	未
月收入不到3000的他，想出钱让她做自己的情人！这剧情又	未
月收入低于3K还用iPhone，哪里是隐形贫困人口，分明是家里有矿	未
月是故乡明据报道，孟晚舟在加拿大温哥华住处度过交保后的第一夜，有媒体拍到有人送花致意，孟亲自开门迎客。此外，孟晚舟一家还叫了披萨填饱肚子，度过她交保后第一天。根据法官裁决，孟晚舟每日得遵守向惩教中心报到，晚间10时至隔天6时不得外出等共16项保释条件。点评，我只喜欢吃中国大米饭。	未
月月十五查餐厅，海沧查哪你来定！	未
月月抽检 国家市场监管总局今天发布市场监管总局关于23批次食品不合格情况的通告。本次共抽检112家企业265批次婴幼儿配方食品，全部合格。网页链接	未
月月抽检 宁波市市场监管局近日发布监督抽检信息公告显示，近期抽检72批次婴幼儿配方奶粉产品，1批次西班牙多乐特幼儿配方奶粉不合格，不合格项目为标签不合格。	未
月月收到还款通知，但却没有贷过款，因为这件事，贵阳大哥悔不当初！	未
月末小调查：这个月你用了多少流量	未
月洞门，在现代住宅的运用	未
月活用户7亿！这家公司要发射卫星，也在做贷款超市	未
月湖区公开招聘25名大学生村（社区）工作者	未
//@-月照嘉陵江-：灵猴附体。	未
月牙臀	未
月球，为啥有个“背面”？	未
月球，为啥有个“背面”？听听专家怎么说	未
月球是空心的？这事儿不靠谱	未
月球背面。	未
月球背面不仅“厚脸皮”还是“麻子脸”	未
月球背面不仅“厚脸皮”还是“麻子脸”，嫦娥四号将一探究竟	未
月球背面之旅 嫦娥四号的行程被安排得明明白白…	未
