绿化带上随便尿！抓到两起现行！	未
绿化带将加装藏身处，照顾社恐人士遇见熟人就藏一藏据传闻，一些城市将试点在绿化带中增加一些凹凸处用于藏身，这主要是为了让社恐人士在路上更有安全感，看见熟人时可立即闪身藏入其中。而且绿化带藏身处可能会与各地图app合作，以后打开手机即可实时查看自己周围的藏身点。	未
绿化带沦为菜地，树上长满海带和袜子合肥这个地方将整改！	未
绿化护栏靓出城市文明：城区主次街道又多了一排排保护伞，你发现了没	未
绿地变蓝天。	未
“绿地变蓝天”，旅游业能再度拯救台湾经济吗？	未
绿地变蓝天！蔡英文辞去民进党主席意味着什么？	未
绿地控股：增加发行1.5亿美元定息债券?票面利率9.125%	未
绿地集团拟发行2.8亿美元定息债券  利率为9.12	未
绿地首个长租公寓项目在上海开工，地块为工业用地转性而来	未
绿城27.18亿入股百年人寿：万达退出？	未
绿城中国子公司登广州污染黑榜 保利地产子公司监理	未
绿城中国拟收购百年人寿11.55%股权	未
绿城北京7.79亿摘顺义新城共有产权房地块	未
//@绿妖绿妖:上屋抽梯，关门打狗//@蔡一玛://@李镭:	未
“绿委”蔡适应开党内第一枪 要求蔡英文弃选2020	未
绿媒曝光韩国瑜3副手  1蓝1绿1由绿转蓝	未
绿媒谈民进党在台惨状：已至无法“执政”的临界点	未
绿尾贝壳头	未
绿巨人在夏威夷度假被揍了，因为他是度假班纳。	未
绿巨人煎饼 微博视频	未
绿引子	未
绿植	未
绿毒，人类之癌	未
《绿毛怪格林奇》：一部有圣诞恐惧症的圣诞片	未
《绿毛怪格林奇》发新特辑 卷福难逃“真香定律”	未
绿水青山克拉玛依区淘汰改造城区周边燃煤锅炉	未
绿水青山就是金山银山守护旬邑蓝天，向焚烧秸秆污染空气Say No	未
绿水青山，就是金山银山访中国雪拉同小镇 （墨尔本. 民鸣）	未
绿水青山看岭下	未
绿湾包装工，一城一队	未
绿湾包装工的感恩节随想今日体坛	未
绿灯亮起车内突然抛来一物，却让风雪中的交警心里暖暖的！	未
绿灯突然闪烁 微博视频	未
绿灯行 红灯停 另外袁老师 是金玟哉	未
绿研茶里喝出手指套喜茶回应：全店没有类似透明物12月3日傍晚，一则关于在喜茶喝出异物的微博引起了众多关注。该微博称，博主点了喜茶兴业太古汇店的外卖，喝到最后竟出现了一个手指套，并且，该微博博主vermix还在配图中展示了这个手指套一个手指大小的橡胶套。这件事还是引起了vermix的极度不适，他认为，这种错误对于喜茶而言实在太低级。喜茶方面已经在自己调查，相信他们会给我一个答复的。绿研茶里喝出手指套喜茶回应：全店没有类似透明物（新闻晨报 截图来源：头条热搜）	未
绿绿的	未
绿能杯沂山脚下党旗红：记临朐县蒋峪镇刘家营村党支部事迹（蒋轩）	未
绿色企业家  合同签了，原料涨了，他赔了生意，赢了信誉	未
绿色信贷余额超9万亿元 引金融活水润泽实体经济	未
绿色小精灵环保教育小组	未
绿色小蜥蜴	未
绿色席卷全球，这个运动的发起者是Iran。恐怖！	未
《绿色征途》手游12月13日第二轮限号删档不计费测试	未
绿色无污染的养鸭棚是啥样 快来看看	未
绿色的兄弟俩	未
绿色的兰博基尼 大牛SV太鸡儿帅了 全球汽车 汽车	未
绿色通道整合专家力量为患者抢时间 北京和睦家医院卒中中心正式成立	未
“绿色金融”和冬季“水晶蓝”	未
绿色金融的“邮储行动”	未
绿营内部“逼宫”蔡英文 苏嘉全或参选民进党主席	未
绿蚁新醅酒，红泥小火炉。晚来天欲雪，能饮一杯无	未
绿蚁新醅酒，红泥小火炉晚来天欲雪，能饮一杯无朱一龙 今日大雪	未
缅北2名村妇相约找野菜 没采到蘑菇 却踩上了地雷	未
缅北三支民地武在昆明发布和平声明 中国外交部回应	未
缅因猫体型大我知道，但是，其他猫你们到底是怎么长的啊...	未
缅怀南师胡方松 林宏伟：一代宗师南怀瑾的家乡情怀	未
缅怀英雄业迹，忠诚之魂永驻荆楚大地武警荆州支队魔鬼周训练官兵悼念南京大屠杀遇难同胞今天，是南京大屠杀81周年，也是第五个南京大屠杀死难者国家公祭日，武警湖北省总队荆州支队特战官兵利用训练中随机教育时机，组织开展国家公祭日宣誓活动，教育引导官兵牢记历史，勿忘国耻，不断 ...全文	未
缅怀遇难同胞，国家公祭日，12月13日 00:00-12月14日00:00停更一天	未
缅甸88岁老人刚中10亿大奖，今天凌晨不幸去世	未
缅甸一19岁青年约女孩赶摆 求爱遭拒将女孩先杀后奸	未
缅甸一名33岁农夫踩爆地雷 双腿可能要被截肢	未
缅甸一头美人鱼死亡	未
缅甸一女子趁丈夫熟睡时举起板斧将其劈死	未
缅甸一贫穷老人中10亿巨奖后病故 子女含泪分奖金	未
缅甸上千公斤走私玉石被查获！司机交代来源	未
缅甸之路这个国家每一天都有改变发生	未
缅甸军方宣布在北部和东部地区停火缅甸军方宣布在缅甸北部和东部地区中止一切军事行动四个月。观察家们认为，这一前所未有的行动有可能诱使少数民族反叛组织加入缅甸四分五裂的和平进程。	未
缅甸又有两头战神死亡，不光是恶人所为	未
缅甸发生5.5级地震 震源深度10公里	未
缅甸地方武装简介北掸邦军，简称SSA-N。为其掸邦进步党（SSPP）下属军事团体，其现任领导人为班帕（攀发）中将。其名誉主席召学腾。总部所在地为掸邦万海镇。1971年掸邦军的政治组织掸邦进步党成立。1989年缅共人民军解体，所属掸族部队再一分为二， 一部成为北掸邦军，另一部为掸邦民族军（后为掸邦军中央）。2010年4月22日，时任北掸邦军主席雷茂少将和一些高层领导人在同缅甸政府军东北军区司令官昂丹吞少将在腊戎总部进行的一个会谈上接受了缅甸军政府提出的整编为国家警卫部队(HGF)的提议。其掌控的3	未
缅甸女子遭人泼开水！身上皮开肉绽	未
缅甸总统权力交接仪式举行（高清图）	未
缅甸成立“一带一路实施委员会”，委员会主席为国务资政	未
缅甸或将赌博合法化，几家欢喜几家愁	未
缅甸政府在瓦城专为外国人规划了一条旅游线路	未
缅甸棒赛失踪了一名六岁的女孩，十几天后尸体在中缅界河缅甸一侧找到。图片是棒赛华人网友的评论，大家看看，是不是很中国。	未
缅甸欠21个国家的贷款 负债额已达102亿美元	未
缅甸武装组织为何在中国开会商和平大计？	未
缅甸民众从恶人手中救回大龟，一个举动害死它	未
缅甸渔民捕获400多斤巨型大鱼，身形似燕子，脸型像外星人	未
缅甸热气球坠毁炸死500人伤600人不！真相在这里！	未
缅甸盛产翡翠，云南距离那么近，为什么没有，答案在这	未
缅甸空军展示的成飞JF-17枭龙Block 战机。2016年1月，枭龙出售缅甸的信息经缅甸国家电视台（MNTV）证实，合计16架5.6亿美元。 附缅甸空军主力战机简介1990年12月，缅方向中国采购首批获得了成都生产的10架歼-7K，以及贵州生产的2架歼教-7K。此后缅甸又于1993199519981999年多次采购歼-7K系列，最后共交付58架歼-7K和14架歼教7K，一共72架。歼-7K的机身基础为歼7H型，改用了歼7M（出口约旦后转口伊拉克）的机翼，但没有使用歼7M型的英制	未
缅甸空军首次公开展示“枭龙”战机	未
缅甸空军首次公开展示“枭龙”战机(图)	未
缅甸边境战事激烈 国防军大战若开民地武	未
缅甸这两年已经淡出了美帝视野了	未
缅甸香蕉Twins招上门女婿，好心人转需 微博视频	未
缅罗兴亚武装单方面宣布停火1月 方便人道救援	未
缆企注意，12月1日起，公对私转账不能再有了！	未
缉枪工作做到家 居民主动交猎枪	未
缉毒现场，可谓猫赃并获	未
缉毒警察威武！	未
缉毒警察家新春的卧底人生	未
缉毒警察心声：当一个平凡普通的父亲，很难...	未
缉毒警察的心声：当一个普通的父亲真的很难	未
缉毒警的每次任务都是生死对决。如果不幸在任务中牺牲，亲人们甚至不能在墓碑上刻上他们的名字，因为残忍的毒贩会对他们的家人进行报复。在2016年，我国共有362名缉毒警牺牲在岗位上，几乎每天都会牺牲一名。 查看图片	未
“缓兵之计” 欧盟和意大利就预算案达成一致	未
缓解停车难 镇江机关企事业单位停车位将对外开放	未
缓解医生短缺压力 英国将增加非欧盟医生准入人数	未
缓解护理者压力 科技产品进入澳大利亚老年护理领域	未
缓解融资难融资贵！江苏银行业小微企业贷款余额超3万亿	未
编内！南京又有8个区招聘教师2518人	未
编制内！云南省地方病防治所招聘工作人员公告	未
编制广东省气象部门2019年公开招聘事业单位61名工作人员，湛江5人，12月6日起报名	未
编制待遇，薪资3-12K，国资/发改/农业系统扩招302人！	未
编剧刘和平回应影视业补税:按相关文件缴纳16%税款	未
编剧刘和平回应影视行业补税：按相关文件缴纳16税款，未足16补足即可今日上午有消息：有部分影视工作室陆续接到税务部门通知，补税工作正式实施，共分为四个阶段：自查自纠约谈补税税务上门辅导检查以及重点检查。此事引发行业热议，就此，编剧刘和平公开表示：今天上午跟国家税务总局领导沟通交流得很好，国家对影视行业的扶持政策不变，只会更好，关于这三年补缴应纳未纳税款对编剧行业已明确答复，按2002年国税字52号文件缴纳16税款，未足16补足即可。接下来还会继续沟通。	未
编剧刘和平回应编剧行业补税：按相关文件缴纳16税款，未足16补足即可@中国电视剧编剧委员会 会长刘和平副会长汪海林于29日前往广电总局，与国家税务总局相关领导进行会谈，会后表示国家对影视行业的扶持政策不变，关于这三年补缴应纳未纳税款对编剧行业已明确答复，按2002年国税字52号文件缴纳16税款，未足16补足即可。29日上午，有部分影视工作室陆续接到税务部门通知，补税工作正式实施，共分为四个阶段：自查自纠约谈补税税务上门辅导检查以及重点检查。工作室需要按2016至2018年三年总收入的70	未
编剧应该是球迷还是说道具是球迷笑死了。	未
编剧都编不出来女子冒用同名姐姐身份证结婚 姐姐再婚登记遭拒30年前父母为规避计划生育政策，给两个女儿起了同样的名字2005年3月，尚未成年的妹妹偷拿姐姐身份证，在甘泉县民政局办了结婚登记2008年5月，姐姐在子洲县民政局登记结婚，姐妹俩结婚证除照片外女方信息一样2016年底，丧夫的姐 ...全文	未
编剧都编不出来女子冒用同名姐姐身份证结婚 姐姐再婚登记遭拒30年前父母为规避计划生育政策，给两个女儿起了同样的名字2005年3月，尚未成年的妹妹偷拿姐姐身份证，在甘泉县民政局办了结婚登记2008年5月，姐姐在子洲县民政局登记结婚，姐妹俩结婚证除照片外女方信息一样2016年底，丧夫的姐姐欲再婚时被拒绝登记，得知真相2017年，姐姐将妹妹妹夫起诉到甘泉县法院，请求判决婚姻无效，被驳回今年3月，姐姐起诉甘泉县民政局，请求撤销妹妹结婚证，同样被法院驳回，姐姐提起上诉。 via华商报 女子冒用同	未
编校稿中的瑕点疵处	未
编织关系网信奉潜规则...揭开多种官场亚文化真相	未
编辑9p拉 查看图片	未
编辑了	未
编辑了一下 加了个背影今天真的是帅炸天了等站子的高清图[给你小心心][给你小心心][给你小心心]	未
编辑：兄弟，就差你了，俺们都在等你送去校对印刷嘞！	未
编辑周发现  做不糙女孩 这些瓶瓶罐罐助你过个滑溜溜的冬天	未
编辑基因不能抗艾滋病 宝宝健康出生母婴阻断更靠谱	未
编辑基因的惊涛骇浪，挑战人类道德法律底线，德国华人发表看法	未
编辑婴儿背后的基因生意：湖南人贺建奎旗下公司总注册资本过亿	未
“编辑婴儿”背后的基因生意：贺建奎旗下公司总注册资本过亿	未
编辑婴儿背后藏着一本基因生意经！网友质疑：他就是个商人！	未
编辑影响画质 各位收图请查看编辑记录收第一组的	未
编辑记录太惨了 查看图片	未
编辑记录里面最开始那个感叹号有意思	未
编辑部速写：吹牛不有限公司	未
编造“大学梦” 男子让亲儿子乞讨	未
缘三岁//@海若_方果儿://@咩_仔仔:	未
缘分不浅-当我走进了3台930 Turbo主人的车库	未
缘分就是这样，是你的就是你的，至于那个对的人，等他一会儿又何妨	未
缘分就是这样，是你的就是你的，至于那个对的人，等他一会儿又何妨[米奇比心]笑侃娱乐	未
缘分来的时候躲也躲不过，中午刚见的相亲对象，晚上又重逢了	未
//@缘故-Hafniensis: 欧洲日本为什么能扛住不加息，菲律宾比索泰铢和墨西哥元为什么相对坚挺。。。	未
缘起，在人群中，我看见你。。缘灭，我看见你，在人群中。。	未
缙云一商户售卖野生保护动物？县林业局：图片系网络下载	未
缙云一老人突然昏厥，后脑勺着地流了一滩血！幸亏	未
缙云：为什么！	未
缙云人注意！今天开始，这条路限速有变！具体路段是	未
缙云县1项目列入省重点建设项目增补计划	未
缙云县召开县安委会工作会议	未
缙云又有23个村庄评定为浙江省A级景区村庄，有你们村吗	未
缙云又有两个工程要选址了，看看有没有在你家附近	未
缙云的他不一般！漫山养鸡，下的蛋竟是绿色的！	未
缙云穿着甲大家都觉得他好威啊卸了甲后不仅会被随便安排跑腿工作，还会被女孩子霸道总裁	未
缙云随手拍新区发生交通事故，安全气囊都弹出来了！	未
缝纫机编织的往日情怀	未
缠着绷带 老人戴着一枚戒指进了消防队……	未
缤纷校园  尘光：师院工作人员	未
缨缨1551//@郭小天__:转发微博	未
缩乳术 微博视频	未
缩减重复多头检查、为基层减负，福建17个省级部门联手行动	未
缴满15年社保却无法领养老金养老保险不会交就是白花钱！	未
缴纳6万就可终身领取退休金衡阳市公开回应网友疑问	未
缴获51头（匹）牲畜，广南谁丢失了请您前来认领！	未
缴获砍刀十余把吸毒工具若干，任丘周边又打掉两拨恶势力犯罪集团	未
缴获砍刀十余把吸毒工具若干，沧县打掉一恶势力犯罪集团  献县打掉一个敲诈勒索恶势力犯罪集团	未
缴费不足15年的如何处理失业保险生育保险工伤保险......想了解的都在这里了！	未
缺一个可以艾特的人	未
缺乏内容。//@听蛙斋主:榆次老城，没几个游客。	未
缺乏安全感才是全世界最普遍的妇科病。张晓晗	未
​缺乏惩戒的教育是“缺钙”的教育	未
缺乏执行力，一切都只是空谈！	未
缺什么来什么！三一重工落户西咸新区，西安工业谁还缺席	未
缺口个鬼，我从不看缺口思考股市。	未
缺口红的看过来啦	未
缺后卫不缺中场迪特马尔-哈曼认为拜仁更需要的是德里赫特，而不是弗兰基-德容：拜仁队里已经有基米希和戈雷茨卡两名年轻中场，而德里赫特是拜仁更急缺的球员，胡梅尔斯和博阿滕的水平在下降，聚勒也不是后防领袖	未
缺失一颗牙引发的蝴蝶效应你想象得到么	未
缺少“缺失”：当代儿童养育之困	未
缺席审判因何入法？怎样用好速裁程序？——立法工作人员和专家解读新修改的刑诉法	未
缺德！东笋道路旁推着一推枝叶，不见处理，影响交通	未
缺德！//@书生执卷待知音:欺骗一个老人，怎么能做得出来	未
缺德啊..//@回忆专用小马甲:不配为人//@江南大野花:素质好低，垃圾穷疯了吗//@M大王叫我来巡山:恶心死了真的丢大学生的脸不害臊吗//@Samuraiwu:这家卖小丸子的老头不看收费记录的，我给1分钱都行，你们也去试试，相当于免费吃了，哈哈哈自作聪明的年轻人如是说	未
缺德啊锁匠年末冲业绩，竟然在居民家门口做这种事！	未
缺德！宁波这个小区近一个月丢了30多件快递！原因竟是...	未
缺德！我们到底吃了多少烂纸箱这个必须曝光！（必转）	未
缺德！海宁一小区多件快递包裹被盗！小偷竟是	未
缺德的老人	未
缺德的臭6 微博视频	未
缺德！老人在大学门口卖小吃亏2000：7元一份，一些人扫码付1分...	未
缺德！镇海这个小区近一个月丢了30多件快递！原因竟是...	未
缺德顺手牵羊，一蟊贼被冶山晾晒的渔网网住天长网	未
缺牙了怎么办，“种”一颗试试	未
缺的不是油钱	未
缺这种常见营养素，很可能会脱发  漫画小剧场	未
缺钱！法媒：NASA拟出售国际空间站旅游座位	未
缺钱要网贷，损失了32000元！西樵侠提醒小心这个动作	未
@罂粟红时雨：自2018年12月1日起，蓟州南站更名为蓟州站，并将于不久后恢复办理客运业务。2017年4月30日，曾探访过蓟州南站。那是春末的日子，草长莺飞，柳絮曼舞。2018年12月6日，探访新蓟州站，原蓟州南站。当时的蓟州南站已更名为蓟州站，目前还在施工，规模已经显现。拓宽翻修的马路连接蓟州站与102国道，路口的牌子上还保留着龙湾站这个曾非正式用名的记忆。应工人师傅来张特写的要求，为他们拍下劳动的照片。	未
罍、匜、鬲、豆 这些容器你都认识 《考古实习生》带你认认它们	未
罐头牛奶感冒药英国人疯狂囤货 迎接脱欧审判在不少人眼中，脱欧日就像世界末日一样可怕。因为一旦脱欧，尤其是无协议脱欧，英国将在一段时间内出现食品短缺的情况。到底会不会出现无协议脱欧，下周二（12月11日）非常关键。罐头牛奶感冒药英国人疯狂囤货 迎接脱欧审判	未
罐头牛奶感冒药英国人疯狂囤货 迎接脱欧审判在不少人眼中，脱欧日就像世界末日一样可怕因为一旦脱欧，尤其是无协议脱欧，英国将在一段时间内出现食品短缺的情况到底会不会出现无协议脱欧，下周二（12月11日）非常关键罐头牛奶感冒药英国人疯狂囤货 迎接脱欧审判	未
罐头牛奶感冒药英国人疯狂囤货 迎接脱欧审判奈文和丈夫理查德都是脱欧准备者（Preppers），随着2019年3月29日英国脱欧日的临近，夫妇俩准备了足够全家5口人两三个月的生活用品，因为在他们看来，英国脱欧之后，一场灾难将会来临。罐头牛奶感冒药英国人疯狂囤货 迎接脱欧审判	未
罐头牛奶感冒药英国人疯狂囤货 迎接脱欧审判奈文和丈夫理查德都是脱欧准备者（Preppers），随着2019年3月29日英国脱欧日的临近，夫妇俩准备了足够全家5口人两三个月的生活用品，因为在他们看来，英国脱欧之后，一场灾难将会来临罐头牛奶感冒药英国人疯狂囤货 迎接脱欧审判	未
//@罐头赵伟:@刘五一: 开放商要遵守合同，履行契约，否则让人心寒。没有诚信，臭名远扬了的人，生意咋做	未
//@罐头赵伟:@金戈汗马: 日本退群，震鲸！@压力司多的: 这个国家什么事都能干的出来	未
罐罐呢by/FB/Katie Fan	未
罐蛋 微博视频	未
罐车被追尾撞坏阀门 22吨液化气5个多小时漏完	未
网上122交通安全知识调查问卷	未
网上19元可买35位女士生活照 有人用照片＂招嫖＂	未
网上不多见的三菱PLC应用实例	未
网上之前有观点说翼龙销量不比彩虹，两者竞争激烈等等。其实彩虹无人机公司是航天11院和保利科技合资成立的，外销都是通过保利，属于保利的自有货源，没其他军贸公司什么事。他们去年底改过一次制，南洋科技就是航天11院借了个壳，保利科技现在在南洋科技持股约1.12。中航技通过K8占领了埃及市场，保利通过DF21打开了沙特市场，中航技往沙特提供翼龙，保利往沙特提供彩虹，这两个集团在各自领地都是独占的，不构成竞争关系。	未
网上买些油，趁还能睡，每天加餐加班，血赚啊	未
网上买到的坑货你网购过最沙雕的东西长啥样	未
网上买到的坑货，你退了多少双十一的快递	未
网上买到的坑货网友从网上买了双鞋，可是拿到货之后惊呆了！这什么鬼	未
网上买零件自组气枪后，他自己也干起贩枪生意	未
网上人才济济，我看到一个评论池子和李诞的，池早完诞，有点意思。	未
网上公祭、集体默哀、书写祭文...青年学子们这样迎接公祭日！	未
网上冲浪只需要沙雕//@马葫芦盖丢了:什么家庭背景啊还能拥有大脑	未
网上售卖捕鱼神器，钱没挣到，咋还被取保候审和监视居住两年多法官这样解释！	未
网上总结的瘦子的辛酸就还蛮想体会一下的	未
网上是先有谣传因陈羽凡11月26号被抓，但27号一整天，胡海泉及控制的巨匠娱乐也没发任何声明，事情到这里也正常，毕竟吸毒也要化验，等待结果嘛。有趣的是到了28号上午巨匠娱乐发声明辟谣，这操作就匪夷所思了，陈羽凡个人微博还发出了one love到了28号下午公安发通报，吸毒实锤，然后胡海泉喊十个为什么，最后巨匠娱乐致歉。这在人还没从公安出来就辟谣的操作，让人怀疑到底是否存在捞人谈妥，所以发通告的联想啊，等到警方发通告了，那没办法，只能喊十个为什么，为什么里最经典的当属为什么不早点告诉我。我倒觉得不存在捞	未
网上有一帧被刷爆屏的视频显示，河南栾川一常姓男子在街上截住他20年前的仇人（老师）狂扇其耳光。令人颇感意外的是，不管是在官媒还是个人所发出的帖子里，评论竟然都是一边倒地在挺那位常氏复仇者。更有，早于当地教育部门和当地警方对媒体闪烁其词抑亦或语焉不详的回答，常某当年的同学和被他扇耳光的张恶师所带的其他年代的男女同学，都纷纷通过不同的网络渠道一齐发声挺常，并同时揭发也挨过这位恶师的耳光。一时间，这些发帖者仿佛都跟常一样，都曾是当年这位戾气的张恶师的出气筒和发泄对象。资料显示，常当年所遭受的委屈可不仅仅是	未
网上有人问：南京大屠杀和我有什么关系知乎网友荒土（周昱羽）给出了这样的一个答案 国家公祭日	未
网上有人问： 对于在路上遇到向你借钱的声称几天没吃饭的人，有什么好的解决办法Emos Semit讲述了一个故事，说的很有道理，看完很感触，大家都来看看吧	未
网上火了的短视频让黑校车曝光	未
网上疯传的上海周末下雪是真的吗气象台的回应来了	未
网上的键盘侠和杠精的特征	未
网上网下一把尺子 网络视听监管提档靴子落地 新规明年二月实施	未
网上网下一把尺子，网络视听监管提档靴子落地，新规明年二月实施	未
网上网下一把尺子：网络视听监管落地，新规明年二月实施	未
网上网下（三）	未
网上网下（二）	未
网上网下（四）	未
网上订票后不用再去换火车票了！铁路总公司宣布明年全国推广	未
网上认识了美女，他转账一万元后，真相让人吃惊......	未
网上谍影	未
网上退房申请越来越多 是谁砸了雪乡的“招牌”	未
网上那些卖胸罩裤衩的，你们是不是要疯赤峰小硬嗑NO.1169	未
网上都在传这个图，也不知道真假的，这种观点也是好玩 ，专家。	未
网上金句:中国是一头沉睡的狮子，当它醒来之后，就返回非洲。	未
网上预约15项机动车查验业务！简直不要太方便	未
网上预约：网页链接	未
网事儿	未
网事如歌 友善青岛关于帮扶农民解决白菜滞销困扰的倡议书	未
网传12月起苏U牌照正式上线 苏州交警：为不实信息	未
网传2019年1月份新英雄新皮肤排期曝光，你们怎么看王者荣耀	未
网传50年最虐冷空气要来明天降温几度来，这里才是权威发布！来看看主播和首席怎么说网页链接	未
网传PS5设计图！可信度90！你们会买吗	未
网传vava和jony j恋爱中 工作人员:不清楚12月3日，有网友在微博爆料称自己在日本东京偶遇VaVa与Jony J，并称两人还牵了手，疑似恋爱中。此前，VaVa在某采访中被问让你送一个人回家，最想送谁，随后本人秒答Jony J。有媒体就此联系到VaVa方工作人员，对方回应：不清楚。Jony J方暂无 ...全文	未
网传一小学校门附近有孩子被撞 家长期盼司机让路	未
网传：中江维克小镇有人偷娃娃	未
网传佛山地铁4号线暂不建了官方权威回复：是错误解读	未
网传俩孩子落水，到底咋回事儿知情者请提供新闻线索	未
网传全国统一查酒驾时间表出炉，惠阳人怎么看	未
网传兴平西关十字车道变化为罚款，真相是	未
网传刘强东欲以3.4亿和解性侵案	未
网传刘强东花3.46亿与受害女私了 史上最贵的炮	未
网传包过！公安交警给你正解，什么是包过！	未
网传北京西红门有人抢孩子 知情人：涉事女子精神异常12月15日下午，有网友发朋友圈称，其家人带孩子在北京大兴区西红门荟聚购物中心，遭遇一陌生女子要抢孩子北青报记者了解到，12月15日下午5点左右，西红门荟聚购物中心两名女子发生肢体冲突后报警据事主介绍，当天下午，事主带着孩子去逛街， ...全文	未
网传半小时20辆车被拍，东莞交警是这样说的	未
网传华为CFO孟晚舟被捕，并将引渡美国审理。孟晚舟为华为副董事长，华为CFO，任正非女儿。而华为回应孟晚舟被捕一事，表示不予置评。中国驻加拿大使馆发言人表示，加拿大警方应美国要求逮捕一个没有违反美国和加拿大法律的中国公民，要求立刻恢复孟晚舟女士的人身自由。	未
网传南京至句容地铁线12月30日开工？答案是…	未
网传南阳邓州襄阳将合并，建立新的行省国家发改委规划的汉江生态经济带已将南阳全境纳入！	未
网传县人民医院工作人员在二中门口垃圾桶拾得一弃婴真相是	未
网传县医院工作人员在二中门口捡到一名女婴！具体真相看这里	未
网传可乐灭火，靠谱吗	未
网传合西高铁走南阳不走郑州，相关部门回应	未
网传吴承恩故居变六小龄童故居 六小龄童机智回应	未
网传喷辣椒水事：辅警这次终于话说了！	未
网传大理一学校门口捡到一名弃婴，等待被领养！多地县医院发声明！	未
网传天水市出现塑料油饼真相是......	未
网传教练打人实为家属训孩子 专家提醒棍棒教育早已过时	未
网传文水发现千年古墓 真相是. . .	未
网传新余二中附近100元让孩子指路真相是...	未
网传新郑要在西亚斯校区北区建污水处理厂暑假期间公示，说没有收到学生的异议	未
网传朝阳坡收费站绕行路段惊现铁蒺藜，已有车辆中招！咋回事	未
网传本报记者通过询问游泳圈内多个和孙杨有联系的人，以及部分圈内记者，均对此事予以否认下周的短池世锦赛，孙杨会正常参加，希望不要受到外界影响，保持好的状态孙杨 加油	未
网传杭州富阳野生动物世界一只老虎出逃 真相来了	未
网传杭州富阳野生动物世界一只老虎出逃？真相来了	未
网传杭州富阳野生动物世界一只老虎出逃！真相来了记者从杭州野生动物世界了解到：今天上午开园后确实因为安全隐患问题让游客撤到园外。起因是因为车行参观区的老虎展区，有5只老虎首次进行了外放，其中有只亚成体1岁多的母老虎比较兴奋，触碰到电网，饲养员担心这只老虎之后的应激反应，存在安全隐患，所以上报将这批老虎先收笼后，再开园。 网传杭州富阳野生动物世界一只老虎出逃真相来了	未
网传杭州富阳野生动物园一直老虎出逃！真相来了	未
网传杭州购房政策放宽:外地户口社保未连续可补缴	未
网传杭黄铁路列车时刻表曝光！	未
网传梅州有人抢小孩?真相竟是...	未
网传永康拐小孩事件朋友圈被刷屏，真相在这里	未
网传沈海高速一颗摄像头年罚款2500万，平均每天6.8万我特么连一颗摄像头都不如！	未
网传沙窝街头环卫工人被打，详细案情公布>>	未
网传法官的保释决定细节法官：我命令，孟晚舟可以被保释，要有1000万加币的担保，其中包括700万加币的现金存款，并且有五个或五个以上的担保人条件：1）保持肃静2）向主管报告3）向主管提供电话和手机号码必须能够随时联系，以确保符合条件4）留在BC省5）居住在4005 W 28th Ave的住所6） ...全文	未
网传洛阳公交免费坐官方回话了！	未
网传浴霸会爆炸想在冬天安全地用浴霸，你需要知道这些......	未
网传海南这里有人偷小孩警方：谣传快来看看你贡献了多少，今年电影票房高达559亿！丨今日热点	未
网传海口一城管协管员工作时，边玩手机边嗑瓜子！官方回应来了	未
网传海汽大巴司机被打 五指山市公安依法处理打人者26日，两段关于乘客打晕班车司机视频网上热传经记者了解，该事件发生在26日11时左右，地点在五指山市三月三大道游客张x成与妻子王x杰夫妇，因要求海汽大巴司机曹x育在五指山市区内非临时停靠点停车未果，双方发生口角争执，张x成与妻子王x杰对 ...全文	未
网传海汽大巴司机被打 五指山市公安依法处理打人者26日，两段关于乘客打晕班车司机视频网上热传。经记者了解，该事件发生在26日11时左右，地点在五指山市三月三大道。游客张x成与妻子王x杰夫妇，因要求海汽大巴司机曹x育在五指山市区内非临时停靠点停车未果，双方发生口角争执，张x成与妻子王x杰对司机曹x育进行了殴打。根据相关规定，对王x杰依法处以行政拘留15日，并处罚金1000元人民币，对张x成依法处以行政拘留10日，并处罚金500元人民币。（记者贾磊）网页链接	未
网传深圳诞生世界首例免疫艾滋病基因编辑婴儿，卫计委：已启动对和美妇儿科医院伦理问题的调查！	未
网传混动小汽车明年要摇号？深圳交委权威辟谣：没有这事儿！	未
网传滨州205国道一大车突发大火真相是	未
网传潮汕某地工地挖出百年古墓专家现场考察...	未
网传猪肉有虫，真相居然是....	未
网传的祛疤小妙招真的靠谱吗谣言粉碎机	未
网传益阳泥江口惊现人贩子开车抢小孩为不实信息	未
网传盐城一老头玩死在女子家中！事情真相曝光！	未
网传盐城一老头玩死在女子家中事情真相疑曝光！（视频）结局是。。。。。。	未
网传穆里奇的下一站是中甲球队石家庄永昌。上赛季，永昌在中甲排名第6，无缘冲超。球队在下半程也请回了亚森，他直言新赛季的首要目标就是打回中超。	未
网传糖炒栗子添加二氧化硫增亮防腐 陕视记者专门去做了检测	未
网传绍兴一田里有人上吊警察到达现场，拉起警戒线！	未
网传苏U牌照12月起上线苏州交警：谣言！	未
网传辛集某幼儿园高楼仍小孩事件情况！	未
网传那英几成植物人，抽烟喝酒打麻将脑血管破裂助理回应了	未
网传那英烟酒过度成植物人bhys你那姐回来了！就在今儿早上，那英 和老公裹得严严实实的从某高档小区走出，身体力行的抨击网络无良谣言吃瓜需谨慎啊朋友们，瞧咱那姐这精气神儿，哪里像是病了呢必须严肃谴责一下无良造谣者了	未
网传金字塔为近代“混凝土浇筑”的 专家：毫无根据	未
网传长春这个大爷一段视频，网友齐说：真损	未
网传陌陌数据在暗网出售，数据多达3000万近日，网上有消息称，陌陌3000万数据在暗网上以50美金的价格出售卖家11月30日贴出的交易截图显示，这些数据包括用户的手机号密码，写入时间是2015年7月17日截至12月3日中午，数据交易状态处于出售中，目前已有三人购买卖家透露，这是三年前撞库而 ...全文	未
网传隆回九龙广场附近有人捉小孩你要的真相来了！	未
网传：青县树人广场让这么多人关注...	未
网传：青岗到肇东大巴车，为躲避高速收费走玉米地...	未
网传青州这个菜市场有人光天化日之下砸摊子！视频流出...	未
网传麦莉锤弟结婚 疑庆祝派对现场照曝光	未
网传齐达内在某社区内研究中国玄学麻将。 查看图片	未
网信办：APP需对注册用户进行真实身份信息认证	未
网信办：正研究建立互联网领域失信黑名单制度	未
网信动态丨2018贵州省互联网新闻信息服务单位从业人员培训班开班	未
网信动态丨河北省委网信办召开全省政府网站管理工作座谈会	未
网信动态丨秦皇岛北戴河区：网上贴吧成便民服务政务平台	未
网信动态  唐山市曹妃甸区网信办区公安局网安支队走进辖区新媒体企业	未
“网信局”不许网友发庆祝圣诞短信?云南网警：假消息	未
“网信局”让你不要过圣诞？假的！	未
“网信局”让你不要过圣诞？ 网警：假消息	未
网信普法六进活动在河北各地同时开展	未
网信课堂智能制造：打响中国制造的翻身仗	未
网剧《大约是爱》讲总裁患上“亲密恐惧症”	未
网剧《罪案心理小组X》开播 通过观察微表情破案	未
网友：11号线上的这位阿姨，认真的把吃完的垃圾丢在座位下面，给她点个赞	未
网友:13度家里冷的没法住了，东岭南街与卫星路虹馆小区。	未
网友：14年的胡歌哥 我第一次见呢 重庆  北碚城南	未
网友：19号亲弟借车过深圳，追尾人家，我弟全责，看着这车心里拨凉拨凉的。。。	未
网友sencerb88无意中看见了一只特别有素养的乌鸦	未
网友一个有点理想的记者力证孟晓舟是妥妥的中国公民 同时曝光中国式双重国籍的路径中国不允许双重国籍，所谓中国式双重国籍我了解一些，因为我有朋友十几年前就是这么办的。路径是这样，经过去澳洲留学等一系列程序，具体我记不住，反正大概几年后宣誓成了澳洲公民。这样他就有了两本护照，澳洲和中国。那么，每次他回国，如果用澳洲护照直接回来，那进中国之后就录入系统了，中国国籍将随后注销，护照作废，这就失去了双重国籍的意义。所以这些双重国籍的人都是走香港路线，从用澳洲护照从悉尼等地飞香港，再从香港用中国护照回国内，利用	未
网友：一副素描老大爷花了一个小时，我问老大爷怎么这么慢，大爷笑笑说，大家挣钱都不容易，我收了钱就不能糊弄！ 微博视频	未
网友一醒来，就感觉到几道能杀死人的目光......	未
网友上班忘关电热毯，下班推开门后，看着眼前的场景不淡定了！	未
网友上班时间看监控中二哈的日常，没想到把同事给吓坏了...	未
网友下班准备牵摩托车时，安全帽已经被猫咪霸占了，它的模样...	未
网友下班遇到一只流浪猫，它直接跳上网友的公事包还给睡着了....by/FB/Nick Peng	未
网友下班遇到一只流浪猫，它竟然直接跳上网友的公事包，然后...	未
网友东旭叔称马蓉确实被打了，还晒出了医院证明，当时带剪刀其实是为了自保。你们相信吗	未
网友东旭叔称马蓉确实被打了，还晒出了医院证明，当时带剪刀其实是为了自保难道这事有反转	未
网友买的姨妈巾，中招了。。。大连身边事大连爆料	未
网友事故播报，旅顺南路，大车侧翻，具体情况不详。小心驾驶，安全第一！大连身边事大连爆料	未
网友事故播报：解放路武昌街路口附近撞了，前车急停，后车追尾。雨天路滑，保持车距，安全第一！大连身边事大连爆料	未
网友事故播报，辛寨子广场公交站，两车刮碰。占两排道。安全驾驶，遵守交规！大连身边事大连爆料	未
网友：享骑上海总部已搬离七莘路办公场所，请网友不要再前往，以免白跑一趟！	未
网友亲身经历总结32条悔青肠子的装修教训！小户型装修 家居微盘点	未
网友：仁寿-满井的公交车，到站不停车！是谁不守规矩	未
网友们把偶练2的选手们的精修图和视频动态图做了一个对比 你们什么感觉	未
网友们是如何评价环保督察	未
网友们，看到这2个男生请立刻报警，不要手软！	未
网友：位置硅谷大街飞跃路一幕，是往后退，还是故意倒车撞人	未
网友供稿，心理的秘密！	未
网友供稿：我现在至少比别人少奋斗了几十年，尽管被富婆包过。。。	未
网友做这三件事，半个月瘦了十斤	未
网友偶遇一个爷爷想吃面，在老板店里吃完面给老板十块钱，老板追出来把钱塞回爷爷口袋里，说了一句：哎呀，一碗面嘛 微博视频	未
网友：全市禁电鸡，用共享单车代步，你觉得OK吗	未
网友：公共厕所，现在不敢出去了，怎么办	未
网友关于生孩子的评论！太恐怖了！情感	未
网友养二哈后，每天回家都要在这地方被吓一次...	未
网友冒死拍下黑帮火拼场面，卧槽太凶残了！V影响力峰会 红人的诞生	未
网友冒死拍下黑帮火拼场面，卧槽太凶残了！每日笑话微博	未
网友出游时记录下两位老人的对话爷爷：等他们走了我给你拍照，奶奶：嗯爷爷：他们走开了，你去站那儿。慢点儿，别摔着！奶奶：这样站可以吗爷爷：特别好看 好暖，这是你心中爱情的样子吗	未
网友出门陪女友逛街，怕被拆家，出此良策，真TM的机智！	未
网友分享:一早上赶着早高峰坐地铁，上来了一对老夫妻，旁边的年轻人给奶奶让了个座，奶奶死活不坐，爷爷劝说着她坐，奶奶依然拒绝，随后说了这样一句话人家上班的呢，多累啊，我坐不合适。这样体贴的奶奶值得赞	未
网友分享  为何近在眼前却好似远在天边	未
网友分享：女朋友昨晚一夜未归，今天回来就成这样帮忙分析分析这是怎么回事	未
网友分享挤地铁的沙雕奇葩经历！哈哈哈哈哈哈哈	未
网友制作的3D真人版海绵宝宝与派大星这怕是要给所有人留下心理阴影吧	未
网友厂房平房商铺仓库写字楼车辆出租-11.29更新	未
网友厂房平房商铺仓库写字楼车辆出租-11.30更新	未
网友：厉害了，我沛县的厕所！好人广场公厕竟将这样...	未
网友双十一在淘宝购买的爱他美奶粉竟然是馊的，买奶粉还是得去实体店！	未
网友反映：105山货段夜间能不能不要施工	未
网友反映：东营丁庄镇鼎盛庄园小区不给供暖，寒冬可咋过	未
网友反映：中瑞星尚城三期 今日维权徐州城事 1. 中锐三期，共9栋，有一千多户2. 中锐二期楼歪歪，三期延期，至今不知何时上房3. 中锐三期工地基本无人施工，还有农民工讨薪，注册资金由2亿改为2000万，延期甚至超过半年，让千户业主人心惶惶，不知6个月后中锐会不会跑路4. 三期业主计划 ...全文	未
网友反映：九中社区赵静书记居住在黄河怡心苑，其小区的违建未予拆除，先从别的小区拆除，未能做到以身作则。她自己的小区都管理不好，有什么资格管理我们	未
网友反映：位于宿州汴河西路与大王庙路北，由于吾悦广场施工，导致这条大王庙路已经破烂不堪，严重影响附近居民的正常出行。	未
网友反映：你好，古风老师，给你反应个事情，在裕成街江庄爱民巷，整天烧锅做饭，还用塑料袋烧，现在大宿州正在治理环保，熏的附近居民生活困扰，老太太不理会，属于万里桥社区，请古风老师反应下，谢谢。	未
网友反映公路施工企业"出入"两难 交通局协商分步通行(图)	未
网友反映，兴工街地铁站，公益广告牌为啥反着挂到期了大连身边事大连爆料	未
网友反映：创建文明城市，停车位被几个家具店占的满满的。	未
网友反映：南环路与北清河村口交叉口亟需安装红绿灯！	未
网友反映：古风同志你好！我是宿州万达公寓的一名业主，想向你反应一件事情，现在万达广场物业的停车费收费很不合理，每天晚上凌晨十二点至六点收费十元，这一个月下来就要三百元，一年下来比物业费还要高，这明显就是针对住户的，业主和租户都接受不了，万达广场物业针对住户也没有个合理的解释和收费标准。	未
网友反映：古风同志你好，昨天下午我坐27路公交车，公交车卡被司机拿去看了一眼，说没照片说不是我的，我用了六年的卡，他说不是我的，让我去公交公司拿卡，我今天去了，办卡的人给我说没有，让我挂失，我给她们说明我的卡是被司机拿走的，不是丢的，然后他们让我去27路总站拿卡，我说我拍了司机的工作号，你帮我查一下，他们说查不了，我现在就像问问这么多路的公交车，那么多员工他们连一个像样的系统都没有。古风同志我现在就想找一下这个司机。谢谢，我是一个学生，不为别的，我只想要配了我六年的卡。	未
网友反映：古风同志你好，银河绿苑北区22栋一楼电瓶车库漏水严重，已经一年多了，物业一直不给处理，能否帮忙反应。	未
网友反映：古风同志，反映个事，对于电瓶车充电问题，港丽物业给业主的答复是晚上可以充，白天把线子收起来。	未
网友反映：古风同志我要向你反映个问题我们安厦时代广场做3路车去高新区人才公寓 ，车到了市立医院就停了 停在医院门口了 可是终点站在高新电商园 ，当时才7点20末班车是8点半 我们问司机司机说天黑了就不往那开了 让我们骑公共自行车过去 ，还是第一次遇到这种情况。	未
网友反映：古风同志 请问什么部门接受私人商铺门口 私占停车位，还弄两个大石头挡着，是不是太自私了，北苑小区。	未
网友反映古风同志，这是汴河镇杨圩村的垃圾堆放处，希望有关部门可以处理，每次领导检查都会打扫的很干净，平时却无人问这个问题。	未
网友反映：古风您好，向您反映点问题。九中北门一段，前些天施工遗留下来的几处，工程结束了，但坑洞尚未填充，特别是人行道，旁边划着车位，中间过不了一辆电动三轮车。过往的学生行人比较多，存在一定的安全隐患，请相关部门尽快填充这些坑洞，谢谢！	未
网友反映古风您好，我想反映个事情，港丽东区东门里面一块草地变成堆积垃圾的地方，每天凌晨都有铲车把他铲走，不停的有新垃圾堆积，请问小区是垃圾回收站吗麻烦反映一下谢谢。	未
网友反映：在这家买的刮刮乐，老板不给兑换，理由是店转了。	未
网友反映：大店镇路灯是个摆设吗，晚上从来未亮过，望古风同志能反映一下	未
网友反映：宿州人民路和迎宾大道交叉口红绿灯坏了。	未
网友反映：宿州光彩城北门矿建街！摆摊咱们都可以理解，为了生活！但是你别堵路啊，这刚创建文明城市，没有几天又这样了！政府只是做表面工作吗	未
网友反映宿州华洋新世界6号楼公寓本来就人多，就三个电梯还天天坏，也没有人去维修。没人管没人问。今天早上楼上等电梯都半个多小时，大家早上都上班都赶时间。麻烦古风帮忙下，看看能不能给我们业主一个能够正常使用的电梯。	未
网友反映：宿州奥城南门东出店经营，门口脏乱差！	未
网友反映：宿州绿洲家园安置区2期绿洲商业广场的下水道一直在往上翻水，已经一个星期多了，天气冷的时候，就会直接上冻，走这里过的行人经常摔倒。	未
网友反映：宿州高新区玉皇寺西面四岔路口靠西面南北路的窨井盖好几个月无人问，同事之前也打过市长热线，一直无人过问，上下班不安全，辛苦了古风同志。	未
网友反映小区"僵尸车"乱停无人管 当地：将进行整治(图)	未
网友反映：广南的县城灰得不要不要的	未
网友反映：广南这几家烧烤占道经营，营业到深夜凌晨2 3点	未
网友反映：广南这里污水乱排放	未
网友反映：您好：我早上在灵璧新国线汽车站网上购买到宿州东站的班车，结果取票机坏了取不了车票，手机订单里有电子条形码，但是不给我进站，要求车站人员处理，迟迟处理不了，还大喊大叫，素质低下，退票也不给退，还要求我重新买一张票，要么不给我上车。我就想不通了，他们机器坏了，还有理了就可以让乘客买两次票吗为了赶高铁，不耽误车内其他人赶车，我就又付了一次钱。车站内还有好几个人都和我一样的情况，他们也很生气，就没走，等他们解决。系统一天坏这么多次都不换，那还用干嘛！不是坑人钱吗，虽然十二块钱不多，但车站人员丢皮球	未
网友反映我是河南省灵宝市河滨公安局第三家属区的一名业主。近几年环保的问题，我们小区烧煤的锅炉被拆除了，市里为了方便供暖，引资了一个叫做法电的供暖公司，并且面向全市进行暖气改造。我们小区属于公安局的家属区，物业由公安局指定的退休老干部担任，就是这次暖气改造，几名担任物业的老干部对我们业主说，小区施工是自己找工程队施工，我们也信以为真，分分集资改建，集资共计70余万！可是到了11月15日集中供暖时，我们小区暖气根本不热，最后我们打电话给供暖公司才知道，我们小区的改建不合格，当初供暖公司要给我们小区施工，	未
网友反映：我跟你反应一件事，就是三里湾街道军分区旁边有个休闲小广场，里面有个宣传栏框架已经歪了，怎么也没人过来弄，麻烦过来弄一下，希望得到解决，谢谢。	未
网友反映：我这里是萧县永堌镇马庄行政村石山子自然村石山子北头，我们村里建设的公共厕所，偷工减料，马庄行政村所有的共厕所都是砖混结构，为什么我们村里的是只有砖墙，基础还是用的烂砖头，一样的设计图纸，一样的价格，为什么不是一样的质量，砖墙磊的也是歪歪斜斜，希望有关部门能够监督管理局，这样的厕所建造好有安全保障吗	未
网友反映：没有人管一管吗就在火车站这，正中央，人来人往的，都能看到，不说对城市形象影响了，就对环卫阿姨叔叔们来说，加大了很多工作量大连爆料 大连身边事	未
网友反映：灵璧县博乐家园与灵璧祥和庄园二期门口，人行道积水和渣土行人无法行走。	未
网友反映社保卡制作补办时间长 人社部：最长不超90天	未
网友反映：这是埇桥区永安镇单家村的路，别的村都铺路了，路太难走了。	未
网友反映镇雄坪上镇工作人员黑吃老百姓的合作医疗费，工作人员态度恶劣！	未
网友发帖余姚这条新建的断头路...成了停车场和垃圾场，谁来管	未
网友发帖！在栾川谈个女朋友真费钱，月支出竟然超2万...	未
网友发帖我来说下我家年收入400万的一家三口开支楼主老公的年收入在400万左右，但每年消费结余所剩无几，楼主列举了她家一年的消费，来观摩一下	未
网友发帖我来说下我家年收入400万的一家三口开支。楼主老公的年收入在400万左右，但每年消费结余所剩无几，楼主列举了她家一年的消费，来观摩一下 /我的厕所读物	未
网友发帖称"中学生粉摊吃别人剩粉" 男生获帮扶	未
网友发文喜茶中喝出＂套套＂ 门店:未使用过这种指套	未
网友发文称喜茶中喝出指套，上海静安市监局今天将现场检查	未
网友发文称喜茶中喝出指套，上海静安市监局今天将现场检查12月3日晚间，@vermix 发文称：你们兴业太古汇店的外卖制作也太可怕了吧今天喝到最后居然喝出来一个套套不过，有网友留言指出，这应该是食品加工专用指套12月4日下午，静安区市场监管局将进行现场检查，实地查看（澎湃新闻）	未
网友发文称喜茶中喝出指套，上海静安市监局今天将现场检查一网友疑似在喜茶中喝出指套12月3日晚间，微博用户@vermix 发文称：你们兴业太古汇店的外卖制作也太可怕了吧今天喝到最后居然喝出来一个套套该网友发布的图片显示，该订单为一单跑腿代购订单有网友留言指出，这应该是食品 ...全文	未
网友发文称喜茶中喝出指套，上海静安市监局今天将现场检查一网友疑似在喜茶中喝出指套。12月3日晚间，微博用户@vermix 发文称：你们兴业太古汇店的外卖制作也太可怕了吧今天喝到最后居然喝出来一个套套该网友发布的图片显示，该订单为一单跑腿代购订单。有网友留言指出，这应该是食品加工专用指套。3日晚上11时许，博主再次发文称：我从来没说过自己喝到一个避孕套，并且在我看来那就是个指套。12月4日，静安区市场监管局初步了解情况显示，喜茶企业正在做内部核查发微博的人暂未配合喜茶提供消费等证据。4日	未
网友发文称喜茶中喝出指套 上海静安市监局将现场检查3日晚，有网友发文称在上海市兴业太古汇店的喜茶外卖中喝出一个套套，后有网友留言指出，这应该是食品加工专用指套。4日下午，静安区市场监管局将进行现场检查，实地查看。网页链接	未
网友发现家里一楼有老鼠，便把喵星人的窝从二楼卧室拿到了客厅，想让它帮忙捉下老鼠，没想到喵星人一点面儿不给，叼着自己的窝就往二楼挪动....	未
网友发的图，不知道什么意思	未
网友只是做张图，又没吸毒，又没逼人打胎，怎么就不是人了//@啊源喂:这样恶搞别人很开心你是人吗	未
网友@吃瓜少女ELSA 发来后续:已退全款 查看图片	未
网友吆喝：三马路跨铁路桥下面谁的电动车遥控钥匙丢了，说一下。	未
网友吐槽：Flyme优化不好，黄章现身论坛回复	未
网友吐槽，康师傅泡面，料包里竟然有虫子。。商家给换了一桶。食品安全啊城市V聚力大连爆料	未
网友吐槽新版赏金系统，补兵发育着就有700多赏金，即使战绩很差但是补兵发育依旧会产生赏金，大家觉得新版赏金系统怎么样英雄联盟	未
网友吐槽杨超越像鸵鸟 本人翻牌：笑出猪叫声	未
网友吐槽说，自家狗子不知道从哪儿翻出来小时候穿的毛衣，还非要他帮忙穿上，然后......	未
网友吐槽说自己偶然喂了一次流浪猫后，竟然被赖上了......	未
网友呼吁取消公交老年卡一个岳阳人这么看	未
网友呼吁：汉施公路何时亮灯	未
网友咨询：大连奥林匹克沃尔玛超市买的猪肉，是否可吃 大连爆料 大连身边事	未
网友咨询：大连火车站，这个岁数出言相劝，会不会打我大连身边事大连爆料	未
网友咨询：对面楼的六楼的监控，这样的监控不光是监控了楼下，是不是也会看到我们这个楼一些住户的隐私，这样的监控合理吗大连身边事大连爆料	未
网友咨询：彦年退款怎么没动静了那么多人的会员卡什么时候给退城市V聚力大连爆料	未
网友咨询芜湖安家补助政策最新进展鸠江区人民政府回复	未
网友咨询：这停车器安的合法么旅顺雅馨苑小门附近，顺山街1-34门前，这都安路上了。。晚上没路灯，周边都是小区，来往行人不少，不小心很容易绊倒。城市V聚力大连爆料	未
网友喊话潘长江别上春晚 本尊回应:谢谢您 我尽量	未
网友喝大了真是什么事儿都干得出来（Twitter：FLJBieber）	未
网友回家晚了，就看见哈士奇在阳台上瞪着自己，眼神有点可怕呀！	未
网友因为回家迟了，三只哈士奇就轮番叫着：我们要换铲屎官！	未
网友在动物园拍到的，围着桌子吃饭一家子土拨鼠	未
网友在动物园看到了传说中的...胖虎胖虎：我胖吃你家的饭了	未
网友在北京天坛公园偶遇齐达内 公园管理方：他来参观一圈就走了，大家别来了29日上午，多名网友发帖称，在北京天坛公园内偶遇知名球星齐达内消息传开后，不少网友表示要去公园里打卡合影中午12时许，北青报记者以市民身份致电天坛公园客服获悉，（齐达内）一行人只是来公园参观一下，参 ...全文	未
网友在北京天坛公园偶遇齐达内 公园管理方：他来参观一圈就走了，大家别来了29日上午，多名网友发帖称，在北京天坛公园内偶遇知名球星齐达内。消息传开后，不少网友表示要去公园里打卡合影。中午12时许，北青报记者以市民身份致电天坛公园客服获悉，（齐达内）一行人只是来公园参观一下，参观完就走了，不会在公园里待很长时间的。客服人员建议市民不要蜂拥过来，公园转一圈要一个小时，您来了他肯定走了。14时许，北青报记者从天坛公园工作人员处获悉，齐达内目前已离开园区，他们这次应该是私人行程，上午去了祈年殿那	未
网友在吗//@Capricornus_Xcccc:我朋友今天不刷微博吗//@手游君:我队友呢//@魂学鬼才小星星:我网友呢//@特型驱逐舰响:我网友呢//@第六駆逐隊暁:我网友呢//@看西撒玩泡泡:我的网友呢//@Cien恩恩:我的网友呢//@昨天的沙雕:我的朋友让我看到你们的双手！	未
网友在商场和海底捞偶遇蔡徐坤，生图帅炸，果然爱吃的女孩运气不会太差	未
网友在土耳其古城遗址旁遇到一只流浪猫，它好亲人，网友摸了好久它都没跑掉，还偷亲了几下！	未
网友在奥林匹克沃尔玛买的猪梅肉，有没有问题大连身边事大连爆料	未
网友在峨眉山清音平湖拍下这张照片 无意中旋转手机 大圣 是你吗	未
网友在忻州街头拍到最牛电动车，谁认识	未
网友在早班电车上的经历	未
网友在涟水淮浦大桥拍下了这样的画面......	未
网友在淘宝买了一个做烤肠的盒子，还晒出了自己给儿子做烤肠的图片	未
网友在社交软件上捕获的猎物们	未
网友在网吧偶遇Mlxg和Meiko！Mlxg在玩DNF，Meiko在玩梦幻西游原来职业选手的假期都是在网吧度过	未
网友在贝尼托胡亚雷斯国际机场，巧遇墨西哥新总统洛佩兹奥夫拉多尔行走乘客通道 今日贴纸打卡	未
网友在超市遇到的一对爷爷奶奶，真的很甜了。	未
网友在路边看到一只流浪猫，于是伸手向它示好，结果	未
网友在酒店房间抽屉里找到了张藏得很深的tf卡兴奋不已，结果插手机上一看emmmmm（via adamwuqwq）	未
网友在铅山汽车站遇到问题，谈谈自己的看法....	未
网友在食堂偶遇关晓彤 发现她居然在吃这个东西！	未
网友：垃圾乱倒压坏了农田 当地及时整改到位(图)	未
网友声音：三马路与宿淮路的交叉口东北角徽商银行门口，每天都有很多学生走这里回家，本身就不宽的路，还有一些车主硬从里面过，特别危险，很容易碰到学生希望有交警在此管管，谢谢	未
网友声音：严重表扬我们虚线的出租车车牌号1650的出租车师傅 我一个人打车从宿州到淮北 各种聊天 怕我害怕 到了高速路口 接我的人还没来 他陪我一起让我在车里坐着，说一个小女孩在这乌黑的地方拍我害怕。	未
网友声音：你好古风哥 能帮我咨询个事么 前段时间 北苑小区楼道里面装的这种感应灯都一个多月了为何迟迟还不可以用 天一黑 一个楼道都乌漆嘛黑的 只有打着手机手电筒才可以看清台阶 而且北苑小区大多老年人居多 请古风哥帮我问一下 谢谢了	未
网友声音：你好 我想请问一下。就是宿州的清洁餐具公司 我们在他那交了押金 他们给送餐具 但是现在我们不需要用他家的餐具了 想退押金 他们半年了 各种推迟 现在打电话不接了 这样的我该怎么投诉他们呢	未
网友声音你好，我是宿州上河城小区的业主，今年原定12月1日供暖，我们用户也都提前缴了一年的取暖费用。结果供暖公司因为各种原因，延误到现在也没有解决，说是12月底能够解决所有的管道疏通问题，能够供暖。我们业主几次三番的跟他们沟通，都是各种借口，一会说是电厂管道有问题，一会又说是我们小区管道有问题，到现在都是不见施工解决。同科和中华园小区12月1号就已经如期供暖了，这些天又是下雪又是极速降温，原本管道维护更新不及时，未能如期供暖，已经是供暖公司的严重失职，现在又没有积极及时解决延误问题，更是让我们用户很	未
网友声音：别的城市都可以微信支付，希望宿州的公交也可以。	未
网友声音：北苑小区附近 商铺和非机动车占用公共停车位 这是公用停车位 为什么弄的跟自己家门口一样 刚刚我挪非机动车要停车 他说是他家的不让我停 我就行知道这门口的停车位是不是他们家的。	未
网友声音：古风你好，我是浍水西路法检宿舍的住户，因为是老小区，并没有设置专门为电瓶车充电的地方，各家各户都是从楼上接插排下来充电，今早在没有任何通知的情况下，所有住户电线都被剪断了，为什么不可以通知一下呢，让人家把线子都收走不就行了这种办事方式实在是让人不能接受，还有一个问题，这样以后如何给电瓶车充电麻烦您帮我问问。	未
网友声音：古风同志你好，今天晚上我和我的朋友去 宫.婚纱影楼租礼服，以400元两件的价格谈好，答应可以开发票付完钱和押金之后反悔，不愿意向我们开发票，国家规定超过10元以上的商品就可以索要发票，更何况是几百元的这难道不是偷税漏税结果他们说不做这单生意了，态度特别恶劣，说没见过几百块钱还开发票的现在买东西都这样了吗希望你能帮我曝光一下汴河中路宫。婚纱摄影	未
网友声音：古风同志你好，你能帮我发一下么家里老人弄得小工程，光缆线放家门口的被偷了！已报警！希望那个人能看到还回去就行父母年龄都大了，因这个事也是茶不思饭不想的为了生活挣点小钱不容易，这钱没挣到东西还被偷了。	未
网友声音古风同志你好！埇桥区大营二中把国家出资建造的实验楼，租出去开超市，卖的三无产品垃圾零食！这是不是对国家财产的侵占	未
网友声音古风同志你好，想向您反映一个问题，位于宿蒙路何家村，创建文明城市村里都装了路灯，可我家这排房只装了三个就不装了，装一半留一半，多次反映无人解决，这就不问事了吗	未
网友声音：古风同志你好: 我是新都市华庭东区业主我爸爸在外地工作用不到自己家的私家车就停放在小区空地两个月。同时那个空地也有汽车停放不会妨碍到别人，还留移车联系方式。小区监控上午掐下午车就被砸。物业是不作为物业，报警调不出监控无果没证据无果。前段时间我们同小区一辆外地车也是停放也也被砸了。今天是我家，如果这种气焰助长下家是谁呢肯定是小区人为如果不是上午监控被掐下午就被砸而且解释原因很圆润。这样肆意毁坏别人财产是违法的法律不允许的。生而为人务必善良人在做天在看善恶终有抱！！！	未
网友声音古风同志你好，此时正值宿州市老一小放学。在西出口奥码眼镜店门前 总有几个电动车和周围有素质的人群格格不入。	未
网友声音：古风同志你好，现在我想向你反应一件事，麻烦你能够关注一下。宿州同盛广场开发商未对物业用房进行备案，现将物业正在使用的物业用房出售，造成现场物业公司无法办公。物业和业主代表到有关部门跑了3天没有一个部门能够解决此事，目前他们已经把物业用房的锁给换了，明天要来人把物业的所有业主资料全部强制搬离。目前全体业主情绪较大，找开发商也不给解决。我们只有求助有关部门能够关注此事，给我们解决此事。	未
网友声音：古风同志港丽东区最近几天都是晚上八点左右开始停电，有时候停一两个小时，今天从八点多到11点多都没有电，想问一下知道是什么原因吗	未
网友声音：古风老师你好，今天坐公交车没带零钱。就问司机能微信或者支付宝吗司机答复不能，只能银联什么支付没听清楚。很疑惑，都能银联支付了为啥不加个支付宝或者微信，而且用银联的真的多吗能比微信或支付宝更方便群众吗	未
网友声音：向您反映一起霸道司机，泗县一个出租车司机非常嚣张，占道随意停车，阻碍行车，让他调车，他不但不调，还说想停哪停哪，想怎么停怎么停，你说可气人。	未
网友声音：向您反映西昌北路从过了沱河桥到绿洲嘉园没有任何公交车通行，原来有三路车，因为修路改到了。几个月都没有公交车经过，路段现在差不多快好了现在天气变冷市民出行不方便，请帮助反映此问题。	未
网友声音：宿州云集木樨花开洗浴中心的问题。	未
网友声音：宿州拂晓大道，汴阳三路岔路红绿灯坏了。	未
网友声音：宿州沱河路和人民路交叉口的这个十字路口被栏杆封死了，想过街很麻烦，好多人都逆行，建议如果想拦截机动车可以改成那种中间带桩的，行人和非机动车可以通过机动车无法通过。	未
网友声音：宿州银河绿苑南区，最近持续药流浪狗流浪猫，小区孩子多万一误食后果不堪设想，小区物业和社区装聋作哑，全市在创卫，这么干是与市委市政府传达的精神背道而驰！希望你能给呼吁下，引起重视！！	未
网友声音：您好古风同志，反映一个事情，不知道哪个部门负责。在宿州市埇桥区顺河乡鹤山村境内，有一颗古槐，四百余年树龄，堪比宿州淮海路老槐树，由于年代久远树干已中空，危在旦夕，请有关部门予以重视，拨款修缮，保护！	未
网友声音：我们住在芳林苑小区。每天会骑电动车上班，但是，我们小区门口对门的非机动车道是被绿化带封上的，每天出门，如果不过马路的话往左拐就是逆行，如果过马路的话，就是走机动车道。如果要是往右边走，要走很远才可以到红绿灯的路口。所以，每天都好尴尬。请问下可不可以有关部门在小区对面的绿化带给我们开一个路口，这样的话。应该会安全很多。	未
网友声音：老鹰膀子拆了改成红绿灯更堵了，从原老鹰膀子堵到银河一路左转弯都堵在原地了！	未
网友声音：葛老师 麻烦帮忙咨询下宿州二院南边王徐社区西头旁边运粮河的路三条方向昨天突然就有柱子了，开车过不去只能穿过庄里的一条路，距离绕的远了。	未
网友声音这位网友反映泗县红黄蓝幼儿园的一些问题！	未
网友外地偶遇天津包！介似糟改嘛咱的老传统都丢了......	未
网友:多亏中纪委 今年粽子肯定不贵	未
网友夜店偶遇李诞 惊曝李诞与美女舌吻疑婚内出轨	未
网友：大概是史上动作最慢的碰瓷现场了吧	未
网友夹一块肉给窗外可怜巴巴等着的流浪猫，结果不小心...	未
网友好厉害，2135.50这样的数据提前猜对的有几十个人因为我的420万微博粉丝中有50万人猜兑现承诺，给第一个猜对的人8888元红包	未
网友好心拿食物去喂路边的流浪猫猫也乖乖准备过来吃只是...喵：相中这个盘子了，不可以吗	未
网友：如果想退享骑押金，可以工作日去他们公司办理：七莘路1855号丽婴房大楼1401。现场需要等半小时左右，比从app上速度快很多。一定要本人去，带好身份证。	未
网友定外卖时备注要多多多多多多放葱，结果没想到收到了这个	未
网友实拍！潢川爱国路施工最新进展，年底不知道能不能通车...	未
网友实拍自家树上鸟出壳全过程 鸟妈妈真是太辛苦了	未
网友实拍鸡冠区众兴桥 面包车撞大货	未
网友家的3只猫很要好，每天都要黏在一起，关键它们的眼睛太...	未
网友家的喵总是在主人上厕所的时候，露出这表情...	未
网友家的小虎斑不知道怎么了，长大后竟然....	未
网友：家里老宅子要拆了，好多老祖宗传下来的东西，你能认识哪几样	未
网友崩溃：丈母娘让我辞职回家带孩子！大家纷纷支招	未
网友希望能够开通南充到广州的动车，看看官方怎么回复...	未
网友建言：关于南湖建材市场基础设施建设的问题	未
网友建议取消老年公交卡官方给出明确回复了	未
网友建议我发到今日头条账号试一下	未
网友建议青岛取消老年公交卡，官方回复	未
网友建议青岛“取消老年公交卡”？官方给出明确回复了…	未
网友心情复杂	未
网友@念真居士拍摄的横须贺港。横须贺军港位于日本本州岛东京湾入口处东岸，北有横滨市相连，南和横须贺市东岸接壤，港内水域开阔，可同时停泊包括航母在内的各种舰艇300余艘。根据1952年签署的《日美安全条约》，该基地共为日本海自司令部和美海军第7舰队司令部的驻地。	未
网友总结 2018年度汉字 qiou	未
网友总结了2018年的瓜（截止至11.28），来看看你缺了哪节课	未
网友总结的2018年度汉字，这个字该怎么读	未
网友戏称：有詹姆斯-哈登，就是为所欲为！	未
网友：我的爱。。赤裸裸。。。	未
网友：我都想写作业了	未
网友扫图。	未
网友把女儿和狗子留在家，出门办事，回来后她差点没晕倒...	未
网友把被子拿出去晒，晒没多久就发现上面长猫了...冬天的被子不能晒，容易长猫	未
网友抓拍到一组消防队员全身结冰救火的冰与火之歌图片致敬！	未
网友投稿，不会写标题，大家自己看	未
网友投稿 两个人很坚定，就领证结婚了，但是没有婚礼，如何看待结婚没有婚礼	未
网友投稿丰台体育馆附近，四五辆大车。遮挡号牌，压线行驶，横冲直撞，太可怕了！	未
网友投稿今天下午在朝阳门外大街看到一辆遮挡号牌的车，他尾号是9，今天限号5和0，昨天限号才是4和9，这是昨天就遮挡然后今天忘记摘了吧！	未
网友投稿今天早高峰的时候，七圣路，西坝河那一带，这辆车就这么在自行车道停着，路窄，公交车根本过不去。关键是车里有个女司机，在等朋友，公交车司机和安全员怎么劝都不走，耽误了得有20分钟。最后朋友慢悠悠上车，走了。而且还是辆违反禁行的车辆。（车旁边的好心的路人看不过去了在劝司机）	未
网友投稿从我五号线磁器口上来到天通苑了，他一路一直就这样，就这一个姿势谁知道他怎么了到底	未
网友投稿:你们室友会和你们这样说话吗	未
网友投稿:大兄弟你怎么肥事	未
网友投稿，少量用户已经排到马路上了 查看图片 //@北京人不知道的北京事儿：ofo回应到总部秒退押金：只有少量用户到总部，并无现场退押金情况，只是登记。	未
网友投稿，帮他看看是不是被绿了	未
网友投稿：怎样才能让对象不经意间看到这条微博呢	未
网友投稿：我是一名 职场小白，身边的老职工很爱抽烟，我忍受不了，提出离职，但是其他同事说我太多事了。是我太矫情了，还是怎样呢	未
网友投稿：我爸，怕我行李箱脏了，就一路扛到车站	未
网友投稿搬家公司的套路！	未
网友投稿昨天在北京市大兴区西红门鸿坤广场停车场看到的川贴冀，已经帮他改回原号牌了！	未
网友投稿昨天晚上跟后海看到的，车筐里坐了一个人，说他们还不听，最后咔咔两声车筐折了！ 微博视频	未
网友投稿：有什么甜甜的话发给男生	未
网友投稿：村里大仙儿的故事！	未
网友投稿：求来的鬼儿子！	未
网友投稿江苏卫视某栏目这道题的答案当然是菲尔米诺啦	未
网友投稿：海澜之家双十一活动中奖名单今天才公布，前一万名竟然都是00:00:00付款，随后广大网友质疑造假。请问谁手速能这么快	未
网友投稿，生活也可以变成童话。	未
网友投稿，男盆友把我噩梦里的恐龙画了下来	未
网友投稿的买家秀和卖家秀一点点	未
网友投稿:看了我和前男友的转账记录......	未
网友投稿：真正的猛士，不需要背课文！	未
网友投稿知道这个老物件儿是干嘛用的，估计年龄都不小了吧。。。。	未
网友投稿，要不你换个朋友???	未
网友投稿：该怎么样做呢	未
网友投稿这个车停的如何呀打几分	未
网友投稿：这样的公司在哪里还招人吗	未
网友投稿:这样的男朋友你能接受吗	未
网友投稿银杏之恋！	未
网友投诉：中国移动保底消费128元，时间长达五六十年 要求取消不予受理福建一网友于2015年，通过移动授权店购买手机号码，当时是预存两千元话费开户入网此号码，此号码之前开户入网办理时候，客服人员并没有说明白最低保底消费时间要五六十年，而且每个月最低保底消费128元。网友多次致电移动客服要求取消保底消费，却得到回复不好意思，没办法。网页链接 对于此事，你有啥招	未
网友报料！万泰汇这里一群小朋友见人就抱，当众索要	未
网友报料，今天下午发生两起火起火！	未
网友担心的事情也许会发生的我的确比他胖  看了徐冬冬的胸才知道她变胖了， 网友: 真担心把她男友压坏	未
网友拍下了一只河马孤单一人趴在水坝的围墙边上，看着下面的车来车往....照片Po出后很多人说像是PS，后来当地网友纷纷晒出不同角度的照片证明这只河马常常一个人来到这里看风景...... 搞笑	未
网友拍下了一只河马孤单一人趴在水坝的围墙边上，看着下面的车来车往。。。照片Po出后很多人说像是PS，后来当地网友纷纷晒出不同角度的照片证明这只河马常常一个人来到这里看风景。隔着屏幕都感受到了忧伤。。。	未
网友拍于7号线常熟路站	未
网友拍于早高峰10号线	未
网友拍到一男子竟然这样带着猫在买东西 美食	未
网友拍到地铁上一个大叔的东西掉了，该不该提醒他	未
网友拍到的一幕：成都街边，一环卫大爷正在给共享单车上链条愿世间的好人都能被时光善待	未
网友拍到的一幕：成都街边一环卫大爷正在给共享单车上链条。愿世间的好人都能被时光善待。	未
网友拍武汉530岁汉阳树体检 将请专家会诊制定保护措施 12月1日，汉阳树的老街坊们，居住在凤凰巷的20多名居民聚在汉阳树下，在这株见证了他们生命记忆的树下合影留念，记录下一代人的乡愁。11月30日，武汉市园林和林业局首次从德国引入两台高精检测仪器，对汉阳树进行彩超体检。体检结果显示，汉阳树整体生长正常，树干中有部分腐朽。下一步，将根据检查结果，邀请国内古树保护领域的权威专家进行会商，制定综合保护措施。汉阳区园林局在汉阳树所在的小院，修葺起仿古式样的栅栏和门楼，派专人守护武汉市国土规划局汉	未
网友拍武汉雨润江城，叶落满地12月3日，初冬的江城寒雨淅沥。城区街头落叶满地，满目金黄。武昌中华路街头，落叶铺满湿漉漉的地面，好似一条金色地毯，也为环卫工人清扫增添不少困难。（摄影：李子云 苗剑）	未
网友接到邻居电话说自己家被淹了，开门一看二哈正在......	未
网友接到邻居电话说自己家被淹了，开门一看二哈正在	未
（网友提供的）长长的割肉单，流着血泪的文字，述说着这个散户这几年悲惨的炒股经历！	未
网友提问：都昌液化气瓶检修费62元，是否合理	未
网友收到朋友寄给她的红心火龙果然后快递中碎了几个图2为加了个滤镜情况下	未
网友放学回家，突然发现路旁茂密的灌木丛里，开出了一朵艳丽的阿柴	未
网友整理了一些行业内的秘密，你知道几个呢了解下少吃亏	未
网友：昨天22号晚在真如驰骋苑门口捡到一个书包，里面有一个pad，还有两本课外读物，已交给居委了，希望失主看到后去居委认领	未
网友晒出罕见的狗狗，结果仔细一看品种，瞬间笑惨了...	未
网友晒图：今天挖机干活挖到的，有没有大神科普一下	未
网友曝ofo大涨价：用时11分钟骑行2.3公里交3元	未
网友曝ofo大涨价：用时11分钟骑行2.3公里需交费3元	未
网友曝ofo涨价：用时11分钟骑行2.3公里交费3元截图显示， ofo采用起步价时长费折旧费的计费标准。1小时内最高3元，未满3元则按照起步价时长费折旧费计算，超过1小时不满4小时，则每小时收取3元，4小时以上一律收取5元，如果超出运营区域，则需要收取5元调度费！网友曝ofo大涨价：用时11分钟骑行2.3公里需交费3元	未
网友曝东航一航班起飞滑行中发动机熄火 东航回应	未
网友曝光巢湖一出租车司机边开车边手持打电话十分钟这是拿生命开玩笑！	未
网友曝光：泰州小区污水横流，还惊现车震路和坟墓式配电站	未
网友曝餐厅一幕：主人让宠物狗上桌吃饭 涉事餐厅回应	未
网友@杨宝真人: 这不是工作人员，这是给企业经办人员预留的自主办理业务的窗口，我之前去用过。那个人应该是企业的。[最右] 查看图片	未
网友正在厨房里做饭，而巨贵就站在门口往里面张望：做好了没有	未
网友：民乐搬迁房这段路，天晴满天粉，雨天路滑，请大家注意安全	未
网友求助：今天晚上7点40左右从裕城街南头坐出租车到上河城南门下车 ，有个女士黑色包包遗落在车上，请帮忙发布一下，看是否能找到出租车，谢谢。	未
网友求助：你们觉得现在有没有必要等8150 谁会第一个上	未
网友求助：你好，古风同志 我老公今天上午11:05分左右在宿怀南路汴河中路路口处从一辆红色出租车上下车，东西放在后备箱忘记拿了，现在也联系不到出租车，下车时候用微信付的款，司机师傅是男的，收款名字叫葛亚，麻烦你帮我们转发下，看看能不能找到，谢谢了。	未
网友求助：古风同志 你好 我想求助一下 以前市直机关医院有个做B超技术好的医生叫冉毅 以前怀老大就在他那做的检查 现在二胎了 还想找他查查 今天我老公去那边一看 医院没有了 打听周围的人 说医院被取缔了 我想知道冉医生现在在哪一家医院有网友知道吗 万分感谢	未
网友求助：古风同志你好，能问一下这家能吃低保吗?老太是残疾83岁，在本月11日老伴92岁去世了，之前靠老伴每月700元生活(老伴是老红军)，现在和女儿生活，女儿58岁是寡妇，现在生治非常困难，几次村干部无果，咋天一村干部说想办低保要请酒才行，请帮忙问一下老百姓找谁办	未
网友求助：古风同志您好，我想请问一下，养父母把养子（已成年）户籍消掉该怎么办，现在连身份证都没有，出门什么都不方便！	未
网友求助：古风同志，能否麻烦你帮我发一下，寻找知情人，11月25日星期天，下午4点20分附近，我妈骑电瓶车在符离镇206国道红绿灯路口往徐州方向，竹林检查屋附近，由南向北行驶，一辆无牌三轮车从东边小路过来直接将人撞翻，我妈头部着地，当即昏迷，三轮车逃逸，我妈现在在皖北医院诊断脑震荡，轻微出血，左胳膊骨折，现在交通事故组调取监控，模糊看不清楚，请古风同志帮忙转发一下，寻找知情人，麻烦了 我的电话 15057536133 解	未
网友求助，因历史遗留问题，补办国寿保险缴费证遇阻。城市V聚力大连爆料	未
网友求助：大连哪里能体验分娩疼痛 大连爆料 大连身边事	未
网友求助：大连有什么特产可带回家的大连爆料大连身边事	未
网友求助天冷了，转发帮老人回家！武汉寻人	未
网友求助如何在一个女生群体里生活	未
网友求助：怎样才能快速让全村知道，自己刚买了iPhoneXs	未
网友求助：您好，打扰一下，我想咨询一下，想确诊抑郁症，去哪个医院好点挂号费多少	未
网友求助：您好，打扰您了，我想咨询一下，在没有签劳动合同的情况下，在没有任何错误出现的情况下，无故辞退员工，工资未发，我怎么维权自己的利益	未
网友求助：成都哪儿有这种铜锅涮羊肉__________成都生活 成都爆料	未
网友求助：昨天下午谁在宿州万达拾到一串黑色钥匙套的奔驰车钥匙 ， 必有重谢，联系方式18325739111	未
网友求助：朝阳这个地下鱼塘啥时候能取消了！	未
网友求助，武汉寻人	未
网友求助：母亲为我操劳一生，我却无钱为她治病！	未
网友求助：求问成都有哪些地方有那种街边边推起车子卖得那种手提串串啊还是小的时候看到过，现在好想吃啊，都没见过了，有没有能推荐几家啊 ！！好吃嘴儿们来给这位网友安利一下成都美食 成都生活 成都爆料	未
网友求助 ：请你帮帮忙，我亲戚于11月27日走失，至今仍未找到，家人现在很着急，希望有见过他的人可以尽快联系家属提供些线索，谢谢！	未
网友求助请大家留意一下武汉寻人	未
网友求助：请问我应该等荣耀20还是等V20	未
网友求助 请问飞机值机时，选哪个位置的视野好，不会被机翼挡住在线等旅行大神解答@炸鸡de菇娘	未
网友求助: 这到底是什么药 ，每次看见老婆出去都要吃一颗！她是不是得了什么病瞒着我	未
网友求助：这该怎么办	未
网友流行东莞实拍工厂放假通知，看到通知你想到什么你收到放假通知了吗。	未
网友深夜求助，该怎么办	未
网友：滨海7路公交，我心中的一堵围墙	未
网友炸了！公司要求每月走18万步，少1步扣1分钱	未
//@网友烟云:人格分裂症喂药有效吗	未
//@网友烟云:这些狗曰的比法西斯还狠毒！//@刘文华律师://@袁立:比禽兽恶！人心比万物都诡诈，坏到极处！希望这些人可以知恶悔改！不要让同样的痛苦落到自己身上！//@荷兰通讯:完全丧失了做人的准则，与禽兽无异。	未
网友热议20多年前被堂姐冒名顶替上大学仍有谜团未解	未
网友热议任仲平文章—— 改革开放永不能停步	未
网友热议任仲平文章：改革开放永不能停步	未
网友热议：年度公益人物没有古天乐是古仔太低调了吗怎么选的呢评判标准是什么	未
网友热议我可能撑不住了 高速突发大火，抖音上一段视频让人泪崩	未
网友热议：这是同一个人吗到底哪里变了，你能看出来吗	未
网友热评的通缉令。	未
网友爆之前长沙大暴雨，长沙太平街，一位流浪乞丐看到一位拄拐老人行动不便，立即主动上前帮老人撑伞。据介绍，这位流浪汉走路说话都比较困难，但懂得感恩，烤饼店老板曾送过他一瓶绿豆沙，之后他就经常会拿着一沓零钱去买他家的烤饼，老板不要钱他还生气。很多档口老板认识他，要送他吃的他都会谢绝，因为不会说话，所以只会竖着大拇指傻笑。	未
网友爆五星级酒店牙刷不消毒 日化用品是廉价勾兑	未
网友爆料11月23日夜，徐州市铜山区清华中学九年级（13）班一名叫王俊涵的15岁女孩，从家中跳楼（11层）身亡。事发后，父母整理遗物时，发现当晚笔记本中留有一份遗书。据悉，王俊涵同学是家中的独生女，成绩很好，在最近一次其中考试中，成绩名列班级第五名。姑娘，一路走好！	未
网友爆料11月24日下午，在泗县黑塔镇陈圩村董庄路段，一辆白色小轿车开到路边水沟里，车内一名40多岁的男性驾驶员不幸溺水身亡！据了解，该名男子是泗县江上青小学的一名教师，当天中午，该教师到黑塔镇王武村一亲戚家里喝喜酒。	未
网友爆料：2018年12月2日:晚5:30左右，吉林市江南乡永安村一组（松花江边）有抛弃的死猪残体若干袋，疑似病死，希望有关部门重视	未
网友爆料，DG中国区公关总监以及全体团队都辞职了	未
网友爆料：一辆停在怀城某楼盘附近的白色小车突然着火。	未
网友爆料：今天下午一辆的士与摩托车发生一起交通事故！	未
网友爆料今晚6时许，在宿州南方国际花园路口，一个小男孩走失了！	未
网友爆料今晚一网友在知味居吃火锅时，腰花是臭的，腐竹里吃出毛发。叫服务员没人理，老板娘声称不是头发。等了好几分钟没人处理，网友便离开了。老板追赶出来说其吃霸王餐，将其拉扯到店内，同时拨打110。而对于叫服务员没人理，老板回应称，都耳朵聋。最终网友将已经吃过的菜付款：83元整。	未
网友爆料：凉泉乡韩店村的环境有人管吗	未
网友爆料，医大二院202车道旁边，一车跑偏。。暂未影响202。大连身边事大连爆料	未
网友爆料，南关岭附近，蜀黍被撞倒地，具体情况不详，希望无大碍。城市V聚力大连爆料大连突发	未
网友爆料南江一人纵火，将一辆小车点燃	未
网友爆料南部的环卫的洒水车无形当中变成了泥浆制造者！	未
网友爆料卫国路一带商户私占车位，不应该！	未
网友爆料台湖某村无下水道 污水只能流向街道	未
网友爆料：吉卫这里有辆车都翻了...	未
网友爆料喜茶喝出套套 门店：未使用过这种指套12月3日，网友爆料称，自己通过跑腿代购买到的喜茶有异物：喝到最后居然喝出来一个套套。该网友称此事引起自己极度不适，这种错误太低级。当事门店回应称，暂未找到一致的订单。负责人表示，店里没有用过这种指套，目前已在调取监控自查。网页链接	未
网友爆料：固始一家商店老板花2000元租一台冰箱，却无法退还...	未
网友爆料：国购地下停车场，两辆车并排停在直对入口的主路上，车上没有司机，导致入口堵了将近10辆车不能动弹。	未
网友爆料：在吉林市打车，第一次坐用手机计价器的车，坐车过程中脑补了无数个犯罪剧，会不会被带到荒郊野外沙雕最后发现没被坑。你打车遇到过吗	未
网友爆料：在宿州万达停的电动车，晚上开车差点以为不是自己的，这是几个意思，所有电动车后面螺丝都给松点加了这个牌子！	未
网友爆料埇桥区解集中学的操场下水道怎么不用水泥，只有黄沙。这都是沙子，没有一点水泥，怎么就没有人问呢	未
网友爆料：大丰区西团镇有人偷偷把猪粪	未
网友爆料：如此摊派订报任务	未
网友爆料如皋万都吉麦隆超市卖的面包发霉了！	未
网友爆料：宿州上河城有酒驾撞车的，小区里都已经不安全喽。	未
网友爆料巢北司集广佛寺地名现改为立新新村，引起很多网友意见！	未
网友爆料：我在东港万达中心26层东方成安买的私募基金产品被骗了，老板携款我们大连地区差不多1000人约50个亿跑路了大连身边事大连爆料	未
网友爆料：昨天中午在美团外卖订的膳粮铁板炒饭，吃出苍蝇。。打电话给商家，商家居然跟我说她忙，要我有事找美团的客服，我看了评价，已经不止一个人吃出了虫子。。大连身边事大连爆料	未
网友爆料次渠地铁站附近又现不倒钉 路过司机注意	未
网友爆料：每天晚上10:30左右，大批渣土车和水泥罐车从一高中西门飞速通过，现在没人问渣土车了吗，10:50学生放学，很不安全。	未
网友爆料！涟水这个地方的环境真糟心！	未
网友爆料：爱宝乐园会员卡余额还有好几百，店怎么关门了负责人回复......	未
网友爆料：状元府小区，有人扔烟头，被子烧了。	未
网友爆料的今天下午京东总部，什么情况强签商品	未
网友爆料  简阳公交站牌倒塌，砸伤一位88岁候车老大爷！	未
网友爆料网红奶茶喜茶喝出避孕套喜茶回应12月3日，网友爆料称，自己通过跑腿代购买到的喜茶有异物：喝到最后居然喝出来一个套套。现场视频该网友表示此事引起自己极度不适，这种错误太低级。对此喜茶当事门店回应和喜茶上海地区品牌负责人这样回应网红奶茶被曝喝出安全套 店家这样回应	未
网友爆料：自己和网红雪梨在同一个工厂订的鞋子，自己卖89.9，而雪梨竟然卖到了199。网红店也太暴利了，其实这鞋子进价也就3-40块钱	未
网友爆料！莲花县城大街上开着铁笼车，里面装着老虎狮子	未
网友爆料：谷饶2车追尾，车头烂了....	未
网友爆料进不来，出不去！自昨晚开始，宿州万达公寓部分业主把车库的大门都堵了。	未
网友爆料：通州这个地铁站年底通车，正在施工改造！	未
网友猎捕宰杀10余只野生动物 发视频炫耀被查	未
网友：玉溪这些路口很危险，骑车根本没办法安全通过	未
网友玩吃鸡游戏认识八个月的小哥哥，毅然决定坐高铁从深圳到长沙来见面了，这时候来自官方的提醒亮了 网恋吗@长沙月老牵线	未
网友用一张动图总结昨天的微博热搜之争....	未
网友用一张图形容本赛季的火箭	未
网友留言会宁县委书记，得到回复如下	未
网友留言后 全村终于开始供暖了(图)	未
网友疑问：现在有必要等5g手机嘛你们觉得有必要等吗	未
网友疾呼：阳逻这条断头路何时打通	未
网友的苹果8，上完课发现镜头盖丢了，不知道这修一下得多钱（来源贴吧网友）	未
网友直呼坐不起！据多位宝马网约车司机透露，5公里内起步价为65元超过5公里后10元/公里，但最低的消费标准为140元。 百家车谈	未
网友直呼！禹州多家公立医院便民药房实为宰民药房！希望有关部门严查取缔！	未
网友直评：这些打砸抢的犯罪分子，请不要给退役军人抹黑！当他们举起棍棒的那一刻，已不再是保家卫国的退役军人，就是一群打砸的犯罪分子！我国是社会主义法治国家，绝对没有法外之地和法外之人自觉遵守国家法律依法合理表达诉求维护社会正常秩序，是每一位公民的义务和责任对任何违法 ...全文	未
网友盼望的天桥将开工 终于不用担心穿马路有危险了(图)	未
网友看了雪梨直播观后感	未
网友：真正的冰与火之歌，辛苦了！8日，辽宁大连一幢老式建筑突然起火，短时间内火势迅速蔓延。大连市消防支队中山区大队消防指战员英勇奋战，成功将火灾扑灭。网友抓拍到一组消防队员全身结冰救火的图片，感动无数网友。安哥：谢谢，你温暖了整个寒冬人间温暖 全身结冰的消防员	未
网友眼里的男子气概	未
网友私信，上海开盘打九折，另一个送奔驰被叫停。	未
网友私信：借给舍友一千多块，结果舍友趁我睡觉的时候打包行李跑路了！后来舍友答应慢慢还钱，再后来电话注销聊天软件拉黑 对此他写了很长一段话，希望这位舍友能看到	未
网友私信厕所君今天得到一份秘密情报，情报还被打乱成拼图。会议相关信息可是一级机密！厕所君能告知各位的只有地点这一线索，但是需猜对厕所君的哑谜，哑谜的内容是：32，打一地名。你能根据这个猜到神秘地点吗图中也有相关信息，火眼金睛的各路英豪，看你们的了！	未
网友私信 我家庭条件很一般，和女友谈恋爱两个多月，期间的所有开销都是我出，然后昨天陪她去商场她打算买一双鞋，尴尬的是我平时不带现金，昨天在商场的时候手机还没电了。我这样会不会让她觉得我有点扣门啊	未
网友私信我的他们学校发的关于同性恋相关的科普小册子还举办了相关的讲座我觉得真的蛮好的青春期总会有小朋友对自己的性取向产生疑惑而感到茫然失措我觉得这种对同性恋爱和性交正确看待并且学会保护自己的知识科普真的很重要诶对同性恋和性都没必要讳莫如深只要能保护好自己，食色性也，最正常不过了。	未
网友私信我要曝光闲鱼上的恶势力，我不知道网络平台为何没有监管，无处不在的网警你们在哪	未
网友私信：所读的大学出了一个新规定： 取外卖，一人不能同时带两份以上，如果被发现就视为送外卖的，并没收外卖 大家觉得这个规定合理吗	未
网友私信来问：老人机用这个agm三防手机怎么样	未
网友私信求助我的女友一直活在社交网络里，她乐此不疲，但我被拖着太疲惫了。我不喜欢买买买的言论，更不喜欢打卡网红景点，真的很累。 看完后，你有什么看法	未
网友私信求问：可以问一下 成都那有卖车轮饼的吗成都生活 成都爆料 成都身边事	未
网友私信求问我朋友是不是深度杠精，我看电影时拍张照片，就因为这件小事，他说我没素质。 看完楼主和朋友的对话，你有什么看法	未
网友私信爆料：今天来小龙坎吃火锅，这个毛肚烫了后，上面很多泡泡，是怎么回事啊，有没有人遇到啊成都爆料 成都身边事	未
网友私信鼓楼东大街，你停车是方便了，但是你让骑车的都得去机动车道了！	未
网友称一航班起飞时发动机熄火，东航：为保安全飞机滑回机位	未
网友称：村里的救助名单有11名是干部的亲友！义乌调查组核实...	未
网友称网店卖＂猫皮马甲＂ 专家:猫皮从逻辑上不可信	未
网友突然发现，家里的猫胸前很凶.....by/FB/Pine DaSing	未
网友：竹溪公园内有一根电桩在漏电！市城管局：及时响应及时处理	未
网友等红绿灯路遇王思聪 结果被“王之蔑视”了	未
网友纷纷晒出与父母的聊天记录这届中年人各个都是野生艺术家！	未
网友：给过他一次钱，老爷爷要来的橘子给我吃 微博视频	未
网友网上买的荧光钟到货了，只有数字是荧光的，表针不是。	未
网友：罗永浩锤子手机与周鸿祎的360手机合并？名字叫“安全锤”	未
网友翻出一张全家福照，放大之后	未
网友：老虎不在家，猴子当大王！三蹦子这是要上天啊	未
网友：自从来到大山深处教书，这些都成了我的好朋友 微博视频	未
网友自创字“穷+丑”上热搜 专家：没有收录意义	未
网友自拍：吊灯跳舞嘉兴21楼感觉明显   850公里外台湾海峡地震波到了	未
网友自称云大毕业生建议降公务员工资，官方：奖金规范初见效近日，网友王某在人民网地方领导留言板留言称，公务员每个月接近一万的工资是在云南的企业远不能企及的所有人贪图享乐，而不是踏实肯干，甚至在企业工作会被认为不是有尊严的生活曾几何时，堂堂正正的赚钱已被人看不起了这名网 ...全文	未
网友自称云大毕业生建议降公务员工资，官方：奖金规范初见效近日，网友王某在人民网地方领导留言板留言称，公务员每个月接近一万的工资是在云南的企业远不能企及的。所有人贪图享乐，而不是踏实肯干，甚至在企业工作会被认为不是有尊严的生活。曾几何时，堂堂正正的赚钱已被人看不起了。这名网友最后表示希望公务员的工资能够恢复当地社会的正常水平，保障社会公平。据云南省人力资源和社会保障厅介绍，近年来云南省一直着力于规范津贴补贴和奖金制度，通过清理核查，取消不合规项目，津贴及奖金规范已初见成效，全省各级党政机关津贴补贴	未
网友表示，养一只猫时，被看洗澡，养两只时也是，当养第三只后...	未
网友表示，在他家绝对不能低头或者弯腰，要不然...	未
网友装外国人ofo秒退押金近日一个网友想退ofo押金，但听说打电话要打很久，就脑洞大开，尝试了传说中的外国人报案策略假装外国人写了封投诉邮件，人设为：来自加州，在中国生活了两三年，中文不太好，做事喜欢上纲上线结果ofo火速退了押金，还回复了一封英文道歉信@新京报  ...全文	未
网友视频曝光柳州迪米亚幼儿园女老师推娃仔的头，还打手，园方回应	未
网友视频爆料：漳州东山海边多处冒烟...究竟咋回事	未
网友觉得自家狗子太胖了，于是送乡下奶奶养希望能减肥，然而...	未
网友：论玩银杏，最服气还是成都！	未
网友评出来的渣男爱用头像一览	未
网友评的最难喝的饮料，你喝过几个	未
网友评论亮了！	未
网友评论：俩傻雕 精辟	未
网友评论：深航，一家被航空运输耽误的影视公司	未
网友诉求：献县高官路线2没有公交车交通局已回复	未
网友询问：霸道名不虚传，此情此景怎么办大连爆料大连身边事	未
网友询问靖边县旧职工医保卡余额如何处理  来看官方回复	未
网友说：冬天已来临，环保抓得这么紧，为什么雾霾还是准时到	未
网友说她家喵实在太困了...还没能够爬进窝里就这样睡着了ww...	未
网友说，家里的猪，一言不合只要一这样躺下，就不翻起来了...	未
网友说当她姐姐带着二胎从医院回家后，家里的老大非常不乐意，收拾好了自己的小行囊打算离家出走以示抗议	未
网友说自从他们学校不允许骑电动车送餐之后。。。 美食	未
网友调戏Siri的合集承受了一个机器不该有的睿智 我问了siri什么是爱情	未
网友：调起高了	未
网友质疑2000中学生集体跪拜父母 我们需要何种感恩教育(图)	未
网友质疑大连机场星巴克不让吃泡面：不理解比泡面高级多少	未
网友超级嫉妒狗子和老爸的感情，他们两个经常有很正经的谈话，自己完全插不了嘴	未
网友：车辆乱停乱放阻塞交通 当地：进行集中整治(图)	未
网友：这不是我家扔的荧光棒嘛大连流星雨，拍到了么大连爆料 大连身边事	未
网友：这女的怎么对我老公王君利的车乱涂乱画	未
网友：这就是均安和大良的区别	未
网友：这样的女生哪里找给我来一车	未
网友远远看到一只橘喵横躺在地上一动不动，走近时发现，它小嘴微张，头上竟还有只蜗牛正在爬，网友估计它应该死了有一段时间了，正准备善后它的尸体时。。。	未
网友远远看到一只橘喵横躺在地上一动不动，走近时发现，它小嘴微张，头上竟还有只蜗牛正在爬，网友估计它应该死了有一段时间了，正准备善后它的尸体时	未
网友送女子回家车却越开越远，接下来的剧情太狗血	未
网友逛宜家时发现，里面竟睡满了流浪狗......	未
网友遇到一只流浪狗，远看超可怜，走近看才发现...	未
网友：长沙809路公交上，女子抱宠物不愿下车，致一车人被迫换车！ 微博视频	未
网友长沙地铁上看到一幕，一位穿着工作服的大叔，抱着饭盒一上车就睡着了，莫名心酸，也许为了生活，每个人都怀揣着各自的不容易！	未
网友：长沙路边的卤制食品，看的我要呕吐！你见过还有比这脏的吗 微博视频	未
网友问：仪陇中学搬迁后，金城中学是否会被合并官方回复...	未
网友问：停标志是禁止停车吗苏警提醒错！它是让你停车的标志。	未
网友问：现在贵阳墓地价格大概多少榜哥帮帮忙	未
网友问石家庄藁城县改区了，正定什么时候改 这种撤县改区传闻一直有，去年还有正定县去县改区的消息流传。我认为不是空穴来风，但是具体什么时候改，改了之后叫什么名字，我想这些东西估计要彻底的政策下来才能公布。	未
网友问答：请问哪种手机可以多用几年不会卡啊你们建议哪个	未
网友预测阿森纳VS卡拉巴赫首发，合理吗	未
网台审查趋同 撤档古装剧将不止《皓镧》《东宫》	未
网台标准趋同后，网综下一步怎么走大咖们给出了预判	未
网台监管将并轨，网剧网大内容审核权收归广电！	未
网吧与“网上冲浪”的那些年	未
网吧老板：4年前一个月收入50万，上个月的收入以为看错了	未
网吧酒店也能送。	未
网售＂机器人自动营销神器＂ 宣称每天可打近千电话	未
网售流浪猫皮马甲？ 专家：从经济角度不可信，或为哗众取宠	未
网售点宣称另类点烟器能上飞机？安检员：没戏	未
网售猫皮马甲不可信 网络平台出售猫皮马甲 皮革协会专家：从逻辑上不可信网友发帖称，有卖家用流浪猫的皮做皮草，并在网络平台上出售，多为长度不超过50厘米的儿童小马甲今天，有卖家称用的是兔毛，也有卖家称是真的猫皮对此，中国皮革协会的专家告诉北青报记者，猫皮马甲的说 ...全文	未
网售遥控电子秤20米外可增重 律师：或涉刑责	未
网图。	未
网址：www.phrasebank.manchester.ac.uk	未
网坛回忆杀 2002年上的这八个人你们还认得全吗	未
网坛花絮 伊万诺维奇到塞尔维亚医院慰问	未
网坛花絮 元老赛上的选手实在很拼	未
网坛花絮 小威和普汀塞娃一起训练，赛后晒自拍	未
网坛花絮 左边还是右边	未
网坛花絮 日本军团大集合，你们能说出所有人的名字吗	未
网坛花絮 熟睡中的小威和奥林匹亚	未
网坛花絮 猜猜这是谁的圣诞树	未
网坛花絮 齐布尔科娃度假照	未
网坛风云 12月30日，莎娃将和教练托马斯在深圳参加儿童日	未
网坛风云 2019年，WTA的女球员可以直接穿过膝的legging或者压缩短裤进行比赛了，不用再在外面额外穿裙子了，明年不知道有哪些女球员会做出一些可能扭转网球服装传统审美的尝试呢	未
网坛风云 Boxing Day，布沙尔在奥克兰看赛马	未
网坛风云 沃兹尼亚奇2019年上半年赛程@沃兹尼亚奇球迷会TeamCaro	未
网媒记者走近华侨庄园 看葡萄藤上结出现代新农业	未
网岭106国道槐塘路段车祸细节披露！居民撑雨伞配合消防救人....	未
网帖暗指舒淇许晴为赖小民情人 两人工作室均否认	未
网店另类点烟器被店家宣称能带上飞机？安检员：均会被检出	未
网店叫卖“猫皮马甲” 专家称不靠谱	未
网店店长的底薪竟然能达6000，最历害的是......	未
网店拒发货奇葩理由：你们武汉全是骗子 杨女士双十二买下一双运动鞋，两天后卖家称没货，要求买家申请退款，当买家提出质疑时，卖家竟以你们武汉都是骗子为由，不给武汉买家发货。卖家称，武汉有一伙人专门网上骗卖家的鞋子，他们店铺被骗了三双鞋，还没追回来。目前，杨女士正等待电商平台介入处理。（楚天都市报）你们武汉全是骗子 网店拒绝给买家发货，竟给出奇葩理由	未
网店拒发货奇葩理由 ：你们武汉全是骗子 近日，武汉杨女士网购一双运动鞋，卖家称没货，让申请退款，杨女士质疑时，卖家说你们武汉都是骗子，不给武汉买家发货，还称武汉有一伙人专门网上骗鞋子，已被骗3双你们怎么看网页链接	未
网店拒发货给出奇葩理由：你们武汉全是骗子 近日，武汉杨女士网购一双运动鞋，卖家称没货，让申请退款，杨女士质疑时，卖家说你们武汉都是骗子，不给武汉买家发货，还称武汉有一伙人专门网上骗鞋子，已被骗3双目前，杨女士正等待电商平台介入处理	未
网店拒发货给出奇葩理由：你们武汉全是骗子 近日，武汉杨女士网购一双运动鞋，卖家称没货，让申请退款，杨女士质疑时，卖家说你们武汉都是骗子，不给武汉买家发货，还称武汉有一伙人专门网上骗鞋子，已被骗3双目前，杨女士正等待电商平台介入处理(楚天)网页链接	未
网店拒发货给出奇葩理由：你们武汉全是骗子 近日，武汉杨女士网购一双运动鞋，卖家称没货，让申请退款，杨女士质疑时，卖家说你们武汉都是骗子，不给武汉买家发货，还称武汉有一伙人专门网上骗鞋子，已被骗3双。目前，杨女士正等待电商平台介入处理。（楚天都市报）网友：这家难道是被骗惨了	未
网恋了一个女朋友然后去奔现，各种转车1500公里去找她，给她带了口红手链当做见面礼物，最后手链放行李箱里忘记第一时间给她了，最后就被拉黑了，希望大家奔现前一定要有足够的了解。	未
网恋五个月即将奔现的对象，让我接他的时候带上搓澡巾	未
网恋吗，我有三千假照，你喜欢的样子我都有	未
网恋吗青春荒唐我不负你！	未
网恋和现实的差别在哪个人认为，网恋和现实都是一样的，都是从不认识到认识的过程！有人说网恋容易受骗！现实受骗的也不少！所以说，网恋只是被大家上了紧箍咒罢了！	未
网恋和现实的差别在哪网恋不要轻易爆照，不然	未
网恋和现实的差别在哪 网恋奔现翻车现场，内容过于真实！	未
网恋奔现，你怎么看	未
网恋奔现，就这游戏规则了搞	未
网恋奔现翻车妈妈咪呀	未
网恋要求见面，女孩当场真直接！	未
网播要等到24:00	未
网易H5又刷屏，人人人人人设这种东西你崩了吗	未
网易严选也有线下实体店了，下次去杭州一定要去看看。	未
网易严选开出首家线下店：明年辐射一二线城市，还要开社区店	未
网易严选首家线下店落户杭州解百 第一波剧透照曝光在最后一个月里，丁磊从年初就说起的网易严选线下店终于要开张了。时间定在12月18日，地点选在杭州解百购物广场，目前来看这家店走日式简约风， 主要分区以杂货区和深度体验区为主！网页链接	未
网易云易盾发布多国家多语种内容安全服务	未
网易云网易云网易云网易云网易云VLIVEVLIVEVLIVEVLIVEVLIVE这两个最简单了吧！不投说不过去了吧被追的很厉害所以大家一定不能懈怠呀！[加油][加油][加油][加油][加油][加油][加油]	未
网易云音乐里哪些戳心窝的热评 「情感」	未
网易回应将下线所有理财产品：去年9月已停售，过渡期将结束	未
网易新闻报道了永川这件事！	未
网易明日之后 家里快三万个木头实在用不完了，小木板都做了一百多个想把这房子扒了再盖一个正好动荡之城规则改了，我要换换防盗措施了，目前是靠一楼全四级石墙实心大迷宫加上三十多个铁笼陷阱电网地雷什么的	未
网易梦断金融：踩雷惠人贷关联4家互金平台阵亡据悉，网易所涉足或关联的互联网金融业务已有 4 家平台宣告生命终结。其中，P2P网贷平台惠人贷已被列入公安部非法集资案件投资人信息登记平台，同时还联合光大海航旅游共同推出一家互联网金融理财平台，也暂停新增理财业务！网易梦断金融：踩雷惠人贷 关联4家互金平台阵亡	未
网易考拉买到假保健品回应：不同批次包装有修改上海陈女士在网易考拉上买了进口葡萄籽胶囊，发现和她之前在澳洲买的不一样，疑似买到假货。对此，网易考拉方面表示，用户图片中对比的瓶子来自不同批次，品牌表示在2018年初对标签进行了修改详情点击：网易考拉买到假保健品回应：不同批次包装有修改	未
网易薄荷直播平台发布停服公告网易移动直播平台网易薄荷今日发布停服公告。目前，官网渠道的APP下载已经关闭，充值服务也下线。从6号开始将停止新用户注册新主播认证功能，同时停止直播短视频和账户薄荷币的使用。12月31日零点开始全面停止运营，关闭服务器。官方表示，除依照相关法律法规需要在一定期间内留存的内容以外，网易薄荷服务器上所有图片视频等数据将被清空。另外，已充值的薄荷币主播薄荷豆以及公会费用等，都将在12月31日前结算完毕。	未
网易跟贴十五周年十五年前，菊花还只是一种花，人们联系彼此用座机电话，机器人还不会下象棋，网购还只是个传说。十五年来，科技让人们的生活发生翻天覆地的变化，请看跟贴十五周年特别版《科技游乐园》，一分钟带你回忆那些年@网易科技频道	未
网易跟贴十五周年生出的娃是男是女纯粹是概率学问题，可就是有人知识不足，在老婆连生两个女娃后选择挥刀自宫，对此请大家来尽情吐槽：____________，看看你们和网易网友谁更有才！快点进来！有机会瓜分百万奖券，赶快赶快！ https://wp.m.163.com/163/html/activity/20181113/index.html/tie/share点赞此微博，将于12月25日抽3位幸运春粉送出网易严选100元现金券！@网易新闻客户端	未
网易重金悬赏大同扎股王 你还等什么	未
网曝一女子轻轨上欺负小姑娘，老爷们都伸手了！	未
网曝一高校女生树林内遭多人强奸校方最新回应！（视频）	未
网曝五星级酒店一次性牙刷出厂不消毒 涉事酒店：已更换供货商，升级客房洗护用品	未
网曝五星级酒店牙刷出厂不消毒，涉事酒店：已更换供货商	未
网曝兰溪门菜场将搬到汽车南站，汽车南站并入汽车西站	未
网曝刘诗诗人工受孕怀上双胞胎，妊娠反应严重，掉头发全身浮肿？	未
网曝南部县这家健身房半夜悄悄撤场，老板携款潜逃	未
网曝南部这家新开超市居然乱打价鸭腿按鸡翅收费	未
网曝双12惊天内幕，竟然暗藏这么多门道！终于知道自己为什么多花钱	未
网曝吉林一棺材厂突燃大火，现场女子哭喊我的老天爷哟	未
网曝吉林市北山后山惊现疑似遗骸，不远处就是革命烈士陵园！	未
网曝：吉林市和平花园小区一居民家两口子打架把自己家点燃了	未
网曝吉林市教育部门紧急发声，不明社会车辆接送学生不要乘坐，有知道准信的留言处聊聊	未
网曝吉林某地天然气爆炸，现场这样	未
网曝吴川长岐一塑料包装袋厂污染环境，附近居民大喊顶无顺！	未
网曝：国内各地庞大4S店纷纷倒闭，包括保定庞大宝骏店秦皇岛庞大宝骏店北京庞大乐悦江淮店在内的多地庞大4S店经营者疑似卷款跑路百家车谈	未
网曝大连金普新区红梅小学百人突然呕吐 疑为食物中毒	未
网曝岳阳三荷机场航班排班表，真相是	未
网曝巴彦淖尔一馒头厂用卫生纸生产馒头视频揭秘卫生纸馒头疑团	未
网曝平江南江一人纵火，将一辆小车点燃	未
网曝广州十三行女老板许静雇凶杀人 殴打1小时推下楼坠亡！黄伟鹏今年20岁，广东省惠来县沃角人，老板徐静怀疑其偷仓库东西，12月16日下午3时左右，被老板许静雇佣社会人员在广州市越秀区晏公街36号(大同坊商业大厦)9楼上阳台上，殴打一个多小时后推下楼当场死亡	未
网曝府谷新民镇发生爆炸 当地人称与私藏炸药有关	未
网曝建湖一服务窗口 工作人员玩“手游”	未
网曝张柏芝产下三胎，谢霆锋回应三个字，谢贤回答老练还做了补充	未
网曝新郎为躲婚闹，被宝马撞飞...	未
网曝！昨天菏泽一小学门口，一位带孩子的妈妈被打！咋回事	未
网曝有人跳岳麓山了！长沙四医院证实，伤者正在救治！	未
网曝有人跳岳麓山了！长沙四医院证实，伤者正在救治！下午2点20左右，有一男子从岳麓山电视塔附近跳下！目击者称，事发地在岳麓山长沙电视塔附近，发生意外的男子姓邓，二三十岁左右，可能是因为情感纠葛，一时想不开产生了这样的举动。目前，该男子已经被送往长沙市四医院紧急抢救。有人跳岳麓山了长沙四医院证实，伤者正在救治！	未
网曝杭黄高铁时刻表！40分钟到千岛湖，1个半小时到杭州！	未
网曝林志颖登机后要拿托运行李致航班延误，原因是林志颖 在快要关舱门时突然要求要拿回已托运的行李，前前后后拖了半个小时才起飞，所有人行程都被延误，引发不满。也有网友反映，林志颖是黑卡用户。而百度知道上说，黑卡用户别说让飞机延误起飞，就算是中途返航都可以。	未
网曝沈阳某大学一变态男夜闯女寝，戴假发穿学士服藏在厕所	未
网曝淮阳一饭店排污水 居民苦不堪言	未
网曝清晨，戴窑镇新花园村留守老人买了21台净水器，你怎么看	未
网曝温州一商场模仿景区建玻璃栈道，市民忧成走光桥	未
网曝滑冰场男教练掌击学童 网友：怎么能下得去手腾讯体育12月2日讯 冰场暴力事件来袭！北京时间12月1日晚，一位网友上传一段视频，该网友声称是一位滑冰场男教练掌击女童，瞬间引发热议网页链接	未
网曝！玉溪这个停车场乱收费！标注3元/时却收5元还....你怎么看	未
网曝王宝强对马蓉施暴对马蓉有利的一方是网爆，王宝强一方是知情人还原这事儿还是得看警方定性若情况属实，王宝强动手自然是错的，但马蓉也逃不了责任，首先，已离婚，拿着剪刀来前夫家闹事，使得老母亲病倒送医，报警处理后仍辱骂数小时剪刀跟刀一样属凶器，持剪刀闹事属于违法行为， ...全文	未
网曝王宝强对马蓉施暴这首先是警方应该关注的事不过这两口子的各种表演都到了令人生厌的地步考虑一下自己孩子的感受吧都克制一下自己内心的欲望和怒火打人肯定不对，希望真相早日大白	未
网曝瓦房店市公证处人员上班打游戏，微博留言让人寒心	未
网曝电商平台出现猫皮制品 疑似捕捉流浪猫后剥皮有网友曝光称，近期在某电商平台上又发现了大量猫毛真皮制品，疑似捕杀流浪猫后剥皮制作而成声明：1.小编不赞同对任何动物的活体剥皮及非人道宰杀2.流浪猫狗应由专业机构处理，而非以盈利为目的随意捕杀3.流浪动物制品存在健康安全隐患	未
网曝疑似李诞出轨 工作人员否认11月24日，有网友在社交平台曝出一段疑似李诞在酒吧与一名女子亲吻的视频称该女子并不是李诞妻子黑尾酱，应该也不是短暂的酒后失态，因为他们一直搂在一起，非常亲密随后有媒体求证李诞工作人员，对方承认视频中人是李诞，但称李诞只是在讲话，表示将发声明 ...全文	未
网曝：盐津街上流浪狗站街，是捕还是留	未
网曝！自贡一高个风衣男子在某烟酒批发店猖狂行窃(附视频)	未
网曝菏泽一超市卖的这种黄豆酱有蛆虫！别买了	未
网曝！菏泽女子因彩礼被连轧2次！附现场视频	未
网曝蒋劲夫在日本自首，目前已被捕	未
网曝被玩烂了的镇雄廉租房！你怎么看	未
网曝距通城50km的三荷机场最新航班线路，是真是假	未
网曝还珠格格小鸽子已剃度出家  法名宏行大家还记得还珠格格中的小鸽子吗那个在街头卖艺被小燕子救下来的小女孩小鸽子的扮演者叫胡雅斯近日，有网友爆料， 胡雅斯已于不久前出家了，法名宏行详情戳网页链接	未
网曝《还珠格格》小鸽子饰演者胡雅斯已出家，在小燕子大逃亡的时候遇见了一个小女孩还记得么，她就是小鸽子！当时的小鸽子机灵懂事，因为在街头卖艺被假爸爸当做赚钱的工具，而被小燕子救下。可以说相比较其他的演员，这位小演员被很多人都遗忘了！每个人都有自己的选择，有信仰应该被祝福！	未
网曝郓城一小学门口有人卖香烟糖！	未
网曝郓城大福源卖的这种黄豆酱有蛆！你买过吗	未
网曝长春地铁2号线惊现变态！盯着人漏出下体	未
网曝长春工农大路一个假出家人用尺子量手指给别人算卦！	未
网曝！鹿邑南关菜市场边，几个老太太在家门口收停车费...	未
网曝：黑龙江一女生遭多人强奸喊得撕心裂肺	未
网曝黑龙江一高校女生树林内遭多人强奸校方最新回应来了！（全程视频）	未
网曝黑龙江一高校女生遭多人强奸事件全程视频，现已多方回应 ！	未
网格警务员老刘的一天	未
网民因为一个照片中的柱子产生了视觉错觉亚的斯亚贝巴（阿尔及利亚首都，Addis Ababa）的一位居民沿着圣乔治教堂的墙边在街边行走，忽然发现了一幅不寻常的场景，他把这一幕拍了下来，并发到了一个社交网站上。网页链接	未
网民大多数是普通群众，来自四面八方，各自经历不同，观点和想法肯定是五花八门的，不能要求他们对所有问题都看得那么准说得那么对。要多一些包容和耐心，对建设性意见要及时吸纳，对困难要及时帮助，对不了解情况的要及时宣介，对模糊认识要及时廓清，对怨气怨言要及时化解，对错误看法要及时引导和 ...全文	未
网民日常	未
网民自曝假装外国人，ofo秒退押金还附道歉信近日，网友@zjt93发博称自己尝试了传说中的外国人报案策略他假装自己是一个来自加州在中国生活了两三年中文不太好做事喜欢上纲上线的外国人，给ofo写了封投诉邮件原本只是试试看的心态，没想到14日ofo很快给他退了押金，还回复了一封英文 ...全文	未
网民自曝假装外国人，ofo秒退押金还附道歉信近日，网友@zjt93 发博称自己尝试了传说中的外国人报案策略。他假装自己是一个来自加州在中国生活了两三年中文不太好做事喜欢上纲上线的外国人，给ofo写了封投诉邮件。原本只是试试看的心态，没想到14日ofo很快给他退了押金，还回复了一封英文邮件道歉。目前上文中的微博在@zjt93 的主页已经看不到，不过15日凌晨，@zjt93 再次更博做出回应。一边是国内用户遭遇退押金难，一边是网友自曝假装外国人不但押金被秒退还收到致歉信，这让本就处于风口浪尖	未
网游实名制不能只在注册时设门槛	未
网游实名制不能只在注册时设门槛   专家建议开通人脸识别指纹识别前不久，某网游以全国9地市为起点，正式启动游戏全部用户的强制公安实名校验，未通过校验的账号将禁止登录人们怎么看实名校验账号对防止未成年人沉迷网络游戏的作用中国青年报调查显示，73.1的受访者认为实名制能有效防止未成 ...全文	未
网游实名制不能只在注册时设门槛 专家建议开通人脸识别指纹识别前不久，某网游以全国9地市为起点，正式启动游戏全部用户的强制公安实名校验，未通过校验的账号将禁止登录。人们怎么看实名校验账号对防止未成年人沉迷网络游戏的作用中国青年报调查显示，73.1的受访者认为实名制能有效防止未成年人沉迷网络游戏，80.4的受访者支持网络游戏开展实名校验账号，77.1的受访者希望强制实名制能够在网络游戏中得到普遍执行。防止未成年人沉迷网络游戏，62.2的受访者建议游戏公司在页面醒目位置设置防沉迷标语，49.5	未
网点的烦恼（上）：社区银行为什么悄无声息了？	未
网点的烦恼（下）：智能化不能解决所有问题	未
网点迎战双12，这种快递货架不能少！	未
网爆今天上午，郑州公交车牌（豫A5026C）车司机开车时候看剧，拿一车乘客生命开玩笑请@郑州交警杨明昊 @平安郑州 @郑州公交 核实处理！	未
网爆体检黑幕：抽了血直接倒掉出结果，护士顶替医生看报告！	未
网爆吉林222医院都有直升机接送患者	未
网爆地铁脱鞋秀恩爱男 回应“脚有伤”	未
网爆，官员接访时玩手机看美女被停职调查	未
网爆普悠玛车窗破了「贴胶带继续开」台铁：双层玻璃只破外层有网友爆料，普悠玛列车11日突遭不明外物撞击，导致车窗破裂，却还是继续开，「乘客安危行车安全贴个胶带就可以交代了。」台铁强调，该玻璃为双层强化安全玻璃，经人员确认仅外层破裂，对乘客及行车安全无虞，才继续运行。 ETtoday新闻云 报导：网页链接 (agent) 网页链接	未
网爆罗永浩卸任锤子科技CEO，明年可能不会有锤子手机了。。。	未
网球戴维斯杯决赛法国队双打扳回一分	未
网球王子新剧情：龙马在一场国际比赛中因为对手利用樱乃而乱了节奏，被对手碾压打成5-0你觉得人设崩了吗	未
网球精，你会打网球吗大V安排上了	未
网球职业选手的双打针对性练习：单打半场对战等...	未
网生内容走向白银时代	未
网眼越大表示尺度越高	未
网站公然叫卖个人信息 还推出“会员制”包年服务	未
网站域名以假乱真 高仿“签证官网”收费比官网贵一倍	未
网站重新设计还是微调5个案例告诉你网站改版方向！	未
网红Abbily承认整容：想让自己更加像女孩子一点	未
网红主播来私信了黄岩男子一激动干了这件事	未
网红住过的酒店仙洋活动结束后，后勤人员在收拾的时候拍下某网红住过的一间房间，地上杂乱不堪乱七八糟，桌子上剩菜剩饭随意摆放，床单枕头乱扔，床单上还留着不明液体污渍非常恶心，部分网红的素质令人担忧。 微博视频	未
网红创口贴警犬警营8年：参与侦破多起重大案件	未
“网红”县委书记：当官的让老板请吃饭 是不要脸	未
网红外卖后续来了！执法人员现场检查，结果竟是三无产品！	未
网红寝室热舞，室友意外抢镜，网友：大概这就是一见钟情吧！	未
网红扎堆杭州地铁做直播 淘宝双12临近，主播们为了抢流量也是够拼的，直接在上班路上地铁里直播	未
网红扎堆杭州地铁做直播 男乘客搭讪结果坐过站12月5日，杭州地铁1号线，直播机构冠名的地铁专列上，数名淘宝主播在地铁车厢内开播，吸引众多乘客围观关注有男乘客主动搭讪坐过站，还有大妈请教如何在双12买到便宜好货	未
网红打卡地 ！南澳咸鱼街的前世今生......	未
网红招募令  全城通缉，寻找奉节网红，是你吗?	未
网红果粒的日常女生说随便随便，女生说不要不要，可本果粒的心思就没那么复杂啦说果粒粒粒喝得到就果粒粒粒喝得到，对吧	未
“网红”法医秦明：第一次解剖的死者是同学，脑袋一下子蒙了	未
“网红法医”秦明：解剖的第1名死者是我的同学	未
网红“相互保” 会否颠覆传统保险？	未
“网红”粉黛乱子草  游客流连忘返	未
网红美食鲍师傅吃出活虫？商家：可能与海苔颜色相似没看到	未
网红美食鲍师傅吃出活虫商家：可能与海苔颜色相似没看到12月16日，有网友微博爆料，在长沙鲍师傅国金街店购买一款肉松小贝，却吃出活虫，随后与店内工作人员联系，已经获得全额赔款。上午，国金街店负责人刘经理证实此事，对方称，可能因活虫颜色与海苔颜色相似，打包时没有注意，也可能因顾客将肉松小贝放置一晚，有虫飞进蛋糕内，现在此事还在调查中。quot但因是服务行业，所以先满足顾客需求，进行了全额赔款quot刘经理说。（潇湘晨报）网红美食鲍师傅吃出活虫商家：可能与海苔颜色相似没看到	未
网红肌肉袋鼠去世 曾徒手碎铁桶	未
网红虐杀动物产业链视频曝光：简直丧心病狂！！！	未
网红虐杀动物 天理不容据新京报报道，网络上订购制作贩卖美女虐杀动物视频，居然成为一个黑色的产业链。穿着丝袜高跟鞋的女孩，口中念念有词，将一只小兔子置于高跟鞋下活活踩死类似这种虐杀动物视频，被人在网上以每部数十元至数万元的价格贩卖，内容血腥残忍，甚至还可以付钱定制。一个叫阿佳（化名）的女性：用高跟鞋踩踏虐杀乌龟，开价500元用阉割剥皮等方法虐杀驴，她开价15000元。	未
网红虐杀动物视频网上公开出售，有人开价上万...	未
网红虚荣的背后，是无数生命消亡	未
网红蛋糕鲍师傅吃出活虫?商家:可能与海苔颜色相似	未
网红＂贵妇奈奈＂与丈夫卷款潜逃 粉丝却留言打气	未
网红辣条8袋2件17.8最近中了辣条的毒！有事没事来一包	未
网红酒店	未
网红酒店 兵马俑酒店 床下都是兵马俑，没手谁能睡得着啊，我天 微博视频 网红酒店	未
网红香港闹市撒20万现金引疯抢 欲再撒钱被捕(图)	未
网红鲍师傅吃出活虫官方：已全额赔款12月16日，有网友称，15日晚，她在长沙鲍师傅国金街店购买了海苔酥松小贝。今早打开，底下有一只活虫附在肉松上，颜色与海苔有些相似。店内负责人回应，得到顾客的反映后，第一时间处理协调，已经全额赔款。而对出现活虫的情况，负责人解释还需进一步调查。	未
网红鲍师傅吃出活虫官方：已全额赔款12月16日，有网友称，15日晚，她在长沙鲍师傅国金街店购买了海苔酥松小贝今早打开，底下有一只活虫附在肉松上，颜色与海苔有些相似店内负责人回应，得到顾客的反映后，第一时间处理协调，已经全额赔款而对出现活虫的情况，负责人解释还需进一步调查	未
网红鲍师傅糕点吃出活虫？官方：可能与海苔颜色相似没看到	未
网红鲍师傅糕点吃出活虫官方：可能与海苔颜色相似没看到12月15日8点半左右，长沙的小赵（化名）在一家名为鲍师傅的糕点店，购买了几盒糕点，可没想到，12月16日打开吃的时候却发现，里面竟然有一只活虫，这可把小赵给吓坏了记者从小赵出示的这张购物小票上看到，小赵总共购买了四款产品，而出 ...全文	未
网红鲍师傅糕点吃出活虫官方：可能与海苔颜色相似没看到12月15日8点半左右，长沙的小赵（化名）在一家名为鲍师傅的糕点店，购买了几盒糕点，可没想到，12月16日打开吃的时候却发现，里面竟然有一只活虫，这可把小赵给吓坏了。记者从小赵出示的这张购物小票上看到，小赵总共购买了四款产品，而出现活虫的，是其中一种名为海苔酥松小贝的产品，整单总价为165.7元。随后，小赵与鲍师傅售后的工作人员取得了联系，工作人员在今天上午的10点41分，为小赵办理了整单退款。一名自称为店内负责人的曹女士表示，对于小赵所反映的情	未
“网红鸭脖”有猫腻 市民吃了还想吃	未
网约车协同监管“中国方案”交通部定调网约车合法合规发展主旋律	未
网约车变出租车，建平台在线监控网约车	未
网约车司机开车累到睡着，乘客拍下惊险一幕！	未
网约车司机碾压幼儿后直接开走！平台：他没有逃逸！	未
网约车司机被抓，警察一问身份意外不已	未
网约车“国企队”来了：上汽发布“享道出行”定价高于出租车	未
网约车“坟地” 大部分都是新车	未
网约车巨头Uber提交IPO申请 估值1200亿美元望成明年全球最大IPO	未
网约车市场最需要的，是竞争。滴滴今年全员年终奖减半高管无奖：因表现不如预期在12月14日的滴滴出行全员大会上， 滴滴CEO程维表示，今年员工年终奖的力度比去年缩减一半，滴滴高管集体不拿年终奖。程维表示，公司表现不如预期，主要是因为在安全上投入比较大，以后还会持续投入。网页链接	未
网约车平台开始清退无证车辆，合规已是必然趋势！	未
网约车应该给乘客一种什么体验首汽约车CEO魏东用了这两个字	未
网约车强监管加速落地	未
网约车新政落地首日 网友开玩笑单身姑娘有机会脱单	未
网约车新规红线临近 新入局者加入混战按交通运输部公安部联合要求，2018年12月31日前各平台将全面清退不符合条件的车辆和驾驶员，并基本实现网约车平台公司车辆和驾驶员合规化。距最后时限只剩10天，从能拿到3万元一个月，到如今到手6千元，差距不止是金钱，还有安全感。网约车新规红线临近 新入局者加入混战	未
网约车王国的“围城”	未
网约车联合检查组：坚决堵塞冒名顶替安全漏洞交通运输部等10部门组成的联合检查组28日对滴滴公司提出整改要求：在未完成隐患整改前，无限期停止顺风车业务按照有关规定全面推进网约车合规化，尽快清退平台上不合规车辆和驾驶员强化线上线下人车一致性审查，坚决堵塞冒名顶替安全漏洞。联合检查组对滴滴公司提出了七方面整改要求：加强顺风车安全管理落实安全生产主体责任全面依法合规经营提高应急处置能力落实社会稳定主体责任加强公共安全问题治理提升互联网信息安全管理水平。网约车联合检查组	未
网约车超员还闯岗    一查竟是老熟人	未
网约车顺风车安全专项检查组：滴滴公司存在7方面33项问题	未
网约车顺风车安全专项检查组：滴滴公司存在7方面33项问题。(澎湃)检查组提出处理意见：一是未完成安全隐患整改前继续下线滴滴顺风车业务。二是依法处置非法营运行为。三是依法对滴滴公司主要负责人及法人代表等予以行政处罚。四是对滴滴公司涉嫌排除限制竞争行为和发布违法广告等行为开展约谈，并依法处置。	未
网约车顺风车安全专项检查组：滴滴公司存在7方面33项问题 限两周整改e公司讯，e公司快讯 11月28日上午，交通运输新业态协同监管部际联席会组织召开网约车顺风车进驻式安全专项检查工作新闻通气会，交通运输部会同中央网信办公安部国家市场监督管理总局等部门，通报了检查工作有关情况。根据检查情况，滴滴公司主要存在顺风车产品存重大安全隐患公共安全隐患问题较大网约车非法营运问题突出等7方面33项问题。并要求滴滴出行等公司在两周内制定相应整改方案和具体措施。（新京报）网页链接	未
网约车驾驶员考试改革后，广州的合格率有88了	未
网络上全天候的信息娱乐化把真正的事实精髓（以及那些原来被称为新闻的内容）以一种鸡零狗碎的方式表达出来。我爱报业，但我宁愿死在新媒体的春天里也不愿和报业一起陨落，我已经逃离报业，报业江湖已经没有了我的传说	未
网络上热议：据说患有某些职业病的人看下面这张图是透明的！第一反应，难道这不是透明的吗	未
网络主播在地铁晾衣服大叫并摆桌子 在网上直播	未
_//@网络义勇军壹师: 他能负什么责任，那是两个具有完全公民权的人，要结婚生子，要面临许许多多未知的未来，包括生命的生理的社会的道德伦理的等等各个方面的问题，他能负得起这个责任吗	未
网络互助那么火，会不会发展成保险的P2P	未
网络信息普法应知应会（四）	未
网络外卖平台审核不严 检察建议护卫食品安全	未
网络大V遭海关刁难式查验监控还原事实真相	未
网络好声音夜听徐水我累了，但我不能回家   主播：慷慨	未
网络安全法草案最新修改 拟强化关键信息基础设施保护	未
网络安全进校园，清水县公安局开展网络安全进校园活动！	未
网络平台卖猫皮马甲?皮革协会专家:逻辑上不可信	未
网络扶贫辽宁行 朝阳农产品真行！	未
网络招嫖暗藏生活服务类平台 私信称提供有偿性服务近日题为《吃喝玩乐找性服务，上大众点评》的帖子引发关注，称不少招嫖人员通过大众点评，以点赞曝光头像的方式，对嫖客进行性交易引流。美团点评方面回复称，已对相关不良账号进行彻底清理，并将账号提供给公安机关。网络招嫖暗藏生活服务类平台 私信称提供有偿性服务	未
网络招嫖暗藏生活服务类平台 私信称提供有偿性服务雷先生称，自己和朋友近日一次饭后，在称大众点评上搜寻洗脚店，发现有招嫖人员通过点赞会所下方评论，达到头像曝光目的，从而吸引人浏览个人主页， 再进行招嫖，美团大众方面就此事回复称，已对相关不良账号彻底清理！ 网络招嫖暗藏生活服务类平台 私信称提供有偿性服务	未
网络拼多多美图秀秀装了这些APP的朋友要小心了！	未
网络支付新规7月1日生效 微信未实名不能转账发红包	未
网络文字狱//@汉子的秋天不快乐:有道理//@劲文想嚯冰阔落:这是个邪教组织啊，挑衅民众，激化人民矛盾，影响社会秩序，引导人民情绪暴动，阻碍社会发展，建议封杀。	未
网络新词之消防部分	未
