荐物丨那么深的颈纹，竟然真的淡了	未
荐读40秒连杀3人，是什么让打工仔变超级刀客！	未
荐读9岁女孩自杀 究其原因，家长泪流满面 都应该看看	未
荐读三胞胎分别被贫穷中产富裕家庭领养，19年后重逢却揭开残酷真相	未
荐读世界是喧闹的，唯一的办法是闹中取静	未
荐读东北高速交警唐僧式执法，被查司机都憋不住笑了...	未
荐读丨我在大漠养骆驼	未
荐读丨母亲给4个儿子的遗书，无数人看完红了眼眶	未
荐读二师兄旅游回来抑郁了，原来是去了这里	未
荐读你认为他们越老越薄情，真相却是这样，致敬父母！	未
荐读儿子年薪55万，母亲患病向他求助遭拒！网友吵翻	未
荐读别了，火车票！铁路总公司宣布大消息，明年全国推广	未
荐读印尼狮航波音737MAX客机坠机事故原因的专利分析	未
荐读和县人，你见过这组照片吗	未
荐读大学男生用公用洗衣机洗鞋，丢鞋后怒写告示！结果却	未
荐读  宝清人，非洲猪瘟到底是啥不知道看过来！	未
荐读小学老师表情包评语走红，网友：我都想写作业了	未
荐读小学老师表情包评语走红，网友留言：我都想写作业了	未
荐读  当你负面情绪爆棚时，这些方法可以拯救你！（建议收藏）	未
荐读情侣交往1个月到1年全过程曝光，看完扎心了	未
荐读 惠河， 流经我的村落	未
荐读托运费578元！母亲去上海看儿子，带了100个包子2斤腊牛肉	未
荐读据说：每个医生都是书法家	未
荐读@曲阜人，明天起，这些新规将影响你的生活！	未
（荐     读）没有方向的母亲	未
荐读洪江妹几噶讲述：血粑鸭背后的湘仪情怀	未
荐读淄博医生又双叒在高铁上出手了！就在今天下午	未
荐读清晨，17岁女生哭着下了出租车，接下来的事暖到所有人	未
荐读  草原的冬天不羞涩	未
荐读还记得那些年你的校服吗	未
荐读这张图火了！有点不好意思，但看着很痛快！	未
荐读那个买某果X的女孩，却吃不起一顿饭！	未
荐读陈羽凡吸毒被抓，举报他的神秘组织了解一下	未
荒唐丈夫收到肉麻短信，好奇回复后，妻子的手机却响了起来	未
荒唐！为拍抖音，湛江男子往邻座陌生人头上泼火锅	未
荒唐！痴情女为他筹借200万，还差点被逼丨喜马拉雅音频今晚九点 相隔千里盼着结婚的阿央，先后借给阿银193万余元，减去曾归还的3万，阿银从阿央那里共借了190万余元。阿央等着阿银到深圳来办结婚，可阿银有各种理由没来成。2017年9月，阿央终于拨通了阿银的电话，接电话的却是一个小女孩的声音：你找我爸爸吗他今天不在家啊 荒唐！痴情女为他筹借200万，还差点被逼丨喜马拉雅音频今晚九点	未
荒唐的保定大世界，百姓全搬走了，钉子户全是政府单位！	未
荒唐的公文“外包”和“文学包装”	未
荒唐闹剧！昨天大竹居然有人抢小孩	未
荒木经惟的情色摄影与中国古代家具一起陈列是什么感觉退藏	未
荒村惊现300余真人玩偶	未
荒滩变景区 村民享分红	未
荒漠甘泉11月29日：管教的事	未
荒漠甘泉11月30日：图谋大事	未
荒漠甘泉12月1日：必有安息	未
荒漠里两张床，竟然要排队一年才睡得上！	未
//@荒烟蔓草人家：歼己者号核潜艇	未
荒诞!英男子强奸少女生子 当地部门赋予其监护权	未
荒野大镖客2中为墨西哥人加维尔配音演员 Gabriel Sloyer 透露说，其实游戏的配音工作早在5年前就开始进行了，因为R星的保密工作做得很好，所以任何人都不知道发生了什么，只有当初的配音演员知道这是一部前传此外游戏中还删除了一部分内容，比如一开始救马斯顿的时候，原本是加维尔在山洞中用火 ...全文	未
《荒野大镖客Online》的数据将保留Rockstar今天宣布，他们暂时没有重置《荒野大镖客Online》数据的打算，现阶段的主要工作是提高游戏的稳定性和平衡游戏内的经济系统。相关更新有望在本周晚些时候推出。	未
荒野大镖客：救赎2不会画鸭鸭的亚瑟	未
荒野大镖客：救赎2我也有马，只是你们看不见。	未
荒野大镖客：救赎2马：明儿见了您嘞	未
荔枝小帖士  这些关于水果的冷知识，你确定不了解一下	未
荔枝网：江苏河长制从见河长见湖长步入见行动见成效新阶段！	未
荔枝追踪:绝口不提退费 浩沙健身致歉信被指没诚意	未
荔波轶事你知道荔波县城第一座大桥樟江大桥历史变迁背后的故事吗	未
荔浦人大智慧  桂林最薄的楼房在荔浦出现 被记者找到	未
荔浦便民信息（招聘求职转让租房交友等）	未
荔浦便民信息（招聘蔬菜批发）	未
荔浦县司法局组织收看全国监狱社区矫正一体化建设工作电视电话会	未
荔浦惊现楼薄薄，最窄处仅43厘米！房主回应：有合法手续近日，一栋楼薄薄成为网红有网友称，这栋楼位于荔浦市南国早报记者经过多方寻找，在荔浦市中园路雍和巷发现了这栋楼房据了解，该栋楼于2015年建成，有合法手续，最窄处仅43厘米宽荔浦惊现楼薄薄，最窄处仅43厘米！房主回应：有合法手续	未
荡个秋千，就能出国云南这个边境村寨，一不小心走一步，可能就出国了	未
荡秋千只能这样玩了(GIF馆)冬日赏雪	未
荡秋千，老司机进来解释...	未
荣县人注意！收到这条10086短信千万别信！否则......	未
荣县公路烂xx频发......这里正在收集消息，快来	未
荣县单身女70后个体管理（编号：RXD71C1195）	未
荣县单身女80后销售（编号：RXD85C1204）	未
荣县单身女90后事业单位（编号：RXB92A1106）	未
荣县单身男90后食品行业（编号：RXA95C1079）	未
荣国府一年的收入有多少钱数百万两银子，又如何被他们挥霍一空	未
荣川提醒大雾封城，行车安全注意事项，请查收！	未
荣川杂谈  三者险买100万和50万有啥区别听听定损员怎么说	未
荣成好人车内乘客患急症，公交司机伸援手！	未
荣成市举办新时代文明实践所所长培训班	未
荣成民生荣成市集中排查整治成品油市场，这里有举报电话	未
荣昌人去菜市场买猪肉要注意啦！别买错了！	未
荣昌人注意了！明天这些地方要停电...	未
荣昌要给这群人发钱了，每人每年4000元！看你能领吗	未
荣昌首个未成年人心理健康辅导站正式投用，地点就在...	未
荣科科技：控股股东拟5.7亿元向国科实业转让29%股份	未
荣誉的而已//@名侦探叮当猫:看不出来驼爷还是博士啊	未
荣飞服装厂在太康收购狐狸	未
荥阳又增加电子警察18处，看看都设置在哪	未
荧荧烛火寄哀思 东大师生“烛光祭”缅怀南京大屠杀死难者	未
药价省下来的钱能干什么？	未
药企再临洗牌? 国家版辅助用药目录即将出炉	未
药品包装的7个标识，你都认识吗	未
药品医疗器械法规培训班在京举办	未
药品大降价现在我们要担心三件事：第一，医院里这些药的价格是否真的会降第二，以后医生会不会不再让病人使用这些药，而是逼病人买更贵的药第三，医院会不会不再卖这些药，让病人想用也用不上对医疗利益集团的无耻，我们要有最坏的心理准备！	未
药品带量采购试验｜25款药平均降价过半，两家外资药企中选	未
药品带量采购试验｜医药股市值蒸发三千亿，药企真没钱赚了？	未
药品带量采购谈判重创医药股	未
药品带量采购预中选结果出炉，部分药品最大降价超90！	未
药品说明书修改或成常态！45万药店该如何应对	未
药品集中采购试点:北京等11城拟中选药价平均降52%	未
药品集中采购试点:北京等11城拟中选药价平均降52与试点城市2017年同种药品最低采购价相比，拟中选药品价格平均降幅52，最高降幅96。微评：新成立的国家医疗保障局真有为百姓办事的迹象了，我必须为该局领导竖个大拇指！其实，这个水分挤得还不够。对使用最多的仿制药，我们可以测算其成本，可以对比香港价格，还能降。药品集中采购试点:北京等11城拟中选药价平均降52	未
“药圃”长成记——“华佗故里”安徽亳州的医药经	未
药学“一代宗师”彭司勋逝世，千余师生前来送别	未
药学人员必学：眼疾	未
药师佛心咒:喋雅他 嗡 贝堪则 贝堪则 玛哈贝堪则 燃杂萨目 嘎喋 梭哈。至诚祈愿:我佛慈悲，护佑众生消灾避祸，远离一切疾病困扰！南无药师琉璃光如来！（经典助印《法华经》《圆觉经》见： 微博正文）	未
药师说头疼头晕...吃天麻就能好天麻有这些食疗方法！	未
药师说面对电脑手机的辐射伤害，可以常喝这5道茶！	未
药师配备难 北京首家售药便利店第一周仅售出30余盒药	未
药店为了生存，拼了！	未
药店为什么还没有尝到处方外流的甜头	未
药店分级之后的畅想	未
药店员工不贪便宜识破假兽药，如何快速鉴别有妙招	未
药店注意了，2019年药监飞检要查这89个项目	未
药店留住人才，药店经营者要转变观念	未
药店  简述连锁药店招聘流程	未
药店销售三无藏红花，能否按《食安法》索10倍赔偿?	未
药效不够，广告来凑保健品是怎样变洗脑神药的只需四天，就能把印刷工人培训为向老年人电话推销三七粉的健康指导老师。案例证明，炮制神药只需三步：一是将某些不具有明显危害性的保健品包装成神药二是轮番在各大电视台砸钱投广告三是依靠低价策略和诱骗话术电话推销。 三七粉变神药，是谁在给违规背书	未
药明康德H股12月3日起招股 发行区间设定64.1至71.5港元	未
药明康德：公司H股发行价定为每股68港元	未
药明康德公布H股配发结果 募资净额约75.53亿港元	未
药明康德在港上市首日即破发	未
药明康德：拟以20亿元现金增资全资子公司上海药明	未
药明康德：拟对全资子公司上海药明增资20亿元	未
药明康德港股IPO定价68港元	未
药明康德港股IPO招股区间定为64.1至71.5港元	未
药明康德确定H股询价区间：64.1港元-71.5港元	未
药明康德称拟通过香港IPO净筹资75.5亿港元	未
《药物非临床研究质量管理规范认证管理办法（征求意见稿）》引热议	未
药王孙思邈活了142岁，临死前叮嘱弟子：务必将这个药方毁掉！	未
药监局停用两款感冒药，专家：感冒药不能乱吃，尤其是孩子	未
药监局最新禁药通知，这些药儿童慎用！	未
药盒上没写这4个字，鹤壁人千万不要买！	未
药盒上没有写这四个字，就万万不要买！提醒家里人	未
药盒上没有写这四个字，就千万不要买！	未
药盒上没有写这四个字，就千万不要买！赶紧告诉家里人	未
药神真的来了！以前4.8万元现在一千五，这款救命药纳入青岛医保	未
药都可以卖了，北京便利店的春天来了吗？	未
药闻又有4药品通过一致性评价，乙肝一线药已达三家	未
药闻芬太尼生产企业陆续澄清，精麻类药物监管趋严	未
药驾危险堪比酒驾！这些药服用后千万不能开车！	未
荷兰一头奶牛突然晋升世界级网红，因为它太！大！了！	未
荷兰乡村-羊角村	未
荷兰便民圈  11月26日 二手转让 房屋出租 打工招请 生意转让	未
荷兰便民圈  11月27日 二手转让 房屋出租 打工招请 生意转让	未
荷兰便民圈  11月28日 二手转让 房屋出租 打工招请 生意转让	未
荷兰便民圈  11月29日 二手转让 房屋出租 打工招请 生意转让	未
荷兰又碰上德国了	未
荷兰弟 Alpha	未
荷兰弟Tom Holland一家儿时照片一张[愛你][親親]	未
荷兰：惊险！男子与火车“擦肩而过”	未
荷兰旅行 旅行途中不去一趟奥特莱斯那简直是场缺失。巴达维亚奥特莱斯里各个大牌常年30-70的折扣，掏空钱包轻而易举，笑着进去，哭着出来。只可惜我到达奥特莱斯的时候已经是晚上五点半了，而各个商铺六点就关门，我还犹豫着买啥呢，就错过了全部花钱的机会，也不知道是喜是悲。各位如果要去，一定要早一点。毕竟荷兰下午五点基本天就黑透了，花钱这种事儿还是趁着天亮最好。毕竟天一黑，人消费就变得冲动，不知道得买多少东西走了。	未
荷兰每月25欧元共享衣柜天天爆满，背后的真相让人惊呆了	未
荷兰的玩法成千上万，你却只知道1两分钟颠覆你对荷兰的印象	未
荷兰这技术也没谁了火车实现百分百靠风力发电运行	未
荷兰鸭这女的居然背着我们买热搜了	未
荷台达传枪炮声 停火和撤军协议经受考验	未
荷城这个路段不按车道行驶开罚，越道插队的小心啦！	未
荷家宝藏 导演：当我每天在研究怎么减肥时，牧场主们在研究如何育肥犊牛	未
荷甲埃因霍温阿贾克斯阵容，什么水平@NickLirf @江中草	未
荷甲-张玉宁替补登场 海牙2:2战平费耶诺德	未
荷花市场东门卖了21年的臭豆腐，竟然臭进了央视	未
@荷花石板人：窑鸡窑番薯是一种怎样的体验看完想回家！	未
荷花隔离最长的碧水绿道，全长38公里，从镇隆八坊直达天马山	未
荷花隔离这个开勾机男子，一心想被富婆包养！你怎么看	未
//@荼音_: //@鄧嘉宛://@假装在纽约: 扩散//@假张://@伯林的微博:华裔小英雄	未
莆田一中新校区征地涉及约194亩，补偿安置方案出炉！	未
莆田一男子驾车爬台阶闯涵江孔庙并拍视频炫耀，被罚款拘5日	未
莆田人关心的非洲猪瘟疫情，最新情况曝光！！	未
@莆田人，如果你家孩子正在上小学，请关注这条信息，并做好准备！	未
@莆田人：明天起文献东路新汽车站路段将进行交通管制	未
莆田人注意！带开头电话一律挂掉，已有多人受害！	未
莆田人注意拉！17岁少女抽出粉红色的血，原因竟是	未
莆田人警惕带开头电话，千万别接！	未
莆田南少林寺简讯	未
莆田又一波酒醉驾曝光来袭，多人被刑拘！不要学哦	未
莆田又多一个国家4A级旅游景区	未
莆田又要新建12座天桥，天九湾 黄石东井街	未
莆田土豪钱太多，都发霉了！看看还能用吗	未
莆田在行动2000多斤冻猪肉被查获扑杀上万头猪...	未
莆田大批别墅被强拆，土豪们损失惨重	未
莆田市退役军人和其他优抚对象信息采集工作公告	未
莆田平海惊现高危榴弹炮，曝光引爆全过程	未
莆田曝光一批失信被执行人，这两90后出名了	未
莆田曝光一批摩托车超载名单！载几人算超载	未
莆田某土豪小孩分花，脖子上全是钱！网友：过的不如婴儿系列	未
莆田猪瘟最新情况，泉港碳九泄露量大曝光	未
莆田猪瘟第24天，市场终于卖猪肉了	未
莆田猪肉放心吃，猪瘟疫情已得到控制	未
莆田猪肉解禁第一天，肉都快卖光了	未
莆田白金汉停课事件最新消息	未
莆田：百人吃完乔迁宴 28人上吐下泻	未
莆田系之所以能做大，就因为这个环境适合骗子。这才是最可怕的。	未
莆田系又作妖！丁香园：首例免疫艾滋病基因编辑婴儿 出自莆田系医院11月26日，首例免疫艾滋病基因编辑婴儿 引起许多人关注，不久医疗大V@丁香园 发博称此次 首例免疫艾滋病基因编辑婴儿 的临床试验出自一家莆田系医院，而且是行业翘楚黑天鹅。@兽爷爷爷 评论：一个牙医和一个麻醉师签署了一份伦理合规文件，一个世界级的艾滋病科研项目得到放行，并被莆田系成功搞出来了 。	未
莆田系股东刘永好：要检讨 今后投资要考虑更多些	未
莆田系臭名昭著，为何没有人管	未
莆田这4个村拆迁，又一批土豪要诞生！快看有你家吗	未
莆田这个唱莆仙戏的火了...有人认识她吗...	未
莆田非洲猪瘟最新情况:疫情已控制到位...	未
莆田骑电动车的看过来，一大波被罚名单公布	未
莆田骑电动车的赶紧看，一大批超载被罚名单公布！有你认识的吗	未
莆田鸡肉还能吃吗，这地方又查出禽流感	未
莆田龙德井改造拆迁补偿22亿，要发了	未
莆田：龙脊山烈士陵园竟成卖淫场所 “夜莺”公然招客	未
莆阳未检召开新闻发布会，通报近五年工作情况	未
莉兹与青鸟 BD 今日正式发售	未
莎拉波娃十三年不胜小威体育V势力	未
莎拉波娃新赛季从深圳开始	未
莎普爱思实控人拟减持超9%股权：接盘人拥有多家民营医院	未
莎普爱思溢价20转让股权，股票一字涨停24日晚，莎普爱思发布公告，大股东拟将9.66股份转让给养和投资，每股转让价格8.33元，溢价20。受此影响，莎普爱思今天不惧大盘大跌压力，开盘强势涨停，全天封死涨停板。资料显示， 养和投资背后的林氏家族，实力雄厚，在国内成立有多家民营医院。 ...全文	未
莎普爱思溢价20%转让股权 股票全天封死涨停板	未
莎莎说新闻 这一周，下沙发生了哪些事	未
莒南一小党建园地我校组织党员学习《中国共产党支部工作条例（试行）》	未
莒南供暖系列报道：楼道内气堵和小妙招供暖用户回访	未
莒南公安刚抓了个贼，开着套牌车专偷电瓶！	未
莒南车辆拍卖公告	未
莒南退役军人和其他优抚对象信息采集已开始，12月1日截止！	未
莒县12月份停电信息来了！涉及各个乡镇！	未
莒县一辆公交上忽然响起了歌声！居然是因为	未
莒县交警大动作！开车这种行为将严惩！附举报电话！	未
莒县公交乘客登上人民网，这次真是丢人丢到全国了！	未
莒县农村宅基地确权登记工作发放情况！你们村发了吗	未
莒县市民注意！这条路测速点调整！12月1日起施行	未
//@莓次儿://@延延绵://@末班车169:	未
//@莓漬魚太:转发微博	未
莘县11月27-28日停电计划，范围大！快看有你家吗	未
莘县11月27-28日停电通知，范围大！快看有你家吗	未
莘县2018年度企业职工养老保险费代扣代缴开始了！	未
莘县2019年放假时间表出炉！春节居然这样放假看完想哭！	未
莘县7080后看过来！你小时候的冬天是不是这样过的	未
莘县一奥迪车与货车相撞司机被困，消防紧急救援	未
莘县一男子，一次酒驾不悔改，二次酒驾进班房！	未
莘县一辆黑色奥迪与一辆货车相撞司机被困，消防紧急救援！	未
莘县交警开展凌晨突击行动，查获各类交通违法行为20余起！	未
莘县人注意！20岁30岁40岁50岁，体检最该查什么体检重点来了！	未
莘县全城缉捕这10人，最高奖20000元！看到他们赶紧报警	未
莘县再曝光一批失信被执行人！你有认识的吗(附照片等信息)	未
莘县县委宣传部到莘县检察院考核验收省级文明单位创建工作	未
莘县小伙骑行1千公里去杭州阿里取经，回来后帮开了800家淘宝店！	未
莘县开展防治艾滋病宣传活动	未
莘县张寨镇295户贫困户有了过冬被！	未
莘县董杜庄镇：我要把公益之路走到底	未
莘县这三家医院公开招聘70人！附岗位表	未
莘县这些地方新增违停抓拍点！12月1日开始抓拍！	未
//@莞莞笑smile: 谢谢他总说好	未
莞视频一女子凌晨驾车撞护栏，油箱引发大火剧烈燃烧！	未
莞视频好奇男子爬山头被困 消防队员徒手爬峭壁救人	未
莞视频实习司机街头上演爬车神技，翻车后一脸茫然	未
莫上当呀	未
莫不是失散多年的前男友	未
莫伸手，伸手必被抓小偷直言不讳我来掏腰迷的	未
莫伸手！否则绿化带都不放过你	未
“莫兰蒂”过境福建解除防暴雨响应 明起“马勒卡”又将带来风雨	未
莫卧儿王朝阿克巴大帝推行宗教宽容政策，仅是巩固统治吗	未
莫名其妙 328  地铁里如何保证手机不被盗	未
莫名其妙的死，稀里糊涂的活，我都不知道为啥让我歇这一个月，好吧。	未
莫名其妙！//@雪鸟-绳索技术及装备评论:不要学这个方式！！！！这个绳结既复杂也不安全！从逃生的逻辑角度看也是错误的，逃生情况下绳子是不回收的，根本不需要拉动另外一端进行回收！！！！	未
莫名想起了一些因为打架丢了小命的竹鼠朋友不为人知的行业故事	未
莫名成围棋教育公司领导 聂卫平索赔200万	未
莫名洗脑，循环出不去了这说的就是我本人啊！	未
莫因恶人小而不抓//@尸姐: //@夏正正://@妖妖小精:转发微博	未
莫多情，情伤己。	未
莫大惊小怪！凤凰机场延付4000万利息非永续债首次递延， 海航回应此乃业务需要	未
//@莫太岩:一直懷疑我不是親生的，一查發現居然是...	未
莫奈的池塘里竟然住着妙蛙种子这样的找茬游戏我能玩一天	未
莫尔德CEO尼尔兰：索尔斯克亚不久前和球队续约到2021年，他将在曼联任职至2019年5月，随后会回归莫尔德（注：挪超新赛季将在3月底开始）。	未
莫尔德ceo称伍德沃德在向他提出租借主帅的要求时他感到非常惊讶。世界上最大的俱乐部之一居然会看上他们的主帅。他们非常荣幸可以和曼联进行合作。	未
莫干山 一日闪现 微博视频	未
莫干山会是中国的普罗旺斯吗？	未
莫干山新起民宿社区！请你反客为主，山里有房，一边闲云野鹤一边还做了民宿老板	未
莫德斯特这事，就快有结果了	未
莫德里奇	未
莫德里奇：Nice to be back in Abu Dhabi.  RMCWC HalaMadrid	未
莫德里奇和马塞洛，这俩人比刚刚那个拉莫斯顺眼多了2018金球奖	未
莫德里奇在接受采访时表示，他想要在皇家马德里结束自己的职业生涯。我的个人目标以及愿望是在皇马结束职业生涯，那会是最理想的情况，不过想要做到这一点，我就必须能够一直保持在最高水平，这并不容易。莫德里奇说道。	未
莫德里奇夺“金球奖” 终结“梅罗”十年垄断	未
莫德里奇打破了“金球垄断”，但梅罗的时代没人可以撼动	未
莫德里奇捧起金球奖杯：梅罗时代最后的抗争者	未
莫德里奇接受克罗地亚媒体Sportske Novosti，回击西蒙尼的言论：我同意西蒙尼保护自己的球员的说法，那就是格列兹曼是最好的，但他总是需要贬低皇马和皇马球员。他总是抓住机会，暗示一些不存在的情况，用来解释皇马的成功。我非常尊重西蒙尼以及他在马竞的成就，我尊重马竞球员他们的球迷以及马竞这家伟大的俱乐部。在他们战胜我们的时候，皇马诚挚祝福，在竞技上接受失利。但我们的成就，包括两次在欧冠决赛中战胜马竞，被经常地演绎为随大流的主题，那就是皇马受到了某种照顾，这是不公平，也不正确的。此前，西蒙尼	未
莫德里奇:  欧冠 HalaMadrid	未
莫德里奇职业生涯六大远射：一球让阿根廷颜面扫地	未
莫德里奇谈金球奖：我觉得没什么理由不出席这样的盛典，但有人没有参加，这是他们的选择，我无法评判。至于我得奖，很多人认为这有争议。这对我来说很不公平。在他们看来，只有梅西C罗才能体现金球奖的价值，但这对于我，对于其他得奖者，甚至对于球迷和足球本身而言，都很不公平。	未
莫德里奇赛前展示金球奖杯	未
莫德里奇近日接受了QG杂志的采访：这段历程真的非常漫长而且艰难，但正因为如此，我对现在所发生的一切感到十分高兴所有的认可，不管是金球奖还是世界足球先生，当你认为没有人会给你任何奖项，你再拿奖时，那种感觉会更美妙这并不是天上掉馅饼，我所取得的成就都来自于我的努力工作人 ...全文	未
莫忘亲恩早报还，时光不待水流寒浮生若梦烟云过，驾鹤西行尽孝难。	未
莫愁湖公园南区延至明年五一开放	未
莫愁湖公园延期开放，2019年劳动节重新与市民见面	未
莫慌 没见过比这还铁的比赛么	未
莫拉塔一家	未
莫拉塔家的	未
莫拉塔这俩娃，太像爸爸了	未
莫拉蒂：尤文图斯总是能够持续赢球，这太令人沮丧根据意大利媒体全市场的消息，国米前主席莫拉蒂在最近一次接受采访时表示，想要打破尤文图斯的垄断真的太难了莫拉蒂对记者说：我们必须有信心去积极应对一切问题，去尽量争取胜利但是尤文图斯真的太强大了莫拉蒂说：他们总 ...全文	未
莫挨老子 微博视频	未
莫文蔚家族基金会首笔捐助，给了中国常熟世界联合学院学生	未
莫斯科12家商场及1座火车站因接到炸弹威胁电话进行疏散俄罗斯莫斯科紧急情况部门代表向卫星通讯社表示，俄首都12家大型商场以及一座火车站在接到匿名炸弹威胁电话后进行工作人员和顾客疏散。网页链接	未
莫斯科一广场以冷战英国变节间谍命名 英媒：挑衅英国？	未
莫斯科举行流浪猫狗展 喵星人小眼微眯仿佛在问“你瞅啥”	未
莫斯科交易所董事总经理Igor Marich： 两地ETF互挂可能实现	未
莫斯科保卫战除了天气因素，还有哪些因素是苏联获胜的关键？	未
莫斯科在几年内将完全转向购置电动公交车莫斯科市长谢尔盖索比亚宁周一在接见欧洲企业协会公司代表时表示，莫斯科的公共交通将最终由电动车完全取代柴油车。网页链接	未
莫斯科地铁解释如何在高峰时段节省时间莫斯科地铁在其Instagram帐户上称，地铁乘客可以在高峰时段使用自动扶梯的两侧以显著节省时间。网页链接	未
莫斯科将于2019年在全市范围内启用人脸识别系统	未
莫斯科将在新年期间限制销售酒精饮品	未
莫斯科战役是二战中最惨烈的战役之一，光是1941年底， 苏军死伤和被俘的人数就超过了30万，那会儿苏联全国人口在开战时约1.8亿，不过半年内丢了大片领土，莫斯科战役时苏联实际控制人口也就一亿上下吧。根据后来苏联官方的统计，整个莫斯科战役中，苏军共阵亡60多万人， 这是个非常可怕的数字。可就是 ...全文	未
莫斯科热力工程研究所：用白杨导弹的首次卫星发射或于2022年进行据莫斯科热力工程研究所总设计师尤里所罗门诺夫12月10日发布消息称，在发射-1计划恢复情况下，用白杨导弹的首次卫星发射或将于2022年进行。网页链接	未
莫斯科科学家研究出评价煤炭质量的新方法	未
莫斯科郊外的晚上，全是老司机...	未
莫斯科郊外的晚上，全是老司机	未
莫斯科雪景，仿佛童话世界（图源于网络）	未
莫桑比克前总统若阿金·希萨诺：我有幸见证了中国的改革开放	未
莫欺少年穷！实习生的逆袭之路！	未
莫泰致重伤的古德洛克：昨晚的那一幕真让人难以接受，我的兄弟是位不可思议的战士，祈祷他能挺过来！	未
莫瑞琪：对外开放是全球都面临的挑战 不只中国	未
莫瑞琪：对外开放是全球都面临的挑战 不只中国2019环球时报年会在中国如何进一步开放这一议题的讨论中，英国经济学人企业事务部主任莫瑞琪在发言时说，改革开放不只是中国未来所面临的问题，欧美同样如此这是全球各国面临的挑战，而不仅仅是中国一个国家所面临的话题另外，莫瑞琪提出 ...全文	未
莫色大虎《过年》	未
莫言回应“莫言名言”：不是我说的！	未
莫言悼念二月河:二月河开凌解放 一剪梅落玉簟秋	未
莫言悼念二月河：二月河开凌解放 一剪梅落玉簟秋	未
莫言悼念二月河：二月河开凌解放，一剪梅落玉簟秋	未
莫言：我的老师	未
莫让创新的“智能语音”变成“骚扰”	未
莫让“小细节”破坏“大安全”——公安部交管局盘点关乎生命安全的20个细节	未
莫让“问政形式”成为“形式”	未
莫论白猫还黑猫，捉到老鼠方为高。如果坐地喷口水，岂如场上见真招。@大曾涂鸦	未
莫贪财！三穗一男子捡到银行卡后取钱，结果	未
莫过于做好三件事	未
莫迪为何要跟央行“杠到底”	未
莫道因果无人见，举头三尺有神明。人生不外报应，因果，轮回这六个字。	未
莫邪路一电线杆倒了 路上都是线 市民经过注意安全	未
莫雷宣布球队已经裁掉中锋周琦，但据篮球记者宋翔透露，有消息源称周琦暂时并无回国计划。	未
莫雷恶搞库里： 今天我们致敬为了六次假登月而努力的40万人，他们竟然能保密49年。查看图片	未
莫雷秀操作还想捡漏！火箭两操作证周琦将迎机会火箭记者揭答案	未
莫雷诺：不喜欢克洛普对待我的方式，尚未决定是否续约近日，利物浦左后卫莫雷诺在接受零点电台采访时谈到了自己的近况，西班牙人坦言，他在利物浦过得并不开心，是否与球队续约尚未决定。莫雷诺表示，我感觉不是很好，这是事实，我很伤心，我觉得我为球队已经奉献了全部，我认为，当我伤愈归队 ...全文	未
莫非Rex就是那個立青的表弟?	未
莫非是人治?//@美元博士-无为客:司法独立哪里去了！	未
莱万4:0	未
莱万吃饼	未
莱万：有时候从第二线往前追赶也是好事，近几年我们总是看着自己身后当你看着身前的人的时候，会感觉到更多能量，你想要竭尽全力追上他们当你知道你需要全力争夺德甲，德国杯和欧冠的时候，和德甲领先20分然后只专注欧冠是不一样的我希望高强度保持住，我们也知道上次在德甲走过场的时候，发生 ...全文	未
莱万特 0-3 巴塞罗那第47分钟，梅西梅开二度.. 西班牙马德里	未
莱万特 0-4 巴塞罗那第59分钟，梅西戴帽！ 西班牙	未
莱万特vs巴萨 小队长的膝盖一直在流血巴萨ForaBara	未
莱万特vs巴萨比赛大名单：1. 特尔施特根2. 塞梅多3. 皮克4. 拉基蒂奇5. 布斯克茨6. 丹尼斯苏亚雷斯7. 库蒂尼奥8. 阿图尔9. 苏亚雷斯10. 梅西11. 登贝莱13. 西莱森15. 朗格莱18. 阿尔巴19. 穆尼尔21. 阿莱尼亚22. 比达尔24. 维尔马伦27. 米兰达巴萨ForaBara	未
莱万特vs巴萨 比达尔受伤，表情很痛苦巴萨ForaBara	未
莱万特vs巴萨  第52分钟阿图尔换下维尔马伦 0-3巴萨ForaBara	未
莱万特vs巴萨  第76分钟莱万特18号卡巴科对登贝莱犯规被红牌罚下 0-4巴萨ForaBara	未
莱万特vs巴萨  第78分钟库蒂尼奥换下比达尔 0-4巴萨ForaBara	未
莱万特vs巴萨  第88分钟梅西传球给皮克，后卫腰刀再次出鞘，冷静打门，得分！ 0-5巴萨ForaBara	未
莱万特巴尔韦德：去年踢莱万特我们输了，我们会汲取经验，所以我们一定会谨慎对待这场比赛	未
莱克电气澄清媒体报道：实际控股股东不是减持而是转持	未
莱克电气澄清媒体报道：控股股东不是减持而是转持 莱克电气澄清称，实际控股股东不是减持而是转持，即公司实控人倪祖根及其儿子原通过四家股东间接持有公司股份，现通过协议转让方式，公司实控人倪祖根直接持有公司股份。莱克电气澄清媒体报道：控股股东不是减持而是转持hqhqcir7336120	未
莱因克尔：梅西只擅长一项技能贝利的话纯粹就是谬论此前，贝利在接受巴西圣保罗页报采访时曾表示像梅西这样只擅长一项技能头球都不会的球员是根本无法与他这样既头球能力好，又左右脚均衡的球员比较的此话一出，便在足坛引起了一片哗然，英格兰足球名宿莱因克尔在近日就回击了贝利 ...全文	未
莱因克尔说迪涅在训练中经常观察梅西迪涅转发了这条推特 查看图片	未
莱奥，扔个瓶盖也这么帅的吗@梅西LeoMessi10	未
莱州下雪了！还有雨冰雹！全齐了！接下来还有	未
莱州人都聚在这里闹腾啥！现场手机竟然都打不通	未
莱州有这样一家企业！	未
莱布雷希特专栏：亨德尔在伦敦，他并没有被世人遗忘	未
//@莱德赵克强:转发微博	未
莱斯大学：已对参与基因编辑婴儿项目的贺建奎导师展开调查	未
莱斯特城-曼城要完德尔夫被红牌罚下！最后时刻曼城少打一人！	未
莱昂纳多不再玩水枪 为爱暴瘦40斤 被上帝抚摸过的脸庞又回来了	未
莱昂纳多证实：我们确实在运作小法的转会，我们正在研究各种可能性，并且评估各种条件我们是AC米兰	未
莱昂纳多赛后暴怒：在我看来，那个点球似乎是不存在的。还有几次，他们在罚角球的时候用手按住球，好像是在等队友过来罚，然后却直接把角球开了出来，我们也试着这么做过一次，但裁判吹哨阻止了我们。红黑麦克风	未
莱昂纳多还想SKY ITALIA确认了球队对法布雷加斯的兴趣：我们正在研究所有的可能性，正在评估目前所处的状况	未
莱昂纳被要求多归还小金人？原来他还有另一座	未
莱比锡俱乐部继续争取同德国国脚维尔纳提前续约	未
莱比锡球员伊尔桑克尔凶狠铲抢蒂亚戈，被红牌罚下。桑切斯因为替队友出头推搡伊尔桑克尔，也领到第二张黄牌，被红牌罚下。	未
莱温斯基再谈昔日情事：拒当FBI线人 为保护克林顿甚至考虑自杀	未
莱芜19个单位获省级（省属）文明单位，快看有你单位吗	未
莱芜2018年下半年大病医疗救助公示名单出炉！	未
莱芜交警公布第6批终生禁驾名单，附3起交通肇事致人死亡案例	未
莱芜交警大动作：查扣车辆86辆！31名酒虫落网！行动结束后还有...	未
莱芜人，你常吃的这个小东西，最近大涨价！有人看到了钱景	未
莱芜人注意！流感来了！国家发布防治方案，赶快收藏！	未
莱芜公安打掉一涉黑恶犯罪组织！现向社会征集线索，请知情者速与公安联系！	未
莱芜公安摧毁庞允盟为首涉黑恶犯罪组织，现征集犯罪线索和事实	未
莱芜医院儿科已经沦陷！十面霾伏之下，到底该如何保护好自己的孩子	未
莱芜又有46辆公车即将拍卖！即日起在这里公开展示！	未
莱茵夜话告诉你一个不为人知的以色列：前生今世和内忧外患	未
莱西一初中生服毒自杀 社会大哥不敢惹，青岛一初中生服毒自杀11月26日，莱西市姜山镇中心中学九年级一名15岁的学生放学回家后喝农药不治身亡，家长在学生课桌中发现带有威胁字眼的纸条，怀疑孩子在校期间遭到同学欺凌，目前已报案。网页链接	未
莱西交警提醒大家：请把这些尽快告诉家里骑电动车的老年人！	未
莱西人家里温度不够那是因为你没用这个供暖神器！	未
莱西小伙冒充清洁工，却不经意改变了美女的一生	未
莱阳人周知！这11种房子不能买！办不了房产证！	未
莱阳冯格庄青埠屯村	未
莱阳团旺光山村，一点不差起城里...	未
莱阳山上惊现1000斤大肥猪谁要??	未
莱阳山会正在直播纯过瘾	未
莱阳新开一个KTV，竟然搞这样的活动..	未
莱阳某小区有个神秘住户，趁着邻居上班后，开始行窃...	未
莱阳正能量大野头村李春香悉心照顾86岁养母.不是亲生胜似亲生	未
莱阳这几天纯冷，零下8 因为大雪来了	未
莲花小碎步招摇微博视频	未
//@莲花椒:大家来！//@华晨宇onepiece战斗组:戳一下评评的链接，热评很很不OK啊！	未
莲花滩乡开展2018年12.1世界艾滋日 宣传活动	未
莲花落又出新人，刷街要钱，不服不行！	未
莲花落杨晓琼：六旬老人救人，反被打	未
莲花超市将不再提供塑料袋	未
莲若有心，必当其苦莲若无心，必当其空。花落子归泥，不过世态，无非因果。心滴菩提露，不过通透，亦是如来。若是无心，哪里会有心执。无心生心，心是万喜的因缘。生死轮回，前世今生无论这个世界如何冷漠，我依然看见莲花的绽放，看尘世的清静。难得莲子意，落遍慈悲心。	未
莲荷一般的女子	未
莲警提示有事找政府，请打12345！	未
莲都和义乌共建啥看了这条你就明白了！	未
莲都的这个世外桃源，你去过吗	未
莲都的这条路，是父亲永远的回家路......	未
获中国电影编剧最高奖的重庆剧本 被拍成电影了	未
获中央批准，最高检增设未成年人检察机构！	未
获丰宁交警全程护送的老人，背后的故事引人沉思	未
获准保释第2天 华为CFO孟晚舟在安保陪同下出门了	未
获准保释第二天 华为CFO孟晚舟出门了	未
获准保释第二天 华为CFO孟晚舟出门了当地时间13日，在获准保释第二天，华为CFO孟晚舟出门了根据保释规定，孟晚舟可以在限定的范围内，包括温哥华本拿比列治文北岸等活动 via 凤凰网	未
获准保释第二天 华为CFO孟晚舟出门了当地时间13日，在获准保释第二天，华为CFO孟晚舟在一名安保人员陪同下出门了。根据保释规定，孟晚舟可以在限定的范围内，包括温哥华本拿比列治文北岸等活动。	未
获准保释第二天 华为CFO孟晚舟出门了当地时间13日，在获准保释第二天，华为CFO孟晚舟在一名安保人员陪同下出门了。根据保释规定，孟晚舟可以在限定的范围内，包括温哥华本拿比列治文北岸等活动。保释第二天孟晚舟在安保陪同下出门	未
获准保释第二天 华为CFO孟晚舟出门了当地时间13日，在获准保释第二天，华为CFO孟晚舟在一名安保人员陪同下出门了根据保释规定，孟晚舟可以在限定的范围内，包括温哥华本拿比列治文北岸等活动保释第二天孟晚舟在安保陪同下出门	未
获准保释第二天 华为CFO孟晚舟出门了据温哥华加西周末报道，当地时间13日，在获准保释第二天，华为CFO孟晚舟在一名安保人员陪同下出门了。根据保释规定，孟晚舟可以在限定的范围内，包括温哥华本拿比列治文北岸等活动。	未
获准保释第二天 孟晚舟出门了当地时间13日，在获准保释第二天，孟晚舟出门了。孟晚舟当天戴着黑色帽子和丝巾，背着棕色编织包，在一名安保人员陪同下出门。在12月11日的保释听证会上，考虑到孟女士在中国和其他地方都没有刑事犯罪记录，以及目前存在健康问题，加上她本人目前愿意居住在温哥华有合适的担保人等诸多情况，法官决定允许她保释。根据保释规定，孟晚舟必须戴上一个具有定位功能的脚环，不能离开温哥华的特定区域。可以在限定的范围内，包括温哥华本拿比列治文北岸等活动。	未
获准保释第二天 孟晚舟出门了据温哥华加西周末报道，当地时间13日，在获准保释第二天，孟晚舟出门了孟晚舟当天戴着黑色帽子和丝巾，背着棕色编织包，在一名安保人员陪同下出门在12月11日的保释听证会上，考虑到孟女士在中国和其他地方都没有刑事犯罪记录，以及目前存在健康问题，加上她本人目 ...全文	未
获准保释第二天，孟晚舟出门了据温哥华当地媒体报道，当地时间12月13日，在获准保释第二天，华为CFO孟晚舟在一位安保人员的陪同下出门了。在12月11日的保释听证会上，考虑到孟女士在中国和其他地方都没有刑事犯罪记录，以及目前存在健康问题，加上她本人目前愿意居住在温哥华有合适的担保人等诸多情况，法官决定允许她保释。根据保释规定，孟晚舟必须戴上一个具有定位功能的脚环，不能离开温哥华的特定区域，包括包括温哥华本拿比列治文北岸等范围。	未
获南通产业控股纾困 金通灵实控人拟变更为南通市国资委	未
获取电子致歉信今早2号线故障受影响乘客可扫描下方二维码或通过上海地铁官网运营专页获取电子版致歉信，点击链接（ 网页链接）即可获取，这与车站现场领取的致歉信具有同样的效力给您出行带来不便，深表歉意	未
获嘉人谁认识这个叫杨丽的女士，她的钱包和万元存单丢了	未
获嘉县退役军人信息采集的7个疑难 问题解答！	未
获嘉寻人徐庄村的徐方秋走失，大家看看谁见过没	未
获嘉寻人徐营镇浮菊意失联，请大家帮忙留意寻找！	未
获奖信息收集只剩最后两天辣，还没回复站内私信的coser们可要抓紧辣！！一定注意是A站的站内私信哦！！	未
获客成本越来越高，你该换种玩法了	未
获得改革先锋称号人员中为什么有这四位军人？	未
获批！巴中恩阳机场11月28日试飞！	未
获朝阳群众举报，武宣森林公安解救1只国家二级保护动物，并放生到百崖槽景区	未
莺歌两罚不中，没能率先得分，随后库兹马张手3分命中，为湖人打开开局！NBA	未
莺歌今天是本赛季首次对阵马刺，之前2场都因为禁赛没打。	未
莺歌和隆多预计在对鹈鹕的比赛中复出	未
莺歌落地的时候踩到了阿德的脚，疑似扭伤下场。希望没事不断的回放看的心揪着	未
莺歌这球有点神仙球的意思。	未
菇morning 没关系的，都会过去，你是被爱的，早安	未
菇morning 祝所有今天考研的小虎斑们，考的都会，蒙的都对，早安	未
菊农急哭！金丝皇菊赔本卖，每罐19.8元包邮，几十万斤有机皇菊严重滞销，恳请您爱心接力！	未
菊农急哭！金丝皇菊赔本卖，每罐仅19.8元包邮，几十万斤有机皇菊严重滞销，恳请您爱心接力！	未
菊平原定周二回天津，结果今天醒了就跟我说要回去，平时两个小时才能出门的他，今天半小时连行李都收好了，去美容院扎微针，完成后马不停蹄定了半夜11点的车票就走了，风尘仆仆。到家给我发了个LV拆包视频，告诉我:它到了，我不得不回来，我不能让它等我行。或许这就是	未
菊平太好笑了，菊平在大乱斗里使用孙膑，大招甩出墙外（空大了），菊平:我失去双腿换来的。。哈哈哈哈哈哈哈哈哈哈哈哈哈哈哈哈哈哈哈哈哈哈哈哈哈哈哈哈哈哈哈哈哈哈哈哈哈哈哈哈哈哈哈哈哈	未
//@菊平姐姐说你好:在能力范围内不让我舒服过日子的人都很莫名其妙//@三号银河碎片:情景对话看的人想要昏迷//@江南大野花:远离那些让我败兴的人 //@冯巩老师:你说马尔代夫度蜜月好浪漫，他说那是闲的没事浪费钱	未
菊花一紧()//@3840813252_129:一步到胃//@金发厨:冰封王座	未
"菊花一角"硬币将退市 人民币硬币还有"钱途"吗？	未
菊花不保的测评 //@酱vv_:	未
菊花台，北风乱 夜未央 雨未下	未
菌菌的近期推文合集推文菌菌的近期推文合集	未
菏泽10大黑恶势力犯罪典型案例发布！东明一案曝光>>	未
菏泽11.8肇事逃逸致人死亡案告破！（附事发时监控视频）	未
菏泽：12月停电通知！	未
菏泽2018年民生实事已完成14项，脱贫棚改教育医疗就业你关心的都在这了	未
菏泽2019年放假时间表出炉 春节居然这样休看完想哭！	未
《菏泽一棵五米多的高粱竟引众人烧香祭拜，种子研究员：长5米高不奇怪》近日，一则村民祭拜神高粱的视频在网络上热传。视频中，几名村民对着一株5米多高的高粱上香祭拜，现场鞭炮声不时传出。12月4日，这棵高粱被当地警方铲除后，竟依然有人前来祭拜。高粱在生长环境良好的条件下，株高生长到5米多很正常，再加上今年冬季气温偏高，这株高粱还处于结实期，所以没有枯萎。菏泽一棵五米多的高粱竟引众人烧香祭拜，种子研究员：长5米高不奇怪	未
菏泽：一水库清淤，竟发现	未
菏泽：一男子行窃后，竟对着监控跳舞！	未
菏泽一男子跳进臭水沟轻生，在水中嚎啕大哭，关键时刻交警蜀黍来了！	未
菏泽三角花园公交车停靠位置调整了！（附冬季线路运营时间）	未
菏泽：三角花园开始抓拍，公交有调整！	未
菏泽：两大项目签约，清华大学公共安全研究院菏泽分院将成立	未
菏泽：中华路轿车起火事件背后	未
菏泽之后广州微调楼市限购政策 因城施策继续落实	未
菏泽之后是珠海，大家互相看，能松一点是一点。	未
菏泽交警曝光一批骑电车的，东明人都看看！	未
菏泽人注意！2019年放假安排来了！五一小长假没了...	未
菏泽人注意！流感来了！国家发布防治方案，赶快收藏！	未
菏泽人速看，非常重要！不知道的可能要重罚！企业的这些行为视为违规	未
菏泽人都在街头寻找这个广告牌合影，到底是咋回事	未
菏泽住建局回应取消限售政策：正在开会研究 没想到引发这么大关注 _ 哈哈！不是侠哥料事如神，2小时辟谣！ 网页链接	未
菏泽住建局回应取消限售政策：正在开会研究 没想到引发这么大关注 _ 哈哈！不是侠哥料事如神，2小时辟谣！ 菏泽住建局回应取消限售政策：正在开会研究 没想到引发这么大关注	未
菏泽住建局：正在开会研究，没想到引发这么大关注	未
菏泽住建局：正在开会研究 没想到引发这么大关注e公司快讯楼市 e公司讯，菏泽取消限售政策的消息持续引发热议，被市场解读为2018年调控放松第一枪。证券时报e公司致电发布该政策的菏泽市住房和城乡建设局，相关工作人员表示，是根据当地情况制定的政策，没想到引起这么大的关注，（山东）省住建厅也关注到这一情况，要求我们说明情况。当前，局里领导正在开会研究，稍后或有统一回复。 网页链接	未
菏泽住建局：正在开会研究 没想到引发这么大关注菏泽取消限售政策引发热议，被解读为2018年调控放松第一枪。菏泽市住建局工作人员称，是根据当地情况制定的政策，没想到引起这么大的关注，山东省住建厅也关注到这一情况，要求我们说明情况。局里领导正在开会研究，稍后或有统一回复。（证券时报）	未
菏泽住建局：正在开会研究 没想到引发这么大关注菏泽取消限售政策的消息持续引发热议，被市场解读为2018年调控放松第一枪。网页链接	未
菏泽住建局：正在开会研究 没想到引发这么大关注菏泽取消限售政策的消息持续引发热议，被市场解读为2018年调控放松第一枪。菏泽市住房和城乡建设局相关工作人员表示，是根据当地情况制定的政策，没想到引起这么大的关注，（山东）省住建厅也关注到这一情况，要求我们说明情况。当前，局里领导正在 ...全文	未
菏泽住建局：正在开会研究 没想到引发这么大关注菏泽取消限售政策的消息持续引发热议，被市场解读为2018年调控放松第一枪。菏泽市住房和城乡建设局相关工作人员表示，是根据当地情况制定的政策，没想到引起这么大的关注，（山东）省住建厅也关注到这一情况，要求我们说明情况。当前，局里领导正在开会研究，稍后或有统一回复。（证券时报e公司）实时快讯	未
菏泽住建局：正在开会研究 没想到引发这么大关注菏泽取消限售政策的消息持续引发热议，被市场解读为2018年调控放松第一枪。记者致电发布该政策的菏泽市住房和城乡建设局，相关工作人员表示，是根据当地情况制定的政策，没想到引起这么大的关注，（山东）省住建厅也关注到这一情况，要求我们说明情 ...全文	未
菏泽住建局：正在开会研究 没想到引发这么大关注菏泽取消限售政策的消息持续引发热议，被市场解读为2018年调控放松第一枪。记者致电发布该政策的菏泽市住房和城乡建设局，相关工作人员表示，是根据当地情况制定的政策，没想到引起这么大的关注，（山东）省住建厅也关注到这一情况，要求我们说明情况。当前，局里领导正在开会研究，稍后或有统一回复。	未
菏泽住建局：正在开会研究 没想到引发这么大关注菏泽取消限售政策的消息持续引发热议，被市场解读为2018年调控放松第一枪。记者致电发布该政策的菏泽市住房和城乡建设局，相关工作人员表示，是根据当地情况制定的政策，没想到引起这么大的关注，（山东）省住建厅也关注到这一情况，要求我们说明情况。当前，局里领导正在开会研究，稍后或有统一回复。（证券时报）	未
菏泽住建局：正在开会研究 没想到引发这么大关注菏泽取消限售政策的消息持续引发热议，被市场解读为2018年调控放松第一枪。记者致电发布该政策的菏泽市住房和城乡建设局，相关工作人员表示，是根据当地情况制定的政策，没想到引起这么大的关注，（山东）省住建厅也关注到这一情况，要求我们说明情况。当前，局里领导正在开会研究，稍后或有统一回复。（证券时报e公司）	未
菏泽住建局：正在开会研究 没想到引发这么大关注菏泽取消限售政策的消息持续引发热议，被市场解读为2018年调控放松第一枪。记者致电发布该政策的菏泽市住房和城乡建设局，相关工作人员表示，是根据当地情况制定的政策，没想到引起这么大的关注，（山东）省住建厅也关注到这一情况，要求我们说明情况。当前，局里领导正在开会研究，稍后或有统一回复。（证券时报）实时财经新闻直播网页链接	未
菏泽住建局：正在开会研究 没想到引发这么大关注菏泽取消限售政策的消息持续引发热议，被市场解读为2018年调控放松第一枪。证券时报e公司致电发布该政策的菏泽市住房和城乡建设局，相关工作人员表示，是根据当地情况制定的政策，没想到引起这么大的关注，（山东）省住建厅也关注到这一情况，要求 ...全文	未
菏泽住建局:系统在调整 目前取消限售还没正式启动	未
菏泽：你好，这里是牡丹区！	未
菏泽：全省首条F3国际赛车场，明年5月完工！	未
菏泽：共享电车，来了！	未
菏泽农村盖房的，千万别再被忽悠了电视台已经曝光！	未
菏泽冬天的一分残秋，竟使一座园林约你入画	未
菏泽又一批老赖名单曝光！看看都有谁	未
菏泽又一社区即将启动征收，补偿标准公布！	未
菏泽又一社区即将征收，安置费总计1451.7万余元！附补偿标准安置意见！	未
菏泽取消限售，何以引人关注	未
菏泽取消限售尚未正式启动，政策会否被叫停将成调控风向标菏泽市住建局官网12月18日发布的有关取消限售的通知显示，该通知的落款时间为12月14日。对于取消限售的政策是否已开始执行，菏泽市住建局相关工作人员12月19日上午回应称，目前处于准备状态，还没有正式启动。菏泽取消限售尚未正式启动，政策会否被叫停将成调控风向标	未
菏泽取消限售：市场下行、去化压力下政府的试探性政策	未
菏泽取消限售，打响楼市调控松绑第一枪！更多城市或跟进	未
菏泽取消限购不是房地产调控放松的信号	未
菏泽取消限购是调控政策放松信号？媒体:需要讨论	未
菏泽：吕宏峰被提起公诉，曾任牡丹区住建局党委书记局长	未
菏泽启动重污染天气级应急响应！禁行渣土砂石运输车辆！工地停工！	未
菏泽回应取消限售：满足棚改货币化补偿市民购房需求	未
菏泽团市委举办2018年全市团务工作培训班	未
菏泽：城区19宗土地挂牌出让！	未
菏泽：城市轨道交通线路规划全面展开！	未
菏泽城际公交关于近期大雾天气缓发或停发城际公交的公告	未
菏泽：季双进获刑四年！曾任牡丹区国土资源局原副局长。	未
菏泽属于艾滋病低流行地区，当前性传播是主要途径，男男同性比重大！	未
菏泽，已下雪！	未
菏泽市住建局办公室：就取消限售，目前没有收到省里或市里的最新指示。菏泽市住建局一位工作人员回应记者称，通知是昨天晚上发的，我们也没有想到会引起市场如此大的反应，有点意外。今天上午一大早住建局已经召集局里人员就昨天的通知开会。（财联社 王海春） 查看图片	未
菏泽市住建局办公室：就取消限售 目前没有收到省里或市里的最新指示财联社12月19日讯，就昨晚发布的取消限售政策，菏泽市住建局办公室向财联社记者表示，目前没有收到省里或市里的最新指示。菏泽市住建局一位工作人员回应记者称，通知是昨天晚上发的，我们也没有想到会引起市场如此大的反应，有 ...全文	未
菏泽市住建局：由于后台系统在调整，目前取消限售还没有正式启动。菏泽市住建局办公室向记者表示，该政策住建局在前期经过了一段时间调研，昨日发出的这一通知此前在市里已被通过。（财联社 王海春） 查看图片	未
菏泽市体育公园年底前开工！	未
菏泽市取消新购住房限售政策 地产股早盘闻风而动昨日，山东菏泽成为取消楼市限售的全国首城，早盘地产股应声大涨，截至发稿，鲁商置业高开后随即强势涨停，荣安地产亚太实业卧龙地产等多股高开。菏泽市取消新购住房限售政策 地产股早盘闻风而动	未
菏泽市立医院新规：探视病人11:00以后才能进！	未
菏泽广州放松楼市调控 “房住不炒”基调不会改变	未
菏泽康庄路东延桂陵路南延何时能完工通车最新进展来了！	未
菏泽张花园社区即将启动征收，安置费总计1451.7万余元！附补偿标准安置意见！	未
菏泽成取消限售第一城，广州也出大招放开公寓购买，地产迎春天？	未
菏泽成首个解除住房限售城市 至少95城继续执行	未
菏泽打响全国楼市调控松绑第一枪？你可能想多了	未
菏泽打响全国楼市调控松绑第一枪？侠客岛：想多了	未
菏泽打响调控松绑第一枪 取消新购房屋限售政策	未
菏泽有了空中120！高速公路事故可喊直升机免费救援！	未
菏泽有电车的注意啦：杜绝电动自行车进楼入户人车同屋！	未
菏泽棚改引发百万人搬迁：满城都是售楼处，房价已逼近万元	未
菏泽楼市松绑，哪些城市会跟进	未
菏泽：河上，打鱼人家！	未
菏泽火了，又上央视了这次竟然是...	未
菏泽：牡丹区不动产登记主服务大厅搬迁！	未
菏泽牡丹机场进行风洞试验！	未
菏泽神高粱：警方拔除后仍有人祭拜澎湃新闻的秒拍视频 村民祭拜神高粱近日，山东菏泽一株5.7米的高粱被奉为神物。不少周边村民购买了香火鞭炮前来祭拜，在高粱被警方拔除后仍有人慕名前来祈福。专家表示，在合适的环境下，高粱株生长到5米多很正常。（视频来源：网络）网页链接	未
菏泽等地楼市松绑启幕：真相只有一个 房子不好卖了当地开发商的原话是这里现在是下行回落的趋势。大白话就是，新盖的房子太多了，而需求有限，房子根本卖不出去，空置率很高。原打算进入这个市场的开发商积极性自然就没那么高了。 菏泽等地楼市松绑启幕：真相只有一个 房子不好卖了	未
菏泽：网络交友诈骗案背后真相曝光！	未
菏泽：萝卜竟长成这样！	未
菏泽被央视锅 端，这下火啦！	未
菏泽：规划调整，两处大型商业合并！	未
菏泽计划开工建设5条道路及配套工程，现征求公众意见	未
菏泽调整住房限售政策，权威专家：调控应围绕房住不炒定位	未
菏泽这一项目规划方案调整！两处大型商业合并为一处停车场调整为超市....	未
菏泽这个小区因为公摊增加了被曝光了！	未
菏泽这些村干部，马上就要收拾你了	未
菏泽这位教师写给初三儿子的信火了！说出无数父母的心声！	未
菏泽退役军人和其他优抚对象请尽快采集信息！就剩不到半个月了！	未
菏泽：郓城可自助申领身份证！	未
菏泽闹市现百米油污路，多人在此摔伤无人问津！	未
菏泽黄河路上污水外溢数日，市政工程处回应了......	未
菜价稳中有降，淮安市民的菜篮子变轻了不少	未
菜刀可怕，管住手！	未
菜团子，喇叭裤...从吃穿看改革开放四十周年变化，我们都经历了什么	未
菜场买菜也要发票了//@来去之间:楼下小卖铺开票//@两兜兜豆子:定额征收属于简单的征收方式，收多了纳税户自然不愿意，一般只能按下限征收，人为操作空间大，容易滋生腐败。查账征收就是按票征收，纳税户的纳税额可能会增加，但避免了定额征收带来的弊端。	未
菜场大学报告：五大银行掏空了居民财富，因为居民把钱都存到银行了！（人大也就这个水平了，大家笑笑就好！）	未
菜场小老板的痛苦。菜场一般分为几个大类：1，活禽，不让现杀了，生意一落千丈，基本没有客户。2，蔬菜类，现在内环线各小区开了很多果蔬店，类似水果店，抢了生意。3，肉鱼虾，超市和网络大量热销。4，菜场生意，工作日，买的人也不多。现在父母和子女合住的少，年轻人不做饭。周末，买的人多。	未
菜场建成三年一直不开业,4000居民买菜难！(图)	未
菜场里竟有人售卖暹罗鳄  为国家一级保护动物	未
//@菜市场两把刀:重庆炮校，地址在重庆巴县陈家桥镇，炮校搬离后，原址建立5019厂（又称虎溪电机厂），后来62研究所也在该址成立，目前这个地方已随着重庆大学城开发，修建了商品房。	未
菜市场的猪肉，为何肉贩时不时拿布擦一擦肉贩：套路呗！	未
菜市场背街小巷老旧小区改造书记对这些民生工程建设有了新指示	未
菜市场里的这12种菜， 以后要少买	未
菜市场频频有人邀请老人按摩衡南警方破获系列色诱盗窃案	未
菜肉现场抽检！今天查了龙岗区这个开了24年的农贸市场农产品任你查	未
菜花坪镇高联村小伙唱的花鼓戏，真是牛！	未
//@菜菜_hs: 1，这个现象确有其事，但也不是首次发现，十几年前已有综述2，论文作者说不必恐慌3，乳腺癌高发期在60岁以后，到那个时间段，生育可能会起到保护作用，具体时间段还得具体分析。	未
菜菜，我是妹纸，现在高铁上。这都三十岁了，还没嫁出去，我咬咬牙，狠狠心，花了两倍的钱，这次买了一等商务座，满心盼望来个帅哥。没想到，来了个中年妇女。我是一口血喷在玻璃上。哪里可以退票	未
菜菜，我是男方，北方二线城市体制内，媳妇生了闺女，我突然觉得好难受，以后房子车子还能留吗答：你也别这么纠结了，再换一个就是了，也没什么。现在的行情是，先送一套房，每月两万生活费。	未
菜钱到手	未
//@菜鸟军虫微博:我不缺爱心，缺的是两头狮子。	未
//@菜鸟开博://@犊几:用事实说话//@手游戏精:有理有据//@三吼君://@深港鱼猫:阿龙很有商业头脑//@農呋:我信你个鬼，你个坏老头	未
//@菜鸟阿喵://@棪木-此时相望不相闻://@青山快复刊://@日兼 :现在能得到的权利都是当初用抗争换来的	未
菟丝子危害植物商家占道经营歌声扰民你所关心的这些问题都有回复啦！	未
//@菠萝不吃芯:可以领养吧	未
菠萝赛东脑补自己肿死家中，150斤女尸照片登上各大网站头条	未
菩提本无树，明镜亦非台，本来无一物，何处惹尘埃。人本是人，不必刻意去做人世本是世，无须精心去处世。坐亦禅，行亦禅，一花一世界，一叶一如 来，春来花自青，秋至叶飘零，无穷般若心自在，语默动静体自然。不要刻意的去追逐，一切遵循自然的规律，开心轻松，过好每一天。	未
菩提道次第摄颂  真正以自力解释佛教密意的菩萨，只有这两位	未
菩萨保他一条命，这么高，没摔死！//@我的煤炭: 酒壮英雄胆，没死一定是菩萨保佑的。	未
菩萨的十地	未
菩萨转世女子私配草药终致人死亡  医脉3分钟	未
華盛頓郵報異議記者卡舒吉（Jamal Khashoggi）謀殺一案又有新的進展，多位美國參議員聽取CIA報告後，憤怒表示沙國王儲是命案主謀，並且全程監控整個過程，還說王儲如果站上法庭，「30分鐘內就會被判謀殺。」	未
菲军方从阿布沙耶夫武装手中解救一名印尼人质	未
菲利华：拟非公开发行股票，募资总额不超过7.3亿元	未
菲前总统：中国应将自己视为东南亚国家的“伯父”	未
菲前总统：中国应视自己为东南亚国家的“伯父”	未
菲商报：华裔学生夺菲律宾化学工程师会考状元	未
菲商报：菲律宾政府拟限制签发外国人工作证	未
菲外长:中国基本上够朋友 美国经常忘记我们是朋友	未
菲尔x肖恩。	未
菲尔-内维尔：博格巴给曼联制造了问题	未
菲尔斯宾塞刚刚在TGA 2018 现场确认了这一消息	未
菲律宾再遭反恐困境：可买一款中国武器，实战证明有奇效	未
菲律宾前总统阿罗约：中国能飞速发展，我一点不惊讶	未
菲律宾南安同乡总会换届，码头乡贤侯斌鸿任新一届理事长！	未
菲律宾南海仲裁案仲裁庭即将公布裁决，外交部就此发表谈话	未
菲律宾南海仲裁案仲裁庭称将于7月12日公布实体问题裁决	未
菲律宾南海仲裁案将于7月12日公布实体问题裁决	未
菲律宾商报：菲特有新植物品种以华裔专家命名	未
菲律宾国会批准再次延长南部戒严令至2019年底	未
菲律宾大叔收集2块钱的盗版芭比娃娃，转手就卖出天价	未
菲律宾开启强军时代，又要买土耳其T129武直，反暴乱还是？	未
菲律宾新总统今日宣誓就职 听听他对中国都说了啥？	未
菲律宾新总统宣誓就职 与阿基诺三世握手表情凝重	未
菲律宾新总统杜特尔特宣誓就职	未
菲律宾新总统杜特尔特宣誓就职谈内政未提南海，习近平发贺电	未
菲律宾棉兰老岛戒严令将延长至2019年底	未
菲律宾男篮正考虑是否重新征召布拉切	未
菲律宾男篮考虑重召布拉切，前新疆队内线悍将状态成疑	未
菲律宾禁毒官员执法培训班开班 云南警官学院“取经”	未
菲律宾签署重大国防协议，将采购新型武装直升机	未
菲律宾舰艇冲向我国仁爱礁......	未
菲律宾蛤仔外壳附生的藤壶	未
菲律宾见	未
菲律宾议员要求总统公开健康状况 杜特尔特回应	未
菲总统候选人：如果中国帮修建铁路 愿搁置南海争议	未
菲总统候选人谈南海问题：愿永远闭嘴不挑争端	未
菲总统杜特尔特喊话毒犯家属:我会干掉你们所有人	未
菲移民局持续加强机场安全措施 维持一级安全戒备	未
菲移民局：近三年被遣返外国人以中国公民数量最多	未
菲茨杰拉德逝世78周年|纸醉金迷的一生	未
菲警方提醒民众防伪钞 菲央行发布辨别真伪技巧	未
菲防长无法确认中国在南海建设的气象站	未
//@萌了个包://@乊A乊永琪我们说好的姓福呢么么://@吃瓜群众CJ://@浪里赤条小粗林:希望还有梦想成为调查记者的小朋友看看这15分钟呢//@很想改名叫罗云姬的异形姬:真汉子//@_茉莉拌海蜇_ :这位记者已经离开新京报了，我们的新闻真的不能死啊	未
萌台夜观天气，发现今天（13日）夜间全国大部分地区以晴天或多云天气为主，但是这些地区的气温整体还是比较低虽然中东部气温正在逐渐回升，但是14-15日，南方地区日平均气温较常年同期仍偏低24直到16日起，中东部地区气温才能回升至接近正常或略偏高的水平	未
@萌妹子的那点事	未
萌娃丢心爱背包急哭 扬子公交乘务员接力帮忙寻回	未
萌娃为啥在警局门口玩猜拳知道真相后警察蜀黍都点赞	未
萌娃跟爷爷逛街看到警车不走了？ 民警这样做	未
萌娃闯警营丨一场交警蜀黍与萌娃们的小约会！	未
萌娘百科 Bloody Festa 网页链接	未
萌娘百科 CONCEPTION 为我而生 网页链接	未
萌娘百科 Dont be afraid 网页链接	未
萌娘百科 DOUBLE DECKER 道格amp基里尔 网页链接	未
萌娘百科 Dreaming of you 网页链接	未
萌娘百科 Nya Spectacle 网页链接	未
萌娘百科 Oo我老婆 网页链接	未
萌娘百科 PANDEMIC ALONE 网页链接	未
萌娘百科 PROUST EFFECT 网页链接	未
萌娘百科 RELEASE THE SPYCE 网页链接	未
萌娘百科 RK(摩尔庄园) 网页链接	未
萌娘百科 The World of Remnant 网页链接	未
萌娘百科 VIRTUALSAN-LOOKING 网页链接	未
萌娘百科 一群喵档案:汤圆 网页链接	未
萌娘百科 三上枝织 网页链接	未
萌娘百科 三千烛华夜 网页链接	未
萌娘百科 三森铃子 网页链接	未
萌娘百科 上月水晶晶 网页链接	未
萌娘百科 下村泉 网页链接	未
萌娘百科 不平衡抽签 网页链接	未
萌娘百科 不幸 网页链接	未
萌娘百科 不能没有你！ 网页链接	未
萌娘百科 不要停下来啊！ 网页链接	未
萌娘百科 与君愿 网页链接	未
萌娘百科 东山奈央 网页链接	未
萌娘百科 严莉莉 网页链接	未
萌娘百科 中国人 网页链接	未
萌娘百科 中村绘里子 网页链接	未
萌娘百科 中田让治 网页链接	未
萌娘百科 丽塔洛丝薇瑟/猎袭装影铁 网页链接	未
萌娘百科 亚修(永远的7日之都) 网页链接	未
萌娘百科 伊藤静 网页链接	未
萌娘百科 佐藤(亚人) 网页链接	未
萌娘百科 佐藤利奈 网页链接	未
萌娘百科 八十龟观察日记 网页链接	未
萌娘百科 八千代命 网页链接	未
萌娘百科 兽娘动物园 网页链接	未
萌娘百科 冯提莫 网页链接	未
萌娘百科 切尔诺伯格 网页链接	未
萌娘百科 刘三木 网页链接	未
萌娘百科 前野智昭 网页链接	未
萌娘百科 加藤英美里 网页链接	未
萌娘百科 十月十日奏 网页链接	未
萌娘百科 千叶翔也 网页链接	未
萌娘百科 古立特(SSSS.GRIDMAN) 网页链接	未
萌娘百科 吹响上低音号 网页链接	未
萌娘百科 呐 有些事希望你能听听 网页链接	未
萌娘百科 周防桃子 网页链接	未
萌娘百科 咕杀 网页链接	未
萌娘百科 四条贵音 网页链接	未
萌娘百科 土师孝也 网页链接	未
萌娘百科 地下城与勇士:圣职者(女)/异端审判者 网页链接	未
萌娘百科 坂本美绪 网页链接	未
萌娘百科 城之内克也 网页链接	未
萌娘百科 堀内贤雄 网页链接	未
萌娘百科 塞拉菲姆(永远的7日之都) 网页链接	未
萌娘百科 奥菲利亚贝伊兰斯 网页链接	未
萌娘百科 奥露西娅(永远的7日之都) 网页链接	未
萌娘百科 小N 网页链接	未
萌娘百科 少女前线:M14 网页链接	未
萌娘百科 尾扎长发 网页链接	未
萌娘百科 屠怯怯(永远的7日之都) 网页链接	未
萌娘百科 工作细胞:白血球 网页链接	未
萌娘百科 工作细胞 网页链接	未
萌娘百科 幸腹涂鸦 网页链接	未
萌娘百科 幽灵法则 网页链接	未
萌娘百科 微笑天候 网页链接	未
萌娘百科 德井青空 网页链接	未
萌娘百科 怕打雷 网页链接	未
萌娘百科 恋爱的音色线 网页链接	未
萌娘百科 恶魔Fictionist 网页链接	未
萌娘百科 惦记着你的生日 网页链接	未
萌娘百科 成龙历险记 网页链接	未
萌娘百科 我家的女仆有够烦 网页链接	未
萌娘百科 我那霸响 网页链接	未
萌娘百科 户山香澄 网页链接	未
萌娘百科 房东的泳装照 网页链接	未
萌娘百科 无敌破坏王2:大闹互联网 网页链接	未
萌娘百科 普罗修特 网页链接	未
萌娘百科 有原翼 网页链接	未
萌娘百科 有马日诘 网页链接	未
萌娘百科 朱丽叶斯塔林 网页链接	未
萌娘百科 查水表 网页链接	未
萌娘百科 柯杨斯卡娅 网页链接	未
萌娘百科 梶原岳人 网页链接	未
萌娘百科 橙色天空之下 网页链接	未
萌娘百科 歌兰蒂斯格拉西亚 网页链接	未
萌娘百科 永远同在 网页链接	未
萌娘百科 牛久花和 网页链接	未
萌娘百科 猎手伯恩 网页链接	未
萌娘百科 王晓彤 网页链接	未
萌娘百科 田中姬 网页链接	未
萌娘百科 留美(少女与战车) 网页链接	未
萌娘百科 疯狂动物城 网页链接	未
萌娘百科 碧蓝航线:U-557 网页链接	未
萌娘百科 碧蓝航线:久远 网页链接	未
萌娘百科 碧蓝航线:伊吹 网页链接	未
萌娘百科 碧蓝航线:克利夫兰 网页链接	未
萌娘百科 碧蓝航线:出云 网页链接	未
萌娘百科 碧蓝航线:尼古拉斯 网页链接	未
萌娘百科 碧蓝航线:江风 网页链接	未
萌娘百科 碧蓝航线:纽卡斯尔 网页链接	未
萌娘百科 碧蓝航线:芙米露露 网页链接	未
萌娘百科 碧蓝航线:萨拉娜 网页链接	未
萌娘百科 碧蓝航线:萨拉托加 网页链接	未
萌娘百科 碧蓝航线:蒙彼利埃 网页链接	未
萌娘百科 碧蓝航线:阿基里斯 网页链接	未
萌娘百科 碧蓝航线:露露缇耶 网页链接	未
萌娘百科 福田法子 网页链接	未
萌娘百科 索德罗斯 网页链接	未
萌娘百科 织田信长 网页链接	未
萌娘百科 绿川光 网页链接	未
萌娘百科 自己的步调 自己的路 网页链接	未
萌娘百科 臭水沟公主帕丽丝 网页链接	未
萌娘百科 舰队Collection:二式陆上侦察机 网页链接	未
萌娘百科 花之调 网页链接	未
萌娘百科 英雄联盟:妮蔻 网页链接	未
萌娘百科 蜘蛛侠:平行宇宙 网页链接	未
萌娘百科 贪食蛇 网页链接	未
萌娘百科 贾邱 网页链接	未
萌娘百科 赛斯(永远的7日之都) 网页链接	未
萌娘百科 赵无极 网页链接	未
萌娘百科 超扯童话血多 网页链接	未
萌娘百科 轩辕剑系列 网页链接	未
萌娘百科 辣条 网页链接	未
萌娘百科 里苏特涅罗 网页链接	未
萌娘百科 问川咲瑠 网页链接	未
萌娘百科 陆庚宜 网页链接	未
萌娘百科 露比亚艾尔斯坦因 网页链接	未
萌娘百科 青叶初芽 网页链接	未
萌娘百科 青眼白龙娘 网页链接	未
萌娘百科 馆岛虎彻 网页链接	未
萌娘百科 鬼灭之刃 网页链接	未
萌娘百科 魔法禁书目录 网页链接	未
萌娘百科 鸠谷小羽 网页链接	未
萌娘百科 鹫见昂大 网页链接	未
萌娘百科 麦瑟莫纳亨 网页链接	未
萌娘百科 黄阳赛莉亚 网页链接	未
萌宝为啥总爱“撅屁屁”趴着？	未
萌宠与车 地铁广播：尊老爱幼是中华民族的传统美德，请给老弱病残孕和其他需要帮助的乘客（它）让座，谢谢	未
萌宠乐园 吹变形了	未
萌宠乐园 因躲在山洞，6年没被人薅过羊毛的小羊	未
萌宠乐园 猫也有早操	未
萌宠乐园 网友拍到一男子这样带着猫在买东西！	未
萌宠成长录网友还在加班就接到邻居的电话说是家里漏水了于是赶忙往家里赶，结果...	未
萌宠是戏精 好心人10个月前救的一条流浪狗，看看它现在的变化！	未
萌宠是戏精 岛国一名男子每天按时去喂附近的流浪猫，结果有一回他晚了半小时，往门外一看，无数双眼睛死死的盯着他兄弟，你赶紧认个错吧！	未
萌宠社会猫，猫狠话不多	未
@萌小柒儿：天津市河北区盛华嘉园（中环福境）小区已入住很久，可是外面一直有石墩隔离，只有行人和自行车可以进出，阻碍汽车通行，所有进出小区的汽车都只能走偏关北路一条很窄的小道，社区居民出行非常不便如果遇到紧急情况，任何车辆根本进不来，这势必会造成安全隐患，此问题多次反映，长期无人 ...全文	未
萌德受访回应性取向问题 称与海莉比伯不只是朋友	未
萌派还了新的一笔医疗费14492.8元，旧债未还	未
萌翻！借她2元钱坐车，小学生留言：救命恩人武汉小学生小郑上学坐地铁时忘带钱，急得团团转工作人员沈英见状借她2元钱小郑放学后专程来还钱，还写下感谢信：2块钱可能是小事，但迟到了会被老师骂，救命恩人她还郑重说：工号07156姐姐，不准还错了啊	未
萌萌不知道在闻啥 微博视频	未
萌萌  不知道在闻啥 网页链接	未
萌萌  发现一个奇怪的大虫子	未
萌萌家里进贼了要怎么处理 微博视频	未
@萌萌小妞宝：想问一下大家，医院查肝功能，谷丙转氨酶高，外科大夫开了两种护肝的药，让吃半个月后复查，心里有点害怕又挂了另一个大夫的号，说不用吃药，过半个月复查看看再说，这种情况还需要吃药吗	未
萌萌小旅客，看得小编心都要化了。[给你小心心]	未
萌萌怎么会这么月半 微博视频	未
萌萌我们女/明/星（划掉）谐星也是靠脸吃饭的日/常/护/理/分/享 微博视频	未
萌萌  撞衫不可怕 谁丑谁尴尬 网页链接	未
萌萌睡相很差的 微博视频	未
萍乡2018最新拆迁进度在这里，上栗有300户！	未
萍乡300余老人聚集听讲座领鸡蛋，民警到场后...	未
萍乡：90后女孩与大自己40岁的师傅结婚，结果意想不到的是...	未
萍乡一又波村霸被打掉，希望下次打掉的是你们村的	未
萍乡一司机遇交警查车，竟丢下小孩自己跑了！	未
萍乡一群司机为涨采石运费，竟一起去拦路	未
萍乡人快告诉你的朋友们！微信可以缴医保了！	未
萍乡人速看：社保不追缴！不缴要重罚！	未
萍乡地瓜王横空出世，重达36.4斤	未
萍乡城市大厦图书馆和玉湖岛最新航拍图曝光！	未
萍乡：大货车与摩托车相撞，一人不幸身亡！	未
萍乡安源区发生1.7级地震 震源深度5千米（图）	未
萍乡小伙一口气吹掉一斤白酒，结果太可怕了！	未
萍乡市公布重点排污单位名单，这26家单位上榜！	未
萍乡市的一处停车场	未
萍乡市的一处停车场 微博视频	未
萍乡：惊险！两大货车相撞...	未
萍乡最新物业红黑榜公布，你家小区物业上榜没	未
萍乡有共享电动车了，来看看怎么使用怎么收费	未
萍乡：男子爬上电线杆，不幸身亡！	未
萍乡这个地方要修天桥啦，看看经过你家门口吗	未
萍乡集中整治占道经营，这些道路别乱占	未
萍乡：高铁站出口附近发生车祸，一男子不幸身亡（视频）	未
萝卜夜话 你开车撞过最贵的东西是什么	未
萝卜夜话 你觉得多少钱的车才能称之为豪车	未
萝卜开会（2018.11.26）	未
萝卜手快走开12日，强冷空气对我国的影响已接近尾声，但长江中下游一带气温依旧低迷，武汉合肥郑州等地今晨最低温再创下半年来新低。冬天天气寒冷，万物凋零，却是冻疮复苏的季节。冻疮也是冬天极为常见的皮肤病，由于冬季气候寒冷，外露的皮肤受到冷冻的刺激，局部皮肤会反复出现红斑，严重者还会出现水疱溃疡等，不容小视，大家可要注意了！（国家应急广播）气象科普 气象生活	未
萝卜滞销，爱心人士齐帮忙！可是问题又来了	未
萝卜粗的绿萝杆，剁2刀插土里，7天冒芽，俩月爆盆！	未
@萝莉老胖2003：今天早晨这是怎么了，全是逆行的，这是津塘公路啊，还有开车逆行又抽烟的，这些人都疯了吗！你一问他他还骂街，还问你管的着吗	未
营业[给你小心心]	未
“营养餐倒水沟”是学校责任缺失	未
“营养餐计划”推行5年 千万农村学生吃得怎么样？	未
营口发生：亲人失散三十载终于在营口团聚，催人泪下！	未
营口家里有玉米没卖的赶快看看，别被忽悠了！	未
营口普通老百姓一定要看看！老梁再曝重要內幕...	未
营口猪瘟疫情正式解除！猪肉市场情况咋样	未
营口茅小五早就落地了，大家多支持//@营口那些事儿:茅小五自媒体进军汕头	未
营口这家人火了！竟然是为了一个苹果！你认识他们家吗	未
营口集粹  最先引进脑电图机的医院	未
营口集粹  最早的排灌站	未
营口集粹  营口市第一个无盲县	未
营口集粹  辽河水首次供应市区	未
营口非洲猪瘟疫情解除封锁了！下一步，还将做哪些工作	未
营商环境丨金融服务进西咸！沣西新城召开农业银行银企对接会	未
营商环境也是竞争力	未
营商环境确保这家企业春节前投产	未
营山今年熏腊肉在这几个指定地点熏，不然	未
营山环保项目有哪些您知道吗	未
营山艾滋病免费筛查检测通知	未
营山这个医生火了！上央视了！	未
营收300亿以上房企可发债？发改委：不支持商业地产项目	未
“营改增”的两种思路	未
营盘山考古发现5000年前“彩陶之路”	未
营运市场动荡，运管点头授予驾驶员执法权！然后	未
营销人如何开展地推的11条不成熟的小建议！作者：大捣网页链接	未
营销号上来宣传新黑号什么水平呢。就这还不承认是团队联动呢	未
营销理财经理  你会与客户聊健康话题吗	未
营销赌博经营不善，甩锅背后把金立掏空的是谁	未
//@萧六公子Willif://@-Heba-:啊啊啊啊啊啊[米奇大哭][米奇大哭][米奇大哭][米奇大哭][米奇大哭]	未
萧县千余名残疾儿童康复有了救助办法	未
萧太后河的前世今生	未
萧山10名行人被处罚曝光！这15个重点路口，将不定时拍摄曝光！	未
萧山一对新人刚办完婚礼，婚房内几个LV包包不见了！2018年12月11日是个好日子，萧山所前的一户人家张灯结彩，一对新人喜结连理婚宴很热闹，宾主尽欢，结果新郎官喝高了，连夜去挂了点滴，新娘也去照顾谁知新人第二天回到婚房就感觉哪里不对劲，仔细一看吃了一大惊：包包包怎么不见了 ...全文	未
萧山一男子花6000块在拼多多买了台甘蔗去皮机，结果	未
萧山东片南片这些大项目具体位置范围来了！在你家附近吗	未
萧山义桥有个小黄山，你去过没如画杭州醉氧洗肺观云海......近日，是观云海的黄金时节，在萧山义桥就被美称为小黄山的寺坞岭，宛如仙境，似海非海。看那山峰云雾相互幻化，意象万千，旭日初跃，瞬息万变。绝对值得去瞧一瞧！	未
萧山党湾一辆SUV与半挂车相撞，年轻小伙不幸身亡，事发监控曝光	未
萧山出发，新加坡民丹岛5天4晚仅需1699元，12月1日起天天发团	未
萧山办事服务中心招聘专岗人员15名，年薪约7.2万元，今起报名	未
萧山又发现猴子！这回是猴群，至少3只以上，就在湘湖石岩山	未
萧山将新建一批道路，包括平澜路等7条亚运村道路！	未
萧山小伙：93年，月收入4000，工资到手没，只有眼前的苟且	未
萧山征迁进行时！又一镇街有新进展，涉及600余户！还有....	未
萧山所有骑小电驴的人，今天宣布的这个政策一定要了解！	未
萧山某知名酒店的土地使用权到期！已提出续期申请，杭州首例...	未
萧山某高档小区路面突然塌陷，一辆豪车掉落！	未
萧山男子4年前自建的豪宅，现因欠债想卖，网友都说不敢买，他这样回应	未
萧山男子在江边钓鱼，亲眼目睹一年轻小伙从江东大桥上跳下！视频揪心	未
萧山男子急了！老婆生病久治不愈，竟然和房子有关...	未
萧山车主必看！被外地号牌的车辆挡住，114移车无效怎么办	未
萧山车主必看，被外地号牌车辆挡住，114移车无效怎么办	未
萧山这三个平台将整合，1500余个事项最多跑一次！	未
萧山这个区块签约工作启动，商业城花木城(塘新线以西区块)要搬迁?	未
萧山高桥社区即将拆迁，征地房屋补偿冻结公告今天发布	未
萧敬腾8层豪宅曝光 大到可以遛狗	未
萧敬腾为金曲主持推掉3个商演 制作人：他很拼命	未
萧敬腾回应进少管所往事 称梦想从事教育事业	未
萧敬腾回忆进少管所往事：让我从恶魔变成善心人士	未
萧敬腾大豪宅值2千万 本人回应：这么便宜会多买几栋	未
萧敬腾左手骨裂忍痛表演 彩排时曾偷偷抹泪	未
萧敬腾直播爆哭怎么回事？自曝金曲奖主持压力太大	未
萧敬腾直播爆哭怎么回事？自曝金曲奖主持压力太大粉丝心疼	未
//@萧杉砾:百乐门舞厅还在，只不过进口的门檐不是原来的了，前些年坍塌了，还砸伤了人。	未
萧正楠TVB台庆现场公布婚讯 爱妻黄翠如是富二代	未
萧萧渐积，纷纷犹坠	未
萨乌尔：尽管进球少了，但是踢后卫也是为了马竞服务马竞中场萨乌尔回到了埃尔切，并且在萨乌尔兄弟足球学校接受了《阿斯报》的专访，对于本赛季自己的新位置，以及在新位置上的表现发挥，萨乌尔表示自己还在尽力适应，一切都是为了球队服务。网页链接	未
萨内大赞斯特林是名“难以置信”的队友	未
萨内：每一场欧冠你都必须要拼尽全力，因为如果你不努力，你就会承担后果在我们的脑海里，一定要有一种从头开始的意识，我们需要这样对待比赛欧冠的比赛总是困难的，因为不论你是小组第1还是小组第2，你都会碰到一个强大的对手欧冠和英超是不一样的，在英超你还可以丢分，还有时间去恢 ...全文	未
萨内要面对老东家了！	未
萨利于今年6月正式为身患帕金森病靠轮椅代步的老布什服务。	未
萨尔图区拟挂职干部公示！公示期为12月3日至12月5日	未
萨尔图机场：南昌-白山-大庆新航线开通，票价1折起	未
萨德反导系统和S400导弹是否即将一起来保卫沙特的领空了|军情观察	未
萨拉：伙计，你知道你刚刚那样的行为是会被抓起来的吗萨波纳拉：我是不是被大家嘲笑了	未
萨拉赫帽子戏法！过了两次门将贝戈维奇！简直秀翻天	未
萨拉赫悄悄地靠近	未
萨摩耶生闷气翻白眼，结果主人一个动作，就让它咧嘴笑了起来！	未
萨村谜案：究竟谁在说谎	未
【萨沙讲史堂第七百七十五期】为什么神龙架会有未来的幻象？鬼市是光学现象还是平行空间？（你不知道的灵异事件第45讲）	未
【萨沙讲史堂第七百七十六期】87年上海历史上第1次银行劫案：于双戈持枪杀人、女友拼死包庇（你不知道的大案第106讲）	未
萨沙讲史堂第七百五十一期双鱼玉佩丧尸病毒还是普通的探险遇难80年彭加木失踪事件（你不知道的灵异事件第42讲）	未
【萨沙讲史堂第七百五十七期】06年广西乐业特大爆炸案9人死亡：粟艳琴报复前夫炸塌2栋楼房（你不知道的大案第103讲）	未
萨沙讲史堂第七百五十七期06年广西乐业特大爆炸案9人死亡：粟艳琴报复前夫炸塌2栋楼房（你不知道的大案第103讲）	未
【萨沙讲史堂第七百六十八期】法国国王路易十七的心脏是真的：10岁小王子死于法国大革命（历史系列第319讲）	未
萨瓦娜晒图，她跟詹姆斯的学生时代照片	未
萨瓦迪卡我们来泰国呢，真的是工作的@汪小洋329 是吧	未
萨甘公布了2019赛季前半程的赛程安排，可以说是相当忙。萨甘先会在环澳赛开始新赛季，随后马上飞去阿根廷，参加环圣胡安省赛，接连两项热身赛之后会休息和高原训练一个月，之后跳过新闻报环赛和白路赛，直接参加双海赛，再接下来是米兰-圣雷莫，萨甘会参加后面的所有古典赛，包括阿登三赛，而这也是萨甘首次参加列日-巴斯通-列日赛	未
萨科齐宣布将再度竞选法国总统 面临党内激烈竞争	未
萨老爷子走过了祖国的这些地方：网页链接	未
萨莉亚算是快餐厅里的奇葩了，价格低得惊人咋舌，这是昨天在北京四环一家商标里拍的，这价格当然，菜就是半成品加工下，那也够便宜的	未
萨达姆去世12年后伦敦街头惊现纪念牌	未
萨里透露阿扎尔没有大碍，休息个1-2天就好了	未
萨队：欧冠出局让人失望，但现在国米会专注欧联杯。国米可以成为欧联杯的主角，希望球队能走到最后。	未
落到海里的雪，变成海落到街上的雪，变成街落到山上的雪，还是雪问问还在天空中的雪你喜欢哪一种金子美玲半岛晚安图/半岛记者 张伟	未
落叶不扫当景可好环卫工人和市民回应了！附常州网黄打卡地	未
落叶不清扫地图，株洲落叶观赏点在这里！	未
落叶为笔，草坪为纸 “扫地僧” 落叶画	未
落叶归根埃因霍温主帅范博梅尔希望罗本回来踢球：我与罗本在埃因霍温，拜仁和荷兰国家队都有过合作，他依然很有实力，依然是欧洲顶级球员，他会考虑我的邀约。	未
落叶知秋，遇难识友	未
落后12分，比赛还有3分12秒。	未
落后17分啦//@拜伦_斯科特:米哈这个空中滞空21打沃尔好凶啊//@拜伦_斯科特:第一节追到10分了，开始填坑了//@拜伦_斯科特:8比24落后，这比分很科比很湖人//@拜伦_斯科特:我湖这防守又开始梦游了，开局4比12	未
落后6分进入第四节！塞克斯顿15分，克拉克森16分，奥斯曼11分。	未
落地杭州了，最近点太背了。操。 杭州	未
落地的之后没有直接回家，直接提着行李箱驱车到朋友家里，穿着她的睡衣坐在地毯上看着电视剧吃了两盒牛蛙。不喜欢一个人睡觉，不想一个人回到空荡荡又乱糟糟的房间里，还好我去到好多地方，都有一个家。	未
落地要冷死了。怎么会这么冷了啊。 上海	未
落地长沙 长沙长沙黄花国际机场	未
落实两国元首共识 中美需共同行动	未
落实了！个人二级市场买卖新三板股票11月起免征个税12月7日，财政部税务总局证监会三部门联合发布《关于个人转让全国中小企业股份转让系统挂牌公司股票有关个人所得税政策的通知》。《通知》明确，自2018年11月1日（含）起，对个人转让新三板挂牌公司非原始股取得的所得，暂免征收个人所得税。对个人转让新三板挂牌公司原始股取得的所得，按照财产转让所得，适用20的比例税率征收个人所得税。接下来是今天的解读新三板投资早参	未
落实了！泰顺县体育中心这些项目不收费啦	未
落实产权保护的三个制度信号丨京都刑辩研究中心	未
落实企业新型学徒制，难点究竟在哪	未
落实属地责任  坚决打赢非洲猪瘟歼灭战 全市非洲猪瘟防控工作会议召开	未
落实山西30条忻州市委市政府这样承诺	未
落实惩戒权不能仅靠学校“吃螃蟹”	未
落实“房住不炒”责任主体在城市政府，楼市政策继续打击投机	未
落实“教育惩戒权”需划清两个界限	未
落实河库长制，检察院在行动	未
落实税收法定原则 中国拟立资源税法	未
落实编制，直接面试乡镇事业单位招聘！	未
落实编制！计生系统招63人！	未
落客平台停车禁超3分钟    这些共享汽车赖着不走 谁来管管（文/图  本报记者）西安北站落客平台规定行车道禁止停车，下客停车不得超过3分钟，但好多共享汽车却长时间停在下客即走车位上没人管。近日，市民赵先生向本报反映，这些共享汽车长时间停在落客平台上，一方面挤占了其他送客车辆的临时 ...全文	未
落差198米悬崖秋千在广东清远正式开放	未
落户北京必须干满5年！公司这条规定违法，可是他为何还要赔偿	未
落日 微博视频	未
落枕了。像棵歪脖树。	未
落榜带量采购乐普医疗连续3日跌停，机构大笔抛售逾3亿元	未
落网了！他从武汉被千里迢迢带回了小店	未
落网了！六安21岁美女和暴力伤医男交代了真相	未
落网了长得再美，还是犯罪嫌疑人！	未
落菌种了吧，漏气估计不可能，这是真空的要是漏气了 能看出来包装有问题	未
落锤了！金玟哉！//@Asaikana: 回复@国安新闻:查看图片//@国安新闻:名字真的是每家媒体说的都一样	未
落难骑友举牌求助，见记者拍照却撒腿就跑	未
落马4年后 日均“收入”过2万的他在西安还有流毒	未
落马4年后，日均“收入”过2万的他在西安还有流毒！	未
落马公安局副局长：年龄大了，不捞点好处没机会了	未
落马公安模范受贿861万 曾帮保险大佬打听项俊波案	未
落马副市长：房地产商都是小人	未
落马副省长添“股神”头衔 内幕交易金额超4.9亿	未
落马副部被指仇和影子 宿迁风格霸道南京平庸无为	未
落马女干部工作笔记几乎空白 受贿笔记却满满当当	未
落马局长痴迷修道每年做法事 幻想有读心术对抗审查	未
落马房管局长感慨：我就是一头拉车的牛，所有亲戚都坐在车上	未
落马房管局长：我就是一头拉车的牛，亲戚都坐在车上	未
落马房管局长：我就是一头拉车的牛 所有亲戚都坐车上	未
落马房管局长:我就是头拉车的牛 亲戚都在车上	未
落马房管局长：我是拉车的牛，所有亲戚都坐在车上	未
落马房管局长自白：我是一头拉车的牛，所有亲戚都坐在车上	未
落马高官的迷信：刘志军在原铁道部放石狮驱邪	未
落魄穷小子意外受伤被异能附体成神医，竟引来无数美女上门求医.......	未
葑门片区开展燃气灶具安全经营检查	未
著名主持人竟这样对待父亲，今天所有人都在看这个视频！	未
著名书法家吴三大病逝 生前亲友前往吊唁18日凌晨3时50分，那位爱把落款名字最后一笔飞出去，爱给门楼牌匾题字的陕籍书法家吴三大离开人世，享年85岁。据了解，今年6月28日8时许，吃过早餐的吴老先生突感头疼，请家人叫来救护车送往西京医院，被诊断为大面积脑梗死。自此至12月18日凌晨3时50 ...全文	未
著名书法家吴三大病逝 生前亲友前往吊唁18日凌晨3时50分，那位爱把落款名字最后一笔飞出去，爱给门楼牌匾题字的陕籍书法家吴三大离开人世，享年85岁。据了解，今年6月28日8时许，吃过早餐的吴老先生突感头疼，请家人叫来救护车送往西京医院，被诊断为大面积脑梗死。自此至12月18日凌晨3时50分心脏突然停跳离世，吴老先生一直昏迷，并在ICU接受治疗。著名书法家吴三大病逝 生前亲友前往吊唁	未
著名作家二月河于15日凌晨在北京逝世	未
著名作家二月河于15日凌晨病逝于北京	未
著名作家二月河于今日凌晨于北京病逝	未
著名作家二月河于今日凌晨在北京逝世	未
著名作家二月河于今日凌晨病逝于北京	未
著名作家二月河今日凌晨在北京逝世	未
著名作家二月河今日凌晨突发心衰，家属：情况不容乐观针对网上著名作家二月河先生病逝消息，12月15日9时，二月河的弟弟凌先生告诉澎湃，哥哥凌晨两点左右在中国人民解放军总医院（301医院）突发心衰，进行了抢救，目前正在从北京回南阳的救护车上，情况不容乐观二月河（本名凌解放）是南 ...全文	未
著名作家二月河今日病逝 曾写五百万字“帝王系列”	未
著名作家二月河今晨突发心衰，家属：情况不容乐观今天早上，有网友发微博称著名作家二月河先生病逝消息，12月15日9时，二月河的弟弟凌先生告诉记者，哥哥凌晨两点左右在中国人民解放军总医院(301医院)突发心衰，进行了抢救，目前正在从北京回南阳的救护车上，情况不容乐观详情 ...全文	未
著名作家二月河去世，生前接受本网采访时感言：现在的反腐力度，翻遍二十四史都找不到	未
著名作家二月河病逝	未
著名作家二月河病逝 曾被王岐山称为知音	未
著名天体物理学家影响了很多青少年天文爱好者的主持人Neil deGrasse Tyson(《宇宙时空之旅》)被三名女性指控不当性行为，包括下药强奸触摸身体和调情。福克斯和国家地理频道宣布将对他进行调查。Tyson也以长文回应指控，他否认强奸，也解释了另两起指控，表示欢迎调查。较长，详见图1：	未
著名川剧表演艺术家蓝光临病逝	未
著名川剧表演艺术家蓝光临病逝 享年83岁	未
著名川剧表演艺术家蓝光临病逝，享年83岁	未
著名旅德华人学者、作家关愚谦先生逝世 享年87岁	未
著名植物生理学家、中国科学院院士施教耐病逝，享年98岁	未
著名植物生理学家、中科院院士施教耐病逝 享年98岁	未
著名歌手晚景凄凉，63岁因癌症去世，葬礼上3位前妻无一人参加！	未
著名物理学家张首晟去世 系中科院外籍院士	未
著名的《一桥飞架》 到底是从哪个角度看过去的？	未
著名的北京375路公交车事件，知道的人不多了！	未
著名相声表演艺术家尹笑声去世北青报记者了解到，著名相声表演艺术家尹笑声于今日凌晨4点半去世。尹笑声先生出生于1938年，是马三立的徒弟，在于宝林的提议下，与于宝林等人于90年代在天津率先恢复小剧场相声。广茗阁的负责人，尹笑声先生的干儿子康卫东发布了这则令人悲伤的消息。（北京青年报）	未
著名相声表演艺术家尹笑声去世 系马三立徒弟	未
著名相声表演艺术家尹笑声去世，系马三立的徒弟	未
著名相声表演艺术家常贵田因病去世	未
著名相声表演艺术家常贵田因病去世 终年76岁	未
著名相声表演艺术家常贵田病逝 享年76岁（图）	未
著名相声表演艺术家常贵田遗体告别仪式在八宝山举行	未
著名网站Pornhub发布了2018年度报告，其中有部分涉及到了足球的数据：世界杯决赛期间Pornhub的访问量在世界范围内下降11在主办国俄罗斯访问量下降23而在参加决赛的两支球队的国家中，法国访问量下降55，克罗地亚的访问量降幅达到了66除了四年一度的世界杯，皇家马德里和利物浦的欧冠决赛也明显造成了Pornhub的访问数据下降，其中西班牙英国葡萄牙意大利四地的数据下降比较明显	未
著名网站Pornhub发布了2018年度报告，其中有部分涉及到了足球的数据：世界杯决赛期间Pornhub的访问量在世界范围内下降11在主办国俄罗斯访问量下降23而在参加决赛的两支球队的国家中，法国访问量下降55，克罗地亚的访问量降幅达到了66除了四年一度的世界杯，皇家马德里和利物浦的欧冠决赛 ...全文	未
著名药物化学家、中国工程院院士彭司勋遗体告别仪式在宁举行	未
著名“鲁迅胡适研究者”易竹贤先生因病逝世，享年83岁	未
著名“鲁迅胡适研究者”易竹贤先生逝世，享年83岁	未
葛优躺在椅子上打个盹都能做梦还梦见在和余震小钱说mc结果背对着坐我后面的同学伸个懒腰一胳膊就捶我脸上了被击中脸的第一秒我居然想的是余震怎么这么快就催我上台讲mc好尴尬	未
葛兰威尔法则	未
