监狱人民警察与艾滋病犯的心灵博弈：他们若想要你的命，不需要任何武器	未
监狱前处长揭秘：谁才是最难管的人物	未
监狱开放日印象邑州	未
监狱开放日嘉陵监狱探秘，他们都看到了什么	未
监狱母亲节：女儿给服刑母亲送香吻	未
监狱民警刘军忠诚奉献17载刘军的生命定格在36岁。11月7日，正在湖北武汉警官职业学院参加晋升警衔培训的刘军突发呼吸不畅心脏骤停，经抢救无效离世，永远离开了他坚守了17年的湖北省琴断口监狱三监区岗位。 监狱民警刘军忠诚奉献17载	未
监狱里的都是人才，继续往下看	未
监督台雨水井淤堵，影响周边环境	未
监督抽检14批次食品抽检不合格，看看有你常吃的面包凤爪吗	未
监督抽检曝光！这30批次化妆品不合格，购买需谨慎！	未
监督曝光湖北宜化置业有限责任公司副总经理石磊接受监察调查	未
监督问责进行时！聚焦邛崃后，22人被追责问责	未
监管不力，县环保局长被诫勉，问责环保所长多人，曝光6起典型案例	未
监管严币圈冷！比特大陆出海谋生存年初开始，比特大陆在瑞士设分公司，在新加坡建地区总部，在加拿大筹建矿场，在俄罗斯设立ASIC矿机服务中心。同时还大量涉足股权投资，今年投资的数量是过去三年的3倍，覆盖区块链产业各个环节。监管严币圈冷！比特大陆出海谋生存	未
监管严控“忽悠式”回购 交易所量化细节打“补丁”	未
监管将关掉90的P2P平台相关部门称未收到指示	未
监管层为金融科技划边界	未
监管层再发函 德威新材重组添堵	未
监管层力挺知识产权证券化破局，文科一期ABS审批周期缩短一半	未
监管层听取期权类产品汇报 利多交易所ETF扩容	未
监管层统一同类并购标准 一年多来7家中概股回归A股	未
监管层要求银行2018年利润不要放太高 业内人士：只是建议12月20日晚，《证券时报》报道，近日银监部门对部分银行进行了窗口指导，要求适度控制利润增速，让2018全年的业绩增速不要放太高。不过，多家股份制银行城商行均表示并未受到该通知。12月20日晚，招商银行回应21世纪经济报道记者时表示，该行未收到监管部门的窗口指导通知。宁波银行也回应称，没有接到相关通知，也没有看到任何文件。此外，两家华南股份行东南某大型城商行也否认了收到通知。不过，一位资深银行业内人士表示，监管对部分银行	未
监管执法，福鼎为这片叶子上保险	未
监管指标加码 理财子公司投入大 部分银行资本金“补血”压力凸显	未
监管权力，不管这个权力是否会寻租，让自己放弃是绝无可能的！食堂再接再厉！一锅端迟早的事，不是不报时候未到，时候一到通通报到时间某年除夕，地点某地食堂	未
[监管]沪抽检1386件化妆品:这4批次产品不合格!	未
监管现场检查圈定260家 北京私募新一轮自查开启	未
监管申城这些噪音扰民车辆被交警高科技锁定！	未
监管责任不能一推了之，至少是尸位素餐	未
监管部门召集券商讨论科创板上市标准：不同估值对应不同指标	未
监管部门召集券商讨论科创板草案六大上市标准	未
监管部门呢//@刘五一:这是为什么?//@长贵叔叔: @郑州晚报 @廖谦 @宋伟微博 @河南商报 @大河报	未
监管部门实地调研人身险	未
监管部门实地调研人身险为全面了解人身险市场发展情况，相关监管部门近期深入摸排人身险市场风险底数，甚至还展开了实地调研。在摸底人身险公司转型成色的同时，也重点关注当下这些公司所面临的困难和挑战。（上证报）	未
监管部门对同仁堂开展调查同仁堂回收过期蜂蜜此次事件是下面企业为谋求利益的自身行为，但同仁堂总部难辞其咎，起码反映了其管理上存在问题。同仁堂各企业分布在全国各地，如果管理不到位，损失的不仅仅是企业和名声，更是对消费者，对社会不负责任。食品安全无小事，真的希望各食品企业能遵纪守法，加强企业内部管理。也希望政府严格执法，让不守法的企业和个人为自己的行为付出应有的代价。	未
监管部门帮企业解困 百余吨过期药品被“绿色销毁”	未
监管部门应该总结网约车经验，放松对网约车过度监管，才能形成中国城市出租车的良性竞争局面！到时候，你让出租车拒载他都不会拒载！	未
监管配套制度密集下发 融资担保已建立五大体系	未
监管首次明确债市执法权：证监会统一开展执法工作	未
盒饭配烟，法力无边。往后的每一天都会比现在好一点。	未
盒马CEO侯毅为“标签门”致歉：上海区总经理免职，邀用户参与...	未
@盒马出乌龙了哈，虽然没写明海鱼，但海鸡肉会误导啦，这个是淡水养殖的淡水石斑/花老虎/马拉瓜丽体鱼/Cichlasoma rnanaguense 查看图片 //@云者曰汝似豚:卧槽...水哥我给刺身了...[淚][淚]盒马写是海水鱼...	未
盒马北京门店达20家借老字号贴近本地生活	未
盒马标签门并非个案，临期食品应该如何处理	未
盒马第100家门店落地武汉 试水付费会员模式	未
盒马鲜生买的两听椰浆竟已过期两个多月！盒马：盗损商品误上架上海金桥盒马鲜生竟然买到过期两个月的食品！近日，有网友在微博上爆料，称12月1日在盒马鲜生上海金桥店购买了两听丽尔泰椰浆，到家后竟然发现该商品已经过期两个多月。官方客服留言表示，确实是盒马方面的责任，并提出了十倍赔偿的方案。对此，消费者并不买账，目前，消费者已向相关部门反映此事，等待调查结果。而这，已是盒马鲜生门店一个月内第二次因产品日期问题被投诉。网友在盒马鲜生买椰浆过期两月 盒马:盗损商品误上架	未
盒马鲜生买的椰浆过期两个多月，盒马称系盗损商品“误上架”	未
盒马鲜生买的椰浆过期两个多月，盒马称系盗损商品误上架近日，上海市民胡小姐表示，她在盒马鲜生上海金桥店购买了两听椰浆结果发现其已过期两个多月对此，阿里表示：这两听椰浆是盗损商品，相关工作人员没有经验，将商品误上架盒马将承担责任，进行十倍赔偿不过，胡小姐却提出了质 ...全文	未
盒马鲜生买的椰浆过期两个多月，盒马称系盗损商品误上架近日，上海市民胡小姐表示，她在盒马鲜生上海金桥店购买了两听椰浆。结果发现其已过期两个多月。对此，阿里表示：这两听椰浆是盗损商品，相关工作人员没有经验，将商品误上架。盒马将承担责任，进行十倍赔偿。不过，胡小姐却提出了质疑，为何过期两个多月的产品，仍会有被上架销售的可能并且，胡小姐已向市食药监部门投诉。目前，市食药监方面的工作人员已到该门店查看并已立案。这已是盒马先生一个月内第二次出现产品日期问题。@澎湃新闻 盒马鲜生买的椰浆过期两个多月，盒	未
盒马鲜生出现过期椰浆续：浦东市监局将立案调查近日，有网友在微博发帖称，在上海金桥盒马鲜生买到了过期两个月的椰浆盒马鲜生承认，这是其工作流程的瑕疵目前，盒马鲜生内部也对整个流程进行了复盘，决定对于脱离门店管理视线的食品原料或成品，无论商品状态，一律在第一时间进行报损，不得二 ...全文	未
盒马鲜生出现过期椰浆续：浦东市监局将立案调查近日，有网友在微博发帖称，在上海金桥盒马鲜生买到了过期两个月的椰浆。盒马鲜生承认，这是其工作流程的瑕疵。目前，盒马鲜生内部也对整个流程进行了复盘，决定对于脱离门店管理视线的食品原料或成品，无论商品状态，一律在第一时间进行报损，不得二次上架销售。浦东新区市场监管局透露，已接到投诉，并以销售过期食品被立案，目前正在调查中。（澎湃新闻）	未
盒马鲜生又曝销售过期产品，两听椰浆过期两个多月。有网友称12月1日在盒马鲜生上海金桥店购买两听椰浆，到家后发现该商品已过期两个多月。阿里巴巴官方客服留言表示，确实是盒马方面的责任，并提出十倍赔偿方案。消费者并不买账，已向相关部门反映此事。(新京报)	未
盒马鲜生又曝销售过期产品，两听椰浆过期两个多月有网友称12月1日在盒马鲜生上海金桥店购买两听椰浆，到家后发现该商品已过期两个多月阿里巴巴官方客服留言表示，确实是盒马方面的责任，并提出十倍赔偿方案消费者并不买账，已向相关部门反映此事(新京报)	未
盒马鲜生又曝销售过期产品 两听椰浆过期两个多月胡萝卜事件后又来有网友称12月1日在盒马鲜生上海金桥店购买两听椰浆，到家后发现该商品已过期两个多月。阿里巴巴官方客服留言表示，确实是盒马方面的责任，并提出十倍赔偿方案。消费者并不买账，已向相关部门反映此事。盒马鲜生又曝销售过期产品 两听椰浆过期两个多月	未
盒马鲜生又曝销售过期产品 两听椰浆过期两个多月胡萝卜事件后又来有网友称12月1日在盒马鲜生上海金桥店购买两听椰浆，到家后发现该商品已过期两个多月阿里巴巴官方客服留言表示，确实是盒马方面的责任，并提出十倍赔偿方案消费者并不买账，已向相关部门反映此事盒马鲜生又曝销售过期产品 两听椰浆过期两个多月	未
盒马鲜生又曝销售过期产品 两听椰浆过期两个多月胡萝卜事件后又来有网友称12月1日在盒马鲜生上海金桥店购买两听椰浆，到家后发现该商品已过期两个多月阿里巴巴官方客服留言表示，确实是盒马方面的责任，并提出十倍赔偿方案消费者并不买账，已向相关部门反映此事而这，已是盒马鲜生门店 ...全文	未
盒马鲜生又曝销售过期产品 两听椰浆过期两个多月近日，有网友在微博上爆料，称12月1日在盒马鲜生上海金桥店购买了两听丽尔泰椰浆，到家后竟然发现该商品已经过期两个多月对此，阿里巴巴官方客服在该微博下留言表示，确实是盒马方面的责任，并提出了十倍赔偿的方案盒马鲜生又曝销售过期产品两听椰浆过期两个多月	未
盒马鲜生又曝销售过期产品 两听椰浆过期两个多月近日，有网友在微博上爆料，称12月1日在盒马鲜生上海金桥店购买了两听丽尔泰椰浆，到家后竟然发现该商品已经过期两个多月对此，阿里巴巴官方客服在该微博下留言表示，确实是盒马方面的责任，并提出了十倍赔偿的方案网页链接	未
盒马鲜生又曝销售过期产品 两听椰浆过期两个多月近日，有网友在微博上爆料，称在盒马鲜生上海金桥店购买了两听丽尔泰椰浆，已经过期两个多月。阿里巴巴官方客服在该微博下留言表示，确实是盒马方面的责任，提出十倍赔偿方案。 但消费者不满意，已向相关部门反映！来源：新京报盒马鲜生又曝销售过期产品 两听椰浆过期两个多月	未
盒马鲜生“标签作假”引热议 业务管理未跟上规模扩张	未
盒马鲜生的问题是“不鲜”	未
盒马鲜生认错，呷哺呷哺海底捞也曾中招，食品安全问题怎么破	未
盒马鲜生销售过期产品盒马方面曾通过官方微博郑重表态，表示此事暴露我们在管理上存在漏洞，将在全国范围内门店开展自查，杜绝类似情况发生。但是，仅仅不到一个月，又有消费者爆出盒马鲜生门店销售过期产品，是否暴露了盒马在管理上仍存在漏洞希望盒马方面能尽快将事件调查清楚，给消费者一个满意的答复。	未
盖尔曼和威尔逊眼中的费曼	未
盖州人注意啦！全国范围内都打击下列9类行为，千万别参与！	未
盖州人注意啦！这东西已被禁8年，致很多人受伤！千万别用了！	未
盖州人注意！如果你家药箱里有这两种感冒药，赶紧扔！	未
盖州  供暖不热，到底是哪里出了问题！	未
盖州：全市开展套牌假牌专项整治行动！假牌套牌车辆无处可逃	未
盖州各地（11月27日-12月5日）停电公告	未
盖州各地（11月28日-12月8日）停电公告	未
盖州正能量 休息时间上门服务，为八十多岁老人现场办理换房照业务	未
[盖州正能量] 盖州中西医情系困难群众 医疗扶贫暖人心	未
盖房子用的瓦片是这样生产的，解开我多年的疑惑	未
盖盖城市合伙人2018招募倒计时，首批加入的他们已经开工！	未
"盖章鸡蛋"是觉醒更是承诺	未
盖练！秀屿总投资32784万做这件民生大事，将惠及好多村民要爆发了！看看有你们村吗	未
盖饭娱乐 20日，@小胖老师袁惟仁 的妈妈发布声明，控诉其经纪公司发布的将负责袁在台医疗费用的消息并非事实，与宇朕经纪公司商量可否代付部分的医疗费用时被宇朕拒绝。宇联方则表示，现在转回台湾治疗仅两天，治疗费用不高，但如果家属需要我们公司帮忙，我们绝对义不容辞，请家属可以跟我们联络。据悉，袁惟仁10月因脑溢血被送医救治，12月18日被送回台北荣总加护病房。	未
盖饭娱乐 疑中浦悠花好友曝光验伤报告29日，疑中浦悠花好友在微博曝光了中浦悠花的验伤报告，根据报告显示，中浦悠花在10月8日被同居者打伤，臼齿和后牙脱落，10月11日两颊受势，左大腿被踢成皮下出血，12日殴打造成两颊后脑左胸受伤，需要疗养一个半月才能痊愈。	未
盗10辆共享单车朋友圈拍卖 今年6月2日至8月8日，张某伙同王某（另案处理）在咸阳市中心广场渭河三号桥等路段先后多次盗窃共享单车10辆，价值共计14436元作案后，二人将共享单车骑行至鄠邑区，使用钢筋剪铁锤等工具对共享单车车锁及二维码进行拆除并更改车身颜色，然后在微信朋友圈 ...全文	未
盗10辆共享单车朋友圈拍卖 今年6月2日至8月8日，张某伙同王某（另案处理）在咸阳市中心广场渭河三号桥等路段先后多次盗窃共享单车10辆，价值共计14436元。作案后，二人将共享单车骑行至鄠邑区，使用钢筋剪铁锤等工具对共享单车车锁及二维码进行拆除并更改车身颜色，然后在微信朋友圈发布拍卖信息，以50元一辆的价格出售，将其中4辆单车出售抵账及赠予他人。两个多月后向警方自首。近日，刚成年的小伙张某被判处有期徒刑1年零1个月。网页链接	未
盗亦有道还行//@萌了个包:这算戴罪立功吗//@青鲤:哈哈哈哈哈哈哈哈哈//@全国美帅代表:毒贩：躲过了警察，没躲过小偷	未
盗亦有道，那是抬举了，骗则从来无道。	未
盗图	未
盗墓后惶惶不可终日，玉溪摸金校尉被巡特警当街拿下	未
盗墓贼专偷女盖骨，原因竟是烹制为女儿治病	未
盗墓贼专偷女盖骨，真相竟是烹制为女儿治病！不敢相信	未
盗墓贼挖了春秋古墓，三镈钟卖780万	未
盗墓贼挖出春秋＂千年鸡汤鼎＂ 三镈钟卖至780万	未
盗墓贼挖春秋古墓惊呆：里面有鸡汤 像刚炖好一样	未
盗宝小蟊贼挖出大秘密，庭院深深良知在颤抖	未
盗将行	未
盗梦戒指...	未
盗梦戒指	未
盗版打击安排一下	未
盗版集团的黑恶势力：我一定会讨回公道的。一步一步按程序走。接下来还有很多部门。新浪微博支持你们盗版，但我会坚持投诉下去的。我不相信你们可以猖狂很久！	未
盗窃42万的飞天大盗，在商城县余集镇被抓获！	未
盗窃嫌疑人潜逃半年如同人间蒸发看斗门警方如何用新手段破案	未
盗窃快递不可取，伸手必被抓！	未
盗窃触发红外线报警器 广州越秀警方迅速围捕盗贼	未
盗贼徒手扛走摩托车 台湾网友：搬家公司需要你！近日，一名台湾网友发现自己的摩托车不见了，调取监控后才发现，偷车贼竟徒手将自己的摩托车扛走，整个过程十分轻松，这让他又好气又好笑根据监控视频画面显示，盗贼身材瘦小，11月24日凌晨3时左右开始作案，在左顾右盼了一阵后，盗贼锁定了这名网 ...全文	未
盗贼徒手扛走摩托车 台湾网友：搬家公司需要你！近日，一名台湾网友发现自己的摩托车不见了，调取监控后才发现，偷车贼竟徒手将自己的摩托车扛走，整个过程十分轻松，这让他又好气又好笑。根据监控视频画面显示，盗贼身材瘦小，11月24日凌晨3时左右开始作案，在左顾右盼了一阵后，盗贼锁定了这名网友的摩托车，他先是轻轻拉了一下摩托车后尾，之后便蹲下去，迅速将车子扛起来，绕了一圈后不紧不慢地离开了现场。据丢车的这名网友描述，他的摩托车是一台雅马哈（YAMAHA）畅销车型，车身重量大约200斤。他在社交平台晒出视频后，	未
盗贼徒手扛走摩托车 网友调侃：搬家公司需要你海外网12月1日电近日，一名台湾网友发现自己的摩托车不见了，调取监控后才发现，偷车贼竟徒手将自己的摩托车扛走，整个过程十分轻松，这让他又好气又好笑据台湾东森新闻云报道，根据监控视频画面显示，盗贼身材瘦小，11月24日凌晨3时左右开始作 ...全文	未
盗贼徒手扛走摩托车 网友调侃：搬家公司需要你海外网12月1日电近日，一名台湾网友发现自己的摩托车不见了，调取监控后才发现，偷车贼竟徒手将自己的摩托车扛走，整个过程十分轻松，这让他又好气又好笑。据台湾东森新闻云报道，根据监控视频画面显示，盗贼身材瘦小，11月24日凌晨3时左右开始作案，在左顾右盼了一阵后，盗贼锁定了这名网友的摩托车，他先是轻轻拉了一下摩托车后尾，之后便蹲下去，迅速将车子扛起来，绕了一圈后不紧不慢地离开了现场。@海外网盗贼徒手扛走摩托车 网友调侃：搬家公司需要你	未
盗贼抢走千万元翡翠项链后生吞	未
//@盗走-达芬奇:@谭秦东 谭医生解释一下//@happy热哥:确实解释不了//@渣浪250://@吕继群://@理查德帕克要回到陆地:中医解释不了	未
盗销网游账号和装备 4名90后站上被告席！	未
盘前分析置顶了，等开盘	未
盘前大政丨两部委抽检260家私募基金 科创板欲上市企业大摸底	未
盘前大政丨中央发布区域协调发展新文件，两部委回应基因编辑婴儿事件	未
盘前大政丨深圳声明将协助华为维护境内外正当权益，带量采购引发医药股跳水	未
盘前大政 ▏中美双方团队密切沟通 两加拿大公民被中方采取强制措施	未
盘前大政 ▏刘鹤应约与美财长通话，孟晚舟保释申请被批准	未
盘前大政 ▏创投个人合伙人税负只减不增，财政部调研新能源车业	未
盘前大政 | 金融委要减少资本市场交易干预，中美明年1月举行贸易会谈	未
盘前必读丨美三大股指跌超2%，标普500跌破年内低点	未
盘前必读丨美国加息概率加大，美股窄幅震荡	未
盘前必读｜ 中美达成共识，停止加征新的关税	未
盘前必读｜ 国际贸易局势趋于缓和，欧美市场全线大涨	未
盘前点睛艰难的反复下控制风险最重要	未
盘古山林区突发大火，泌阳消防人员全体出动。。。	未
盘后总结@股神孙钥洋 的一直播（下载App-gt网页链接）	未
盘州发布72岁老人失踪三日未归，望大家扩散消息提供线索！	未
盘州发布六威高速公路即将全线通车	未
盘州发布六旬夫妇被车撞倒在路边土坑里，潜逃者24小时后被抓	未
盘州发布厉害！盘州这个村有13家小微企业	未
盘州发布央广经济之声首席评论员来盘州，只为她	未
盘州发布将自己的奖金捐给村民的第一书记	未
盘州发布玉舍至普田高速公路新进展来了！	未
盘州发布盘州三中重建新校区，明年将搬到这里...	未
盘州发布盘州即将对这些人群进行全面信息采集，涉及近2万人次	未
盘州发布盘州竹编游客接待中心投入使用	未
盘州发布躲出省，也躲不了的债	未
盘州发布这个居委会3699人，在家门口就能看病	未
盘州市新民辖区将六旬老夫妇撞伤后潜逃结果	未
盘州市旧营乡女孩人工湖边洗鞋不慎落水溺亡	未
盘州市第一中学元旦节教职工棋类及扑克比赛的活动方案	未
盘州新兴医院致全市人民的致歉信	未
盘扣	未
盘点12家银行零售业务，个人贷款不良率最高的竟然是这家	未
盘点2018，9个红包请查收！个税起征点调整为5000元跨境电商零售进口商品，单次交易限值将提至5000元海南离岛旅客免税购物限额增至3万元原产香港的货物进口零关税手机流量漫游费被取消进口抗癌药实现零关税......九图带你感受2018新调整，感受生活变迁！	未
盘点2018年互联网行业十大科技事件：电竞火了 金立凉了	未
盘点2018年因玩跨界而熄火的上市公司	未
盘点2018年网络安全大事件，关键词包括：韩国平昌冬奥会奥攻击美国Under Amour数据泄露伸向象牙塔的犯罪黑手EOS区块链漏洞IoT设备上演釜山行台积电感染勒索病毒华住酒店信息泄露事件Globe Imposter勒索病毒Microsoft史上最短命更新GandCrab勒索病毒。	未
盘点2018，我受过最强烈的暴击！笑喷！哈哈哈哈哈哈	未
盘点2018转发！向环卫工人说声：辛苦了！他们总是起早贪黑，无论寒冬酷暑悬崖峭壁街头巷尾都有他们的身影。有时为了一个塑料瓶，他们甚至要拼上性命去捡，却常常因劝阻乱扔垃圾遭到言语上的羞辱他们是城市的美容师，用一身汗水换来整洁的环境。转发承诺，不乱扔垃圾，尊重他们的劳动！	未
盘点2018转发！向环卫工人说声：辛苦了！他们总是起早贪黑，无论寒冬酷暑悬崖峭壁街头巷尾都有他们的身影有时为了一个塑料瓶，他们甚至要拼上性命去捡，却常常因劝阻乱扔垃圾遭到言语上的羞辱他们是城市的美容师，用一身汗水换来整洁的环境转发承诺，不乱扔垃圾，尊重他们的劳动！	未
盘点2018转发微博，向消防英雄致敬他们寒冬救火，自己却全身结冰他们风雪中逆行，只为排查沿途险情他们用臂膀托起一个个生命，自己却常常因救援而倒下哪里有危难，他们就在哪里和平年代，他们与牺牲如此接近，只为守护你我平安转发，致敬消防英雄！愿你每次出发，都能平安归来！	未
盘点2018转发微博，向消防英雄致敬他们寒冬救火，自己却全身结冰他们风雪中逆行，只为排查沿途险情他们用臂膀托起一个个生命，自己却常常因救援而倒下哪里有危难，他们就在哪里和平年代，他们与牺牲如此接近，只为守护你我平安转发致敬消防英雄！愿你每次出发，都能平安归来！	未
盘点2018转发微博，向消防英雄致敬他们寒冬救火，自己却全身结冰他们风雪中逆行，只为排查沿途险情他们用臂膀托起一个个生命，自己却常常因救援而倒下哪里有危难，他们就在哪里和平年代，他们与牺牲如此接近，只为守护你我平安转发，致敬消防英雄！愿你每次出发，都能平安归来！ ...全文	未
盘点2018这就是中国军人，转发致敬！戍边守防，他们保卫着祖国界碑边境排雷，他们不畏牺牲和伤残抢险奋战，他们即将退伍，但只要祖国需要，就时刻准备。无论是高山海岛大漠戈壁，还是雪域高原2018，他们一直都在。把危险和黑暗挡下，他们把责任扛在肩！今天，一起致敬中国军人！	未
盘点2018这就是中国军人，转发致敬！戍边守防，他们保卫着祖国界碑边境排雷，他们不畏牺牲和伤残抢险奋战，他们即将退伍，但只要祖国需要，就时刻准备无论是高山海岛大漠戈壁，还是雪域高原2018，他们一直都在把危险和黑暗挡下，他们把责任扛在肩！今天，一起致敬中国军人！	未
盘点4种手枪射击姿势：最准的还是解放军教材中的这款！	未
盘点6位明星一夜之间，从万人迷变成“万人嫌”！网友: 咎由自取	未
盘点FDA批准上市的生物类似药	未
盘点NBA六大怪病：富尔茨因病现诡异动作，一人心脏长右边	未
盘点世界上15个诡异的巧合，只是偶然	未
盘点丨中国春城，就是这8座城市了	未
盘点丨生态环境部11月例行新闻发布会	未
盘点：中国反腐败国际追逃追赃的N个“第一”	未
盘点中央纪委新任7派驻组长简历 最年轻者55岁	未
盘点，亲自上场抓过歹徒的韩国艺人1.张东允演员张东允就是凭借抓强盗的汉阳大暖男变得有名并且出道的。2015年10月，去便利店买东西的张东允看见正挥舞凶器抢劫的强盗。当时张东允并未慌张，而是假装和朋友打电话的样子报了警。因为张东允的机智，强盗被顺利抓获，张东允也被电视采访变得有名。之后他在SNS上成为话题，并接到了现公司的橄榄枝成了演员出道。2.李光洙演员出道前，李光洙作为模特活动，有一天他去超市时碰到了流着血昏倒在地上的老夫妇。经了解，是喝醉了酒的顾客伤害了老夫妇。李光洙并未离开而是直接报了警。这	未
盘点：你不一定见过的红军长征老照片	未
盘点全国最奇葩风俗，女子初夜权给父兄朋友或高僧！	未
盘点冬季“谣言”老梗：穿秋裤会丧失抗寒基因	未
盘点：史上规模最大的13次人口大屠杀	未
盘点 换乘王12号线沿线的15个新盘	未
盘点日本人爱去的7大有名温泉胜地，你都泡过哪些	未
盘点明星拍吃戏：孙俪吃10斤瓜子，王传君吃到怀疑人生，但都不如他	未
盘点  本周政采人应知的10件事	未
盘点杨幂投资账本：嘉行传媒一年股价打8折	未
盘点杭州周边十大滑雪胜地！这个冬天就可以去滑雪啦！ 杭州爆料 如果不想跑远出国门，不想跑去遥远的哈尔滨，杭州周边十大滑雪胜地，让你在家门口就可以玩尽兴！这个冬天要不要来一场滑雪之约 先马了收藏吧！ [米奇比心]	未
盘点武警鄂尔多斯支队防沙治沙路：从沙进人退到绿进沙退，守热土洒绿色	未
盘点没有“整容”的女演员，佟丽娅上榜，最后一位成整容界模版	未
盘点  没看过本赛季F1的比赛不要紧，看过这十大超车就够了！	未
盘点济宁10大最伤人违法行为，你中枪了吗	未
盘点：物流企业向平台转型的五条路径	未
盘点男星的绅士手，张艺兴秒变小学生	未
盘点“脸熟却叫不出名字”的明星,宋佳伦上榜,他是国家一级演员	未
盘点贪官“藏钱术”:手法就像在演谍战片	未
盘点近年世俱杯半决赛遭淘汰的南美球队2010巴西国际2013巴西米内罗竞技2016哥伦比亚国民竞技2018阿根廷河床	未
盘点那些WEC赛场上的F1老司机们！ 体育V势力	未
盘点那些同堂受审的贪官与情人	未
盘点那些退役后破产的球星！他们曾都是富豪！	未
盘王节恭城瑶族人自己的盘王节	未
盘致火腿公司沙淤养殖场施工洽谈公告	未
盘面上看高开低走回补缺口，底部区域不管怎么走都不会有风险，一定要坚定耐心持有，目前看这个位置调整已经到位，随时连续大涨	未
盘龙大道和巨龙大道交叉路口能否建立人行天桥官方回复来了	未
盛产美女的乌克兰搅局，双普会又黄了	未
盛京金控集团百亿母基金首单落子中和资本	未
《盛唐幻夜》收官 “夜幕CP”执手共生死	未
盛唐幻夜 郑业成 吴倩 相信爱情的，就亲！使劲亲！想起来了吧。 微博视频	未
盛大开张！天坛医院神经介入中心开张仪式	未
盛希泰：寒冬来了，风口停了，资金紧了考验投资和管理能力的时候到了	未
盛智文谈改革开放：我了解和信任中国的体制	未
盛松成：不大主张通过降基准利率来解决小微企业融资难融资贵	未
盛松成：为什么人民币汇率保“7”很重要？	未
盛松成：为什么人民币的关键关口“7”很重要	未
盛松成：人民币兑美元汇率7是重要的心理关口中国央行参事盛松成在华尔街见闻Alpha峰会表示：人民币兑美元汇率7是重要的心理关口汇率跌破关键关口会引发大面积止损性交易，人为地制造汇率贬值汇率如果跌破重要关口，维持汇率稳定需要付出更高代价，也会使货币当局更加被动 ...全文	未
盛松成：仅靠降息未必能解决企业融资贵的问题	未
盛松成：明年房价既不会大幅下降也不会“报复性反弹”	未
盛松成：明年房价难现反弹，必要时可考虑降准而非降息	未
盛极而衰，凤凰涅槃从ofo的陨落说说上海凤凰被资本裹挟的ofo即将走完自己的短暂而辉煌的一生，却留下一地烂车。更为惨烈的是，本来就濒临亏损的上海凤凰成了资本游戏的牺牲品。传统的实体企业，受伤很深。谷歌浏览器	未
盛泽圆明小镇芳容初露 盛泽镇人大调研圆明小镇建设情况	未
盛路通信：公司与华为在5G方面有合作	未
盛达矿业重组调查：金山矿业矿石品位数据存疑	未
盛运环保再曝短债违约 称正与四川能投推进相关债务重整等工作	未
盛运环保的烦恼：儋州项目延宕3年无果	未
盛骏今日现役入伍18日下午，经纪公司表示，盛骏已于今日以陆军身份现役入伍，将进入位于江原道2师团老道新兵教育队，结束为期5周的基础军事训练后，分配到部队服役。并表示因尊重本人想安静入伍的意愿，希望大家谅解在当天宣布这个消息。盛骏会诚实履行完兵役，以更加健康和成熟的面貌回归。	未
盛骏今日现役入伍18日下午，经纪公司表示，盛骏已于今日以陆军身份现役入伍，将进入位于江原道2师团老道新兵教育队，结束为期5周的基础军事训练后，分配到部队服役并表示因尊重本人想安静入伍的意愿，希望大家谅解在当天宣布这个消息盛骏会诚实履行完兵役，以更加健康和成熟的面貌回归	未
盟委督导组到阿盟检察分院督察指导扫黑除恶专项斗争工作	未
盟市要闻	未
盟纪委监委扫黑除恶专项斗争督导组到阿盟检察分院督导工作	未
目不转睛 3岁男童洗澡总盯浴霸险失右眼	未
目不转睛，3岁男童洗澡总盯浴霸险失右眼	未
目击＂小轿车冲上人行道＂的村干部:6老人1孕妇遇难	未
目击山东2019年美术统考评卷现场 试卷分10档评分	未
目击  张家口爆炸系乙炔爆炸引起 现场曾一片火海	未
目击渔民抓鲎现场	未
目击潮汕渔民抓鲎现场	未
目击者：张家口爆炸现场一片火海 疑运煤车爆燃盛华化工公司工作人员表示，爆炸并非发生在该公司，而是该公司南边的一家企业，据说是一家新能源企业目击者称，现场的火不是柴火和棉被着了那种火，而是空气着火的感觉，空气里面都是刺鼻的味道，能见度不足两米 目击者：张家口爆炸现场一片火海 疑运煤车爆燃	未
目击还原土耳其机场恐袭：地面被扯碎，母亲遮住1岁稚子眼睛	未
目前16度气温，不冷不暖有点凉，就是阵风有点大，沿海和高地最大阵风6-7级明天将会是晴天干燥日子，保暖和补水要同时进行	未
目前，3号线故障已修复，线路运营已恢复正常。	未
目前不可能出现在港珠澳大桥上的一群人，他们这样表达心情	未
目前中國的洲際彈道導彈潛艦已經現身，只有長程轟炸機仍未正式公開。不過，近期有關轟-20的報導漸增，雖然訊息有限，但已暗示這款長程核打擊支柱將很快與國際社會見面。 《國家利益》報導說，雖然對轟-20所知有限，但從各方數據仍可大約描繪出它的規格。預估轟-20最大未加油作戰半徑將超過5000英里(約8000公里)，有效載荷約處於現役轟-6轟炸機的10噸和美軍B-2轟炸機的23噸之間。重要的是，如果轟-20確實具有上述的航程與隱形能力，它將改變美國和中國之間的戰略形勢，使得美國的太平洋基地與艦隊暴露於中共空軍的	未
目前为止，你谈过几次恋爱	未
目前为止罚球都丢了十几分...	未
目前五大联赛射手榜情况。	未
目前，人在宿州。	未
目前人类可以阻止小行星撞击地球吗	未
目前仓位85今天这个v，惊为天人，我昨天减仓了两层多仓位，今天低点在我发了靠近新低那条微博之后也t了一把，基于的是情绪的打破，说直白一点，跌得多了，需要反人性一下，就像昨天，美股周五还是大跌，但是拉尾盘，昨天尾盘你是不是觉得A股就摆脱美股影响了然后今天继续跌打破你的认知，这就是反人性。在中国做事，聪明人都喜欢反人性，反着来，你最认为怎么样的，结果往往相反。在中国股市，这个道理也无往而不胜，你觉得一致的时候，它突然炸了分歧，你今天觉得泰永分歧了的时候，大资金想打造标杆给你造个一致。今天的v对于前段时间	未
目前以色列只有两个阿拉伯国家的建交国，显然只有它是地区的大国	未
目前全市大部分地区相对湿度都接近100，大家尽量不要打开朝南的门窗吧。	未
目前全市气温普遍又降到9-10，然而不仅气温低，部分地区风力也有5-6级，各位睡前注意安置好阳台物品	未
目前农村空置宅基地有3000万亩，相当于目前所有城市建成区的37，专家建议允许城市人购买，如果宅基地政策放开了，城市居民会不会去农村买个宅子没事的时候去钓钓鱼泡泡茶，或者干脆装修成私人会所，周末了去打牌喝酒，甚至北方退休的老人直接到南方农村养老，因为气候好一些，有这个可能吗	未
目前南京水务集团正在组织抢修，供水节水管理处将及时跟进了解抢修情况。	未
目前南京江东门隧道无法通行，已临时封闭，大家注意安全，提前绕行。	未
目前发现的《更路簿》版本有20余种	未
目前各家媒体给你仁安排的	未
目前咱们也抓了他们两个，不行的话继续抓	未
目前因为全面屏逼迫，厂商做出来的解决档案有：刘海水滴升降滑盖打孔双屏，哪一种会最后成为主流	未
目前因大雾影响，北仑辖区所有高速都已经封闭，北仑收费站车流聚集较多。请过往车辆绕道通行	未
目前国内市场确实对端游不太友好，从上线时的四面楚歌一路走到现在，《逆水寒》在做出变化和努力。	未
目前土地流转.通信.新股新次股.高送转股.农业股，白酒股等暂时领先	未
目前地球上拥有完全成熟的核动力航空母舰，只有美国一家。航母用核反应堆的研制难度很大。例如在潜艇用核反应堆研制方面功底深厚的苏联，直到解体也没有开发出大功率的可靠的安全性好的航母专用核反应堆。 于是髪国人就做了个大胆尝试，在戴高乐号核动力航空母舰上直接采用核潜艇的反应堆。采用两台K-15一体化压水堆，这座反应堆最初是为了凯旋级战略核潜艇和未来的梭鱼级攻击核潜艇研制的。单堆的功率只有可怜的3.8万轴马力，总功率7.6万轴马力。这对于排水量4.2万吨的戴高乐号航母来说是小马拉大车。相比之下，中国航母辽宁舰	未
目前地球上拥有完全成熟的核动力航空母舰，只有美国一家航母用核反应堆的研制难度很大例如在潜艇用核反应堆研制方面功底深厚的苏联，直到解体也没有开发出大功率的可靠的安全性好的航母专用核反应堆 于是髪国人就做了个大胆尝试，在戴高乐号核动力航空母舰上直接采用核潜艇的反应堆采用 ...全文	未
目前处于这个现状，介绍的不想处，自己找又找不到，家里边又催。哎，活在当下我真羡慕以前那些刚生下来就定了娃娃亲的！	未
目前太平洋实际上是不太平的，将来为我们管了，才算是太平洋1958年6月28日中央军委扩大会议小组座谈会讲话	未
目前，学府街南向北方向美茵街双向车流量较大，提醒广大驾驶员朋友雨天路滑，注意减速慢行，遵守交通规则，听从执勤人员指挥。	未
目前，宁河一中片区，这个地方搬迁工作暂停，具体启动日期另行公告	未
目前已拖车166辆！违停整治风暴持续中 你的爱车是否会被拖移	未
目前已有5省叫停货车双证！离全国取消不远了！	未
目前市面上已经有了无色无味的液态冰毒冰毒吸一次必上瘾，如果被人有意投毒，就太可怕了//@我不是谦哥儿://@午后狂睡: 珍爱生命，远离毒品。//@稻穗kitty:珍惜生命 远离毒品，还是这句slogen	未
目前我已经开了3000多公里了，感同身受	未
目前拉了几位一起在弄这事找问题的 作图的 想文案的顺便申请了话题这事不会糊弄过去的	未
目前是上海综合指数的点位偏离大了一些，主要原因是50指数破位下跌造成。而创业板指数的1256点和深成指的7370点偏离不算大。理应有一波反弹	未
目前本市城区气温为-8左右，气温较低，体感寒冷，再加上北风较大，不想出门啊一定要做好防风防寒，尤其是头部脚步和背部保暖，谨防感冒和心脑血管疾病抽烟的童鞋们，这大风天儿的，可不能乱扔烟头，（没风也不行啊大风更不行！）风干物燥，太危险，谨防火灾	未
目前本市正处于大雾黄色预警中，部分高速路因大雾采取封闭措施，具体有：京平高速 吴各庄至市界，双方向京台高速 佃子出京方向出行请关注路况信息，并注意交通安全	未
目前正弘城店中午11点12点间下午5点半左右来大概率不用排队哦@白石的深夜食堂	未
目前，江东快速路南向北方向的主线依然在封闭中，所有车道全部走辅道。为了应对即将到来的晚高峰，交警四大队也对江东快速路进行了三层管控，一，应天高架由东向南下高架的匝道封闭二，江东门隧道南进口主线封闭三，流量如果持续增大，江东中路水西门大街路口南向北将实行封闭。	未
目前，@深圳交警机动训练大队 的蜀黍正在调查，这样的操作，实属少见，分析一下存在哪些危险！//@深圳交警: 随手拍举报交通违法 时间地点提供一下，请@深圳交警机动训练大队 严查！这样开车，到底是想干啥	未
目前火箭虽遇三连败，但队员们仍持有一定的信心。哈登也认为，球队在过去几场比赛中各方面都有了进步：我们没啥问题，只需要继续好好打球，分析比赛录像，个人能力和球队都努力变得更好。	未
目前现场缓行车辆较多，李家塘互通往北方向实施分流管制！	未
目前的A股市场仍然是一个散户市，这是确信无疑的。而且在未来相当长一段时期内，A股仍然还会是散户主导的市场。	未
目前的积分情况如下图PS：另外说一下发别的队新闻的问题：有很多小伙伴总问我为啥总发别的队的东西其实吧，这个东西得辩证地看。我发的一般都是争冠形势啦对手动态啦，或者旧将旧帅们的消息，你要说光发切尔西的东西，不发英超对手欧联对手之类的东西，那谁知道咱们现在处在啥环境里呢不 ...全文	未
目前的积分榜形式仍然在前四意甲联赛	未
目前看没凶兆。	未
目前看游资被监管后，4个板就是天花板了，尤其所谓的龙头品种，不是低位买的，千万别追高！昨天创投龙头集体阵亡后，知识产权龙头光一科技，今早卒！期货概念龙头，新华锦，今早卒！汽车降低关税概念龙头万通智控，今早卒！庄股龙头朗迪集团，熄火！。。。。等等，这么恶劣的环境，又回到了监管放宽前的状态，操作难度剧增！多看少动，没有买卖没有伤害！静等下一次的好机会。	未
目前真正迫切需要代购婴幼儿配方奶粉的国家是澳大利亚和英国。不出意外的话，很快就会有专供英国市场的欧洲代购了。希望代购们能积极发挥人道主义精神，可以考虑一下将中国产的低端奶粉代购到英国去。	未
目前研究发现，甜食和奶制品（全脂奶和脱脂奶）都会加重痤疮。爱长痘痘的同学们，爆痘期间一定要注意了。	未
目前给大家展示一年的账户，就是个短线小账户，解闷玩的。不是侠哥的主力。主力部队的下一小目标是先赚一个亿的。能不能实现那不管，目标还是要有的。	未
目前脉脉仍处于从零到一的阶段，未来还有一到十和十到百。脉脉CEO林凡说他们的志向是成为千亿美金的公司，现在也才十几亿美金，还有很长的路要走。 脉脉林凡：中国社交江湖，尚未满座	未
目前至少有三十款手机App可以提供电话标记服务，在用户接听来电时或者拨打电话时，这些App均能显示号码的标记信息。一些公安部门电话都被标记了不实信息，有的甚至是被恶意标记为快递电话中介电话。而因为电话号码被错误标记的情况越来越多，一些网站也做起了收费查询标记来源的买卖。	未
目前苏城农贸食品量足价稳  后期菜价呈向下走势	未
目前英超积分榜的排列顺序到赛季末会发生什么样的变化	未
目前街面雪不小，大家在路上注意安全	未
目前西甲联赛积分榜，巴萨少赛一轮与塞维利亚和马竞同分....可怕	未
目前西部和东部有短时零星小雨，预计半小时左右结束，今天我市大部分地区仍会陆陆续续出现短时零星小雨，出门仍需带好雨具	未
目前貌似没人占用哦，//@司马3忌: 建议考虑@神油七叔	未
目前货机市场上，的确在这个大小级别上的确出现了断层。目前波音737和767货机之间出现了断层，只能改装退役的757客机。而竞争对手空中客车A321的确越飞越远，但客改货也才刚起步，没有全新货机解决方案。	未
目前还有部分社团未领取衣物，请各位看见的小可爱尽快通知一下自家社团 考虑到衣物已经打包捆好有点占仓库地方对我们的发货造成了一定的不便，过一周再无社团认领的话就顺延给其他社团啦	未
目前这样儿	未
目前这账号人也不多，要不然试着把帝国系列放个全版出来	未
目前，镇海辖区所有高速进口已全部开放。@镇海交警	未
目前阿圭罗能否出战同切尔西的比赛依然要画上一个问号，在启程前往伦敦之前，曼城需要通过周五的最后一次训练，来了解阿坤的身体是否符合出场要求	未
目标库尔德武装！土总统威胁数日内进攻叙东北部	未
目测这货在进入动物园以前，有一段很长的吸烟史。。。	未
目测雀心眼er都是这样希望19年雀心眼er都可以脱单	未
目的地: 瓦伦西亚欧冠曼联足球俱乐部	未
目睹亲人被杀，自己沦为性奴，这个90后姑娘打败特朗普获诺贝尔和平奖	未
目睹动物演员被遗弃 孙俪心疼收养《甄嬛传》白猫	未
目睹海军也门撤侨 远洋船员辞职从军	未
目瞪口呆。。。	未
目瞪口呆！13岁少年竟偷开父亲汽车送小伙伴来忻城，通宵往返160公里...	未
目瞪口呆. jpg	未
目瞪口呆！广西13岁少年竟偷开父亲汽车送小伙伴，通宵往返160公里	未
目瞪口呆！柳州13岁少年竟偷开父亲汽车送小伙伴，通宵往返160公里	未
盯唇狂魔，要忍不住亲上去了//@狮子尾五虐_://@-加州墨织-:嘿！回神了！//@且嗔:怪不得对戏的时候会不自觉亲上去//@__Aqua六音:???注意一下	未
盯着我盯着我	未
盱眙城区电动三（四）轮车禁止上路，有车怎么办惠民政策来了	未
@盱眙粤海水务 别再逃避责任了	未
盲人歌手银行办业务遭拒 信息无障碍受关注	未
盲人路怒	未
盲人过马路你会搀扶吗？南京街头发生的一幕瞬间戳中你的心	未
盲僧基础连招少了最后一步就没有灵魂（图片来源于网络）英雄联盟	未
盲区，除了车前车后靠人眼或借助外后视镜看不到的位置外，其实还有因车身构造而导致的A柱盲区内轮差盲区，因驾驶技巧而导致的超车盲区泊车盲区等等，今天我们来教您如何扫盲，排除隐患。	未
盲道铺在停车桩下 已返工整改|荔枝追踪	未
直以为塞小卡片的是男生，这次倒是有点意外了	未
直击00后新兵野营拉练：3天负重20余斤步行百余公里	未
直击ofo退押金现场：抱孩子母亲落泪，挣100块容易吗	未
直击@XP-何小鹏 ：小鹏G3在24小时内销售1573台小鹏汽车董事长何小鹏今晚在朋友圈宣布，从昨晚（12.12）发布会后，小鹏G3在24小时内销售了1573台 他表示，智能汽车核心是运营，制造只是基础，未来小鹏会经历两个月左右产能爬坡，希望能在春节过后实现大规模交付直击何小鹏：小鹏G3在24小时内销售1573台	未
直击中国棍棒教育家庭，爷爷打爸爸老子打儿子，儿子又狠揍老子	未
直击中国电视大会丨短视频围攻下的电视，要这样突围！	未
直击中老缅泰湄公河联合巡逻执法船艇实操演练	未
直击人类基因组编辑国际峰会：贺建奎尚未露面，或已退房离开	未
直击人类基因组编辑国际峰会：贺建奎尚未露面，或已退房离开11月28日，全球的目光聚焦到了香港大学李兆基会议中心，日前宣布首例免疫艾滋病的基因编辑婴儿诞生的南方科技大学副教授贺建奎本应现身第二届人类基因组编辑国际峰会。但据香港当地媒体报道，贺建奎在11月27日已经从主办方安排的酒店退房离开。峰会现场人士也表示，11月27日所有嘉宾全员合影时，叫到贺建奎名字时他并未出现。（澎湃）直击人类基因组编辑国际峰会：贺建奎尚未露面，或已退房离开	未
直击今早占陇一商铺突然失火	未
直击今早普宁市占陇镇一商铺突然失火	未
直击！仲恺大道部分路段围蔽首日，现场交通状况如何	未
直击何小鹏：与李斌赌局是双赢 目前没有上市时间表在今日的媒体沟通会中，小鹏汽车董事长再度回应了与李斌的万辆交付赌局，并表示双方的的赌注发生了一些变化。何小鹏认为最终李斌赢的概率非常大，但对于新造车势力来说是双赢的赌局，赌局的核心点是我们都应该把品质做好。直击何小鹏：与李斌赌局是双赢 目前没有上市时间表	未
直击！凌晨，虞东公路古里一路口轿车飞入河中，离奇的是	未
直击印尼巽他海峡海啸现场：海滩一片狼籍(组图)	未
直击  又有32人无证驾驶被行拘！澄海交警开展交通整治统一行动，你还敢心存侥幸吗	未
直击可怕的奥斯维辛集中营焚尸炉每天可焚烧8000具尸体	未
直击  可恶！这地方有人灌装假燕京等大品牌桶装水	未
直击台湾选举现场韩国瑜：卖菜郎的逆袭	未
直击四川滑坡救援现场：像剥洋葱一样剥离废墟	未
直击四川滑坡雨夜大救援：像剥洋葱一样剥离废墟	未
直击国家公祭日！全国多地悼念南京大屠杀遇难同胞今年的12月13日是第五个南京大屠杀死难者国家公祭日，也是南京大屠杀惨案发生81周年。今天，全国多地同步举行默哀活动，记者在北京南京重庆沈阳和哈尔滨，实时直播当地纪念仪式。国行公祭，祀我国殇！@中国新闻网 中国新闻网的微博直播 .	未
直击国家公祭日！全国多地悼念南京大屠杀遇难同胞今年的12月13日是第五个南京大屠杀死难者国家公祭日，也是南京大屠杀惨案发生81周年今天，全国多地同步举行默哀活动，记者在北京南京重庆沈阳和哈尔滨，实时直播当地纪念仪式国行公祭，祀我国殇！@中国新闻网 中国新闻网的微博直播 .	未
直击国际咏春拳大赛现场背后的坑，原来比赛还能这样，寻止戈桥	未
直击宁乡警营冬季大事件	未
直击宜春人身边不文明现象！随手拍第一期来了	未
直击审计一线  当审计遇上黑科技	未
《直击山东人竟靠发布会现场卖餐饮为生，KOL生活如此艰辛》	未
直击峰峰警方40天抓获67名逃犯（附抓捕视频）	未
直击！开展道路交通秩序大整治，澄海交警又有新动作	未
直击张家口化工厂爆炸事故搜救现场11月28日0时41分，河北张家口市桥东区河北盛华化工有限公司附近发生一起爆炸起火事故，已造成22人死亡22人受伤，50余辆车被烧毁。目前搜救工作和事故原因调查仍在进行中。@新京报 记者正在现场直播最新进展。 腾讯新闻的微博直播 .	未
直击惊心17小时：抓捕保险柜大盗	未
直击晋城某县(市/区)公安局主要领导变动！	未
直击武警新兵野外徒步行军拉练	未
直击武警魔鬼周极限训练：负重不低于30公斤 每天训练不少于16个小时这样的强度，一般人早趴下了，而参加武警海南省总队魔鬼周极限训练的特战队员们，还要完成深入丛林追击暴恐分子步手枪夜间搜索射击高地俯角射击抢占山顶特种狙击野外生存极限体能夜间按图行进抗干扰 ...全文	未
直击武警魔鬼周极限训练：负重不低于30公斤 每天训练不少于16个小时这样的强度，一般人早趴下了，而参加武警海南省总队魔鬼周极限训练的特战队员们，还要完成深入丛林追击暴恐分子步手枪夜间搜索射击高地俯角射击抢占山顶特种狙击野外生存极限体能夜间按图行进抗干扰记忆30公里武装奔袭等十余个特战科目。特战尖兵就是这样炼成的，大写的服！（蒋波 雷辙）	未
直击法拉第未来调整业务营运：不得不进一步采取停薪留职今日早间，法拉第未来（简称FF）@FaradayFuture 表示，公司现金流的紧张状况仍将持续，不得不采取进一步的成本削减措施来应对当前的财务状况，包括进一步采取停薪留职措施，预计此次的临时措施会持续到12月底直击FF调整业务营运：不得不进一步采取停薪留职	未
直击泸州叙永山体滑坡现场：千人彻夜搜救，绝不放弃！12月9日16时20分，四川泸州叙永县分水镇分水村1社发生山体滑坡据初步核实，现场塌方约3万立方米左右，导致3户农房受冲击垮塌，12人被掩埋，其中当地村民8人，叙威高速施工人员4人据@央视新闻 最新消息，截止今早6点10分，已有10人被成功解 ...全文	未
直击济南诚基退房登记现场！惊现坐拥50套商铺房主（视频）	未
直击海南冬交会冬交会停车攻略在此！车辆可停放在临时停车场冬交会将于12月12日至16日在海南国际会展中心举行，组委会在五源河体育馆文体中心中路延长线设观众临时停车场市民驾车可从海秀快速路长彤匝道滨海大道驶入长彤路后，进入观众临时停车场，再换乘免费公交摆渡车前往会展中心（记者 ...全文	未
直击！潮汕各地震感，后生兄惊到穿个内裤住走出来...	未
直击特战队冬训现场！看看特战队员都在练什么近日，延边地区气温降至-20，武警吉林总队延边片区却硝烟四起！百余名特战队员分别从通化白山吉林赶赴延边州陌生地域，一场为期7天总行程200余公里的冬季实战化训练在长白山麓拉开帷幕。据悉，此次特战队员们要完成野外生存极限体能等多个特战课目训练。（谢明达毕文迪安鑫于港）	未
直击现场丨今天，华安高石沸腾了！	未
直击现场五华河东镇水寨镇省定贫困村三清三拆三整治工作	未
直击现场！四川宜宾兴文县发生5.7级四川宜宾地震12月16日12时46分在四川宜宾市兴文县（北纬28.24度，东经104.95度）发生5.7级地震，震源深度12千米。封面新闻记者正在在宜宾市兴文县直播 华西都市报的微博直播 .	未
直击现场！四川宜宾兴文县发生5.7级四川宜宾地震12月16日12时46分在四川宜宾市兴文县（北纬28.24度，东经104.95度）发生5.7级地震，震源深度12千米封面新闻记者正在在宜宾市兴文县直播 华西都市报的微博直播 .	未
直击现场！将乐人餐桌上的猪肉安全吗马上就办 真抓实干	未
直击现场！男子喝农药后跳河轻生，普宁消防紧急救援！	未
直击现场视频告诉你右侧超车有多危险	未
直击现场邯郸男子33层高楼轻生....	未
直击现场！龙岩警方重拳抓获多名赌徒！	未
直击现场，龙岩警方重拳抓赌！附举报电话...	未
直击第二届人类基因组编辑国际峰会：与会专家热议基因编辑婴儿事件基因编辑婴儿事件还在持续发酵，该事件成为第二届人类基因组编辑国际峰会上的热议话题中国社科院研究员医学伦理专家邱仁宗在演讲中提到，如果网上的报道是真实的，那么贺建奎所做的就不仅仅是修改体细胞或种系基因组， ...全文	未
直击羊角新线每月进度更新：二十一号线：截至11月底，镇龙西至增城广场段正进行系统综合联调及不载客试运行，该段计划于2018年底开通试运营员村至镇龙西段土建工程累计完成86，12座车站主体结构已封顶并进行机电施工，12个区间中，10个已贯通，2个进行土建施工，水西停车场已基本完工。	未
直击羊角新线每月进度更新：十四号线一期：截至11月底，该线全线进行系统综合联调和不载客试运行，并进行剩余嘉禾联络线施工。全线计划于2018年底开通试运营。你期待吗	未
直击美国联邦政府圣诞节前“停摆”	未
直击  近日澄海连绵雨天城区却少有塞车现象，原来都是因为他们	未
直击！这一幕，发生在浏阳市人民医院！她哭了！	未
直击重庆武警00后新兵寒冬野营拉练：负重30斤，3天奔袭近100公里12月17日清晨，武警重庆总队新兵团六大队全体新战士背上行囊，扬起旗帜，踏上了冬季野营拉练征程。据了解，这是这批00后新兵第一次走出营门拉练，他们将用3天时间，负重30斤完成近100公里的旅途。（王肸朱斌）	未
直击钮承泽现身警局！ 今日，钮承泽前往警局，就性侵一事自述案发经过钮承泽（戴墨镜光头者）刚刚一抵达，就被大批记者包围通道完全堵住，现场情况十分混乱直播网页链接	未
直击陆军装甲兵学院极寒地区装备作战运用训练北纬48零下近30摄氏度，寒风凛冽，滴水成冰。12月下旬，陆军装甲兵学院近百名教员和士官助教，在东北某寒区训练场，开展装甲装备作战运用训练，全面锻炼提高研战教战能力。十二天里，极寒地区装备远程机动作战运用装备抢救及应急处置要素合成 ...全文	未
直击震中：宜宾兴文县周家镇穿山洞山体塌方，暂未形成堰塞湖	未
直击顺义这家居然干这种事	未
直击食安现场：3843人次选出大型超市和火锅店突击检查，结果是...	未
直到世界的尽头南极。	未
直到今天 你依然是我拒绝别人的原因 其实我也没有在等你 我就是没法喜欢上别人而已	未
直到初中，家里才装了暖气，之前一直在卧室里点个这种烧煤的炉子取暖。于是我有一次煤气中毒的体验。小学四五年级的样子，冬天的一个下午，和邻居伙伴在我家玩，他回家了，我迷迷糊糊好像睡着了。不知道睡了多久，醒了，头剧烈疼痛，那感觉就像有人拿一把尖头锤子砸你的脑子。浑身无力，胸闷，我用尽力气走到院子里，冷风吹来新鲜空气，舒服很多，然后我就吐了。过了大概二十分钟的样子，舒服了，好了。当时我爸妈都没在家，出去干活讨生活了。现在每年冬天看到煤气中毒死人的新闻都心有余悸，这种炉子真是危险。不过也不是没有好处，吃完鱼后鱼刺	未
直到妲己，王母娘娘，太上老君相继找上门，我才知道原来...	未
直升机低空飞行  玉林300多只鸡被吓死11月24日，一架直升机在兴业县卖酒镇低空盘旋之后，附近有村民发现自家的鸡突然大量死亡对此，村民认为是直升机发出的噪声，把鸡给震死了经警方调查，该鸡棚共死亡364只鸡，在协调后，航空公司与村民达成和解，航空公司一次性赔偿12584元	未
直升机出现在克里姆林宫上空 下面挂一群人	未
直升机出现在克里姆林宫上空 下面还挂着一群人	未
直升机起飞时出了点问题在起飞过程中，直升机倾斜侧滑，尾翼几乎击中了留在停机坪上的人。（视频）网页链接	未
直哒哒的留口水	未
直哒哒的留着口水	未
直径达63米！中山这个天眼即将开眼，就在城区！	未
直性子的人，都看看！	未
直指与强国作战，美国陆军设立未来司令部	未
直指“大而不能倒” 一行两会立规系统重要性金融机构	未
直接亲上去了	未
直接删了就好嘛，还告诉啥子呦	未
直接复制站子文案就可以，然后留下视频链接，改改文案，因为一般站子的视频链接就已经标出了来源，不用下载二传，大家多度安利视频吧，重复的图不要发了	未
直接截图word//@来去之间:转发微博	未
直接戳：网页链接 有更大的嘛//@小小象儿噜噜噜:图片评论 查看图片	未
直接拒绝比看到消息不回复善良一百倍	未
直接说收入不足支撑这个消费，想把有限的收入花到日常生活更加需要的地方去就完事了，这并不丢人，不需要扯上爱国。	未
直接转下面这条，抽个520元！7小时后就开！微博正文	未
直接转，不过滤开，几率大，记得关注原博	未
直接转，不过滤开，最后1小时	未
直接转！粉嫩Aj1不过滤开！转就对了，记得把观注点上@江野十四	未
直接进行人体试验！疯狂！基因编辑婴儿震惊全国，刚刚，国家卫健委发声！	未
直接面试！不限户籍，临省招教师40人！	未
直接面试天津第九八三医院招聘医生技师等12人	未
直播	未
直播:2018第三届不动产资管峰会	未
直播2018黑龙江省秸秆冬收现场演示会！	未
直播60分关注国家宪法日 我区各地开展宪法宣传暨普法教育活动	未
直播60分寻人王嘉文你到底在哪	未
直播60分寻人这个人已走失7天，家人急寻都来看看你最近见过没?	未
直播60分点赞司机被困山路 民警徒步营救	未
直播60分现场农田旁养狗场臭味扰民 啥时候能搬离	未
直播60分痛心昨天银川三名水上工作者落水，一人获救！	未
直播60分警示这些事千万别再做了！一个细节，每年害死很多人！	未
直播丨广州贸易体制的历史阐释	未
直播也能考上北大清华，请给井里的人递出更多绳子	未
直播了！	未
直播了 图片仅供参考请以实际为准网页链接	未
直播  刚刚，赤峰公诉人做客央视《庭审现场》网络直播间	未
直播前网络测试@Pony__朴惠敏 的一直播（下载App-gt网页链接）	未
直播卖机，赶快进来。@李杰灵 的一直播（下载App-gt网页链接）	未
直播：南京大屠杀死难者国家公祭仪式今天是第五个南京大屠杀死难者国家公祭日上午10时，国家公祭仪式将在侵华日军南京大屠杀遇难同胞纪念馆举行，@人民网 将全程直播，愿逝者安息，和平永存勿忘历史，吾辈自强！ 人民网的微博直播 .	未
直播：南京大屠杀死难者遗属家庭祭告仪式正在举行今天上午，南京大屠杀死难者遗属家庭祭告仪式在纪念馆遇难同胞名单墙广场举行。幸存者夏淑琴家庭路洪才家庭以及佘文彬家庭将祭奠逝去的亲人，夏淑琴老人将为7位亲人的姓名描红。一起缅怀逝者，守望和平。@新京报腾讯新闻出品的微博直播 .	未
直播即将开始！  监督问责第一线今早10点聚焦金牛区	未
直播发生事故！冷面魔男居然选择了肉偿！	未
直播发红包马上开始	未
直播：叙永山体滑坡救援最新情况，已救出10人正全力救援最后1名女童12月9日下午16时20分，四川泸州叙永县分水镇突发山体滑坡12月10日6时6分和6时16分，现场又先后救出2人至此，已有10名被埋人员先后获救，其中3名送医途中不幸身亡目前还有1名女童被困，现场正全力救援中 成都商报的微博直播 ...全文	未
直播台又添了几个设备，辛总一个人在这里蹲着鼓捣半天了	未
直播名校课程88人上清北：技术仍难填平教育资源沟壑	未
直播名校课程88人上清北:技术难填平教育资源沟壑	未
直播名校课程88人上清北 这不是少数人的命运游戏	未
直播：听侗族“鲁班”讲述建设故事	未
直播听说，你想创业又不知道怎么开始专家告诉你	未
直播：命悬一线！成都市首例直升机空中转运医疗救治进行中四川华西医院于12月4日下午开展了成都市首例经直升机空中转运病人的医疗救治工作。一位脑梗塞病人将由巴中市医院空中转运至华西医院进行紧急救治，转运降落地点暂定为四川大学华西东校区操场。成都商报直播现场报道。 成都商报的微博直播 .	未
直播：和事主一起回地铁站看监控 寻找丢失的人造耳蜗	未
直播：四川宜宾市兴文县发生5.7级地震，震源深度12千米中国地震台网正式测定：12月16日12时46分在四川宜宾市兴文县（北纬28.24度，东经104.95度）发生5.7级地震，震源深度12千米现场情况如何成都商报直播在宜宾发回报道 成都商报的微博直播 .	未
直播：四川宜宾市发生5.7级地震，震源深度12千米中国地震台网正式测定：12月16日12时46分在四川宜宾市兴文县（北纬28.24度，东经104.95度）发生5.7级地震，震源深度12千米。现场情况如何成都商报直播在宜宾发回报道。成都商报的微博直播 .	未
直播：四川泸州叙永山体滑坡最新情况，已救出10人 正全力救援最后1名女童12月9日下午16时20分，四川泸州叙永县分水镇突发山体滑坡。12月10日6时6分和6时16分，现场又先后救出2人。至此，已有10名被埋人员先后获救，其中3人送医途中不幸身亡。目前还有1名女童被困，现场正全力救援中，转发关注。 成都商报的微博直播 .	未
直播:国务院台湾事务办公室新闻发布会	未
直播国家公祭仪式 全国多地默哀1分钟第五个国家公祭日！为祭奠南京大屠杀中的遇难同胞，全国多地今日默哀1分钟，南京市举行国家公祭仪式。网页链接	未
直播：国标金锭诞生记Gold， a traditional symbol of wealth and social status， has become a product worth investing in. CGTN takes you into a workshop to explore how the best gold bullion is made. CGTN的微博直播 .	未
直播！国道318线金沙江战备钢桥合龙国道318金沙江大桥处于川藏交界处，是国道318线上的关键节点此前金沙江白格堰塞体处发生山体滑坡，形成堰塞湖，对大桥造成严重破坏川藏军地联合抢修战备钢桥，预计12月初通车，央视新闻微直播带你见证合龙瞬间（央视记者张力） 央视新闻的微博直播 .	未
直播：外交部举行中外媒体吹风会	未
直播：央视财经专访奇瑞汽车董事长尹同跃  央视财经的微博直播 .	未
直播：央视财经专访徐工集团董事长王民 央视财经的微博直播 .	未
直播:"将改革开放进行到底"宣讲报告会	未
“直播屏幕”前的学生们	未
直播屏幕当事学校学生:不认为改变了当地教育状况	未
直播已开始！	未
直播已经不行了的案例	未
直播开讲	未
直播  微软亚洲研究院高级研究经理代季峰：深度神经网络中的几何形变建模	未
直播抓赣州老lai！一人一副手铐，有人当场还钱！	未
直播：探访炎帝陵CGTN reporter Li Zhao travels to visit Emperor Yans mausoleum， the spiritual home of Chinese people all over the world. 直播中国 CGTN的微博直播 .	未
直播教学这块“屏幕”火了，社会的理性讨论更火了	未
直播早高峰 现成都地铁全线网运营秩序正常。铁丝们，早安 @成都地铁运营	未
直播：普京召开年度记者招待会President Vladimir Putin is holding his annual year-end press conference in Moscow. He is expected to touch on domestic and international issues. CGTN has all the details live. CGTN的微博直播 .	未
直播：普京大型年度记者会(图)	未
直播|普京年度记者会：俄应成世界第五大经济体	未
直播|普京年度记者会 回应“将何时结婚”	未
直播|普京年度记者会 回应“将何时结婚”(图)	未
直播|普京年度记者会：统治世界司令部不在莫斯科	未
直播！杭州两驴友安吉失联第6天，今天180余人再次上山搜救今天一共有五支队伍，救援队还有公安消防以及村民向导等参加，所有队伍都是这种力量混编今天共有180人左中的搜索力量再次上山搜索，今天范围近一步缩小今天的搜索方案：有2组已经直接开车到山顶，往山下搜救，另4组在这里集结，从山 ...全文	未
直播正在进行，大家可以在熊猫直播观看 网页链接	未
直播步入寒冬刚刚，斗鱼放了颗卫星！	未
直播：武汉绝命毒师案发回重审后开庭十年前，华中科技大学化学系的海归教师张某波和同学在光谷园区创办高新企业，研发医药中间体，十年后，因部分产品被列管进精神药品目录，张某波被海关缉私部门抓捕，一审张正波被判无期徒刑同案犯被判死缓，二审湖北高院以事实不清发回重审。案发至今三年多，11月27日上午，武汉市中级人民法院将公开开庭审理，著名刑辩律师朱明勇律师出庭为张某波辩护，封面直播带你直击现场情况华西都市报的微博直播 .	未
直播汪对于克莱的解读 说实话差不多是这个样子至于克莱为什么多了那么多的强投 金州勇士 其实很简单 他这赛季尝试了很多自己的运球投篮 这就是重点 也就是说运球投篮这一项是他的新秀技能	未
直播：河北张家口化工厂爆炸事故新闻发布会At least 23 people were killed and 22 others wounded in an explosion in northern Chinas Hebei Province. Local authorities are holding a press release on this accident. Join CGTN for the latest CGTN的微博直播 .	未
直播：涉案金额近10亿，公安机关破获特大海外医疗诈骗案12月6日，公安部在京召开新闻发布会，通报公安部组织指挥浙江等地公安机关破获特大海外医疗诈骗案有关情况据了解，该案涉案金额近10亿元，涉及全国近千所美容院这些美容院里的陷阱，你遇到过吗（来源：浙视频） 成都商报的微博直播 .	未
直播 渔阳讲堂第二十三讲《志愿者服务的组织与规范》	未
直播：特蕾莎梅就脱欧发表讲话UK Prime Minister Theresa May makes a statement to MPs in the House of Commons on Brexit. CGTN的微博直播 .	未
直播：直击灾后美国加州天堂镇The wildfire in the U.S. state of California became both one of the deadliest and most destructive wildfire in U.S. history. Join CGTN for a closer look at the burnt remains of the town of Paradise. CGTN的微博直播 .	未
直播：看丹顶鹤家园种群如何越冬 Bird-lovers are gathering at Zhalong Nature Preserve in northeast Chinas Heilongjiang Province to see how red-crowned cranes learn to spread their wings under the guidance of breeders， and survive through the winter.CGTN的微博直播 .	未
直播看这里网页链接	未
直播砍甘蔗，5天进账15万！容县人赶紧回老家砍甘蔗啦！	未
直播砍甘蔗，5天进账15万！玉林人赶紧回老家砍甘蔗啦！	未
直播: 社交媒体是如何影响印尼餐饮业的Social media apps like Facebook and Snapchat are behind the change in the way people dine out. CGTN speaks to a restaurant owner on how social influence has changed the traditional dining industry in Jakarta.CGTN的微博直播 .	未
直播福田雷沃2304同力五铧犁棉花地作业	未
直播：第五个国家公祭日公祭仪式 悼念遇难同胞今天是第五个南京大屠杀死难者国家公祭日（National Memorial Day for Nanjing Massacre Victims），我们在南京举行公祭仪式，以国家之名祭奠死难者，以尊崇之心珍视和平，以民族之力矢志中华复兴 中国日报的微博直播 .	未
直播：经济学家看经济2018年，在美联储连续加息的背景下，贸易摩擦加剧逆全球化对全球经济形成严峻挑战展望2019年，中国经济和全球经济将面临怎样的增长态势中国经济如何有效应对外部经济环境变化而高质量发展看知名专家学者权威解读世界经济！看直播gtgt 央视财经的微博直播 .	未
直播结束后 微博视频	未
直播：美国前总统老布什的国葬在华盛顿举行	未
直播：美国前总统老布什的国葬在华盛顿举行(图)	未
《直播联合国》丨这是一个让人掉泪的抗艾故事	未
直播  舰队与萌警犬水上突击江面现场执法佛山顺德区公安局巡逻警察大队水上警察中队将组织一舰队渔政中型艇1艘，海事中型艇1艘，顺公2号小快艇1艘，现场抓捕三无船只。两位特殊警员，缉毒犬黄仔，搜爆犬阿Jim也将参与货船检查，它们会怎样表现快来看吧 广州日报的微博直播 .	未
直播行业的冬天也已经来临。	未
直播行业进入精耕细作下半场	未
直播视频下面有洞察号的进度条	未
直播视频截图我先不转了 顾不上了	未
直播课程真有改变命运的“魔力”？ 实地探访云南禄劝一中	未
直播：走近国家杂交水稻工程技术研究中心China National Hybrid Rice Research and Development Center has made China the world leader in hybrid rice technology. Join CGTNs Ge Yunfei for a closer look at the research center. 直播中国 RealTimeChina CGTN的微博直播 .	未
直播：超级镜子照亮大漠 百兆瓦光热发电站投产运营A pilot project in the Gobi Desert that uses mirrors or lenses to generate concentrated solar power is the first of its kind of China. Join CGTN to see how it works. CGTN的微博直播 .	未
直播！送奖！聊聊国乒那些事儿乒乒乓乓天下无双，乒乓球专项记者@李武军 正做客2018双十大体育新闻微访谈，聊聊2018国乒那些事儿。有意思的是，今天客串主持人的是另一名乒乓球专项记者@周到 。来，看这两位老友如何欢乐互动！在直播中留言评论抢答问题，有精美礼物送出！CCTV5的微博直播  ...全文	未
直播通知今晚10点38分，划一下蒋五重点题！	未
直播通知究镜公益大讲堂齐鲁医院宣讲月（八）	未
直播通知究镜公益大讲堂齐鲁医院宣讲月（六）	未
直播都看了吗	未
直播鄂州鄂州今天发生的事儿	未
直播链接 //@鹿角千: 场内已经坐满了，等你	未
直播间网页链接	未
直播青州明天青州这些地方要停电原王坟镇党委书记被任命寿光市副市长！省台报道！青州这个女人全山东出名了！	未
直播青州青州不动产抵押登记可以到这个银行办理了！青州这9家店被执法局曝光这个小区的供暖温度让人寒心	未
直播青州青州又火了！这两个地方全省有名这个学生丢失行李箱一个，请尽快归还！青州人发现这项欺诈行为，可立即打电话举报	未
直播青州青州车主请注意！特巡大队专门整治这种行为投资2亿元，占地300亩，青州要建首家国学院市区这些路灯正在检修维护	未
直播青州青州进入中国县级市全面小康指数前100名！青州这66家企业被曝光开发区一电动车被撞飞	未
直播静安惊呆！原来除了撞脸撞衫，还可以撞	未
直播预告11月28日上午9点整，县医保中心负责人将做客孝昌电视台，你有什么想说的吗	未
直播预告11月29日（周四）上午9:00，邀您现场见证安溪法院执行前线！	未
直播预告丨“魔鬼周”Day5：看真汉子在雪地里“撒点野”	未
直播预告  侯晓华教授：消化不良诊治的多重思考	未
直播预告安哥带你游雪博会博览会相信大家都不陌生，那各位安侠是否知道，关于雪也有博览会。今天下午1点，安哥带你走进吉林每年一届的冰雪盛会，看看那里帅气的警察蜀黍如何为游客保驾护航。时间mark住！约起！让我们一起到雪博会赏冰乐雪去！关于雪博会您好奇的，我们都会告诉你！@吉林政法声音长安直播	未
直播预告所有的安利贴都是博主们亲自花的血汗钱买来的教训后为大家安利了物有所值的单品，2018马上结束了，凰尚编辑部特地来为大家拔草年度最后悔单品，替大家避雷，快来看看吧！记得戳记得戳风直播网页链接，或扫码进入直播间，一起收看独家探秘的精彩视频吧！	未
直播预告：明天上午9点，南京大屠杀死难者遗属家庭祭告仪式将在纪念馆遇难同胞名单墙广场举行。扫描二维码或点击右侧链接，关注网易直播间，与我们一起祭奠逝者表达思念传递和平！2018南京大屠杀死难者遗属家庭祭告仪式	未
直播预告  明天上午，交警蜀黍走进直播间，聊聊路上那些事儿！	未
直播预告：明天下午拆日产楼兰！	未
直播预告明日11时半沪杭甬地铁二维码互联互通	未
直播预告  明日上午9时  赣鄱执行利剑之吉赣会战聚焦安福法院，敬请收看！	未
直播预告虽然1111和黑五都过去了，但最近的购物欲望依旧很旺盛，你们是不是也一样呢今晚8点，一起来我的美拍聊聊欲望清单吧 ！网页链接	未
直播预告  车祸猛于虎，且行且珍惜！15:00-16:00，检察官和你聊聊交通安全那些事儿	未
直播预告静波法师学佛开示（2018.12.7）	未
直播预告面对朋友做小猪鼻的要求，整过鼻子的你还在默默翻个白眼吗听说现在做完鼻整形可以随意推捏做个小猪鼻完全不在话下 到底是什么神仙术式呢12月13日15:00，锁定《Lets 整事儿》@联合丽格第一医疗美容医院@整形医生师俊莉 和你聊聊鼻整形的那些事儿！	未
直播：香港一旅游大巴与的士相撞致5死11月30日清晨5时许，香港一辆载有接近40名乘客的旅游大巴与一辆的士发生碰撞，现已致5人死亡，多人伤重昏迷。国泰航空证实涉事旅游大巴里有多名公司员工。目前警方正在调查车祸原因。@新京报 在事发现场带来最新情况。 腾讯新闻的微博直播 .	未
直爽。//@八反ATTILA://@穷骨头 ://@希腊水果 : //@田村残念斋 ://@赶尾人 :一声脆响	未
直男化妆师中的战斗机	未
直男自拍	未
直男送礼翻车现场...女生能瞬间被气哭 情感	未
直肠指检，看的不仅仅是肠道	未
直行箭头灯变圆盘灯！南京两路口试行新国标红绿灯最近路过淮海路或西康路路口，有注意信号灯变了吗原来，南京交管部门经过前期调研和设备测试，于今年11月初在这两个路口率先推行2017年发布的信号灯新标，将直行红绿灯由箭头灯改成圆盘灯，今后还将在南京逐步推广，新版通行规则	未
直行箭头灯变圆盘灯！南京两路口试行新国标红绿灯最近路过淮海路或西康路路口，有注意信号灯变了吗原来，南京交管部门经过前期调研和设备测试，于今年11月初在这两个路口率先推行2017年发布的信号灯新标，将直行红绿灯由箭头灯改成圆盘灯，今后还将在南京逐步推广，新版通行规则 ...全文	未
直行车变道易拥堵 压缩绿化带加个左转道咋样	未
直达景区！盘州高铁站景区客运明日开通	未
直通会议对于这项工作，县长说了，多长点心！	未
直通滨河西路，天龙山路道路工程公示	未
直通镇街  张黄镇绘制乡村富春山居图	未
直通高铁，大化也有可能！	未
直邮采购图	未
直销人《如何跟，陌生人交流》	未
直销人，如何跟陌生人搭话	未
直销人常遇的托词，教你见招拆招！	未
直降10！顺德发布寒冷黄色预警信号	未
直降45万 这座一线城市的二手房市场正全面降温	未
直面出道遭霸凌过往 蔡依林：曾全力埋葬情绪	未
直面民营企业发展问题，昌平区委书记上门送服务！	未
直面热点 自治区人大常委会专题询问 相关厅局一把手回应环保难题	未
直飞北欧！川航成都飞哥本哈根今日首航丹麦当地时间12月10日05:01，经过9小时26分钟的飞行后，载有231名旅客的3U8271航班平稳降落在哥本哈根凯斯楚普机场，标志着四川航空成都哥本哈根航线正式开通，这也是成都首条直飞北欧的航线（记者 王眉灵 摄影 陈联玺 高昂）直飞北欧！川航成都飞哥本哈根航线今日首航成功	未
相中下游客户 江山股份拟现金收购利民农化67％股权	未
相互保42天的短暂旅行	未
相互保升级为相互宝：信美人寿退出，将由蚂蚁金服独立运营	未
相互保升级为相互宝由谁监督？不妨多考虑坏情况	未
相互保升级相互宝，你需要知道的九大问题此前已有2000万人加入的相互保刚刚宣布，因合作伙伴信美被约谈，相互保将调整为网络互助计划并升级成相互宝，100保留原有权益，同时用户明年分摊总金额188元封顶，管理费从原来的10下调至8。对用户会有什么影响	未
相互保命运大转折前夕，30多位业内人士终于把它说明白了	未
相互保被叫停，这可不是拼多多啊	未
“相互保”转型为互联网互助计划 业内称创新必须依法合规	未
相互保转型相互宝，个人年度分摊封顶188元！大热互联网保险相互保转型变身为网络互助计划相互宝，并喊话：明年一年分摊总费用不超188元，多了蚂蚁金服来出！但这一权益是否有涉嫌变相引导刚性赔付预期律师观点：禁止单个案件承诺赔付，但个人年度分摊封顶完全合法合规。网页链接	未
相互保转型网络互助， 明年分摊费用封顶188元因为先加入后交费一人生病人人出钱等特点而备受关注的相互保，今天宣布调整为网络互助产品。升级后，除了管理费由原先的10降至8，用户明年分摊总金额188元封顶。相互保升级前后变化请戳下图。此前已经有超过2000万人加入了相互保，你关注了吗	未
"相互保险"硝烟：阿里京东争相入局 2025年市场或达7600亿	未
相互保黄了	未
相互可以，只有对方会这样也太累了//@花泽美美:没有人//@尸姐:除了父母没人这样爱过我//@辣条娘:记得的人你也不一定喜欢啊	未
相互告知！11月27日，文山七花广场周边实行交通管制！请注意绕行	未
相互告知！明天漯河这个地方要停电！早做准备！	未
相互告知通辽这些地方恢复区间测速和流动测速了！	未
相互转告！12月1日，宜宾这些地方将启用一批电子监控设备！	未
相互转告！宜宾这些乡村学校急需图书，捐赠方式是	未
相互转告！明早8点102线刘房子至范家屯收费站段正式通车！	未
相互转告！漯河这些地方将停电，涉及多个乡镇村！	未
相互转告！珙县孝儿等乡村学校急需图书，捐赠方式是.....	未
相互转告！通州这7条公交线下周将增站或调整站台！	未
相互转换的方法	未
相互都勇敢一点，或许结局就不一样了	未
相亲62期总有一人，为你遮风挡雨	未
相亲吧在这条评论里面缓解一下最近紧张的气氛	未
相亲女列结婚清单:要车房及20万彩礼 女方无陪嫁	未
相亲女列结婚清单：要车房及20万彩礼 女方无陪嫁	未
相亲女因为车子拒绝了我！大家说说她是不是有病	未
相亲女花了我七八千，我杀到她家要回礼物对吗	未
相亲时在西餐厅小王不小心打碎了一只碗，服务生说：先生，这只碗50元。小王一掏钱包，只有100的没有零钱，他寻思在女孩面前就显摆一下吧！就抄起一个碟子一摔：这下行了吧，拿去，不用找了！服务生说：先生，这碟子200元。	未
相亲男不接受我是幼教，还觉得幼教都心肠不善良看来做人不能太坦诚！	未
相亲男发1.29元红包送断码鞋 女孩尬笑：这是要爱久一点近日，合肥29岁女孩孙艺与一小伙相亲，小伙在平价餐厅点了两个特价菜：11.9元杏仁玉米和18.8元菌王汤。结账时去厕所15分钟不出来，孙艺只好自己去买单。逛商场时小伙看到特价断码鞋，我送你一双，先凑合着穿。相亲抠门男遭吐槽：送断码鞋发1.29元红包	未
相亲男发1.29元红包送断码鞋 女孩尬笑：这是要爱久一点近日，合肥29岁女孩孙艺与一小伙相亲，小伙在平价餐厅点了两个特价菜：11.9元杏仁玉米和18.8元菌王汤。结账时去厕所15分钟不出来，孙艺只好自己去买单。逛商场时小伙看到特价断码鞋，我送你一双，先凑合着穿。相亲送断码鞋当晚小伙发来一个红包：1.29元。孙艺尴尬地笑了：他这是要让爱久一点吗（安徽商报）	未
相亲男发1.29元红包送断码鞋 女孩尬笑：这是要爱久一点近日，合肥29岁女孩孙艺与一小伙相亲，小伙在平价餐厅点了两个特价菜：11.9元杏仁玉米和18.8元菌王汤。结账时去厕所15分钟不出来，孙艺只好自己去买单。逛商场时小伙看到特价断码鞋，我送你一双，先凑合着穿。相亲送断码鞋当晚小伙发来一个红包：1.29元。孙艺尴尬地笑了：他这是要让爱久一点吗（安徽商报）抠门的男友要不要男子相亲送礼物： 一双断码鞋1.29元红包	未
相亲男送断码鞋发1.29元红包 女孩尬笑：这是要爱久一点合肥29岁女孩孙艺经介绍与幼儿园男同学相亲，小伙在平价餐厅点了两个特价菜：11.9元杏仁玉米和18.8元菌王汤，得知孙艺明天过生日，还让餐厅送一份长寿面。结账时去厕所15分钟不出来，孙艺只好自己去买单。之后两人逛商场，小伙看到特价断码鞋，我送你一双，先凑合着穿。当晚，小伙给孙艺发来一个红包：1.29元。孙艺尴尬地笑了：他这是要让爱久一点吗@安徽商报	未
相亲相爱一家人——一个多民族家庭的故事	未
相亲相爱面对塑料姐妹花，你得这么做！	未
相亲第69期：80后小伙单身求恋中	未
相亲美女为嫁入豪门贷高利买宝马包装自己最后被	未
相亲送断码鞋发1.29元红包男子相亲送一双断码鞋发1.29元红包 女孩尬笑：这是要爱久一点合肥29岁女孩孙艺（化名）经介绍与幼儿园男同学相亲，在平价餐厅点两个特价菜，共30.7元，得知孙艺明天过生日，让餐厅送了一份长寿面。结账时男孩去厕所15分钟不出来，孙艺只好自己去买单。之后两人逛商场，小伙看到特价断码鞋，我送你一双，先凑合着穿。当晚，还发给孙艺一个1.29元的红包。孙艺尴尬地笑了：他这是要让爱久一点吗via.@人民网 男子相亲送一双断码鞋并发1.29元红包 合肥女孩尬笑	未
相亲送断码鞋合肥29岁女孩孙艺经介绍与幼儿园男同学相亲，小伙在平价餐厅点了两个特价菜：11.9元杏仁玉米和18.8元菌王汤，得知孙艺明天过生日，还让餐厅送一份长寿面。结账时去厕所15分钟不出来，孙艺只好自己去买单。之后两人逛商场，小伙看到特价断码鞋，我送你一双，先凑合着穿。当晚，小伙给孙艺发来一个红包：1.29元，意思是：要让爱久一点	未
相亲送断码鞋男子相亲发1.29元红包送断码鞋 女孩尬笑：这是要爱久一点合肥29岁女孩孙艺经介绍与幼儿园男同学相亲，小伙在平价餐厅点了两个特价菜：11.9元杏仁玉米和18.8元菌王汤，得知孙艺明天过生日，还让餐厅送一份长寿面。结账时去厕所15分钟不出来，孙艺只好自己去买单。之后两人逛商场，小伙看到特价断码鞋，我送你一双，先凑合着穿。当晚，小伙给孙艺发来一个红包：1.29元。孙艺尴尬地笑了：他这是要让爱久一点吗（安徽商报）北京生活	未
相亲都会都遇到什么奇葩事	未
相依为命，比儿孙靠谱。	未
相信不假。//@岁寒6823:货真价就值	未
相信人性本善，老人出门给小偷留300压岁钱武汉郭女士父母是退休教师，10多年来，每次出远门前，他们都在家放100元和一封信。2010年，真有个小偷只拿了钱和信，没有翻找东西。后来，他们把压岁钱涨到300......我相信人性本善，在他走错路时拉一把，总会有用。	未
相信人性本善，老人出门给小偷留300压岁钱武汉郭女士父母是退休教师，10多年来，每次出远门前，他们都在家放100元和一封信2010年，真有个小偷只拿了钱和信，没有翻找东西后来，他们把压岁钱涨到300......我相信人性本善，在他走错路时拉一把，总会有用	未
相信他一定会的	未
相信你自己，就像这位女士对衣扣的信任一样	未
相信各位年底的kpi差不多了 咱跨年那波可以休息一下嘛	未
相信很多人都认识这里吧。。	未
相信我，众泰马上就要出超跑了！topcar	未
相信我，你会跳舞。伏特加	未
相信我 明天会有好事发生的	未
相信法律去政治化顾全大局	未
相信爱，总有人，会跨越千山万水，不顾一切来到你身边//@我朋友是个奇葩:就算满身是刺，也一定会有人温暖掉你的盔甲来爱你	未
相信科学！洋溪开展禁毒反邪校园活动	未
相信自己比依赖别人重要，用尽心机不如静心做事。	未
相信这场骗局，一定在你的群里转过	未
相关机构参与市场化债转股政策明确	未
@相关部门，万隆一品附近人行道上冒出个小市场，还不来管管！	未
相关部门不能装聋作哑啊	未
相同的淑女风拍照风格，理性讨论下，欧阳娜娜和沈月谁赢了	未
相吻一下免恩仇	未
相城区启动纪检派驻机构改革  9个派驻纪检组监督区级机关单位	未
相城区持续开展阳澄湖大闸蟹市场专项整治！	未
相城外宣再添两个国际窗口！	未
相声不是失去了传统，而是缺失优秀的演员	未
相声变了：互联网正在改变传统艺术	未
相声大师常贵田逝世 相声《帽子工厂》曾轰动全国	未
相声演员上综艺玩跨界的背后：互联网改变传统艺术	未
相声表演艺术家常贵田1946年时5岁照片曝光	未
相声表演艺术家常贵田今晨辞世 是相声界第一位将军	未
相声表演艺术家常贵田去世 老先生一路走好	未
相声表演艺术家常贵田辞世 是相声界第一位将军	未
相声表演艺术家常贵田逝世 享年76岁(图)	未
相声表演艺术家常贵田逝世 曾与叔叔常宝华同台	未
相宜本草最后3000多库存了！！早上还是1w6 有小可爱提醒我相宜本草的卸妆库存在掉，我差点自己忘了拍了可以领2张券	未
相对喜欢 我更想被偏爱	未
相应（划掉）号召	未
相当多的铺面都空了。//@第七天99:现在真的逛的人都没几个了，铺面空的也多。	未
相机先存//@买买小天使:给2019立个微单的flag//@是跳跳啦:许愿2019//@旅行桃子菌：加入2019清单//@一個刷微博的號呀:了再说 等待有钱的一天//@是胖崽不是旺仔:许愿2019 搞一个	未
相机记录“光阴的故事”	未
相比之下，至少16岁之前我就知道我家很穷。	未
相比于北方的暖气，我更愿意在南方大步地走路。在北方生活过，表示暖气是好，但是冬天不敢出门，冷不说，主要是走路太提心吊胆了，地面上都是冰，走路基本靠摩擦，摔一跤屁股要疼好几天，摔倒了半天爬不起来，反正北方的冬天给我留下了巨大的心理阴影。（没有任何地域歧视的意思，冬天哪儿都不完美，三亚不错）	未
相比小白兔型同事，人们更愿意和有能力的混蛋共事斯坦福大学商学院一项新研究发现，当人们有机会选择与谁合作，且自己的成功与这个人息息相关时，人们更看重能力而不是性格。一旦涉及金钱利益，大多数人宁愿自己的老板是个有能力的混蛋，而不是没实力的老好人 相比小白兔型同事，人们更愿意和有能力的混蛋共事	未
相爱 6 年16 年60 年的区别，看完我又相信爱情了！	未
相约一起去	未
相约上合昆马昆明新闻 转需！上合昆马周末开跑，这些路段要交通管制云南盐业2018上合昆明马拉松赛将于12月2日在昆明举行。11月27日，晚报记者从昆明市公安局交警支队了解到，为确保此次赛事安全顺利进行，根据《中华人民共和国道路交通安全法》有关规定，将对比赛路线和周边区域分时分段采取临时交通管制措施。详戳下图：网页链接	未
相约丨陆家嘴读书会：那些年我们追过的唐诗大V	未
相约在初冬的日照	未
相约守护那里并不灰暗，那里有彩虹	未
相约我和你 警民零距离深圳市局第十四届警营开放日交警会场直播！@深圳交警 的一直播（下载App-gt网页链接）	未
相聚在红军塞尔电台：马竞高层在欧冠小组赛与多特蒙德交手时曾问价普利西奇，但大黄蜂表示美国新星已经被一家英超俱乐部预定了，明年夏天就转会，据悉这家俱乐部就是克洛普执教的利物浦	未
相见争如不见，有情还似无情。我会想念你的，Jose。	未
相识相和几十春， 情投意合结同心	未
相距2000多公里 海安、贵德两地学生同上一堂课	未
相遇不必太早 只要刚刚好你是午夜误点的乘客而我偏偏也选了这班车	未
相遇整整一年了，不知道你的生日，那就今天吧想起来真庆幸，庆幸去年今天我下楼买菜，庆幸电梯门打开的那一刻你正好在垃圾间乱嚎生日快乐，麻麻爱你，大家都爱你	未
相隔1000km，两场养老行业大型活动同时举办	未
相隔3公里，这家楼盘2个月全卖完，那家首开只卖出2成，还有一批高价地盘贴本卖房！	未
相隔一条街却寻了两年： “人脸识别”助贵州母女终团聚	未
盼什么没什么，怕什么来什么。	未
盼盼官旗 麦香鸡味块60g6袋 15.9一姐你好坏，总是一到半夜就发零食	未
盼着盼着，雨水真的要来了！！！	未
盼达通宿微标......两江新区多家企业喊你来上班！	未
盾安环境签土地征收协议 将获12.25亿元补偿款	未
省上领导分别调研白银平凉庆阳定西嘉峪关甘南临夏...	未
省下上万元！衢州准备买家具的人，这下有福了！要被搬空了	未
省两办发布实施意见 深化农村集体产权制度改革	未
省中扬子门诊部12月3日至12月7日门诊专家安排	未
省乡村振兴调研组来六郎镇开展调研活动	未
省交警总队又曝光了20辆不礼让斑马线车辆	未
省交警总队曝光20辆机动车不礼让斑马线车辆信息，吉G在内	未
省交警总队曝光20辆机动车不礼让斑马线车辆信息 看看有没有你认识的	未
省交通安全公开课课堂，清远交警王娟：请跟着我 系上安全带 再出发	未
省交通运输厅全部许可业务实现“一站式”办理	未
省人大表决云浮这个条例，全省首部	未
省人社部门：上调失业保险金标准！分三档，第一档次为1344元/月	未
省会先发展貌似是默认的定律，例外还是比较少哇，像济南和青岛那样儿的不多	未
省住建厅副厅长到威信县调研指导农村危房改造工作	未
省住建厅对全省建设领域冬季安全生产工作做出安排部署	未
省全域办调研庆阳市(肖金镇)生活垃圾焚烧发电厂 建设项目	未
省公安厅交警总队公布   我省20处存在安全隐患的长大下坡路段（记者  张红中）12月18日，记者从省公安厅交警总队了解到，针对近期国内部分地区重大交通事故暴露出的道路安全隐患问题，按照公安部统一部署，我省公安交管部门从11月开始，集中开展长大下坡路段排查整治行动。据介绍，我省目前已经 ...全文	未
省公安厅禁毒总队副总队长唐纯杰一行赴常德市督导调研两打两控百日会战净边专项行动工作	未
省公安厅禁毒总队副总队长李鹏飞一行赴娄底督导调研净边行动	未
省公安厅警务保障部到瑞丽市公安局督导检查工作	未
省公安厅通报东营等地六起扫黑除恶案例！	未
省公安厅领导来延吉，慰问见义勇为外卖小哥！	未
省公航旅集团对武威市民勤通用机场拟选场址进行实地调研	未
省关工委常务副主任杨新农一行到我市督导调研	未
省内249家医疗机构支持跨省异地就医直接结算，吉林市33家，快看！	未
省内异地就医，门诊费也可直接刷医保卡结算了！	未
省内招聘  省公安厅火车南站招聘信息一览！	未
省内最大最多！义乌38家部门联合搞了个大项目！今天请你来说一说	未
省内罕见！我市首次观测到国家一级保护动物白头鹤	未
省内首个大天鹅科普馆对外开放小晚早新闻	未
省内首部城管行业志《常州城市管理志》发布	未
省内高速逐步开通，下周天气还将对出行造成一定影响，请提前查收！	未
省农业农村厅对2018年新产粮食作物开展质量安全专项监测	未
省农业农村调研组肯定我市乡村振兴工作	未
省十三届人大常委会召开第七次会议 王安德同志作《关于全省大气污染防治工作专题询问审议意见办理情况的报告》11月27日，省十三届人大常委会召开第七次会议。受省政府委托，省生态环境厅厅长王安德同志向会议作《关于全省大气污染防治工作专题询问审议意见办理情况的报告》。 王安德作关于全省大气污染防治工作专题询问审议意见办理情况的报告	未
省十三届人大常委会第七次会议还通过了《山东省大气污染防治条例》《山东省海洋环境保护条例》以及《山东省实施环境影响评价法办法》的修正决定。	未
省协调联络组向池州市转办中央生态环保督察回头看第二十二批信访件/我市印发2018-2019年秋冬大气污染综合治理攻坚行动方案	未
省协调联络组向池州市转办中央生态环保督察回头看第二十批信访件	未
省卫健委第二督查组到省疾控开展党建专项督查工作	未
省卫健委综合监督局调研青云谱区卫计行政执法工作	未
省卫生健康委上线民声热线	未
省卫生健康委确定丹棱县妇幼保健院等11家妇幼保健院等级 记者从省卫生健康委官网获悉，经过评审和公示，丹棱县妇幼保健院西充县妇幼保健院为二级甲等妇幼保健院兴文县妇幼保健院道孚县妇幼保健计划生育服务中心甘孜县妇幼保健计划生育服务中心色达县妇幼保健计划生育服务中心石渠县妇幼保健和计划生育服务中心马尔康市妇幼保健和计划生育服务中心茂县妇幼保健计划生育服务中心金川县妇幼保健计划生育服务中心理县妇幼保健和计划生育服务中心为二级乙等妇幼保健院。（四川发布客户端）	未
省厅交管局蹲点督导组督导检查礼县冬季预防道路交通事故大战100天专项行动	未
省厅信访工作第五督导组在邢开展检查督导工作	未
省厅发文，廊坊将成试点！这项业务由政府全面监管，年底前建立监管平台！	未
省厅来常调研评估常州市 “四好农村路”建设	未
省厅督导组深入盈江县公安局交警大队督导检查百日攻坚专项行动及治理淘汰黄标车工作	未
省发展改革委赴我市督查调研清理规范转供电环节收费等工作	未
省发改委主任康军来我市开展驻村帮扶和调研工作	未
省发改委易地扶贫搬迁督导组举报电话	未
省台台长都能包庇黑社会了，那证明他腐化了一群人啊	未
省台：宿州人行道被拦为何般	未
省台报道：徐水男子酒后点燃天然气管道！	未
省台曝光！临朐某小区下水管道堵塞之后	未
省台曝光！临朐这个地方的商铺已停水一个月，怎么回事	未
省台曝光！雄安规划透露重要信息..	未
省台详细报道：潮汕某火锅店烧拍，当场扔椅子大打起来...	未
省商务厅厅长盛秋平来永调研，看看他去了哪说了啥	未
省园博会1502名学生志愿者来自宁镇扬六高校	未
省城媒体走进田村，是因为这件事	未
省外户籍居民可以在常州办护照吗附指南	未
省外“遥控指挥”在川制假售假	未
省妇联为宕昌县贫困乡亲面对面送温暖	未
省委书记亲自去华为分部 说的这番话意味深长	未
省委书记亲自去华为 说的这番话意味深长	未
省委书记来到兰陵县，视察了向城卜家楼蔬菜大棚	未
省委党校市厅级领导干部培训班在我市开展现场教学活动	未
省委决定：全省推行年度综合考核制度，各部门原则上不得单独开展全省性考核	未
省委办公厅领导来青英社区开展民生事项调研	未
省委宣传部高度肯定宜昌夷陵新时代文明实践试点工作	未
省委派出5个督察组，对16市这项工作进行全面体检！	未
省委省政府第六环境保护督察组交办问题公示（第10批）及第6批处理情况	未
省委第七巡视组进驻南康，举报电话及整治内容等公布	未
省委网信办召开全省政府网站管理工作座谈会	未
省委网信办莅盐调研新媒体建设发展和舆情直报工作	未
省委网信办调研组莅济调研	未
省媒报道：孟津县人民医院参加三下乡义诊活动	未
省安委办考核组对湘潭市安全生产工作进行意见反馈 结果怎样	未
省审计厅工作队在李村做了这些事，乡亲们都叫好	未
省局检查组对我市放心肉菜超市进行检查验收！辛集那些事	未
省巡视组莅浑调研矿区生态整治情况	未
省工信厅发布《意见》 江苏民用无人机产业迎利好	未
省市传来新政策，东明农村将有大变化！	未
省市区工会联动宣传国家宪法日 律师现场解疑	未
省市县三级会议连开，这项工作一刻也不能放松！	未
省市各界人士公祭抗日航空烈士	未
省市场监督管理局发布组建后的1号文件	未
省市场监管局：学生军训服抽查合格率96.4%	未
省市应急管理部门来安乡调研工作	未
省市级名特优食品作坊名单公布！有你爱吃的吗	未
省府所拒绝暴恐事件，保卫校园安全	未
省政务服务和数字化建设管理局挂牌	未
省政协主席刘伟来鹿邑，调研这几项工作......	未
省政府专项检查组检查佳木斯市“双随机一公开”工作	未
省政府令：暖气不热这样退费！快看看你家是否能退每年都有供暖不热的退费流程，但针对今年郑州这个特殊情况又做了进一步完善，和往年相比有很大改变！不用住户主动申请，就可以全小区退费！测温确定退费这些事您放着，热力公司来就行！不光郑州，全省都可申请退费，详情gtgt ...全文	未
·省政府任免一批干部 陈涛任四川省住建厅总规划师	未
省政府办公厅关于规范校外培训机构发展的实施意见	未
省政府办公厅通报2018年及2018年第四季度全省政府网站抽查情况	未
省政府召开黄河西岸渭南段土地治理座谈会	未
省政府妇儿工委来我市督导妇女儿童十三五规划实施情况	未
省政府实行水功能区水质达标率和污染物减排量考核，实行入河排污口身份证	未
省政府开放日，老百姓都去看啥了	未
省政府成立调查组 对高考英语加权赋分进行调查	未
省政府通报省重点民生实事进展情况 这些都与你息息相关	未
省教育厅发文！中小学课后服务不晚于18：00，可适当收费	未
省教育厅将专项治理：入学考试分快慢班等十项违规行为	未
省教育厅：我省校外培训机构专项治理完成整改率达75近日，记者从省教育厅获悉，省教育厅通报了全省校外培训机构专项治理行动整改工作进展情况。截止2018年11月25日，全省183个县（区）已启动专项治理整改工作，其中105个县（区）已基本完成专项治理整改任务，占全省的54，其中：阿坝州甘孜州德阳泸州的县（区）整改完成率到达70以上。全省共发现存在问题的校外培训机构9112个，现已完成整改6170个，完成整改率75.09，阿坝州达州泸州巴中南充内江的机构整改完成率达到80以上，眉	未
省教育厅通报全省校外培训机构专项治理行动，成都整改率低于70	未
省教育厅通报：这28所学校食堂有问题要约谈！快看看你家小孩的食堂怎么样.....	未
省文化和旅游厅：设立旅游诚信基金，涉旅投诉先行赔付	未
省林业和草原局调研剑阁县林业改革工作	未
省残联来涟源市调研残疾人康复工作	未
省民政厅厅长王世华在宕昌县调研民政工作	未
省气象部门发布低温黄色预警 未来三日低温天气持续陕西省气象台12月8日10时30分发布低温黄色预警，我省大部分地区最低气温较常年同期偏低，陕北最低温度在-22-17，关中最低温度在-10-5，陕南最低温度在-5-3。未来三天，全省低温天气持续，11-12日我省陕北南部关中陕南将迎来第二轮降温天气，日平均气温下降46左右，预计13日气温将会略有回升。未来三日低温天气持续	未
省气象部门发布低温黄色预警 未来三日低温天气持续陕西省气象台12月8日10时30分发布低温黄色预警，我省大部分地区最低气温较常年同期偏低，陕北最低温度在-22-17，关中最低温度在-10-5，陕南最低温度在-5-3未来三天，全省低温天气持续，11-12日我省陕北南部关中陕南将迎来第 ...全文	未
省法院组织开展124国家宪法日主题宣传活动	未
省消保委发布报告：超八成预包装食品生产日期“易除抹”	未
省深圳市成立联合调查组  全面调查深圳基因编辑婴儿事件	未
省港杯已经进行到第41届了	未
省港澳歌神成了@dsm大司马解说	未
省环境监测中心有关专家详解重污染天气	未
省电视台报道！临夏暴洪灾害中牺牲的供电所长！看哭无数人.（附视频）	未
省电视台曝光！潍坊碧桂园房子被水泡，业主直接傻眼了！	未
省界收费站将退出历史舞台，高速全面免费通行能否实现界面新闻记者从山东省交通运输厅获悉，作为首批试点，鲁苏省界收费站计划于今年年底前取消。鲁苏省界某收费站工作人员说，取消高速公路省界收费站对收费本身影响不大。对于公路经营者而言只是节约了分开缴费的时间。省界收费站将退出历史舞台，高速全面免费通行能否实现	未
省界收费站将退出历史 高速免费通行能否实现？	未
省疾控中心督导组到太和县人民医院检查指导上消化道早癌筛查工作	未
省疾控中心督导组对我市结核病防控工作进行年终督导	未
省监狱管理局工会向凤翔社区捐赠帮扶资金20万元	未
省直第七期事业单位招聘驾到	未
省社保卡批量办理11月底截止 扬州明年实行全覆盖	未
省禁毒办8.31评审组到浈江区曲仁园社区戒毒社区康复工作站验收	未
省禁毒办专职副主任杜伟一行到德江调研禁毒工作	未
省禁毒办督导检查定西市禁毒工作	未
省科技厅与我市进行第二轮第二次科技工作会商 对这些议题进行了深入商谈	未
省第三环境保护督察组进驻赣州，举报电话公布	未
省第三督导组来我市督导大棚房问题专项清理整治情况	未
省第九督查组来永督查五水共治三改一拆小城镇环境综合整治生活垃圾分类工作	未
省第五环境保护督察组督察公告（附举报方式）	未
省第十次党代会主席团举行第一次会议	未
省级先进集体和先进个人公示！淮南上榜的你认识吗	未
省级先进集体和先进个人公示！蚌埠上榜的，你认识吗	未
省级千年古镇，滁州一地上榜，你去过吗	未
省级名单公示，是你所在的村吗	未
省级大员又迎调整高峰 两年内10余省份换书记	未
省级广播电台台长竟然涉黑！	未
省级政府副手频繁调整 透露出什么信号？	未
省级机关开展“添绿助贫”活动	未
省级现场会在内江举行！透露哪些重要信号	未
省级示范单位名单公布，全椒这两家单位上榜！	未
《省级空间规划试点方案》发布 9省份纳入试点范围	未
省级评选公示！全椒这两个地方上榜！	未
省级评选公示！滁城11处上榜！	未
省纪委对我市扫黑除恶监督执纪问责督导工作汇报会召开	未
省纪委网站通报一起怀远这个领域腐败和作风问题典型案例	未
省纪委领导来峰，调研了这些事	未
省综治委校园及周边治安综合治理考核领导小组莅临贵工商进行年度考核工作	未
省药品不良反应中心调研我市医疗机构化妆品不良反应监测工作	未
省药品监督管理局挂牌	未
省财政补贴先进制造业 漯河15家: 申报2828万元， 实际拨款...	未
省质监局发布产品质量监测报告提醒 购买蚕丝被细看填充物种类	未
省迎接中央生态环境保护督察工作领导小组办公室向成都市转交第二十一批信访件66件11月23日，省迎接中央生态环境保护督察工作领导小组办公室向我市转交第二十一批群众来信来电信访件66件，其中来电29件，来信37件。至此，督察组已向我市转交群众来信来电信访件1086件。据统计，截至11月23日，省迎接中央生态环境保护督察工作领导小组办公室已转交我市处理的群众来电来信举报件累计1086件，已办结累计704件，立案查处累计103件，罚款累计28.93万元， 截至11月24日，已实施追责问责8件，共追责问责20	未
省迎接中央生态环境保护督察工作领导小组办公室向成都市转交第二十一批信访件66件11月23日，省迎接中央生态环境保护督察工作领导小组办公室向我市转交第二十一批群众来信来电信访件66件，其中来电29件，来信37件至此，督察组已向我市转交群众来信来电信访件1086件据统计，截至11月23日，省迎接 ...全文	未
省迎接中央生态环境保护督察工作领导小组办公室向我市转交第三十一批信访件42件	未
省迎接中央生态环境保护督察工作领导小组办公室 向我市转交第三十一批信访件42件第三十一批移交的信访件，从污染类型看，反映大气污染问题3个，大气水共同污染问题1个，大气土壤共同污染问题2个，大气噪音共同污染问题5个，大气及其他污染问题1个，辐射问题1个，大气辐射共同污染问题1个， ...全文	未
省迎接中央生态环境保护督察工作领导小组办公室向我市转交第三十二批信访件30件	未
省迎接中央生态环境保护督察工作领导小组办公室向我市转交第三十二批信访件30件12月4日，省迎接中央生态环境保护督察工作领导小组办公室向我市转交第三十二批群众来信信访件30件至此，督察组已向我市转交群众来信来电信访件1604件第三十二批移交的信访件，从污染类型看，反映大气污染问题6个， ...全文	未
省迎接中央生态环境保护督察工作领导小组办公室向我市转交第三十二批信访件30件12月4日，省迎接中央生态环境保护督察工作领导小组办公室向我市转交第三十二批群众来信信访件30件。至此，督察组已向我市转交群众来信来电信访件1604件。第三十二批移交的信访件，从污染类型看，反映大气污染问题6个，大气水共同污染问题3个，大气土壤共同污染问题1个，大气噪音共同污染问题6个，大气水噪音及其他污染问题1个，大气及其他污染问题1个，其他污染问题1个，水污染问题3个，大气水噪音共同污染问题3个，土壤污染问	未
省迎接中央生态环境保护督察工作领导小组办公室向我市转交第二十一批信访件66件	未
省迎接中央生态环境保护督察工作领导小组办公室向我市转交第二十七批信访件50件	未
省迎接中央生态环境保护督察工作领导小组办公室向我市转交第二十三批信访件36件	未
省迎接中央生态环境保护督察工作领导小组办公室向我市转交第二十九批信访件52件	未
省迎接中央生态环境保护督察工作领导小组办公室向我市转交第二十二批信访件56件	未
省迎接中央生态环境保护督察工作领导小组办公室向我市转交第二十二批信访件56件11月24日，省迎接中央生态环境保护督察工作领导小组办公室向我市转交第二十二批群众来信来电信访件56件，其中来电32件，来信24件至此，督察组已向我市转交群众来信来电信访件1142件据统计，截至11月24日，省迎接中 ...全文	未
省迎接中央生态环境保护督察工作领导小组办公室向我市转交第二十五批信访件43件	未
省迎接中央生态环境保护督察工作领导小组办公室向我市转交第二十八批信访件67件	未
省迎接中央生态环境保护督察工作领导小组办公室向我市转交第二十六批信访件60件	未
省迎接中央生态环境保护督察工作领导小组办公室向我市转交第二十四批信访件40件	未
·省道214线米易段山体塌方断道	未
省道215线乌审召至嘎鲁图段正式收费运营招聘信息出租出售信息	未
省道233线茶背街道路段今起动工维修	未
省道246溧水段 将于8月底通车	未
省道S222安定至普洱（团结）公路工程（文东至团结段）建设指挥部关于对镇沅段局部路段实行分时段封闭施工的通告	未
省道德模范与身边好人 在涟水进行现场交流	未
省道改建时厚街这条村沸腾，村民纷纷放下锄头围观	未
省部级领导参加公务接待，每餐花多少钱这个省有了明确规定！	未
省里下文！为江西未来发展划了这些重点	未
省里公布！瓯海这些地方被纳入省红色旅游重要景区景点名录	未
省里公示一份先进名单，铜陵这些单位和个人上榜！	未
省里公示这份先进名单，亳州这些单位和个人上榜！	未
省里出台新方案！事关永清这些老人！	未
省里出手了！南昌楼市大动作，买房的南昌人速看！	未
省里出手了！楼市大动作，买房的南昌人速看！	未
省里出手了！楼市大动作，买房的抚州人速看！	未
省里出手了！楼市新政来了！这些统统再见！	未
省里刚批复！淄博21个村被征收土地！有你们村吗	未
省里发文！农村闲散土地可用于干这个，村民有福了	未
省里发文！滨州幼儿园出新规，家里有孩子的速知！	未
省里发话了，退伍军人有福了，威县当过兵的快看！	未
省里发话！即墨农村要有大变化！	未
省里发话！威海市县机构大变革全面实施！委办局没了！新建这些部门！重点是	未
省里发话！威海市县机构大变革全面实施！新建这些部门	未
省里发话！淄博小区幼儿园有新规！本月开始实施！	未
省里批了！东台市民朋友关心的这件事终于有了下文！	未
省里批复了！济宁这几个村将被征收！	未
省里批复！淄博这些地方要征地了！涉及周村桓台高青沂源	未
省里新政策！环翠区后年完成农村闲散土地盘活，小编回家盖房去了......	未
省里新规划！蓬莱这些地方被纳入5000亿滨海旅游产业集群	未
省里点名要给这个村500万	未
省里直接批示，廊坊这些区域将建大兴国际机场临空商务旅游区！	未
省钱！临朐及周边18处景区门票这次真降价了！包括5A景区	未
省钱了！跟着降价的节奏，去逛重庆这些5A级景区......	未
省钱又到一年吊锅季，快来红安交通大酒店吃吊锅啦	未
省钱就是赚钱，大多是不想努力的人给自己找的借口。 钱是赚回来的，不是省回来的，这样的人才更会努力才会想办法挣钱。	未
省钱支付宝红包最近金额比较大，领了别忘了用！	未
省钱！潍坊这些景区这次真降价了！包括5A景区....	未
省钱的目的是什么目的就是省到过年一下子全花掉。	未
省钱鬼才男友，买双鞋子19.9，要不要分手	未
省长刘赐贵在省政府会见广铁集团董事长武勇一行	未
省际高速公路收费站试点取消 首批已拆除15个	未
省院督导组到保定督导扫黑除恶专项斗争	未
省院督导组到开平区人民检察院督导扫黑除恶专项斗争工作	未
省领导回访 企业表态：无安全无环保均不生产！	未
省食药监局局长的告别信	未
省高管局紧急提示！高速公路加油站施工，注意提前加满油！	未
眉县卫计局召开打击新农合领域欺诈骗取医疗保障基金专项行动推进会	未
眉如八字的男人特别少见，即眉尾下垂（眉毛或太淡或太浓压眼）压迫奸门，通常很怕老婆，说难听点叫妻管严，其本质是较为尊重老婆，疼爱妻子八字眉的男人， 基本没什么脾气，多半是一个好好先生，如果配合眼神不强，有了争吵，认错的肯定是他。同时也没什么钱财观念（足不出户花钱少），赚来的钱和家中经济大权多数会交给老婆打理。比较适合鼻梁宽厚，眉尾有聚或不露鼻孔的女子（如宛瑜般的女子并不适合金世佳）	未
眉山13岁孩子离家出走去上海闯一闯，原来是因为....	未
眉山13岁男孩离家出走去上海闯一闯 只因妈妈生二胎	未
眉山15座危桥，将被封闭或交通管制，过往行人非机动车机动车请注意绕行	未
眉山40年.mp4	未
眉山一加油站改造现场惊现航空炸弹 然后......	未
眉山一加油站改造，竟在砂石里发现一枚半米长的炮弹！	未
眉山一百多名警察凌晨冲入皇家一号娱乐会所，50多人被带走！	未
眉山一酒店住客身故 具体原因不详	未
@眉山人，拍这种照片要非常慎重，当心背上高利贷！	未
眉山又一波小车被曝光，快看看有没有你的爱车	未
眉山在工地上做活路的人，再也不用担心拿不到工钱了！	未
眉山天府新区将要建成啥样涵盖12个镇的批前公示公布啦！	未
眉山天府新区，这12个乡镇未来是怎样的请看：	未
眉山校外培训机构注意，多部门联合整改！你们合格吗	未
眉山泡菜城六车道，拉泥土的货车侧翻......	未
眉山白马镇 冯学华，悬赏15万抓你！请传遍全国！	未
眉山的电动四轮车别任性，已经有人被拘留啦	未
眉山的美发店网吧旅馆按摩店....  赶紧去办这个证！否则....	未
眉山的这些僵尸车终于被拖走了，快来看看有你们小区的吗	未
眉山皇家一号娱乐会所，50余人被带走，出动百余警力	未
眉山真正的马路杀手，是你！	未
眉山科工园某停车场内两辆货车转运清油时发生燃烧引起爆炸	未
眉山网友质问：机动车上路必须悬挂机动车号牌，如此知法犯法，岂能服众 官方这样回复......	未
眉山警方成功打掉垄断猪肉市场恶势力集团	未
眉山这个人被全国通缉，悬赏15万元，请大家转发！	未
眉山这个公交站台灯箱线路裸露在外 附近就有2个幼儿园十分危险，希望相关部门能尽快修复！	未
眉山这个医生收红包，然后....   看哭我了	未
眉山这位怪大叔光着上身，披着扇子当衣服，大冬天也不怕冷	未
眉湖夜话 ZZUers说一种你家乡最有名的小吃，让别人猜猜你是哪里人	未
眉湖夜话说说你最想收到的礼物是什么?	未
眉眼是力争上游的人好好努力，可以当个小头目。 眼嘴 田宅宫痣属于近距离不好相处的人--格局一般	未
看6x6越野卡车连拉带扯的帮这个卡车走出泥沼	未
看90天后。	未
看cut 才是王道xx 电银	未
看dolceampgarbage ins下面的留言，反对种族歧视，支持中国的留言来自全世界各地：澳大利亚，新西兰，美国，韩国，日本，意大利，荷兰，泰国，法国，英国，马来西亚，新加坡，阿塞拜疆，乌兹别克斯坦，土耳其，俄罗斯，乌克兰，荷兰，感觉大部分国家的网友都来表态了	未
看HERO打TS，真心感觉西部就是弟中弟，东部倒一来西部都是哥哥，都可以进季后赛。。。	未
看一下他的粉丝数你们会转的//@超级农农哒派大星2号:大型翻车现场@陈立农	未
看一看又不要钱	未
看一看//@麻烦阿维://@大麻子LV:确实需要推广@人民日报@崔永元@麻烦阿维@鱼绒尾卜//@唐山向日葵公益联盟官博:这个攻略很不错，可以推广一下@唐山全攻略@唐山全爆料	未
看一眼积分榜的情况，17轮过后，巴萨领先第2名马竞3分	未
看！一群警察！一大班小朋友！欢声笑语的，这是什么活动	未
看上上市公司 上市公司忙抄底	未
看上去很接地气，就是不知道事实是	未
看上去是我抓到了宝可梦，其实并不是，是宝可梦抓到了我。	未
看上去，确实是这么回事//@古月中心相心:记者想套话，外交部发言人：无可奉告	未
看下你对羊角有多了解购买一张2元钱的单程票，可以坐几个站	未
看下午了。	未
看下孟晚舟加拿大的保释听证会，大胆预测一下，来回扯，不断延，拖一段时间，最后放人，当然美国此举也达到都分效果原因如下:1，美国无实锤证据，现在所谓证据有二，一是孟以前常去美国，现在不去美国了，这能叫证据二是她说香港的某公司和华为是一家，孟说不是这也能叫证据，扣人孟不是华为 ...全文	未
看下手机就处分，写错两个标点全县通报，每个县想尽办法查别县的问题问责不能太任性！	未
看下面	未
看不到你三天前的朋友圈了	未
看不到后面入站的是几号车一市民帮广州公交设计的方案被怒赞	未
看不懂奶粉标签？市场监管总局6招教你看明白	未
看不懂奶粉标签？市场监管总局教你的6招一定要学会	未
看不懂奶粉标签市场监管总局教你的6招一定要学会	未
看不懂//@老许我有D啊:前排	未
看不见了！今早新兴的朋友圈是这样的......	未
看不见了！今早杭州被浓雾挡住了	未
看不见了！今早衢州又被浓雾挡住了，未来几天	未
看不见了！威海竟然也会重度污染，环保局发布健康提示！	未
看不见了！小编的标题被雾霾挡住了！明天	未
看不见了！明早浙中北还会被浓雾挡住	未
看不见！大雾跟杭州杠上了，你找到上班的楼了吗	未
看不见的城市运城	未
看不见的武大入夜渐微凉，寒意落地成霜 夜游武汉大学的朋友们，请注意保暖	未
看不见，看不见	未
看不见路	未
看不见！雾霾跟我们杠上了，你找到上班的路了吗	未
看不起穷小伙，结局真解气	未
看不透这3点，换再多工作也只是原地踏步	未
看专家研究粉丝的分析报告 不如看看追星女大学生写的粉丝经济粉圈生态毕业论文	未
看世界  乐山22名大山里的孩子走出去了...	未
看个片还得买台VR的屑企划	未
看个病加个群 六成受访者已加入医患交流群	未
看中了个外地M3，幸亏托当地朋友先去瞅了瞅，不然直接白跑一趟了。玩二手M3的部分外地同行朋友，标准真的都这么低么就这种大梁都伤了，前嘴整套更换的事故车，居然还敢摆店面里让销售小妹卖，我也是服了	未
看中国农民工到底多牛，这脑壳太滑了	未
看！中国好人的邮路情	未
看中国改开第一村小岗村支书写的四十年纪念文，看得一头雾水。文中说，今年二月村民领取了第一次集体经济收益股权分红，每人350元事后发现这350元与大包干当年的人均收入一模一样，是巧合也是注定，那就是农村改革不断深化和持续。1978年人均年收入350元的确不少，那时城镇新上岗的工人月薪也就二三十元，小岗村村民能有这样的收入几乎拉平了城乡之间的差距。但是2018年，我国的贫困线是人均年收入3200元。联合国定的赤贫线是每天1.9美元，亦即人均年收入4700多元。再看凤阳县的最低工资标准：1150元月。相当	未
看书日签丨12/13人们常常被一句以后怎么办给吓退了。以后那么长，不是想出来的，是过出来的。九夜茴	未
看书时候的我	未
看了59岁倪萍的近照，再看64岁林青霞，网友：都比不过赵雅芝	未
看了CHANEL大秀我才知道，金碧辉煌原来可以用到衣服上	未
看了DG用中文道歉的那个视频，右边的在看举着的提词，左边的把小抄藏在了手下面。这就是两位企业创始人最真诚的道歉哦，连几句道歉词都没记住。相信我，能让资本家说自己错了的只有钱。不是社会感公德心良知什么的，永远只有金钱。世界上有钱的国家很多，还是请你们去那里卖货吧	未
看了一上午屏幕 大家休息一下来跟我做眼保健操吧：闭眼，用眼球画一个「粪」字	未
看了一下关于保释的庭审内容孟的律师主要陈述了如下担保理由：她家在温哥华，丈夫女儿都在这里生活，在温哥华有两处合计千万美金的昂贵房产，由于家人仍会生活在加拿大，所以孟不会逃跑控方则认为，这些都不能保证被告不逃走，因为其家人有人身自由，房产价值对其不能构成足够牵制另一点，马 ...全文	未
看了一下平度这起事件。现在基本上可以确定这是一起极少数不法分子藐视国家法律挑战执法权威，有组织有策划有预谋实施的一起严重暴力犯罪案件。一些想表达诉求的退役军人被这些极端不法分子欺骗煽动裹挟，致使出现了严重暴力后果。新华社全文见图一。太长懒得看的给大家三个重点划一下：（图2）极少数不法分子：公安机关调查发现，参与此次严重暴力犯罪的人员成分多样背景复杂，极少数有违法犯罪前科人员是此次暴力袭警打砸车辆的主要参与者。其中，郑某冰此前因妨害公务罪寻衅滋事罪分别被判处拘役和有期徒刑，并因吸毒多次被查处	未
看了一下平度这起事件现在基本上可以确定这是一起极少数不法分子藐视国家法律挑战执法权威，有组织有策划有预谋实施的一起严重暴力犯罪案件一些想表达诉求的退役军人被这些极端不法分子欺骗煽动裹挟，致使出现了严重暴力后果新华社全文见图一太长懒得看的给大家三个重点划一下：（图 ...全文	未
看了一下空气质量，南京今早这一波还真就只是大雾而不是霾	未
看了一下过年的飞机票。我回不起家了	未
看了一些关于jjf这个事情的评论，发现大部分表示理解的找各种理由开脱的居然都是女的女性对女性还真是很容易恶意满满啊	未
看了三遍。胸口被撞了。	未
看了下上月的信用卡账单，伦敦真是太贵了啊！你最贵的一次旅行预算是多少	未
看了下内蒙古民营企业拟表彰名单，确实有鸿茅药酒。说明一下：这个是内蒙古日报登的。这个是内蒙古日报登的。 与本人无关。	未
看了下报名我12月16号广州资源对接大会的个人信息，一部分是传统企业转型微商以及面临起盘的品牌方，另一部分是触电会内微商界顶级服务商。下图为部分供需需求，都是精准的微商资源，看看有没有你可以对接的，名额不多，666元/位，扫码付款后联系我助理@顾七七Gloria	未
看了下草稿淡得快看不见不影响画面海星！通贩部分是走印厂已经改过了所以场贩是限量绝版瑕疵版哦（滚吧//@啾咪魂喵叽:天哪还有一页草稿没关你杀了我吧	未
看了下评论，大部分朋友猜7000-8000，公布答案4411.5元，是不是挺有意思很多东西都和我们直觉相差很大，希望对你以后考虑现实世界有帮助。猜得最近的朋友私信我，发地址。 查看图片	未
看了下，这些说不认识帅哥的女生都有个共同点：她们都不认识我//@江南大野花:哭着同意 是环境不允许//@颜文字君:帅哥从小就被预定了(   )//@江眉妩:哎//@糖衣炮弹_CopernicK:流泪了。。。//@安提戈涅_WhiteBlade :你说的很对。	未
看了下金额这两天好像多了，可以搞起来了 查看图片	未
看了下首页全是扫 成年人的生活没有容易二字 乞讨也一样	未
看了个个都想翻某宝买，钱包君要哭了	未
看了个感冒花了一万六不要把无关的责任推给医护  热点聚焦	未
看了乐山这5家企业的招聘，我只想说：我要换工作啦！	未
看了伊能静与妈妈的合影，再看钟丽缇，网友：这才是冻龄！	未
看了俩小时，终于全部背上了。	未
看了几个彩排版和正式版的推广曲演唱视频，发现真的要去现场听他唱歌啊，录的视频还是无法还原低音炮在你耳边轰鸣的震撼	未
看了几部你们//@关于演员的自我修养:速度马一下	未
看了前天别人拍的照片，我真的是工作狂，一个答谢宴上还在处理工作的敬业猪	未
看了前面关于书店寻人的微博，想起多年以前在西单图书大厦下的地铁站遇到过一个男的，拿着小纸条来问我请问你有男朋友吗，这是我的QQ号（我是不是暴露年纪了），条上面写了好多，因为这个男的直愣愣的过来条有点皱一看就不是刚写的，我吓坏了，幸好当时男朋友正好在附近，把那个男的吓跑了，第二天在同一地点又遇到他，他好像没见过我一样又来问我同样的话拿着同样的条，我吓的拉着我朋友就跑，第三天，又在同一个地点，又遇到他但是他在和别的女孩子搭讪，过了几年，我在大望路地铁口附近等朋友，看到一个站在地铁站附近的男的直愣愣的朝她去了	未
看了半天回复，还以为国家开始批量生产绿巨人了呢。	未
看了南京这些企业，我只想说：我要换工作！！！	未
看了右边的主页性别是女，这才最让人惊讶。你不是受害者，但你至少是个女的吧对受害人感同身受你做不到，基本的是非观也没有吗//@浮生千变百年不合:真是看不懂现在的女性，一个个都在瞎上升什么，动不动就阴谋论，跟自己是受害者一样。	未
看了后视镜和轮毂后我得出的结论是GLK，所以，@跑车Race 我猜对了吗	未
看了墨西哥这家公司，就明白贫民窟为啥再走不出百万富翁 看了墨西哥这家公司，就明白贫民窟为啥再走不出百万富翁PEMEX，墨西哥国家石油公司。墨西哥石油资源丰富，但是腐败官员居然能把这个公司做赔钱了！	未
看了复盘金立，我还是想不清楚，这原因何在刘立荣采访过多次，温和而踏实，印象很好，当然了，这样的人，会去冒险，爱赌博，也有可能。我知道通信业某些公司，开年会，然后就是赌。只是我不理解的是说有百亿被赌掉了，即使这样，这钱是怎么出去的刘不可能带着百亿去赌吧而且如果上百亿资金，要被动用，总要有名目吧公司钱的去赌资，这不可能的，而且要转出去，也会被监控吧如果真是百亿资金被赌博赌掉了，还付了钱，这刘不是被清除公司的事，应该进监狱的，财务总监和相关人员都要进监狱的。情况如何，不得而知，最后只能静观了，想不明	未
看了好多遍女鹅小时候的视频，觉得她就是在喊李诞没跑儿了。 微博视频	未
看了小米雷军当年这张充满胶原蛋白的胖嘟嘟的脸，想不想上去捏捏	未
看了很多评论，你们觉得只有买了人，定下来谁才叫新闻，也可以。但是没有人会认真思考，今年究竟买人与往年有什么不同，我想告诉大家是今年的现状，就是没有那么快能够决定买谁，以前做事可以同时进行，现在不行了，因为有总额限制，所以你们理解的没消息，跟记者理解的不一样。请随便骂。	未
看了心情很复杂	未
看了想打119//@面包啊诶://@段子楼:！消防队看了会出动//@机智达人:看了五分钟，原来是射灯//@水晶男孩鸡大帅: 消防车！快叫消防车！//@氪爆:艺术就是爆炸	未
看了我都忍不住想学韩舞，不知道什么时候大陆能看到这样的活动视频	未
看了我都想做这趟列车 微博视频	未
看了新余这家公司的招聘，我只想说：我要换工作！	未
看了日落。要休息了。大家晚安 微博视频	未
看了显老的80后  警察蜀黍的生存现状挥泪了解下近日，一张80后干部显老的照片火了大家是否还记得那位姓王的警察蜀黍对对对就是头发没几根显老N岁脸上还写着穷的那个一身警服就是一生的责任显老的他都经历了什么他又说了啥，竟让网友感动泪下这场特殊的访谈一起回顾一 ...全文	未
看了林毛毛的微博，一个感想是，人有时候必须向什么证明自己是对的，可是到底是在向什么证明呢答案在风中飘。	未
