王者荣耀新的UI来了，全部大改一遍！清一色扁平化设计，看着比之前强多了。天美赚了那么多钱，终于把游戏做得看着没那么草台了，不容易啊。话说，啥时候改改elo匹配机制	未
王者荣耀新英雄上官婉儿伴生肤原画曝光，大家觉得怎么样	未
王者荣耀 新英雄嫦娥即将上线体验服，那么到底是后羿的呢，还是八戒的呢	未
王者荣耀新英雄嫦娥建模曝光，不瞒你说，这双腿我可以舔半年图源up：王者人格小A	未
王者荣耀：新英雄猪八戒模型曝光，唐僧师徒五人已聚其二	未
王者荣耀最近的气温就是这样！	未
王者荣耀求这个孙悟空的心理阴影面积！ 微博视频	未
王者荣耀：猪八戒马上就要上线，猪年限定皮肤会是谁呢	未
王者荣耀 王者荣耀官方发布了王者出征版本资料预告片，在预告片里面已经明确说明，正式服将在1月份开启史上最大更新。而近日官方在预告片的宣传中，预告了S14赛季的开启时间，也是新年版本的更新时间。（via：玉面小白狐） 王者荣耀：官方预告S14赛季开启时间，峡谷地图即将全面优化	未
王者荣耀 王者荣耀干将莫邪即将推出一款冰雪皮肤，这款皮肤在近日被玩家曝光，整体风格类似于冰冠公主。从曝光的原画上来看，这款皮肤的质量很不错，应该属于史诗品质，但皮肤模型还是难以预料，毕竟原画和模型可不是同一类东西。（via：玉面小白狐） 王者荣耀：干将莫邪新皮肤曝光，孙尚香星元皮肤制作完成	未
王者荣耀 王者荣耀：新英雄猪八戒模型曝光，唐僧师徒五人已聚其二（via：玉面小白狐） 王者荣耀：新英雄猪八戒模型曝光，唐僧师徒五人已聚其二	未
王者荣耀 王者荣耀这个人经历了什么	未
王者荣耀玩了那么久，你换过几个本命英雄	未
王者荣耀：玩家一分钱没充竟然有60多个皮肤	未
王者荣耀：玩家列出射手出装的4大误区，会不会玩看出装就知道了	未
王者荣耀的这款皮肤与咱济源有关！快来看看	未
王者荣耀：看完这个视频，再也不敢说自己会玩猴子了...	未
王者荣耀：真伤英雄最怕什么暴击猴三棒，粘人锤子姐	未
王者荣耀：粉丝花上千块抽荣耀水晶，兑换完发现有点不对	未
王者荣耀红蓝buff有点萌，改动有点大，不知道内存够不够用鸭	未
王者荣耀 老铁，送了蔡文姬圣诞皮肤以后只奶你一个人	未
王者荣耀：要单独配铭文的5个英雄，王者才懂！低端局却说没必要	未
王者荣耀:诸葛亮小黑板偷偷更新又有新彩蛋上黑板暗示周瑜还有新皮肤?	未
王者荣耀 调整后的李白一直存在争议，打野射手在路人局又该何去何从本期天梯排行指南将为大家全面解读S13赛季。（via@王者_Alex ） 十二月份英雄天梯排行指南，沈梦溪跌落神坛，李信已成版本之子！	未
王者荣耀[超话]体验服四位英雄调整，嫦娥模型疑似曝光	未
王者荣耀[超话] 官方发了一波情侣头像，阿离对面居然不是裴老虎	未
王者荣耀[超话]官方美术发布了一期爆料拼图，玩家推测是大小姐的杀手不太冷将进行优化	未
王者荣耀[超话] 模型跟海报有仇吗	未
王者荣耀[超话] 王者荣耀泡面番 正式服12月11日不停机更新，10位英雄调整，其中达摩李信王昭君削弱，安琪拉黄忠等7位英雄增强	未
王者荣耀[超话] 英雄海报变更过程，不止是衣服穿多了点	未
王者荣耀输输赢赢的魔咒有小伙伴逃脱过吗王者荣耀	未
王者荣耀这个iOS跟安卓系统不能互通的问题让很多玩家烦恼但这感觉真不是我们能轻易左右的问题	未
王者荣耀：这些装备有什么用你是不是一直都出错了	未
王者荣耀这次由于系统出现异常问题，导致系统对安卓QQ区部分玩家异常发放以test为标题的道具邮件的补偿方案出来了，全区全服所有玩家10皮肤碎片2000铭文碎片，有史以来最大方一次了，很良心了！	未
王者荣耀送皮肤好多小伙伴在安卓qq区收到了李信，沈梦溪英雄和伴生皮，已经有这些英雄的直接给兑换了碎片！还连续送了好几次这是哪来的好事王者荣耀送皮肤	未
王者荣耀送皮肤好多小伙伴收到了李信，沈梦溪英雄和伴生皮，已经有这些英雄的直接给兑换了碎片！这是哪来的好事王者荣耀送皮肤	未
王者荣耀送皮肤，是bug吗据说送了三次沈梦溪和李信的皮肤，会收回去吗 王者荣耀	未
王者荣耀里你一看就不会玩的英雄是谁	未
@王自如ZEALER 在直播中都说了些啥	未
王自如上台演讲，他开玩笑说主持人介绍错了，不要说他是数码大V，应该介绍他是zealer的创始人，这样感觉比较高级。我怎么感觉数码大V也挺高级的。	未
王良玉：2202公里的回归线	未
王菊去奇葩说总决赛现场了	未
王菊逆风翻盘失败，但她的资源比火箭少女好太多	未
王菠萝粉丝留言轻生，被水友发现一小时后还在刷空间	未
王菲故宫录节目被偶遇，穿着朴素却像仙女，网友：张柏芝输了	未
王菲旧照曝光！杀马特造型骨瘦如柴，网友：一辈子没胖过	未
王菲落泪，黄渤拍手称快：强者都是敢对自己下狠手的人	未
王菲被曝录综艺走路一瘸一拐 原因竟然是腿坐麻	未
王蒙先生：有些人知道挺多，但没脑子	未
王蒙徽同志任中共住房和城乡建设部党组书记	未
王蒙徽在全国城市生活垃圾分类工作现场会上强调 统一思想明确目标系统谋划群策群力 加快推进生活垃圾分类工作	未
王辛庄镇总工会走进企业举办职工沟通会	未
王选：高科技应“顶天立地”	未
王铁才出来几天啊 我老家官匪多 @清风信阳 @信阳外宣 看看你们的人	未
王锴：依法普查依法行政的重要举措	未
王阳明：在心里种花，人生才不会荒芜	未
王雁飞赴乐山市犍为马边开展专项督导	未
王雄昌到乐民镇开展党代表活动日活动	未
王雪峰，你的身份证丢了。	未
王霜于女足法甲联赛休赛期回国休假，休假中的她依旧不忘在健身房打卡，对训练毫不懈怠而不久之前耐克也宣布签下中国女足球员王霜	未
王霜：听说别人叫我女梅西不，我想被称为女C罗征服你梦想	未
王霜启蒙教练：从小不服输成就今日“亚姐”	未
王霜回来了！由于联赛进入冬歇期，王霜开始了自己的休假之旅，并回到了国内。在接受国内媒体采访时，王霜再次表达了自己的愿望，她非常想去现场看自己偶像C罗的比赛。因为C罗对待足球的热爱和对自身职业素养的苛求让她钦佩。所以，她希望能像C罗一样，成为对足球偏执热爱的那个人。但也正因如此，王霜少了更多本该属于自己生活的时间，她甚至表示哪有时间找男朋友啊。希望明年王霜能够率领中国女足在世界杯再续辉煌。	未
王霜，好样的	未
王霜：我更愿意被叫＂女C罗＂，现在没时间找男朋友	未
王霜：我的偶像是C罗，现在哪有时间找男朋友。微博足球锦鲤	未
王霜:更愿意被叫做女C罗 没有时间找男朋友带着亚洲足球小姐奖杯回武汉度假的王霜接受了《湖北日报》的采访，谈到自己能顺利度过在法国留洋初期的那段日子，并屡次在法甲和欧冠赛场奉献进球和助攻，成为大巴黎女足的核心时表示，我的很多队友，天赋异禀，只需要练一个半小时就可以了，但 ...全文	未
王霜：没时间找男朋友近日，亚洲足球小姐王霜 在接受采访时被问到了个人问题，她害羞的回答：没有，哪有时间找男朋友。球迷们，你们的机会来了	未
王霜英法双语告别18赛季北京时间12月22日凌晨，留法的女足一姐王霜发文向18赛季告别，并表示19赛季带着更多力量与球迷见面，自己准备回国享受假期。王霜在ins上用英语及法语两门语言写道：感谢度过了许多美妙的瞬间的2018赛季，我会带着更多力量在明年与大家相见，现在我要回家休假啦！ ...全文	未
王霜：这只是个开始	未
王高飞：让变革和探索精神深植于整个社会微博CEO王高飞在新浪金麒麟论坛表示：2018年12月1日，新浪迎来了创立20周年纪念日。上一个20年，奠定了新浪中国互联网第一门户的地位，还打造了中国最有影响力的社交媒体平台微博。但大浪逐新，不进则退，随着时代发展，新浪也在探寻变革之路，以前大家心目中的新浪是门户是博客是微博，但今年更在谋求自我革新，深耕垂直领域。王高飞：让变革和探索精神深植于整个社会	未
王鸥去摸尸体他还特地递手套过去，真的好暖	未
王鸥自曝将参与《明星大侦探5》 与节目组亲如家人	未
王鹏：警惕社工发展的陷阱	未
玖龙公布春节停机计划！新增玖龙山鹰等10张涨价函！涨价停机齐爆发备战双旦节	未
玛多公安丨专题部署冬季道路交通百日安全行动专项整治工作	未
玛多公安丨交警大队联合多部门开展道路交通安全隐患排查	未
玛多公安丨加强反恐防暴宣传 提升群众防范意识	未
玛多公安丨开展提醒谈话 督促问题整改	未
玛多公安丨开展校园安全检查	未
玛多公安丨法制部门启动执法绩效巡查工作	未
玛多公安丨组织学习《中国共产党支部工作条例 （试行）》	未
玛多公安丨组织学习新《刑事诉讼法》	未
玛多公安丨组织开展110接处警模拟警情测试	未
玛多公安丨组织开展细节关乎生命安全文明出行122全国交通安全宣传活动	未
玛多公安丨罗生玉主持召开分管部门 执法绩效考核工作推进会	未
玛多公安丨花石峡交警部门联合多部门 开展扫黑除恶宣传活动	未
玛多公安丨角巴才让看望慰问退伍武警战士	未
玛多县公安局11月20日11月25日信息纳统计	未
玛多县公安局11月26日12月2日信息采纳统计	未
玛德听过某星卡华为脖子的说法，但是华为卡某星脖子的观点第一次见。。。ps：在全球范围内，4G/5G核心专利谁多谁少就凭知乎科学家一张嘴	未
玛格南图片社中的柯达克罗姆胶卷	未
玛纳斯县招聘16名消防大队编制外消防员	未
玛莎拉蒂LaMaserati  法拉利LaFerrari的大表妹 全球汽车 汽车	未
玛莎拉蒂保时捷路虎，杭州一派出所院中停了20辆豪车！原因竟是......	未
玛莎拉蒂撞上护栏后司机逃逸，一查还是醉驾	未
玛雅人真是外星人的后代， 70万年前曾开采地球	未
玩1分钟垃圾分类，看365天免费电影！大光明锦鲤正在找你！	未
玩3D过山车，被人从背后推了一把是什么体验	未
玩zepeto停不下来沉迷于里面的换装和合影	未
玩个小游戏	未
玩个小游戏吧	未
玩个小游戏，看看你现在最缺什么	未
玩个游戏	未
玩个游戏：任选一个你的幸运数字点开，然后照上面做，敢不敢愿赌服输！	未
玩个游戏吧，打出你知道不知道然后一直按下去，看看会出现什么话	未
玩个游戏，评论里留下自己的姓名拼音缩写，看看插楼的怎么叫你	未
玩个游戏，输入我以后会很，出现的第一个词将会是你接下来的生活状态	未
玩个滑梯，两岁孩子险些毁容！而商场的答复是这样的	未
玩也钱赚，美国七岁男童“开玩具箱”成亿万富孩	未
玩俄罗斯方块对工作任务管理的5点启示	未
《玩儿》于谦-人熬鹰，鹰也熬人	未
玩具车都不放过吗哪里都不安全了	未
玩到满身的冰疙瘩也不回家	未
玩副业！金像影后毛舜筠开曲奇店 前一天忙到凌晨	未
玩加电竞冬季招聘：内容运营/社区运营/产品运营办公地点：北京望京 简历投递：投递：hr@wanplus.com，请注明，请注明申请岗位。我们需要这样的你：1.对绝地求生/王者荣耀/英雄联盟/CS:GO等电竞项目热爱且不存在鄙视链思维2.熟悉电竞赛事和战队/选手相关信息文化3.有创意，执行力强，适应团队协作4.本科以上学历，新闻相关专业/能写数据分析/有视频剪辑能力优先详细职位要求和办公环境请看图	未
玩味：为什么说女儿是水做的骨肉	未
玩嗨！一家四口穿泳装雪地尬舞	未
玩在贵州忽如一夜春风来，千树万树梨花开今日大雪，等雪来[米奇比心]    （图据：阿西里西旅游官网梵净山景区官网贵州乌蒙大草原官网乌蒙新报 王润独峰山人中新网）	未
玩在贵州 捕捉降温前的最后一个夕阳，晒晒你窗外的天是什么样	未
玩在贵州 明天贵阳地铁全线开通，约不约要进城了	未
玩壶人最害怕听到的8句话，让人哭笑不得！	未
玩大了！武穴熊孩子爬上17楼楼顶，拿灭火器当玩具，大闹小区......	未
玩姿态不装B都不好意思说自己玩过车。汽车改装	未
玩家们对克朗普斯狂鼠的看法	未
玩家入场 理财子公司新规落地	未
玩家剖析荒野大镖客OL经济系统 解锁全物品需刷4268小时Reddit上一位名叫jmar_的玩家发帖详细分析了荒野大镖客Online中的经济系统，包括不同模式下各种任务进行的时间在大厅内等待的时间获得的现金金条奖励和经验等，目前刷出一根金条的最快时间是1.875小时，速度是之前的4倍多，但总结 ...全文	未
玩家教蓝洞做游戏系列，建议在雪地地图上加入新载具，如下图。你觉得如何绝地求生 （via：iambobsacaman0）	未
玩射钉枪射死表妹射钉枪不用改装就有杀伤力，改装这个干什么	未
玩射钉枪射死表妹我家某亲戚的孩子，玩仿真枪，把我娃的眉毛上打伤了！我去找他家家长，家里老人还拦着！	未
玩就能成牛娃你信不逻辑推理记忆力反应速度一网打尽，逻辑公园桌游，开团！	未
玩得根本停不下来呢。	未
玩微信造学校为了对华人钓鱼执法，这些外国人也是拼了！	未
玩微博8年，除了显卡主板烧的那会转发了几条白菜广告止损，后面也不好意思弄了虽然我有三十几万粉丝，但是我的收入一直很拮据，耳机店的收入一直很低，写代码是我的主要收入来源  这几天要饭算是我今年来收入最高的几天了	未
玩微博的都是女的吗我发现我周围很多男生都不玩微博	未
玩恐怖游戏的我本人	未
玩手机坐过站，女子竟掌掴公交司机！认为开门让她下车只是举手之劳	未
玩手机能挣钱又在骗人莱阳人千万别上当！	未
玩手机能挣钱荣成人千万别上当了！	未
玩手镯的四个等级，看看你到哪一级了	未
玩枪老手	未
玩水垂钓小心！台湾北海岸九大危险水域区域公布	未
玩法从400岁到1000岁，到青浦看古银杏	未
玩游戏你喜欢在主机上面玩，还是愿意在PC上面体验	未
玩游戏太吵引来警察 结果一起玩了起来近日，Reddit用户bboyjovi讲述了一件有趣的事，他和朋友们在公寓里玩《任天堂明星大乱斗》，但是总是被邻居投诉噪音过大，这也引来了警察不断地检查噪音问题。警察在最后一次来访时被他邀请一同游玩，bboyjovi还称赞其中一个选Pikachu的警察玩得很好。游戏的过程中，他还和警察打赌：如果打败了你，就不要罚款我。最终他们和警察度过了一段相当愉快的时光。	未
玩游戏时会回复消息吗	未
玩游戏的时候，队友做的最让你暖心的事儿是什么电子竞技还是有感情的	未
玩游戏赚钱不是捡钱，不具备这四个条件一年亏几万	未
玩火老司机 下班时间到	未
玩烘焙的初衷是什么最后一条亮了	未
玩爽！莫斯科圣彼得堡，3000/人！岂止温岭，这可能是所有南方人都向往的冬天！	未
玩物丧志的副省长受审:与王三运＂有缘＂ 或牵涉茅台	未
玩物丧志的副省长受审 曾任兰花分会副会长	未
玩王者啊，带我一个	未
玩疯了，女子嬉闹对着劳斯莱斯泼漆，修车定损68万！	未
玩疯了，女子嬉闹对着豪车泼漆，修车定损68万！	未
玩的真666//@财富密钥:2007年，2800万取的， 2018年，2.088亿卖给母公司。 缴税吗	未
玩红包威远一个微信群玩红包竟然暗藏...	未
玩车太贵，我还没玩明白呢，再试试别的项目	未
玩转十个领域的跨界青年丨一个人到底能有多大本事	未
玩过烂头背枪吗！！！居然十多年过去了烂头背枪，枪打虎，虎吃人，人做鸡，鸡吃蜂蜂叮烂头。	未
玩这英雄不五杀那肯定是被队友抢了吧！	未
“玩金融”玩崩了？身家155亿“宁夏首富”父子被抓	未
"玩金融"玩崩了？身家155亿的“宁夏首富”父子被抓	未
“玩金融”玩崩了？身家155亿的“宁夏首富”父子被抓	未
玩金融玩崩了？身家155亿的“宁夏首富”父子被抓	未
玩雪的小猴子，像不像第一次看到下雪的南方人	未
玫瑰凋零！99女足国脚张欧影病逝 享年43岁	未
玫瑰版库里美媒列罗斯2016-17赛季和本赛季场均数据对比：得分：18.0：18.3篮板：3.8：3.0助攻：4.4：4.5命中率：47.1：49抢断：0.7：0.63分命中率：21.7：46.9。你觉得罗斯值得一张NBA全明星选票吗	未
玫瑰香体接吻糖 14.8到手这个糖叫：接吻糖 送给女票啊，一百种方式说爱她	未
玮玮日剧《传奇王子》片寄凉太 更新至第十集，中字资源。1-10度盘链接：网页链接 提取码：3O5Z	未
环东供应链  江苏始发63条干线/城配/短驳业务招标	未
环京就是廊坊吧一个__ __的地方！	未
环京楼市众生相：房价跌了一半多，投资者坚信有一天能回本	未
环京逆转，东部北三县，南部涿廊固！	未
环保不只是管关罚，大棒之后，胡萝卜怎么给	未
环保不只是管关罚，大棒之后，胡萝卜怎么给（南方周末）	未
环保专家吁两岸合作“让青山净水变金山银山”　	未
环保促发展  环保不只是管关罚，大棒之后，胡萝卜怎么给（南方周末）环保促发展长期以来，包括环保系统自身对环保的职能认识有误区，认为就是执法关停罚款。执法者不应只是冷面孔，也要有热心肠，能整改的企业找专家把脉，精准帮扶，不能整改的散乱污则严格关停。环保不只是管关罚，大棒之后，胡萝卜怎么给	未
环保促发展环保与经济如何双选浙江长兴的痛与变（南方都市报）环保促发展记者在浙江长兴走访后却发现，经历痛与变之后，长兴在严守环保红线的同时，反而实现了产业的转型和升级。兼并重组后，2017年，长兴县2家超百亿企业成为铅蓄电池行业的领军者，全县该行业产值超200亿元。而长兴县也摘掉了最初全国重污染防控区的标签，成为重金属污染防治示范区。环保与经济如何双选浙江长兴的痛与变（南方都市报）	未
环保促发展  环保风暴下广东小镇的痛与变（新京报）环保促发展 东莞麻涌镇，立村于宋。因纵横交错密密麻麻的河涌而得名。发达的水系本是优势，但随着工业化加速，污染也随之而来。近年来，麻涌经历了环保风暴下的阵痛与巨变。黑臭水蜕变为国家湿地公园，经济效益翻番。因优美的自然环境，成为广州后花园。如今我们环境准入门槛很高，企业来投资，钱可以留下，污染，绝不可以。陈文龙说。麻涌样本，已成为我国环保与经济发展共生的缩影。环保风暴下广东小镇的痛与变（新京报）	未
环保促发展系列报道（10）  广州新塘工业园搬走76家污染企业，居民称住得也安心了（澎湃新闻）环保促发展广州增城新塘环保工业园的76家高污染洗水印染企业今年集体完成了搬迁11月21日，站在广州增城新塘环保工业园76家企业搬迁后腾出的大片空地上，新塘镇常务副镇长罗明在接受采访时说， ...全文	未
环保促发展系列报道（11）  一手抓铁腕治污，一手抓新动能培育  不要带污染的GDP成江苏发展指挥棒	未
环保促发展系列报道（11） 一手抓铁腕治污，一手抓新动能培育  不要带污染的GDP成江苏发展指挥棒（中国青年报）环保促发展 商叶峰说，没想到掌握生杀大权的环保部门居然不是一关了之，而是积极帮企业谋出路目前公司已成立研发中心，生产的新一代环保型涂装设备已远销10多个国家和地 ...全文	未
环保促发展系列报道（11） 一手抓铁腕治污，一手抓新动能培育不要带污染的GDP成江苏发展指挥棒（中国青年报）环保促发展 商叶峰说，没想到掌握生杀大权的环保部门居然不是一关了之，而是积极帮企业谋出路。目前公司已成立研发中心，生产的新一代环保型涂装设备已远销10多个国家和地区。近年来，江苏省在严抓生态环境执法监管的同时，主动作为，精准帮扶，助力企业推进转型升级，绿色发展。 不要带污染的GDP成江苏发展指挥棒	未
环保促发展系列报道（14）   环保不只是管关罚，大棒之后，胡萝卜怎么给（南方周末）	未
环保促发展系列报道（14）  环保不只是管关罚，大棒之后，胡萝卜怎么给（南方周末）环保促发展长期以来，包括环保系统自身对环保的职能认识有误区，认为就是执法关停罚款执法者不应只是冷面孔，也要有热心肠，能整改的企业找专家把脉，精准帮扶，不能整改的散乱污则严格关 ...全文	未
环保促发展系列报道（15）  不要污染的GDP   江苏转型升级的经济账和生态账（中新网）	未
环保促发展系列报道（15）  不要污染的GDP 江苏转型升级的经济账和生态账（中新网）环保促发展从中央地方到企业，从政策法律到监管，从大气水到土壤污染的治理，为全方位多层次践行绿水青山就是金山银山的生态环保发展理念，江苏省提出不要污染的GDP，在转型升级和污染 ...全文	未
环保促发展系列报道（15）  不要污染的GDP 江苏转型升级的经济账和生态账（中新网）环保促发展从中央地方到企业，从政策法律到监管，从大气水到土壤污染的治理，为全方位多层次践行绿水青山就是金山银山的生态环保发展理念，江苏省提出不要污染的GDP，在转型升级和污染整治的过程中，企业和行业遇到怎样的环保压力江苏又是如何协调经济与环保的关系的 不要污染的GDP 江苏转型升级的经济账和生态账（中新网）	未
环保促发展系列报道（29） 江苏工业企业环保风暴中的转型阵痛（中国新闻网）环保促发展今年以来，污染攻坚战全面打响，工业经济位居全国前列民营经济占据半壁江山的江苏省，在铁腕治污的转型升级过程中，一些重污染企业退出历史舞台，化工等行业的大型企业也经历着转型的阵 ...全文	未
环保促发展系列报道（33）  电池之都遭遇环保紧箍咒  关停九成企业后产值不减反增13倍（每日经济新闻）环保促发展近年来在铁腕治污背景下，为了实现环保达标，企业可能不得不加大环保投入，部分环保达标无望的企业在严厉的环保督查之下被强制关闭但环保措施是否真的就像传闻中那样影响了地方 ...全文	未
环保促发展系列报道（33）  电池之都遭遇环保紧箍咒关停九成企业后产值不减反增13倍（每日经济新闻）环保促发展近年来在铁腕治污背景下，为了实现环保达标，企业可能不得不加大环保投入，部分环保达标无望的企业在严厉的环保督查之下被强制关闭。但环保措施是否真的就像传闻中那样影响了地方经济它与经济发展之间存在什么样的联系针对上述问题，11月19日至22日，《每日经济新闻》记者以长兴县为样本展开了调查，并惊奇地发现在经历两次环保大整治之后，当地电池行业企业数量减少超过90，然而行业产值不仅没有减少	未
环保促发展系列报道（8）东莞麻涌：治污拆旧引来金凤凰	未
环保促发展系列报道（8）东莞麻涌：治污拆旧引来金凤凰（中国青年报中青在线）环保促发展坐在广东省东莞市麻涌镇华阳湖湿地公园的仿古游船上，湖面波光粼粼，湖内鱼儿攒动，岸边花团锦簇，如果不是当地人的回忆，很难相信曾经的华阳湖完全是另外一番景象几年前的麻涌镇既享受着化工 ...全文	未
环保促发展系列报道（9）工业园变身背后的环保账本	未
环保促发展系列报道（9）工业园变身背后的环保账本（北京青年报）环保促发展中央环境保护督察组正在山西辽宁吉林安徽山东湖北湖南四川贵州陕西等10省份开展回头看督察进驻在近期公布的十几个典型案例中，不乏地方政府为了经济效益不顾环保要求，给自然保护区内的 ...全文	未
环保保卫阳泉蓝！第15号问题清单整改进展公布	未
环保倒逼：实探超威集团在处理后废水中养鱼	未
环保公司把吸管做成了米粉。。。	未
环保  典型案例！芜湖市公布生态环境保护督察典型案例	未
环保口说无凭，有胆试试照妖镜！	未
环保呼声下，专家让拆除猪圈羊圈，土灶也要拆，农民：不敢苟同！	未
环保回头看横扫10省，山东辽宁山西四川...	未
环保“回头看”要盯紧“表面光”	未
环保回头看走访10省，山东辽宁山西四川...	未
环保回头看，银杏街道从未松懈	未
环保在行动 全国污染源普查是重大的国情调查，开展全省第二次全国污染源普查是贯彻落实中央和省委省政府决策部署的重大任务，是确保打好我省污染防治攻坚战的重要基础，也是加快推进我省经济社会高质量发展的基本前提。	未
环保在行动 //@威海环境: 转发微博	未
环保在行动 //@济南环保: 环保工作动态[ 历下区环境监察三中队联合办事处网格办对辖区单位进行检查。] @山东环境 @绿之芽@绊人星空@龙凤阁主是我@奔跑的红色小鸟	未
环保在行动 //@济南环保: 环保工作动态 槐荫区环保局四中队严防严控严查，严格落实二级应急响应，各项防控措施执行到位。@山东环境 @绿之芽@绊人星空@龙凤阁主是我@奔跑的红色小鸟	未
环保在行动 //@济南环保: 环保工作动态 槐荫区环保局机动车污染防治科对公交西部公司6队进行停放地抽检。	未
环保大港这些小区周边异味这样解决	未
环保头条:环境部直属学会培训通知《环保管家培训证书》	未
环保头条：环境部直属学会培训通知《环保管家培训证书》	未
环保小知识  环境问题归哪个部门管	未
环保小讲堂山东省公布十起环境污染典型案例金律师信箱典型案例选编之二百二，惠民县检察院做强刑事诉讼监督深挖监管渎职线索被告人张某某等污染环境案，金律师@六朝松2011摘自@齐鲁网	未
环保  就在今天！我县启动重污染天气级预警应急响应	未
环保局启动废气排气筒专项整治 14个行业排气筒变化应重报环评23个行业高度要求	未
环保局启动排气筒专项整治 14个行业重大变动应重报环评23个行业高度要求	未
环保平凉中心城区要变靓了！为啥因为多了它	未
环保意识变了，从环保人的事变成每个人的事	未
环保我区完成中央环保督察涉及问题销号五十一个	未
环保提速！20省市水源地整治倒计时！54吨冻品！广西这个走私点这么猖狂！	未
环保攻坚禁燃区莫烧煤！市散烧办将再排查居民用煤情况	未
环保斗士执法中被撞拖行牺牲 拖行距离达2.1公里	未
环保是共同的责任，你不出力，自有你偷懒的代价//@笑多了会怀孕: 环境需要你我他来保护//@知呼酱: 爱护环境啊//@头像集: 保护坏境人人有责。	未
环保检查转战山西和内蒙 铁路站台用煤企业减少进煤 煤炭运输道路迎来大整顿	未
环保河南 河南又有4市启动橙色预警11月24日，省污染防治攻坚办发出紧急通知：漯河平顶山济源洛阳等4个省辖市立即启动橙色预警响应，其他城市立即启动黄色预警响应 河南又有4市启动橙色预警	未
环保津市四举措整治农村环境	未
环保督察：四平二龙山水库保护区 3.7 万株生态涵养林被砍伐	未
环保督察回头看｜亳州谯城弄虚作假，个别干部为企业通风报信	未
环保督察回头看兴仁市 瓮安县 贵阳市南明区立行立改 采取积极措施整改污染问题	未
环保督察回头看  榆阳区将开展散煤治理3年行动	未
环保督察回头看 横山：立行立改，保卫碧水蓝天！	未
环保督察回头看    武侯城管全力降数量追质量	未
环保督察回头看  神木：环保煤让污染少了，蓝天多了！	未
环保督察回头看｜西昌谎报整改完成，32吨危废长期无人监管	未
环保督察回头看进驻工作结束，向地方转办举报37679件	未
环保督察  桦甸市全面加强污染防治和环境保护	未
环保督察组交办大连第十一批70件群众信访问题已办结67件	未
环保督察组通报四平市二龙山水库保护区3.7万株生态涵养林被伐	未
环保督查回头看  绥德：打响城镇环境卫生治理攻坚仗！	未
环保督查家门口就能想建就建9处违建围墙统统拆除！	未
环保督查  桦甸市召开中央环保督察回头看信访案件办理情况调度会	未
环保科普一图读懂：以PM2.5为首要污染物的重污染天气	未
环保科普全球生物多样性丧失的直接因素是什么	未
环保科普全球生物多样性丧失的直接因素是什么环保科普 生物多样性面临的直接压力主要包括自然生境丧失资源过度开发利用环境污染外来物种入侵和气候变化预计到2050年，气候变化将成为生物多样性丧失和生态系统变化的主要驱动因素 环保科普全球生物多样性丧失的直接因素是什么	未
环保科普减少和预防海洋垃圾及微塑料环保科普 近年来，海洋垃圾污染问题日趋严重，已经成为一个影响到世界各大洋的全球性环境问题海洋垃圾不仅破坏海洋生态景观，造成视觉污染，还可能威胁航行安全，造成重大经济损失，甚至影响海洋生态系统健康及人类健康安全 环保科普减少和预防海洋垃圾及微塑料	未
环保科普国际社会为什么需要《生物多样性公约》	未
环保科普我国保护生物多样性工作还有哪些困难和问题	未
环保科普溢油环保科普 在石油勘探开发炼制及运储过程中，由于意外事故或操作失误，造成原油或油品从作业现场或储器里外泄，溢油流向地面水面海滩或海面，同时由于油质成分的不同，形成薄厚不等的一片油膜，这一现象称为溢油。海洋环境中的溢油来源是多方面的，主要有：（1）海域采油（2）海上运油（3）陆源漏油此外还有沉船自然污染以及近岸生产装置污染等其他因素。环保科普溢油	未
环保科普生物多样性丧失会给我们的生活造成哪些影响	未
环保科普生物多样性丧失会给我们的生活造成哪些影响?环保科普 生物多样性是人类社会赖以生存和发展的基础我们的衣食住行及精神文化生活的许多方面都与生物多样性密切相关因此，若生物多样性遭到破坏，提供粮食纤维医药淡水作物授粉过滤污染物防止自然灾害等生态系统的服 ...全文	未
环保科普生物多样性丧失会给我们的生活造成哪些影响?环保科普 生物多样性是人类社会赖以生存和发展的基础。我们的衣食住行及精神文化生活的许多方面都与生物多样性密切相关。因此，若生物多样性遭到破坏，提供粮食纤维医药淡水作物授粉过滤污染物防止自然灾害等生态系统的服务功能都会面临着威胁。没有了生物多样性，人类将面临食物不足清洁水源缺乏空气质量下降等问题，世界将充满各种废弃物。 环保科普生物多样性丧失会给我们的生活造成哪些影响?	未
环保科普赤潮环保科普赤潮：又称藻华，是在特定的环境条件下，水体中某些浮游植物原生动物或细菌爆发性增殖或高度聚集而引起的一种使局部水体变色的生态异常现象根据赤潮发生的种类和数量的不同，水体会呈现不同的颜色 ，如红色或砖红色绿色黄色褐色等，但某些赤潮有时并不引起海水 ...全文	未
环保税首个申报期临近 30个省份明确适用税额	未
环保设施公众开放丨小手拉大手，环保种子在发芽	未
环保诊断在钢铁企业中的作用(2)	未
环保部要求年底前完成环评“未批先建”项目清理工作	未
环保部:跨年重污染过程来袭 24城发红色预警	未
环保部部长陈吉宁：过去环保不守法是常态	未
环保部长为何向全国人大常委会"面呈答卷"?	未
环保阳泉取缔散乱污企业482家	未
环保限量GS 360上还隐藏了这些	未
环保零距离34位公民代表走进省政府了解我省生态环保工作环境质量应急监测车能做什么空气是怎么体检的我省生态环保工作如何做昨日，34位来自各行业的公民代表走进省生态环境厅，参观陕西环境监测实验室，零距离接触空气采样监测以及高大上的实验室副省长陈国强代表省政府与公 ...全文	未
环卫工为残疾小白狗当专车司机：我救过它，它救过我！	未
环卫工人捡到钱包这样做，只因：这是职业操守！	未
环卫工人枯树叶上雕出十大元帅头像	未
环卫工喝上首批2000瓶矿泉水	未
环卫工捡到万元钱包等了两天，终于等到失主江苏盐城环卫工韦小建清扫卫生时，捡到一个装有万元现金银行卡和身份证的钱包。她在寒风中等了失主一个多小时，可迟迟没等到。第二天她本该休息，但一大早她又来到路口等失主，结果真被她等到了。给环卫工点赞！	未
环卫工捡到万元钱包等了两天，终于等到失主江苏盐城环卫工韦小建清扫卫生时，捡到一个装有万元现金银行卡和身份证的钱包。她在寒风中等了失主一个多小时，可迟迟没等到。第二天她本该休息，但一大早她又来到路口等失主，结果真被她等到了。给环卫工点赞！（胡唠堂）	未
环卫工捡烟头一斤卖30元我觉得不应该只鼓励捡烟头，否则可能会变成某些人「发财」的机会，所以还应该重罚扔烟头的。当然，千万别像西边某城市不罚扔烟头的，天天往死里找环卫毛病的。	未
环卫工捡钱包 凌晨冷风中等1小时网友发微博：在郑州火车站赶车丢了钱包，以为落在的士上，准备返回时奇迹般遇到环卫工阿姨，在冷风中等了我将近一个小时。无法用言语感谢，想表示心意，阿姨拒绝，不透露联系方式。这个社会还是好人多我哭得稀里哗啦是因为觉得好幸运。	未
环卫工捡钱包 凌晨冷风中等1小时网友在郑州火车站赶车丢了钱包，以为落在的士上，准备返回时奇迹般遇到环卫工阿姨，在冷风中等了我将近一个小时。无法用言语感谢，想表示心意，阿姨拒绝，不透露联系方式。这个社会还是好人多我哭得稀里哗啦是因为觉得好幸运。	未
环卫工捡钱包 凌晨冷风中等1小时网友苏粉mpp曾经在凌晨发博：在郑州火车站赶车丢了钱包，以为落在的士上，准备返回时奇迹般遇到环卫工阿姨，在冷风中等了我将近一个小时。无法用言语感谢，想表示心意，阿姨拒绝，不透露联系方式。这个社会还是好人多我哭得稀里哗啦是因为觉得好幸运。	未
环卫工清扫落叶忙今天，鼓楼区滨江环卫的工人在热河南路转运清扫落叶。受北方冷空气影响，我市迎来大风降雨降温，路上落叶猛增，环卫工早晨4点就到岗开始清扫落叶。据介绍，最近是法桐落叶高峰期，每天环卫工清扫的落叶量超过500吨。@南京日报徐琦	未
环卫洗扫车驾驶员比拼冲水绝技争当南京工匠驾驶洗扫车上路，对准两排矿泉水瓶冲射，前排的要全部冲倒，后排不能有一丝移动，还不能溅起太多水花12月4日，2018年度南京工匠选树环卫机扫入围选手绝技绝活竞赛展示活动在浦口区举行。（南京日报）环卫洗扫车驾驶员比拼冲水绝技争当南京工匠	未
环卫老伯寒风中睡着凌晨一点，长春市的环卫工人，你在被窝里还觉得这个世界对你不公平么	未
环县老汉寻子之路，太辛酸！	未
环城西路像山西路杨赵路实施道路半幅封闭施工！甘谷车主请注意！	未
环城西路八佳巷人行地下通道开了 电梯咋还不能用	未
环城路小转盘无交通指示标志	未
环境你注意到了吗阆中街道变明亮了！	未
环境保护与经济发展注定互相矛盾来看看这个环保账本	未
环境保护吴起县环境保护局组织召开冬季大气污染防治座谈会	未
环境保护 强监管下环保产业趋冷专家：不要把个别现象当成环保全行业现象生态环境部环境与经济政策研究中心主任吴舜泽认为，不能简单用寒冬这种概念化的词去给整个环保行业贴标签，目前一些环保企业出现的问题，并不是行业普遍问题，不要把个别现象当成环保全行业现象，不要把国民经济现阶 ...全文	未
环境保护 强监管下环保产业趋冷专家：不要把个别现象当成环保全行业现象生态环境部环境与经济政策研究中心主任吴舜泽认为，不能简单用寒冬这种概念化的词去给整个环保行业贴标签，目前一些环保企业出现的问题，并不是行业普遍问题，不要把个别现象当成环保全行业现象，不要把国民经济现阶段共性问题，当作环保产业特征性问题。环保强监管下的产业趋势这个话题比较敏感和复杂，准确来说应是在经济下行PPP金融政策调整去杠杆等综合因素影响下的强监管和产业发展。他认为，目前环保企业特别是环保上市公司出的问题并不是强	未
环境保护部宣布终止第六次朝核应急响应状态	未
环境卫生曝光台	未
环境变了生活节奏也变了，到现在才吃午饭，真是慢生活啊	未
《环境影响评价技术导则 土壤环境（试行）》有关问题答记者问	未
环境执法人员办案牺牲/同行：哀悼英雄！警方：严惩凶手！	未
环境攻坚  副县长祁璟夜查我县环保工作	未
环境整治加力度，曾都处处展新颜	未
环境时评  人民日报：花4700万撒药治污打水漂 治水岂能交差了事环境时评治水是一个技术活，也是一场持久战相关部门不仅要绷紧科学治理这根弦，更需要抓铁有痕踏石留印地埋头苦干 人民日报：花4700万撒药治污打水漂 治水岂能交差了事	未
环境时评环保回头看要盯紧表面光（新华社）	未
环境注意防护！西北沙尘入川 现已影响成都南充广元等10市	未
环境消毒用的杜邦 卫可大家选择的时候稍微注意下	未
环境监测中心：空气质量将于明天白天好转	未
环境部:中国的碳排放量在12年内已减近半China has reduced carbon emissions and use of fossil fuels as well as increased its forest cover in 2017， the State Council announced. The countrys carbon intensity， the amount of carbon dioxide produced per unit of gross domestic	未
环境部：今年水源地环境整治仍有39个问题尚未完成	未
环境部发言人：对公众关注的热点问题，不能视而不见自说自话	未
环境部向全国人大环资委提交《长江保护法》建议稿	未
环境部：《土壤导则》将于明年7月1日起正式实施	未
环境部：将修订《海洋法》，扩大“湾长制”实施范围	未
环境部：本轮污染重点地区82城市启动预警	未
环境部海洋生态环境司开始受理全国海洋废弃物倾倒许可证申请	未
环境部环规院主任葛察忠：排污交易和碳交易如何协同？	未
环境部环规院向全国人大环资委提交《长江保护法》建议稿	未
环境部直属学会培训通知《环保管家培训证书》	未
环境部：蓝天保卫战重点区域强化监督发现涉气问题39个	未
环境部谈中央环保督察：是霹雳手段 也有菩萨心肠	未
环境部：部分地区存在粗放型围填海，首先清理渤海违法项目	未
环境部：首部《土壤导则》将于明年7月1日起正式实施	未
//@环境骑士://@月朗风恬:	未
//@环境骑士:转发微博	未
环巢湖地区与神庙	未
环江一中后门这里，众人围观！什么好事	未
环江也有！广西14批次食品抽检不合格，其中包括吃货的最爱	未
环江：大货车弯道侧翻，两边堵完	未
环江男子身背5条人命，公安部A级通缉令，悬赏20万！	未
环江至罗城二级公路，来看看经过你家没	未
环江这笔钱要涨，来看看有没有你的份..	未
环游斯里兰卡的乌达瓦拉维国家公园旁边有一个象群停靠站，在这里你可以看到野生的小象按时排着队从丛林里走来喝奶，每天有专人喂奶4次，喝完奶的小象会再排着队回到丛林，简直乖到不行，偶尔也能看到有几只喝了一次又偷偷跑回去蹭第二次	未
环环去哪儿  12年磨一坑，记者探秘上海第一网红酒店	未
环球10年，打过26份工，回家仅5次，他是为了什么	未
环球：加应彻底恢复孟自由	未
环球华报：加拿大将实施“史上最严”酒驾法	未
环球博览山羊吃掉主人2万欧元现金 遭报复被做成烤肉史上最贵烤全羊！据俄罗斯卫星网援引塞尔维亚当地网站报道，贝尔格莱德的一个家庭准备了2万欧元现金用于购买土地，他们把钱放在桌上。受害者的妻子称，与我们住在一起好几年的山羊Belka进入屋内并开始吃桌上的钱。当主人发现时，只剩下约300欧元，其他的都被咬破和吞掉。据网站消息，肇事山羊此后被做成了烤肉。（中国新闻网）	未
环球博览 德国巧克力工厂事故 甜蜜成灾！巧克力大道惊动消防员德国的DreiMeister巧克力工厂，因储存问题造成了巧克力泄漏事故，约1000公斤的巧克力流到路面上。巧克力遇室外低温，迅速凝固，形成了一条巧克力大道。为防止路面打滑造成交通事故，25名消防员紧急出动网友：有多少人是想一路添干净的	未
环球将拍勒布朗·詹姆斯个人电影 其自传将作为参考	未
环球小姐首位变性人选手接受采访	未
环球时报2019年会 向松祚：改革开放40年 我在思考3个问题向松祚表示，今年是改革开放40周年，总结过去，探讨未来，可以提出三个问题：第一，过去40年我们总体是单方面的开放，以引进来为主，而我们自己没有多少跨国企业，企业没有走出去，资金没有走出去，货币没有走出去中国企业怎么 ...全文	未
环球时报2019年会 向松祚：改革开放40年 我在思考3个问题向松祚表示，今年是改革开放40周年，总结过去，探讨未来，可以提出三个问题：第一，过去40年我们总体是单方面的开放，以引进来为主，而我们自己没有多少跨国企业，企业没有走出去，资金没有走出去，货币没有走出去。中国企业怎么成为国际企业，货币怎么成为国际货币，金融怎么成为国际金融，中国理念怎么走出去，这是我们需要思考的问题。第二，我们现在开始为全球贡献治理方案贸易规则金融规则货币规则等等，背后的理念是什么 第三，讲对外	未
环球时报2019年会 张树华：2018年的美国村村放火到处冒烟2018年，美国不仅针对中国，而是四处出击到处受敌，张树华表示，美国为首的西方阵营正在分裂美国与其最大的敌人与对手俄罗斯的矛盾正在上升广大亚非拉国家也都在注视美国，甚至在怼美国此外，美国内部政治 ...全文	未
环球时报2019年会 王海运：当下局面的主要症结是美国患上霸权主义焦虑症王海运表示，美国身患霸权主义焦虑症是当下局面的主要症结他认为，美国的霸权诉求有些出于理性，但更有些是极端，这种情况下中国外交环境向好十分困难但另一方面，我们可以看到，世界大部分国家对美国的霸权主 ...全文	未
环球时报2019年会 第二议题开始啦！《中国外交环境好转还是恶化》请关注！	未
环球时报：中国该做的事，有没有贸易战都要做	未
环球时报:中美90天“停火”期 意味着什么?	未
环球时报：为什么说改革开放是中国唯一的路	未
环球时报：基因编辑婴儿事件，国家应全面调查	未
//@环球时报: 据@武汉大学 ，目前，张医生已转到重症室，生命体征尚平稳，但尚未脱险。	未
环球时报：法律的事，加拿大拉美国帮腔有何用？	未
环球时报：看涣散的法国，中国人应思考什么	未
环球时报确认他被抓，前面跟帖说过他长期生活在丹东	未
环球时报社评写道：美国加拿大毫无疑问在滥用它们的司法体系，华盛顿不应试图将其国内法当成其在全球开展商业及外交竞争的战略支援部队。	未
环球时报社评:加拿大应最终彻底恢复孟晚舟自由	未
环球时报社评：让仗势侵害中国利益的国家付出代价...网友:报告胡总编，真正欺负咱们的是美国人，咋办	未
环球时报：美加对中国公民作恶，不会有挡箭牌	未
环球时报：美方释放信息对华施压 中国公众要小心 别被带节奏	未
环球时报：蓬佩奥怼中俄伊，欧洲不会领情	未
环球时报记者眼中的二月河，忐忑的第一次采访由“反腐问题”开始	未
环球汽车快报 Jaguar XJR15仅生产了53台， 也是第一款碳纤维单体座舱的街车。再看看现在再无超跑的捷豹	未
环球汽车快报 不为妥协而生，Giulia 2017款 2.9T 510HP 四叶草版	未
环球汽车快报 玛莎拉蒂LaMaserati  法拉利LaFerrari的大表妹	未
环球社评：驳“中国渗透论”，同时努力消蚀它	未
//@环球网:	未
@环球网 ：孟晚舟获保释后发出的第一条朋友圈：我在温哥华，已回到家人身边。我以华为为傲，我以祖国为傲！谢谢每一位关心我的人。	未
环球:美加作恶不会有挡箭牌	未
环球见闻 2018年全球骚扰电话最多的国家排行榜：巴西居首位据秘鲁《公言报》报道，一份最新的报告显示，在全球骚扰电话最多的20个国家排行榜中，巴西高居榜首。在巴西，平均每个智能手机用户每个月接到逾37.5个骚扰电话。这份报告由来电者身份识别和骚扰电话监测应用程序开发商Truecaller发布。据这份报告显示，印度平均每个智能手机用户每月接到22.3个骚扰电话，位列第二名。报告称：印度骚扰电话问题的主要根源在于手机运营商。很多手机运营商提供免费数据计划，即不限次数拨打电话的特价套餐。	未
环球见闻一位瑞士农场主的中国情11月22日，在瑞士苏黎世附近的施泰因毛尔镇，农场主米勒在自家花卉大棚内摆弄花草。 在瑞士苏黎世以北约25公里的施泰因毛尔镇，有一位叫达尼埃尔米勒的瑞士农场主。从2010年开始，他每年都要组织身边的亲朋好友去中国参观。现在，这位自称中国迷的瑞士人已经成为当地小有名气的中国通。网页链接	未
环球见闻为防止再次迟到，德计划为默克尔购买新空客飞机俄罗斯卫星通讯社16日援引德国《图片报》报道称，在11月末德国总理默克尔飞机因技术故障迫降后，德国国防部长计划购买至少一架远途空客A-330或A350飞机。据报道，德国国防部长乌尔苏拉冯德莱恩已于周三提出相关计划，购买飞机的费用计划从国家预算中支出，飞机的价格因款式新及装备的缘故将达到2亿或3亿欧元。德国《图片报》援引德国国防部长的话报道称：德国总理在G20峰会上迟到的事让人很难过。为了类似的事情不再发生，我们将增加机组成员数量并将	未
环球见闻也门交战双方同意停火:内战已持续4年 数千人死亡据美联社，也门政府与胡塞武装于当地时间周四（13日）同意在战略港口城市荷台达立即停火。周四，在瑞典举行的也门和谈闭幕。联合国秘书长古特雷斯宣布，也门政府与胡塞武装在进行了为期一周的和平谈判后，同意在荷台达市全面停火，在两周内将军队撤离到城外。网页链接	未
环球见闻 人少还要多干活驻非美军或裁减10集中对付中俄据法新社12月4日报道称，美国陆军非洲司令部司令表示，五角大楼减少驻非美军的计划不会影响美军在当地执行任务。美军驻非洲司令部麾下大约有7200名军人。五角大楼上个月宣布，它将裁减约10的非洲驻军，作为美军把注意力转向中国俄罗斯等大国竞争对手的更广泛战略的一部分。网页链接	未
环球见闻以军进入巴勒斯坦临时首都 打伤27人闯入巴通讯社以色列军人10日进入约旦河西岸城市拉姆安拉展开行动。巴勒斯坦红新月会说，以军在行动中打伤27名巴勒斯坦人。 记者和目击者看到，大量以军装甲车当天早晨开始从拉姆安拉东北部进入这个城市，封锁了一条主要街道并动用数架无人机进行侦查。 当天下午，以军闯入巴勒斯坦总统府附近的巴勒斯坦通讯社新址，控制了里面的工作人员并查扣一些设备。以军还开枪并发射催泪瓦斯驱散向巴勒斯坦通讯社聚集的人群。 以军当天傍晚离开拉姆安拉。网页链接	未
环球见闻 印尼28日公布失事客机首份报告 聚焦客机系统等问题据外媒报道，28日，印度尼西亚当局将公布狮航空难的第一份调查报告。调查报告将聚焦波音737型客机的防失速系统，以及狮航的机师培训与飞机维修等方面也会是调查重点。据报道，鉴于记录失事客机驾驶舱语音录音的黑匣子仍未找到，28日公布的调查报告预计不会对这起空难的原因做出确切的结论。当地时间11月1日上午，印尼国家联合搜救队打捞出失事飞机黑匣子中的飞行数据记录仪(FDR)。网页链接	未
环球见闻印度新建大桥成自拍大桥 民众冒生命危险进行自拍2018年11月23日讯，印度新德里，印度首都新德里本月初通车启用的一座名为签名大桥的新桥梁，近日成为民众最新的打卡拍照热点，有人甚至冒险爬上钢缆站在桥边或其他危险位置自拍，令当局不得不赶紧想方设法杜绝这类危险行为。网页链接	未
环球见闻 印度马哈拉施特拉邦两车相撞 至少10人死亡据印度媒体9日报道，印度马哈拉施特拉邦钱德拉布尔地区一辆卡车和一辆面包车8日晚间相撞，造成至少10人死亡。据印度报业托拉斯报道，当地时间8日晚9时30分，一辆卡车和一辆载有14人的面包车在钱德拉布尔地区相撞，造成至少10人死亡，包括7名妇女和2名儿童，另有多人受伤。伤者已被送往当地医院救治。因道路状况恶劣以及驾驶员超速车辆超载等违规操作，印度交通事故频发。据不完全统计，印度每年有约15万人死于交通事故。网页链接	未
环球见闻叙库尔德代表：美国从叙利亚撤军为时过早据俄罗斯卫星网报道，叙利亚库尔德斯坦驻莫斯科代表比耶纳夫向卫星通讯社表示，叙利亚库尔德人认为美国从叙撤军为时过早。 美国总统川普此前表示，恐怖组织伊斯兰国已经被击败，美军应该回家。美白宫19日宣布，美国开始从叙利亚撤军，但这并不意味着国际联军将停止打击伊斯兰国的工作。 媒体援引消息人士的话称，美国国务院所有工作人员将在24小时内从叙利亚撤离，军队则将在60到100天内撤出。美国政府一名高级代表19日表示，美国的反恐任务不会因从叙利亚撤	未
环球见闻土耳其用军购在美俄间打太极：评估S400和爱国者在美土关系获得转圜后，土耳其近来又在美俄间打起了太极。据俄罗斯卫星通讯社12月24日报道，土耳其总统府发言人卡林在新闻发布会上表示，土耳其可以购买美国的爱国者防空导弹，但这并不会影响土耳其购买俄罗斯S-400防空导弹的意向。网页链接	未
环球见闻地球人的首选 1.58亿人想移民美国一份最新报告显示，尽管有报道称川普(Donald Trump)总统苛刻的政策吓跑了大批试图来美者，并使加拿大和一些欧洲国家成为移民们的首选，但美国仍是那些寻求新家园的移民的最爱。据《华盛顿观察家报》（The Washington Examiner），盖洛普(Gallup)在一项全球调查发现，世界上有15(7.58亿)的人想要移民，其中大部分是为了找工作。他们中约有1.58亿人想移到美国，这一数字远远超过俄罗斯的总人口。 盖洛普(Gallup)表示，美	未
环球见闻 外媒:印度去年百万人死于空污 人均寿命缩减5.3岁根据一项新的全国性调查，印度至少八分之一的死亡是由于空气污染。这是印度糟糕空气对健康长期影响研究的最新补充。研究发现，印度77的人口吸入的有害颗粒物数量超出了印度政府制定的标准，而这一标准已经是世界卫生组织建议上限的四倍。网页链接	未
环球见闻外媒：法执法机关释放斯特拉斯堡枪案枪手4名亲属据法国巴黎检察院的消息，执法机关释放了在斯特拉斯堡圣诞市场向人群开枪者谢里夫切卡特的父母和两个兄弟。据报道，当地时间12日凌晨，上述人员在恐怖袭击事件发生后被抓，并因目前缺少可以指控他们有罪的证据，于15日被释放。但与此同时，仍有3名枪手的亲属在拘押中。29岁的谢里夫切卡特因多起违法事件而被执法机关所熟知，当地时间12月11日晚，他涉在斯特拉斯堡圣诞市场附近向人群开枪，事发后逃逸。据最新消息，有3人在枪击中死亡，13人受伤。	未
环球见闻大规模示威在巴黎卷土重来 已造成百余人受伤巴黎当地时间1日再次出现大规模示威，本次示威比一周前的示威更具暴力，目前已造成百余人受伤，超过两百人被捕。过去两周多以来，抗议人士开始在法国各地集结，通过堵塞交通上街示威等方式，就油价飙升等民生问题举行抗议活动。网页链接	未
环球见闻巴黎警方使用催泪瓦斯驱赶黄背心 逮捕107人据路透社12月1日报道，法国警方当天在巴黎香榭丽舍大街上与即将参与第三次示威游行的人发生了冲突。为了维持当地的秩序，警方对游行示威的群众动用了催泪瓦斯致眩手榴弹和水枪。警方还称，由于担心此次抗议活动受到极右翼和极左翼团体的渗透，在这场骚乱中逮捕了60人。据今日俄罗斯1日最新报道，被逮捕人数已经达到107人。网页链接	未
环球见闻德亲王1欧元甩卖城堡 西媒：135间房实在维护不起西媒称，35岁的德国汉诺威亲王恩斯特奥古斯特五世宣布以1欧元的象征性价格出售在下萨克森州的宏伟的王朝官邸马林堡宫殿，王子不想再花更多的钱来维护宫殿。这个让亲王花了14年时间才作出的决定证明，德国贵族的生活并不像看上去的那样辉煌光鲜，梦幻城堡也不总是像看上去的那样漂亮。 据西班牙《国家报》网站12月3日报道，这对我的家人来说是一个非常重要的决定，汉诺威亲王在宣布出售宫殿时承认道，我们已经找到了一个很好的解决方案，可以为公众保留宫	未
环球见闻德国一巧克力工厂发生泄漏 巧克力流满街道据CNN报道，当地时间12月10日（周一），在德国西部的一个小镇，出现了一个可能只会发生在童话中的场景，一吨左右的液体巧克力从一家工厂流出，把一条街道堵住了。消防员说，在韦尔镇郊区的德雷梅斯特巧克力工厂，一个储罐溢出，巧克力流出了工厂大门，凝固在寒冷的人行道上。大约一吨的巧克力流到工厂院子里，再流到街上，韦尔镇消防队的发言人发布声明。声明还说： 这些巧克力形成了一个十平方米的巧克力薄饼。现场工作的消防员随后拿铲子用力铲除这甜蜜的危	未
环球见闻 德国亲王1欧元甩卖城堡 西媒：135间房实在维护不起西媒称，35岁的德国汉诺威亲王恩斯特奥古斯特五世宣布以1欧元的象征性价格出售在下萨克森州的宏伟的王朝官邸马林堡宫殿，王子不想再花更多的钱来维护宫殿。这个让亲王花了14年时间才作出的决定证明，德国贵族的生活并不像看上去的那样辉煌光鲜，梦幻城堡也不总是像看上去的那样漂亮。网页链接	未
环球见闻惊险！天灯飞上6100米高空 英航客机险些撞上据外媒报道，一份报告披露，英国航空公司一架客机以644公里的时速飞返伦敦时，在6100米高空差点撞上一盏天灯，当时天灯距离飞机只有几十米。据报道，飞行记录显示，这架载有50名乘客的飞机从英属地曼岛飞往伦敦城市机场，飞到剑桥郡达克斯福特附近时，机组人员居然在6100米高空看见一盏天灯，当时天灯距离飞机不到30米。这盏天灯从这架Saab 2000双涡轮螺旋桨飞机的左侧飘过，高度略高于飞机，促使机师通知空管人员。负责调查这起事件的英国空难	未
环球见闻意大利冬季流感疫情来势凶猛 超50万人被感染据欧联网援引欧联通讯社报道，当地时间11月30日，意大利卫生部门发布冬季流感疫情通报称，在过去的一周时间内，卫生部监测机构已收到13.8万名流感患者诊断报告，目前正在接受治疗的流感患者已经超过了55万人。网页链接	未
环球见闻意大利球迷集体用假车票乘火车 警方介入调查据欧联网援引意大利欧联通讯社报道，意大利罗马球队50名球迷日前乘坐高铁从罗马前往乌迪内，途中铁路乘务员检查车票时发现，这群球迷全部使用的是假车票。随后，警方介入此事，将球迷赶下列车，并对案件展开调查。网页链接	未
环球见闻捷克现领导人沙袋供游客释放压力 川普成泄愤对象当地时间2018年12月10日，捷克布拉格，当地现欢迎来到艰难时代主题互动装置，游客击打印有著名政治人物头像的沙袋，释放愤怒情绪和挫折感。网页链接	未
环球见闻新西兰报告第二起草莓藏针事件 涉事超市将草莓下架据外媒报道，日前，有新西兰民众报告称，在从南岛一家超市购买的草莓里，发现了金属针。这是新西兰报告的第二起草莓藏针事件。据报道，新西兰警方26日称，上周末，有顾客从南岛小镇杰拉尔丁一家超市购买了一篓草莓，这篓草莓其中一颗藏有金属针。网页链接	未
环球见闻日媒：除菌喷雾引燃或为札幌爆炸事故肇祸原因据日本《朝日新闻》中文网报道，日本札幌市一栋建筑物16日发生爆炸并起火倒塌。有关这起事故，通过对搜查相关人士的采访得知，入驻在该建筑物的不动产中介公司的工作人员表示，曾在室内喷洒超过100瓶除菌消臭喷雾。搜查方面认为，此类气体可能与爆炸有关，并展开调查。网页链接	未
环球见闻 日本国土交通省拟定飞行员酒精检测新规据日本《朝日新闻》中文网报道，日本国土交通省于19日针对飞行员饮酒拟定新政策。新政策规定，针对运输乘客及货物的国内航空公司，飞行员的酒精检测值若非0，均匀不允许出勤。据报道，根据新政策，以包括驾驶私人飞机在内的所有飞行员为对象设定酒精浓度标准，即血液中的酒精含量每升小于0.2克，呼气则为每升小于0.09毫克。网页链接	未
环球见闻 日本海自培训像地狱 教官空中猛敲飞行学员脑袋近日，一段日本海上自卫队航空学校飞行员培训画面在互联网上迅速流传。日本飞行教官对学员十分严格，多次训斥甚至敲打学员，被称为地狱般的严厉程度。视频的旁白表示，虽然教官的态度十分严格，但飞行员一瞬间的决定就关乎着两条生命。网页链接	未
环球见闻朝韩启动跨境铁路联合考察 时隔10年韩列车再入朝韩媒称，韩国统一部28日表示，韩朝商定30日启动跨境铁路联合考察，为期18天。由此，韩方列车将时隔10年再次在朝方路段运行。据韩联社11月28日报道，韩国统一部表示，韩方原提议26日至29日推进该项目，但朝方提议30日，经双方磋商最终敲定于30日启动联合考察。报道称，韩方列车将于30日从首尔站出发，经停都罗山站，开往朝方境内的板门站。从板门站开始，韩方列车将由朝方动力机车牵引。网页链接	未
环球见闻 欧洲时报：意大利通过最严移民法 限制移民商业活动据《欧洲时报》报道，当地时间11月29日，意大利国会通过极右派内政部长萨尔维尼推动的强硬反移民及安全法案，意大利政府今后可更轻易驱逐移民，申请居留许可的条件也更为严格。网页链接	未
环球见闻法国黄背心运动周末或再上演 卢浮宫等暂停开放据中央社报道，法国反调涨燃油税的黄背心运动愈演愈烈，本周末可能再发起示威活动，法国当局如临大敌，已暂停开放埃菲尔铁塔及卢浮宫博物馆，巴黎香榭丽舍大道上的数十家商店也将暂停营业。网页链接	未
环球见闻法国黄背心运动第3周 巴黎69人受伤169人被捕据欧联网援引欧联通讯社报道，当地时间12月1日，法国民众抗议燃料税上涨进入第三周，巴黎市黄背心抗议者与警察发生冲突。警民冲突事件至少造成60多人受伤，160多人被捕。网页链接	未
环球见闻法媒:韩国一邪教头目多次强奸8名女信徒 获刑15年法媒称，一名韩国邪教组织头目11月22日被认定曾多次强奸8名女信徒，被判处15年有期徒刑。部分受害者曾相信他是上帝。据法新社11月22日报道，虔诚的宗教信仰在科技发达的韩国相当常见，44的韩国人表示自己信仰某种宗教。网页链接	未
环球见闻法进入恐怖袭击紧急状态 搜捕斯特拉斯堡枪案嫌犯外媒称，数百名警察和士兵12月12日搜捕在欧洲一个著名圣诞市场附近向人群开枪的极端主义嫌疑人。这起发生在法国东部城市斯特拉斯堡的事件已造成3人死亡，至少13人受伤，并且让整个法国再次陷入紧张。网页链接	未
环球见闻法黄背心示威继续 巴黎部署装甲车和8000警察12月8日，尽管法国政府在暂停增加燃油税，但是黄背心抗议者依然在第四个周六继续进行示威活动。法国政府在巴黎部署了8000多名警察，还部署了装甲车。网页链接	未
环球见闻 痛心！145条鲸鱼在新西兰南部岛屿搁浅死亡据外媒报道，新西兰当局称，日前，有多达145条鲸鱼在该国南部斯图尔特岛搁浅死亡。据报道，一名登山者于24日发现了这群搁浅鲸鱼，当时它们中大约半数已经死亡。考虑到其他鲸鱼的情况，加之鲸鱼搁浅的地点偏远，人员物力难以进入，当局决定对余下存活的鲸鱼实施安乐死。报道称，鲸鱼搁浅事件在新西兰较为常见，该国动物保护部门平均每年要应对85起。在这些案例中，通常是一只动物搁浅。上周末，新西兰全国的海岸发生了4起海洋生物搁浅事件。新西兰动物保护部门称，	未
环球见闻美军头号将领换马:特种兵出身的学霸何以脱颖而出近日，向来惯于在军事议题上别出心裁的美国总统川普又做出一个意外之举。在与美国众多高级将领参加陆军-海军年度橄榄球赛前，川普突然向媒体宣布，他将提名现任美国陆军参谋长的马克米利接替约瑟夫邓福德出任参谋长联席会议主席一职 ...全文	未
环球见闻 美军撤出叙利亚 土耳其总统表态愿接盘美国总统唐纳德川普宣布准备从叙利亚撤军两天后，土耳其总统雷杰普塔伊普埃尔多安表示愿意接盘，继续在叙利亚打击极端组织伊斯兰国。埃尔多安21日在伊斯坦布尔参加活动时说，土耳其军队将动用军队，打击盘踞在叙利亚的伊斯兰国残余成员。网页链接	未
环球见闻美国海军宣布5失踪人员坠机中死亡 搜索行动结束美国海军陆战队11日宣布终止驻日美军两架军机相撞事件的后续搜救工作，5名失踪人员已遇难。据美国全国广播公司（NBC）11日消息，美国军方周二已向失踪人员家属发布死亡通知。《华盛顿邮报》援引海军陆战队第三远征军指挥官埃里克  史密斯（Eric Smith）中将的声明称，美日澳三方已在搜救工作中用尽全力，但未能找到失踪者。我们已用尽一切努力试图找回船员。 史密斯表示。网页链接	未
环球见闻美国防部：撤军完成前 将持续在叙利亚实施空袭当地时间周四（20日），五角大楼发言人莱巴里奇（Rebecca Rebarich）称，直到全面撤军完成之前，美国仍将持续对叙利亚境内的恐怖分子实施空袭。据塔斯社法新社等外媒报道，莱巴里奇说，只要美军还在这，我们就会进行进行空袭和炮击，以支援我们的部队。她还说，我们不会推测未来的行动。网页链接	未
环球见闻美大使称俄罗斯图-160是文物 俄媒：美轰炸机更老据今日俄罗斯电视台网站12月17日报道称，美国驻哥伦比亚大使凯文惠特克把俄罗斯的图-160（代号海盗旗）战略轰炸机比喻为博物馆藏品。然而，俄罗斯的这款轰炸机真的过时了吗它们与美国同类轰炸机相比又如何呢 报道称，近期飞往委内瑞拉的2架俄罗斯轰炸机，是尼古拉库兹涅佐夫号和瓦西里列舍特尼科夫号图-160战略轰炸机。 尼古拉库兹涅佐夫号在1990年12月29日完成组装，先是编入位于乌克兰普里卢基的苏联远	未
环球见闻美媒：中国人对美国投资移民项目兴趣减弱参考消息网12月7日报道 美媒称，中国投资者是美国EB-5投资移民项目每年数以千计参与者的一部分。外国人至少要向美国的开发项目和企业投资50万美元，以便为自己和家人获得美国的永久居留权。但现在，该项目最大的客户，即富有的中国人对它的兴趣日益减弱。 据美国《华尔街日报》网站12月4日报道，西尔弗斯坦房地产公司首席执行官马蒂伯格近期在纽约的一个房地产会议上谈到EB-5项目时说：中国市场几乎已经停滞。 分析人士指出了一系列原因，包括等待美国签	未
环球见闻美媒：英国一大型动物园失火 内有1.5万只动物美媒称，英国某动物园的一处展馆15日发生失火，迫使动物管理员疏散游客，并把动物转移至远离火焰的地方。该动物园是英国规模最大的动物园之一。据美联社12月15日报道，目击者说，火情于上午11时30分爆发于季风林栖息区，大风助长了展馆建筑充气屋顶上的火焰。这家动物园位于英格兰利物浦市以南的切斯特附近，园方没有说明失火原因。网页链接	未
环球见闻英国将暂停发放黄金签证 打击获准入英的寡头《每日邮报》12月6日报道，英国政府从明天午夜开始，暂停发放黄金签证，对获准进入英国的黄金寡头进行打击。据了解，所谓的黄金签证允许超级富豪快速前往英国，以换取数百万英镑的政府债券或英国企业投资。但据《纽约时报》报道，为了减少有组织犯罪和洗钱活动，从明天午夜开始，这些签证将被暂停。外国投资者的黄金签证申请将不予受理，签证发放将暂停，直至另行通知。那些已经提交了申请的人将被处理。网页链接	未
环球见闻英国要求超市大量囤货 恐脱欧失控一半货架空空如也北京时间12月8日，英国特里莎-梅政府告知超市在全国各地的仓库中尽可能多地囤积商品，以防英国无协议脱欧。 大臣们正提出这项要求，因为在最坏的情况下，英国无协议脱欧将导致额外的边境检查，从而使得该国主要的与欧盟贸易路线（从法国加莱港至英格兰东南部的多佛）的处理能力降低至仅为现有水平的13。六名知情政府官员和行业官员告知了彭博此事，但因为该应急计划未公开，知情人士要求匿名。 英国联合工会的食品饮料和烟草业官员Joe Clarke称，	未
环球见闻英政府为无协议脱欧做准备 3500名士兵待命以防万一据外媒报道，英国政府18日表示，将全面实施无协议脱欧计划，公众和企业开始被告知做好准备以防万一。这些计划包括在渡船上留出空间，以确保医疗用品的正常流动，并保持3500名武装部队人员随时准备支持政府的应急计划。网页链接	未
环球见闻 莫斯科一学校因少年打匿名炸弹电话 疏散近300人据俄罗斯卫星网27日报道，俄罗斯紧急情况部莫斯科分局代表向卫星通讯社表示，莫斯科北部一所学校在接到匿名炸弹威胁电话后疏散了近300人。该代表说：一名少年打来匿名电话，称位于莫斯科西北部的第158学校有炸弹威胁。排查期间，约300名师生被转移到了邻近的学校。他表示，执法人员已经开始搜寻肇事者。网页链接	未
环球见闻调查：比利时半数年轻人患手机依赖症比利时自由医疗保险互助会7日公布的一项调查显示，比利时半数以上年轻人患有手机依赖症。调查显示，在12岁至15岁人群中，49的人承认完全依赖或一定程度依赖手机在16岁至18岁和19岁至23岁人群中，这一比例分别是54和52。在受访的千余名年轻人中，80的人每天都会使用社交网络，日均使用时长为一个半小时，41的人日均使用时长达到2至3个小时。此外，受访者日均查看手机47次，其中25的人日均查看手机超过100次。网页链接	未
环球见闻这位沙特亿万富翁消失了400天 帝国却犹存去年，在由沙特王储掀起的反腐运动中，一位名为穆罕默德阿穆迪的沙特籍亿万富翁和数十名沙特王子商人一起在利雅得的丽思卡尔顿酒店消失。其中一些人在上缴财产后重见天日，但阿穆迪消失了400天仍然不见身影，但他庞大的帝国却在照常运转，引发关注。网页链接	未
环球见闻韩朝将于12日对试点拆除哨所现场进行相互验证据韩联社报道，韩国国防部次官(副部长)徐柱锡6日表示，韩朝军方商定将于12日互派检查员，对非军事区内各11个监视哨所的拆除情况进行现场检查。据报道，徐柱锡在记者会上称，为验证韩朝上月根据《919军事协议》试点拆除哨所，双方将各派11个检查组，1组检查1个哨所，各组组长由大校级军官担任。每个检查组有7人，5人实施检查，2人负责拍摄。网页链接	未
环球见闻韩朝铁路联合考察结束 韩方列车在朝行驶2600公里据韩联社报道，17日，韩国统一部发言人白泰铉表示，韩朝对京义线和东海线铁路路段进行的联合考察当天全部结束。据报道，在此次联合考察过程中，韩方列车在朝鲜路段行驶距离达2600公里。网页链接	未
环球见闻韩赴朝列车结束考察今返韩 18天行驶共2600公里据韩联社报道，18日，韩国统一部表示，赴朝考察韩朝东西两条跨境铁路朝方路段的韩国列车，于当天上午驶回韩朝军事分界线以南的都罗山站。据悉，列车在朝方境内共行驶18天，共行驶了2600公里。网页链接	未
环球见闻 马克龙走访巴黎示威后的街道当地时间2018年12月2日，法国巴黎，法国总统马克龙偕政府官员走访前一日发生示威冲突的巴黎街道，会见防暴警察和消防员。1日为抗议政府上调燃油税，黄背心运动在法国组织第三次示威游行，警察和示威者发生对峙，导致著名的凯旋门星型广场与香榭丽舍大街发生骚乱，场面一度失控。据报道，示威者冲破警方封锁线，堆路障，放火，更有甚者挥动铁锤砸警车，欲与警方对峙到底。巴黎共有140多人被捕，有65人受伤，其中包括11名警察。另外，黄背心当天也在其他法国各大城市组织了相当	未
环球见闻马来西亚商场爆炸致3死41伤 3名遇难者皆为华裔当地时间4日，马来西亚古晋市的City One商场发生爆炸，导致3人死亡，41人受伤。 据马来西亚星洲日报报道，这起爆炸事件发生于4日中午三点左右，当地消防部门总监凯鲁丁透露，3名死者为华裔，都是装修工程承包商的工人。其中欧桂林（译 ...全文	未
环球见闻 马航MH370为何找不到丹麦教授：找错地方了据英国《每日邮报》12月7日报道，一名丹麦工程学教授声称，他以90以上的精确度计算出了马航失联客机MH370的位置，而且距离目前的搜索区域很远。克里斯滕森教授说，调查人员计算出的飞机飞行路径是错误的，飞机可能坠毁的地点实际上是在印度尼西亚爪哇岛以南的澳大利亚圣诞岛附近。网页链接	未
环球见闻黄背心活动第四个周六：示威恐扩散至邻国尽管法国政府在增加燃油税问题上投降了，但是黄背心抗议者依然决定在今天（8日）进行第四个周六的全国性示威活动。据美联社报道，当地时间8日早上9时，数百名身着黄背心抗议者聚集在巴黎市中心凯旋门附近，准备沿香榭丽舍大街游行。由于担心暴力事件发生，抗议者被警方团团包围。此前，法新社报道，巴黎警方8日凌晨拘留278名涉嫌策划暴力活动的示威者，巴黎警方发言人随后称大部分被捕者已释放。美联社8日称，黄背心运动恐扩散至邻国比利时和荷兰	未
环球见闻 黄马甲运动成相亲会 现场举办婚礼近日，两名黄马甲抗议者在参加抗议的同时举办了自己的婚礼。事发在法国上比利牛斯省的塞梅阿克地区收费站，这两名新人在50多名见证者的注视下交换了结婚戒指。一名从抗议者中选出的市长主持了二人的婚礼，并希望他们能在如今的经济形势下，生活在爱与芬芳的环境里。网页链接	未
环球｜“黑色星期五”打折大促，世界多地剁手党疯狂“血拼”	未
环线上驾驶看来非机动车也得考交规了（给我一辆自行车吧好饿我要回家吃饭）	未
“环聚一堂”第5期：政局风云变幻，欧盟将向何方？	未
环评费事费力，监管有心无力，怎么办	未
环闽动车时代要来了1月5日将首次开行	未
现今社会18愁，精辟！	未
现代9大酷刑，你最怕哪一个	未
现代中东如何形成？专访英国史学家詹姆斯•巴尔	未
现代人的喜欢真廉价 好友一删就什么都断了	未
现代人的微信群名，80都让人脸红心跳	未
现代人的祖先可能遇到过独角兽？专家称完全有可能	未
现代人的聊天群名，80都让人脸红心跳	未
现代、克莱斯勒宣布召回部分进口至中国的汽车	未
现代制药发布公告称芬太尼类产品未出口	未
现代制药：芬太尼系列产品均在国内销售 没有出口到任何国家	未
现代制药：芬太尼系列产品均在国内销售，没有出口到任何国家	未
现代商船或将与2M联盟分道扬镳，正寻求与海洋联盟和THE合作	未
现代大学生御寒方式	未
现代文明新风吹暖南疆大地	未
现代汽车召回部分进口起亚斯汀格汽车 共计27辆	未
现代汽车管理层重组：17位高管变动路透社消息：现代汽车集团负责研发的两名副总裁杨元哲和权文植已提出辞职，前宝马高管-研发部总裁艾伯特比尔曼被任命为该部门新负责人。现代汽车副董事长金荣焕被调离该核心制造商。总体而言，整个集团（包括现代和起亚）有17位高管职务发生变动。百家车谈	未
现代汽车管理层重组：17位高管变动路透社消息：现代汽车集团负责研发的两名副总裁杨元哲和权文植已提出辞职，前宝马高管-研发部总裁艾伯特比尔曼被任命为该部门新负责人现代汽车副董事长金荣焕被调离该核心制造商总体而言，整个集团（包括现代和起亚）有17位高管职务发生变动百家车谈	未
现代版滥竽充数	未
现代管理之父德鲁克留给世人最后的遗作，到底说了什么	未
现代起亚韩国总部调整中国业务汇报层级	未
现任与前任齐聚：美国5位在世总统参加老布什国葬	未
现任与前任齐聚：美国五位在世总统参加老布什国葬	未
现充两天，有事在这条留言或者找我提问箱，大后天上线看。么么哒	未
现在2000w已经不是钱吗昨天五亿哥一晚上就折了2000w，今天听说lai一炮也2000w 有钱人的世界看不懂	未
现在AA制我都去不起了，我发明了个AAB制，就是你们AA，我腆个B脸去。	未
现在一些小学生写作业用互联网公司给学校开发的APP我见过，写完拍照，自动打分那种。。。但洗澡打开水用还真是头回见//@国东: 洗澡刷手机有点横了网页链接@Jason--Tao（分享自@鲜知）	未
现在一些网店发短信广告前面能不能不要加名字啊我买东西时留了名字：村里最靓的崽结果收到短信：村里最靓的崽，双十二到了，欢迎村里最靓的崽来我们店balabala	未
现在，一定的，这一切再也回不来了，难道就在人们不断往前走的时候，还能够重新找回遗留在他身后的东西吗DAY 335。	未
现在一岁多想的小孩子越来越厉害了 微博视频	未
现在一看到这种新闻就会想起当年洗地的各位中国记者	未
现在上什么班，老板发给几十万税后工资还不用朝九晚五挤公交坐班哪种的工作介绍一个//@刚果第二首富:忙活一年还不如去上个班	未
现在上帝免费送你一样东西，你想要什么? 三秒钟！不许贪，只能选一样  1.一张1000万的支票。 2.一辆最新款的靓车。 3.一套漂亮的房子。 4.一个高人气的微博。 5.一家稳定盈利的小公司。 6.一个真心爱人。 7.一张偶像的签名合影照。 8.一个永远不吵架的家。 9.一只可爱听话的宠物...	未
现在上车还得及，快！//@爱拆快递的安妮: 下午就开，再不上车就晚啦	未
现在不会画表情包没点美术功底都不能当老师了	未
现在世界上威力最大的手枪史密斯威森M500转轮手枪	未
现在中传是有苦难言，原来以为挖来一个宝，没想到现在鼓个包。以后有他们苦日子过了。	未
现在中国有这样一个弱势群体：有房有车，中年已婚男，别名韭菜。中国股民，需要给予更多关爱。	未
现在中国有这样一个弱势群体：有房有车，中年已婚男，别名韭菜中国股民，需要给予更多关爱	未
现在之福，积之祖宗，不可不惜将来之福，贻之子孙，不可不培。现在之福，如点燃灯火，随点随竭将来之福，如添油料，愈点愈久。有福要珍惜，无福要培福，世事无常，因果不爽，祸福无门，惟人自招，世间没有不劳而获的事，德不配位，必有灾殃。	未
现在买家电股要做好一年半载不挣钱的准备	未
现在争取的最大胡丽就是，首次单项免费，但是需要排队。喂杏：937252937	未
现在人为什么多病都是因为做多了这件事！	未
现在人和人之间的矛盾，主要是来源于有那么一拨人，惯于用圣人的标准衡量别人，用贱人的标准要求自己。	未
现在人才越来越多了，这比卖萝卜还赚钱	未
现在人还好，上午人多。 查看图片	未
现在什么生意都敢做 //分享网易新闻:《暗访地下捐精，捐精者：来钱快，不用负责，网友：不怕得病》 暗访地下捐精，捐精者：来钱快，不用负责，网友：不怕得病 @网易新闻客户端 网易新闻	未
现在仍然是可以持股的时候	未
现在你们慌不慌我慌的一逼 金州勇士	未
现在你的面前有一个由我缔造的按钮。它可以把你本人完全转换成意识，一键上传到云端（全球互联网，并非某国局域网），与此同时你的肉体凭空消失，再也不用喂其吃饭给其洗澡以及抽时间去锻炼美容化妆添置衣物首饰。而你的意识可以在互联网里无限制地四处遨游，在短时间内看无数的书视频电影，游玩所有你喜欢的游戏，并在日新月异层出不穷的各种客户端或智能物理终端附着并表达。你可以创造自己喜爱的线上形象，在虚拟现实中与真实世界的人类或与你一样的意识类人类交友游玩甚至参与现实中的经经济活动（出售或购买商品在现实中开办公	未
现在你那儿多少度	未
现在信息爆炸，一年已是过去3年，小孩已不是小儿了	未
现在做公号的美编真拼啊	未
现在做好两清一补，来年壮如虎！	未
现在做好这件事，一个冬天不怕冷不感冒，老寒腿都好了	未
现在做微商还是很赚钱的。	未
现在做生意，首先要想到这件事	未
现在做病毒的门槛也忒低了。。。 薅羊毛也能薅出电脑病毒	未
现在入行一年抵得上过去十年长的见识，整个上海没有一个涨停板，这事情听都没有听说过	未
现在全市气温不到20度，比昨天低了3-4度今天白天将持续阴天，温度变化不大大家体感如何	未
现在全市气温在12度左右，下午气温一直在缓慢下降，不过晚上因为有云层的保温作用，明早的温度也不至于降得太低，大概也就降到11度吧，宝安和龙岗的最北边有望接近10度以下	未
现在全武汉的人都在等雪这雪要是不下或者下得蛮大你都是要负责的 听到冒 @湖北天气	未
现在公交车上都有视频记录  为何民航飞机至今没有	未
现在，公园一株玉兰树花苞满枝	未
现在六点多天还不亮没有起床的氛围鸭	未
现在关于刻赤海峡俄乌冲突的新闻满天飞，其实最重要的两点交待清楚了就可以:首先，乌舰船闯进去的海域早在克岛加入俄罗斯之前就是俄海域其次，根据逮捕的在船上的乌安全局人员的说法，乌高层曾命令乌船只开火，天上有飞机，海面有炮艇，开火与自杀无异.也就是说，压根没想让这几个军人活着回去	未
现在准备出发去北京嘿嘿	未
现在出家的都是高学历	未
现在出被窝，还来得及抓紧最后机会赏雪！ 新民早报[2018.12.9]（1）今天早晨到上午，本市仍有雨夹雪或小雪。现在出被窝，还来得及抓紧最后机会赏雪！因为，中午起随气温回升，就将转为小雨天气。（2）上海首个科普公园今天在宝山区智慧湾科创园正式开园啦！一系列开园活动科技味十足，快带小朋友来一场亲子科技嘉年华吧！（3）继张乐平故居柯灵故居向公众开放后，衡复风貌区（衡山路复兴路）再添人文新地标！夏衍旧居草婴书房年底前后将正式对外开放，届时提前预约即可免费参观！（4）明年1月，普陀区政协会议拟计划	未
现在到月底，杂货铺做一次团购返现活动波尔多二级名庄，巴顿庄园2013，团购价的基础上，所有顾客累计购买到6瓶，12瓶，会分别返现基本是最便宜的二级庄正牌价格了巴顿庄园 正牌干红葡萄酒 Chateau Leoville Barton 750ml（二级庄） 网页链接	未
现在券后只要24.9元了网页链接	未
现在医生有的病例不认识，是因为着急啊，还是有行规啊	未
现在医院排个专家号真坑，七八点来的医院排号的时候前面就五个人，结果一路插人插人插人，三个小时过去了，前面还有五个人	未
现在华为海外拓展受阻其实也和这种所谓的家国情怀有关，华为在努力淡化这一层影响因素，踏踏实实做技术。国内的队友们就别疯狂助攻了	未
现在原告将业主与使用者都告上法庭，相信真相很快大明，应该不难找到真凶。这也许是一个无可奈何的倒逼机制做法。	未
现在去一趟银行真的是只能看到老年人，甚至用网银的老人也越来越多了，我觉得之后银行再没生意说不定会放任一部分骗子进银行，每个人头每笔交易抽成，银行成为老年人和骗子的社交平台。想想逻辑上竟然行得通。	未
现在去仲恺大道还要翻山越岭东妹告诉你这样走！	未
现在又可以领红包了还蛮大的，我昨天6块多	未
现在发新股都不告知金额了。就像朋友找你借钱，不告诉你他要借多少一样，让人惴惴不安	未
现在发长微博都需要人工审核了	未
现在只想吃一碗热腾腾的面哦via.嘎嘣熊	未
现在只想痛快地来一碗面	未
现在只有三面环海的蛇口半岛和大鹏半岛还在17度以上，而龙岗已经降到了14度左右。预计明早市区的气温也会降到14度。现在还在外面浪的童鞋们还是早点回家暖和一下吧。	未
现在只有三面环海的蛇口半岛和大鹏半岛还在17度以上，而龙岗已经降到了14度左右预计明早市区的气温也会降到14度现在还在外面浪的童鞋们还是早点回家暖和一下吧	未
现在只要出国，我就会选在香港搭飞机（深圳坐个地铁就到香港）机票至少低了一倍还不止！！我好像从来没有在微博上分享过完整的香港转机攻略今天我就仔细和大家说一说Q1去香港坐飞机，过关的时候要准备啥只需要准备两样：护照机票行程单（进入航空公司官网打印）不需要港澳通行证！！酒店行程单亲测也不需要哒Q2在香港乘机，可以留香港玩几天么可以滞留7天（不需要港澳通行证）举个例子：7号从香港飞日本，可以1号就过关进入香港，在香港玩几天后再搭机飞日本Q3到香港后怎么去机场最最最便捷且舒适且划算的方法：到香港后，先坐	未
现在可以改造基因了，以后有钱人生下来的小孩就是金刚狼，没钱人逐渐灭绝。最终实现共同富裕	未
现在可以看一下。	未
现在号召积分你们都不扩了，是吗。周五，周六，周日囤三天积分，周一上不去工坊直接把你们打晕	未
现在吃饭了，领一个直接用吧。	未
现在各种网购外卖啥的是不是包装过度，一层套一层，一件套一件，塑料袋打开是纸盒，纸盒打开又是塑料袋，塑料袋打开又是纸袋，还要垫些草，买个卤蛋包的跟核弹按钮一样，不环保！哈哈	未
现在和前段时间不同：太在乎早盘的。后面分时的大波，基本就和你 没关系。	未
现在哪行哪业都得有点儿绝活啊。	未
现在喊冷还太早了！中央气象台：真正的降温还在后面中央气象台12月6日6时继续发布寒潮蓝色预警：受强冷空气影响，预计6日白天至9日，中东部大部地区气温先后下降68，其中，东北华北黄淮江淮江南华南部分地区下降810，局地降温10以上现在就喊冷的朋友们，是不是太天真了?（中 ...全文	未
现在喊冷还太早了！中央气象台：真正的降温还在后面中央气象台12月6日6时继续发布寒潮蓝色预警：受强冷空气影响，预计6日白天至9日，中东部大部地区气温先后下降68，其中，东北华北黄淮江淮江南华南部分地区下降810，局地降温10以上。现在就喊冷的朋友们，是不是太天真了?（中央气象台）	未
现在回想一下，赛季前我还有闲心写这个	未
现在囤积分你们不扩散，不去参与JF贴，完全无视号召，等周一排名低你们就知道着急了哈	未
现在在你的城市，5块钱能干啥	未
现在在北京落户口，需要持有北京市居住证不超过法定退休年龄在北京连续缴纳社保7年及以上，没有刑事犯罪记录，可以参加积分落户申报，最终有超过12.46万人进行了申报。6019人成功，占申请人口的4.83，相当于外来常住人口的千分之0 .76。有个朋友和我说，其它城市争着抢人，真是没想到啊，拿北京户口比拿美国绿卡还难	未
现在在我兄弟雷军的地盘，今天非得扒他出来不可	未
现在在金州宾馆有位老奶奶找不到家了，金州人转发，肯定有认识的！        动动手指，转发扩散，尽快帮助老人找到家人，现在外面很冷！@大连成  @大连城市攻略	未
现在场上球员：奈特，格林，戈登，卡佩拉，豪斯	未
现在场内做的，都是带着情绪在做，这样的市场，暂时参与度不高。我依然会坚持左侧分层投资的方法，对自己熟悉的个股，做分层买入的方式，现金很宝贵，宁愿错过，也不要做错，切记！	未
现在多少钱才相当于30年前的万元户，看完吓一大跳！	未
现在多少钱才相当于30年前的万元户，答案让人吓一大跳！	未
现在大众对毒品的关注度比较高，总体来说冰毒和大麻是经济条件相对较好的人吸食，因为渠道和单价比较高。我建议再重点关注一下小孩子吃的穷人毒品，现在很多迪厅酒吧，未成年的孩喝止咳水，整板整板的吃感冒药现象很严重，对身体危害很大，而且这个人群远比吸食冰毒大麻的庞大。	未
现在大多数人使用频率最高的四款APP应该就是这三款了：1微信2支付宝3微博4淘宝四款APP就基本可以覆盖9成用户的日常大多数使用场景了。	未
现在大学生每个月生活费大概多少呀	未
现在天府新区竟长这个样子！	未
现在姓贺的放言他已与美国专家商讨过，就是做了，你能把他咋滴吧有种去抓他呀。	未
现在学医的都要这么辛苦了每日笑话微博	未
现在小学生的文具太硬核了，自动削笔刀电动橡皮清洗器 微博视频	未
现在就想出发了！	未
现在就是有人要黑雪乡，这背后肯定有策划！//@明门小叮当:实话说，这价合理，那些所谓民宿真的太贵了，贵得离谱那种	未
现在就有不少人拿史玉柱东山再起来预期罗永浩，咋想的史玉柱有什么好崇拜的他本来就是利用了中国人对补脑崇拜的愚昧理念，以无比恶心的洗脑广告配合营销赚到大钱。脑白金那个产品可以用臭名昭著来形容，比现在的红毛还恶劣。史玉柱的传销带了非常坏的头，直到今天，中国很多城市还有大量骗大爷大妈的脑什么金，都是跟史玉柱学的。史玉柱靠脑白金东山再起是中国那一历史阶段的耻辱。罗永浩要是学他，那我从此变罗黑。	未
现在市场只允许一个强热点，一个弱热点勉强支撑，强热点散户吃不到，因为特高压利好是收盘后发的，有特殊通道的机构才能买得到，你说悲剧不悲剧！	未
现在干点啥都让你下载个app 真是互联网	未
现在年轻人的现状	未
现在应该还剩下两个队没有确定主教练了吧，第一是北京人和，第二是大连一方。	未
现在开始与2890人一起搭建专利撰写知识体系	未
现在开始，你就是我的24小时贴身保镖了。	未
现在开始，在晋江给新闽商（第二代经营者）讲授日本人如何做企业	未
现在开始：转发截图那四条微博里的任意一条（不是这条），明早起来我挑一条转发最多的抽50红包 第一条：微博正文第二条：微博正文第三条：微博正文第四条：微博正文	未
现在开罗的游戏在国内是什么情况在TAPTAP上看到是直接下载不用购买的我下了一个打开之后居然要注册单机游戏为什么还要注册啊	未
现在当务之急，是要解决身上这一坨肉	未
现在很多社会问题，根子其实是老天爷注定的，比如有人生下来不是很聪明，确实笨吧，或者有人生下来存在某些缺陷，比如年轻的时候体质不行，年老的时候得了糖尿病，但是这是老天爷给的，社会的一些矛盾是老天爷抗了，如果科学介入，剪辑了基因，会产生社会动乱，因为一旦这个人后天觉得自己某个特性不好，他一定会说是机构的问题，怪老天爷就会怪社会，这才是最麻烦的，而执行这种剪辑工作的一般肯定是国家组织，他就会去怪国家，为什么把我设计成干活的，为什么设计我的时候我不聪明，到时候一堆麻烦事，有的事情你让老天爷去抗好很多的。。。	未
现在心跳得特别快看来今晚又注定要为薛无眠了	未
现在急需讨论一件事情，即2019年还要不要直播，用博客直播，还是用微博直播需要进行哪一方面的改进	未
现在急需这个！！！	未
现在想想如果我在读书的时候能收到一笔这样的钱，真的不知道会怎么乱挥霍掉。那样的话对我反而有害的。真心恭喜中奖的同学拿到钱一定要好好规划起来 去做有意义的事哦	未
现在我厂的工人手上活都排满了所以28号上的20个款左右大多限量不能预定了也就是现货二三十件卖完就下架，是不是有点刺激呀	未
现在我就去山西来得及吗 微博视频	未
现在我才明白 你之所以会让我恋恋不忘 并不是你有多好 也不是因为我求而不得 只是因为 你好像真的爱过我 而最后 你又的确不爱我了	未
“现在我的衣橱还有小虎队流行款” | 40秒40年	未
现在，我要跟警察蜀黍一起为这件关乎生命的事接力	未
现在才想起农村户口，晚了//@沂蒙山:94年，花了七千块买了城镇户口，18年，迁回老家费尽周折。	未
现在才知道：马来西亚政府最近悄悄地将11名在泰国南部逃出监狱的新土耳其人送给土耳其了，而土耳其政府热烈欢这些新土耳其人这11名新土耳其人神奇般地逃离了泰国南部防卫最森严的监狱，当时有怀疑是土鸡国的情报与特别行动人员介入了然后就没有然后了总之，马来-泰南-北缅-然后西南是一条极 ...全文	未
现在打领带的不多了。//@牛市sky:走大街上不怕挨打只能说社会治安好	未
现在扩容还来得及，别说我没提醒过你。	未
现在扫红包比较大一起来瓜分15亿吧	未
现在把这三条搬回来依然是振兴大计！	未
现在拍下还是38	未
现在招聘网上80的的岗位是销售，销售中80是房产中介，信用卡，保险，网贷小贷，售楼，卖美容卡，卖保健品。线下招聘会，热门展台一般是三大保险公司，平安 人寿太平洋	未
现在拿把锄头去种地，不知能不能得个陶渊明式的美名。。	未
现在拿货是大赚还是血亏复合肥价格为何涨不过单质肥	未
现在换手机其实不用等5G手机，中国移动接下来才会进行5G规模试验和应用示范测试。主要在杭州上海广州苏州武汉北京成都深圳等17个一二线城市，目标是2019年5G预商用2020年规模商用！也就是说，你最快用上5G 网络是2020年第三或者第四季度，在5G 正式商用之前，你刚好还能换1-2次新手机！现在等5G 换手机，会跟等Airpods二代一样惨......	未
现在排第23了	未
现在搬出白求恩还来得及吗。	未
现在撞脸的频率好高啊薛之谦对于陈志朋被误认成自己已经做出回应。足坛老大难：冯潇霆与赵旭日这对可为难了不少人。这回好了，赵旭日剪了短头。那么问题来了，图片中谁是冯潇霆，谁又是赵旭日呢	未
现在改名来得及吗//@惨绿少年金三坨:三坨金够不够	未
现在新农村的标语都换成这样的了吗怕是富贵村吧！	未
现在新注册未经过实名登记的微博号是不是不能被评论啊	未
现在时刻17点52，异地牌是不查了对吗@深圳交警	未
现在是呼吸道容易出问题的时节，二南白茶喝起来哦//@水马木婴：李雪，昨天咳得好难受，脖子以下的部位像塞了好多东西，鼻子也塞了，昨晚忽然想起可以用白茶煮冰糖，想着不妨一试，结果，真的很管用，喝完后马上鼻子就不塞了，今早起来神清气爽，准备早饭后再煮一次巩固下，真真太神奇了！	未
现在是拿她们一点办法都没有。//@新李论:阿姨们真没拿自己当外人啊	未
现在是百姓说话时间！第四期《市民问政》等你来报料！	未
现在最大的原油生产国是美国，正在开足马力生产原油，如果欧佩克和俄罗斯减产，这不是让美国捡了大便宜吗现在的美国为了占领全球原油市场份额，已经绞尽脑汁，想尽一切办法，欧佩克和俄罗斯一减产，得来全不费工夫刚刚公布的数据，美国10月的赤字已经创下了十年来新高，如果美国不加大原油出口，美 ...全文	未
现在，最新版的Opera Touch浏览器，只需要简单的单手触控，就能打开关闭网页，前进后退，或是快速完成搜索分享等操作。再加上最新的从手机到桌面的Flow信息加密分享，这一系列组合拳，不仅更具安全性，在用户体验上同样让人眼前一亮。用户端体验到的这些亮点，源于Opera内置的先进AI算法，也离不开后端由英特尔协助开发定制优化的混合云基础设施。至强特快专列 网页链接单手打出组合拳，浏览器Opera靠混合云玩转AI	未
现在最重要的是督促警方找到该博主，确认其是否安全，对博主本人的劝慰作用不大，而且她可能也看不到。	未
现在有个人以外的事情要忙 网页链接	未
现在有中等国力国家的海军，能不能击败一战时期的英国海军如果要回答这个问题，我们需要首先明确什么是中等国家的军事力量标准相信到现在为止，世界各国议论纷纷，一直没有一个标准定论。我们可以翻阅史料，基本上可以这样定义中等国家的军事力量，也就是有十几艘驱逐舰，巡洋舰，补给舰，加上几艘水下潜艇。现在让我们来看看一战时期的英国海军到底有多强一战开始，英国就拥有了战列舰28艘，战列巡洋舰42艘，水上飞机母舰1艘，驱逐舰79艘，布雷舰1艘，大大小小的舰艇无数。英国海军在数量上拥有绝对的优势。现在让我们来分析一下中	未
现在有人在天津之眼嘛，排队的人多嘛想去。	未
现在有文化的小学生真可怕，写绝交信都是王者段位！	未
现在，有进展了吗	未
现在来投稿的网友要求都这么高吗	未
现在来武汉发展的北京人 远远多过北漂的武汉人100人选择离开武汉去北京发展时，有152个北京人才选择来到武汉发展日前国内知名招聘网站BOSS直聘在武汉发布武汉人才趋势amp薪酬报告解析称，今年武汉实现人才净流入，四个一线城市中，北京成为武汉最大人才来源地之一，流入率高达 ...全文	未
现在正好是国家在打击村霸嚣张行为，这个可以当做典型了//@袁国庆://@段郎说事:关注，绿水青山离不开人们的精心守护。	未
现在正好是寒冬腊月，天气比较寒冷，并且气候也还挺干燥的，特别是北方的冬天，不仅气温低气候也干燥，一旦不小心脸上就会有起皮的现象出现，而南方是阴冷，但是南方的风比较大，在冬季的时候也很干燥。既然天气干燥那么人的皮肤自然也会干燥，但是有一些食物可以让身体变得滋润不干燥。张淋琳健康频道 健康一冬 一萝卜首先就是萝卜，俗话说冬吃萝卜夏吃姜，在冬季的时候吃萝卜可以清火，并且还可以滋润皮肤。萝卜也算是冬季的一个家常菜，并且萝卜的脂肪含量也比较低。在冬季的时候，萝卜跟羊肉炖或者是跟排骨炖，但是一个非常好的菜。	未
现在正是投资中国的时候，而非撤资	未
现在正是游中国最便宜的时候！	未
现在正躲在被子里瑟瑟发抖//@犊几:服//@天枢还甜吗:说得对	未
现在母鸡都有公鸡罩着	未
现在每天早上叫醒我的不是闹钟和梦想，是快递小哥快递小哥们都起的太早了，八点准时打电话问你在不在家，八点半准时到你家门口咣咣凿门，我在卧室喊话门外还听不见，得跑到门口喊让他放门口我自己拿（因为没穿衣服还想回去睡一会），这喊一嗓子跑一下冻一次再上趟厕所基本也清醒了得了穿衣服拆快递吧哎我说我为啥开了睡觉勿扰模式小哥还能打进来电话，因为我开了相同来电者三分钟内第二个来电不会被设为静音	未
现在每年暑假还播还珠格格吗。。。	未
现在比昨天的这个时候冷了8度左右，冷空气才来第一天，已经有点想念昨天的太阳了	未
现在汽车行业正在经历电动车取代燃油车的变革，我在想未来汽车行业会不会也跟手机行业一样，国产也将成为主力军以前诺基亚摩托罗拉雄霸手机界，却被苹果击败，奔驰宝马会不会也像它们那样被特斯拉击败呢然后国产电动汽车崛起，凭借优秀的体验和性价比迅速占领市场，慢慢扩张到全球	未
现在流行疯狂吃肉来减肥这个说法错得离谱！	未
现在热吗想象一下明天白天最高气温比现在还要低4左右	未
现在理所当然的人太多了。坐车的时候在后座发现一个手机，应该是上个客户的。果不其然一会就有人打电话过来了，因为在开车，所以司机开了公放。失物者问司机在哪，司机师傅告诉了他。他说，你送过来吧。司机，有点距离要过会。他还有点不耐烦，很不客气地说，哎呀你怎么跑了那么远，看到手机在车上还跑走，你等会赶紧给我送过来啊，我急着要用手机呢。挂了电话后，司机无语，我也无语。我：你让他自己来拿。司机：对，也不说给我补贴下油钱，那么远，你这地方叫什么的，我不去了，让他自己来拿。	未
现在的主页不怎么正经啊//@微博CBA:CBA 新疆男篮 据我所知，你不是女主页嘛	未
现在的人天天手机不离手，要回你消息早就回了	未
现在的公交	未
现在的共享经济真的是方便很多人，原来车站的普通座椅，在无任何影响的条件下，换成了现在的按摩座椅，可以自由选择是否付费使用，是不是很好的利用了现有资源，还能创造收入！	未
现在的厕所都这么社会的吗这一把把勺子和筷子是认真的吗保洁阿姨：我和我最后的尊严	未
现在的商场表演越来越狂野啦，狮子老虎熊都来了	未
现在的大型轿车是没法不用B柱设计的，碰撞测试0星，小车可以靠结构和材料来解决，比如i3//@MagicKnuckleKing:回复@PS3保罗:图片评论 查看图片	未
现在的大学生，每月的生活费需要多少，有人知道吗	未
现在的女孩为了美不顾健康，各种整容等等，我身边好多女孩整了连她妈都认不出来，更不用说我了看完这条新闻，提醒女孩们，爱美需谨慎，别在愚昧的追求，网红套路深，你玩不起	未
现在的女孩越来越敢穿了	未
现在的孩子可能都不相信，在二十多年前，在家里看毛片真的是可以被抓的人家到你门口把电闸一拉，录像带就退不出来了，然后就可以冲进去抓你个现行当然，我也是听说的	未
现在的孩子都那么暖了吗搞笑	未
现在的家长，孩子驾照都没有就直接上高速啊	未
现在的小孩太难教了来看看熊孩子抄作业的翻车现场	未
现在的小孩太难教了！鸡飞狗跳的现场	未
现在的小孩太难教人民日报教你8招搞定！	未
现在的小孩子真开放，问13岁奔现会不会被吃！！一定是作业太少了	未
现在的小孩逆天了	未
现在的市场完全消息市，昨天传言5万亿降税就放量拉升，今天没消息了就萎靡不振，好像跟技术没啥关系了，处于三角形整理区间内窄幅震荡，等待消息面进一步释放，如昨天讲的，稳健的你就等市场选择方向突破后顺势交易，激进的提前进场赌消息，现在是上有阻力下有支撑，到底往哪里突破飞哥也懵逼了，这回进场赌消息看运气了。	未
现在的年轻人压力其实挺大的，个个都百来斤上下	未
现在的年轻人并没有比过去的每一代年轻人更加怎么样 所谓那些属于现在年轻人的街头的地下的潮流的东西 在过去的每一代年轻人文化中都能找到相同或类似的 那为什么这一代的年轻人和年轻人文化相比较过去来说看起来势头更加汹涌呢 我想只是因为现在的年轻人沉浸在移动互联网之中 大家可以更简便地传播自己的想法与照片 大家也更愿意这样做 然后就有了现在这种局面 nothing new but special	未
现在的年轻人 微博视频	未
现在的年轻人被长辈打上的这些标签，你同意吗	未
现在的广告电话真他妈横，我就问了句：你怎么有我的姓名电话的她就回答：你到底有没有需求，别废话！我去，这应该是他们筛选目标用户（激怒无效用户）的固定话术	未
现在的我们哪比得上 30 年前那群疯狂的年轻人	未
现在的我，害怕过年	未
现在的我，想开了，看淡了......	未
现在的新闻反转太快，容易被打脸//@脑哥mini：首先这个爆料说在家门口被打就反转了，最新消息是在前夫家被打，不是自己家门口，等等真相吧	未
现在的杭州人不会自称临安的，毕竟旁边就有个临安县。再说临安也不是啥好气象。//@螺旋真理:洛阳是没被盯上，不然估计改叫雒阳或者神都了。//@蜀姜供煮陆机莼: 洛阳还是洛阳//@妇女之友罗严塔:烟花三月下扬州//@螺旋真理 :一下雪，天气预报就开始抽疯	未
现在的猫咪都这么会撩么，突然明白为什么身边好多男生都养猫了喵：看见这个大长腿没，来，抚摸它	未
现在的社会，现在的人（真实在）	未
现在的移动互联网时代用户其实就是在用隐私换便利，如果你连自己的定位权限都不给地图，地图应用咋给你导航啊//@来去之间:俺平衡一丢丢了	未
现在的红包比较大啊，领一个吃饭用了	未
现在的网友只信谣言，谁管真相！ 查看图片	未
现在的网友都太低调了汽车V峰会V影响力峰会	未
现在的美国股市和特朗普的性格很像，翻手为云，覆手为雨，颠三倒四，一日多变，也染上了特朗普的多动症特朗普一缓和全球关系，全世界股市就开始大涨，特朗普一说要继续发动制裁，全球股市立刻暴跌所以，现在全世界金融市场最大的风险来自美国股市，而美国股市最大的风险来自特朗普	未
现在的药店怎么回事儿啊，好像怕伪麻黄碱致犊干脆康泰克什么的全都不卖了	未
现在的许多官员基本不会说老百姓能听懂的话，不接地气多年了。//@凯雷: 听不懂，看不懂，颠覆了什么也不懂。这个发布会优秀。//@孤狼不是狼: 看不懂，究竟变化在哪里。你物理化学时候涉及到的数量计量不都是常数吗	未
现在的话行情肉成这样，高位的票可以止盈了，潜伏低位票，依然是从5G和次新里面挖掘。	未
现在的问题好难.....都不知道怎么回答	未
现在的骗子怎么一点职业操守都没有，从我的回答来看，你还是有希望的	未
现在的骗子都这么简单粗暴了吗搞笑幽默趣闻	未
现在直播！企鹅电竞2333，今天直播了，你还不来看	未
现在看到贺建奎好似活见鬼终于开始人人喊打。但我想知道第一天消息传出来的一整个上午主流核心那几家喉舌媒体一齐发力锣鼓喧天地赞美又一大科技进步然后到了下午又偷偷地默默无闻地悉数删除连一句起码的说明都没有的行为真的不需要负任何责任不需要任何追究么	未
现在看头条人多还是看微博人多	未
现在看来确实是这样	未
现在知道城管为什么战斗力如此之强了吧，原来平时还经常练	未
现在知道还不晚，廊坊发生的那些大事！	未
现在确实比较大，领一个，吃饭直接用	未
现在确实比较大，领了吃饭用吧	未
现在神经病都可以打电话表达诉求了，这个社会进步了，还有谁敢说我们没人权。	未
现在，立刻，马上，去成都	未
现在等飞机	未
现在网友好严格，看一个博主说安瓶。下面评论还有提示说是安瓿 不是安瓶我	未
现在网红分个手也上热搜吗	未
现在能想起来最绝的小车贴纸既不是婚恋调查也不是小贷催收，而是有一次看到一辆小车挡风玻璃上贴着一张泛黄的圆纸，上面打印着2017四个数字，旁边还有张稍新稍白的圆纸，印着2018。非常欣赏这种生活态度。	未
现在许多企业都不明白自己要干什么，仅凭着一股激情和冲劲盲目的跟风追随别人，对于风险控制和资金的成本管理根本就是门外汉，在对项目一知半解基础上就全部资金投入，莫说创新，连跟风都跟错了，盲目烧钱，资金链却跟不上了。更谈不上服务用户，对用户的资金负责了。这种公司也不值得同情。	未
现在评论任务，没有人做了吗，除了评论组，你们在干啥	未
现在财团B奥特曼的涂装都这么烂了继上次的尊皇之后，这款SHF无限赛罗又刷新了下限！涛哥测评	未
现在起，存好心，说好话，行好事，做好人，少些贪念，必有它吉 ！行善正当时，命运不等人！	未
现在起，这些新规将影响你的生活	未
现在跪求华为公关赶紧把余总的微博和朋友圈都删了吧	未
现在车子仪表盘上的指示灯与指示按钮变得越来越繁杂，准确辨认这些抽象的按钮已经不是一件容易的事情了。我们在这里将车上常见各种指示灯归纳在一起，希望对你与爱车之间的沟通有所帮助。 涨知识	未
现在转会中！	未
现在转发本条，待会下午16:00 （普通过滤）先抽1位 小幸运， 送上88元红包，然后在18：00 对我设为quot特别关注quot里再抽1位，送上88元红包，想吃糖炒栗子嘛我买单啊！	未
现在还在开会，忙到窒息的年底//@毕竟我是个成熟的女性-xxxx:最近已经被锻炼到从一周一个方案到两周三个方案到昨天的一天一个方案了，今天又完成了一个汇报，周日再完成一个就可以稍微喘口气了吧，比之前更加令人忙碌的年底	未
现在还有人用警察吓唬小孩子吗生活身边事儿 阁楼上的密室 @哈尔滨同城	未
现在还有啥已经知道的行程安排吗	未
现在还有多少人认识这个的成都爆料	未
现在，这149名藏娃有了常州爸妈！	未
现在这季节我真的需要这个！	未
现在这社会不是露肉就是那的//@点歌: 我要穿这样我妈出门就掐死我	未
现在这种法律年限设定，感觉很多时候不是保护受到伤害的未成年人，反而成了这些明火执杖利用这些法条去伤害他人的所谓的未成年人，这合理吗?之前听到一个事例一个女生就因为觉得同学长得比她好看就杀人而不要负法律责任那我想问问，这时候的法你保护的是谁保护恶人的法是恶法！恶人是没有年龄的。	未
现在连喵星人都健身了，你还不行动  V影响力峰会红人的诞生 萌宠部落格	未
现在都是套袋的，当地早就涨价了//@啦啦啦11111222：这个品种的橙子在我们学校卖12一斤，之前不小心买错12块钱就买了俩	未
现在都这样随时随地画风突变的么	未
现在都通过拆迁暴富了吗	未
现在长春零下几度cars01八卦	未
现在长治是这样子	未
现在闯红灯流行发朋友圈了都来耍12月3日，雅安一名市民驾驶电动车过一十字路口时闯红灯，被执勤交警拦下交警没罚款，而是让她将自己闯红灯的行为发朋友圈，并要积满20个赞各位如何看，评论见（四川日报）	未
现在陪朋友去趟798，晚上去des。	未
现在难受的，好好想想之前自己到底有没有做到我说的跌30，涨50都舒服。如果当时觉得没问题，现在又有问题，好好想想问题出在哪里。想想你到底是不是了解自己。如果不了解，相信我，我比你更了解你。所以建议，认真看我说的。	未
现在领一个吃午饭用吧。	未
现在领一个吃饭用了，就当是餐补了	未
现在领一个吃饭用吧，当餐补了	未
现在领一个吃饭用，最近的确实比较大	未
现在骑电动车也得考驾照！你的钱包准备好了吗	未
现在骗婚找人脱手的太多了 富不可怕，贫还欠债才可怕。//@破爛:穷还好 就怕你欠一腚得债 还假装过的潇洒	未
现在骗小孩的流行说法是啥刚听到同事骗他儿子是双十一打折买的还严谨的设定了：4.5折发货地是北京先寄给了老家的爷爷奶奶，爷爷奶奶用顺丰寄过来了他当时在上班，是（儿子的）妈妈在家里签收的太详细了！小孩子真的会信的吧！	未
现场一吸烟，30秒内报警声就响 南湖街道机器换人打造全域无烟网咖	未
现场丨今天的跑道 妳说了算！	未
现场丨叙利亚首都传爆炸声 叙军称拦截以军导弹	未
现场丨平遥曙光街康宁街等地的商户占道经营被城管局清理整顿！	未
现场丨成县陈院镇组织召开核桃树蚧壳虫防治现场培训会	未
现场丨银川亲水街附近一仓库起火，6辆消防车紧急救援！	未
现场！临汾广宣街两车相撞，车头撞烂了......	未
现场互动选个小动物代表自己，你凯绕过大狮子选了愤怒的小鸟，说自己眉毛连起来就跟它一毛一样了	未
现场传出枪声	未
现场你们关心的快递，书记为你们把关！	未
现场农村盖房出的事，上电视台了！汤阴的再忙也要看看	未
现场凤凰山 成庄 寺河等煤矿移交啦	未
现场办公  和平河西南开下一步如何发展	未
现场南部两大货车相撞，一片狼藉！	未
现场南部县每天运送近2万公斤柑橘到浙江！	未
现场回顾  顾桃独立电影日Day2：六位观察家齐聚知无知！	未
现场图，帅帅的背影	未
现场｜在政策与政治之间：从联合国气候大会到巴黎“黄背心”	未
现场：塔利班高级头目空袭中被毙 29人瞬间被团灭	未
现场大雾遮挡视线 两车相撞 一人不幸身亡	未
现场太燃了@许魏洲ZZ	未
现场孟津黄河湿地保护区，发现濒危物种火烈鸟	未
现场！安徽省港航集团有限公司今日揭牌	未
现场安阳发生的杀人案上央视了	未
现场实拍:徐水一男子酒后为泄私愤竟点燃天然气管道	未
现场实拍！河源一工程铲车，开着开着突然着火了	未
现场实拍！河源震感明显，一处墙体出现裂缝！	未
现场实拍：泊头104国道附近发生的事儿！	未
现场实拍：泊头邻县南皮县香涛公园里惊险一幕！上电视了！	未
现场小伙伴发来紧急通知现场部分立牌没有底座的，联系tb店主湖绿杂货铺补发gtlt	未
现场！德庆200多名警察从早上7点开始，连续奋战8个钟，有你认识	未
现场！德庆2名男网友竟通过交友APP平台相约到酒店XX	未
现场！德庆检察长出庭支持公诉，被害人分布全国各地达数十万人，移送德庆检察院院审查起诉达80多人	未
现场总线的融合或将进入实质性阶段	未
现场惨烈！汇东大酒店门口发生连环车祸，有乘客受伤！	未
现场懂艾真情  谈艾不惊	未
现场｜我在东京听“绯红之王”	未
现场｜我在东京听“金属上帝”	未
现场报道保龙高速一货车自燃，已堵10余公里	未
现场招聘丨11月28日招聘会单位信息	未
现场教学包粽子	未
现场教育过的，得给冼村派出所送锦旗//@媒体人欧菲v:广州那个派出所，没主动联系您继续普法吧	未
现场晋城步行街这群孩子，唉，家长怎么想	未
现场晋城黄华街，一老人躺美女车盖不下来，尴尬了！	未
现场晕厥//@动漫声优协会:！！！！//@夏丶初Love:啊	未
现场：暴风雪袭击美芝加哥地区！强风吹倒大树 砸向汽车居民楼	未
现场曝光！乌克兰向黑海空域试射8枚巡航导弹	未
现场曝光！乌克兰向黑海空域试射8枚巡航导弹乌克兰国家安全与防务委员会负责人亚历山大图奇诺夫表示，乌克兰在靠近黑海的敖德萨州测试了新型巡航导弹，它们将被用来加强黑海和亚速海的沿岸防御。微评：没有北约撑腰，乌克兰最好还是做出一副被蹂躏却毫无反抗能力的姿态，以免带来更严重的灾难。现场曝光！乌克兰向黑海空域试射8枚巡航导弹	未
现场曝光！自贡一工地发现古墓！里面有......	未
现场枪声不断美军终于向难民动手，特朗普：难民自找的！	未
现场：武平县多部门联动铲除黑恶势力经济基础	未
现场：武平昨日再拆违建3300平方米！中山等乡镇已准备就绪	未
现场  沙柳：浑都楞的前世今生	未
现场！洛阳市民免费乘公交首日，投币口封闭，大家这样评价	未
现场浓烟滚滚！襄阳这个建筑工地失火爆炸，原因竟是......	未
现场！澳洲鲍鱼随便捞，华人大妈已攻占海边疯抢！澳洲海胆龙虾螃蟹，等着大家抢救啊	未
现场火光冲天	未
现场火光冲天！京藏高速两大车追尾，30吨甲醇泄漏，无人员伤亡	未
现场火势冲天，镇雄芒部一辆车发生自燃，只剩下车架子...	未
现场照：国际空间站3名宇航员顺利返回 飞船表面被烧的焦黑	未
现场男孩被卡货运列车，女子凌晨轻生落水	未
现场的安保级别	未
现场直击！一大批赤身裸体的男女，在宾馆卖淫嫖娼被抓现形	未
现场直击！启东搁浅鲸鱼被吊离海面	未
现场直击河北张家口爆炸现场：凌晨12点半爆炸，至凌晨五点才扑灭11月28日凌晨41分，河北张家口桥东区河北盛华化工有限公司附近发生一起爆炸事故上午11时，经济观察网记者赶至该爆炸案事故现场点击原文看现场：网页链接	未
现场直击潭西东长崎十一乡普度法会	未
现场直击！聊城集中销毁176辆拼装报废车辆和349副假车牌套牌！	未
现场直击这部法律，你真的懂吗	未
现场直播  太湖全体交警集合体育馆，正在	未
现场直播整治城区乱停车！交警今天打响第一枪！	未
现场省市县专家亲临开讲！这次是为了他们（视频）	未
现场看  现场问  现场办！李廷俊暗访督查全国文明城市创建工作	未
现场看现场问现场办！这次督导检查聚焦中央环保督察回头看交办的群众信访投诉问题，市委书记提出了这些要求	未
现场真的很好听（我怎么录一半就关掉了呢我是有什么毛病没） 微博视频	未
现场知行合一以知促行，南湖区委理论学习中心组开展讨论式学习	未
现场确认安全，先生先生你怎么了，先生没有应答，1米01，1米02，1米03，1米04，1米05，无自主呼吸，无脉搏，可以扔掉了	未
现场！綦江一大货车和宝马相撞后 ...	未
现场给狗子直播人片不太好吧，它还是适合看狗片！	未
现场：罗马湖一枝花	未
现场！聊城一小区煤气罐发生爆炸！使用煤气罐一定注意这些	未
现场！肃宁人武部干部做仰卧起坐与俯卧撑	未
现场｜苏博年度特展：看捐出大克鼎的潘氏家族”攀古奕世“	未
[现场]血拼！一个黑五，整个北美都疯了	未
现场表演脱口秀，我想知道兰博基尼哈入肯是啥@姚昱- @余洋ddc 汽车V峰会	未
现场被堵，睡衣穿再厚也没用了	未
现场：被默克尔怒视30秒 特朗普毫无察觉	未
现场视频2018年海南省澄迈县桥头镇文昌村补龙灯	未
现场视频：一岁幼童手卡门缝 绛县消防紧急救援	未
现场视频丨世外桃园迪庆德钦雨崩村29日夜间发生大火 暂无人员伤亡	未
现场视频丨世外桃源迪庆德钦雨崩村29日夜间发生大火	未
现场视频： 凌晨四点多，漯河出动12辆警车，连抓7人！	未
现场视频吓人！巢湖圆润园一电瓶车充电途中突然起火，现场火光凶猛黑烟滚滚...	未
现场视频：居民烧肉引燃煤气罐，恩施消防员徒手拎走定时炸弹！	未
现场视频巢湖这里台阶经常有车被卡，是这个位置有毒吗	未
现场视频！巨鹿县一男子驾车撞护栏 横杆贯穿司机身体直插入后座	未
现场视频曝光！仙桃往武汉的高速上一头野猪突然冲了出来，结果	未
现场视频曝光！哈尔滨桩机倒塌砸坏四辆车！	未
现场视频曝光！哈市路虎女扇保安耳光！原因竟然是......	未
现场视频曝光！汉宜高速上一头野猪突然冲了出来，结果	未
现场视频：电梯钢丝绳断裂 五人被困电梯！	未
现场视频真臭！巢湖这家店门口的污水管道排放口通往马路边是何道理	未
现场视频：莆田某地出动100多人，上百万就这样没了	未
现场视频：那条鲸鱼昨天打捞了！	未
现场视频 邹城：小伙失恋跳悬崖  消防官兵深夜救援	未
现场视频：铜川新区华原东道发生一起交通事故	未
现场解说都说这球没犯规。。。	未
现场贺建奎今天在香港说了什么	未
现场:边擦眼泪边向丈夫微笑	未
现场连云港首例！海关破获一起电子烟烟弹走私案	未
现场阳泉一辆公交车开着开着车轮冒烟了！	未
现场！高雄新任市长韩国瑜发表就职演说	未
现场：鹿被卡冰雪里冻成“活标本” 死前睁大眼睛努力站起来	未
现场黄华街，老人躺一美女车盖上不下来！原因让人哭笑不得	未
现如今，凡夫俗子们求法，多以要求式为主，希望高僧大德能够千里迢迢来到某个地方，传个什么法，求法的虔诚心与行动，都有待改善。法是珍贵的，从佛陀始，为尊重佛法，彰显佛法的伟大与殊胜，需由众生先恭敬虔诚请法，再予讲法。心中有佛，还要身体力行追随佛的足印步步前行，才能到达彼岸啊！嘎玛仁波切	未
现如今，有个没看过的视频，就是过年了发没看过的视频的，就是亲爹了白天口中的小混蛋，看视频后又是小宝贝了本ET就是这么没出息了，美拍爸爸求求你再多放几个视频吧卑微啜泣	未
现如今送上门来了吧	未
现宅基地证书即将全面发放，拿到手后首先要注意这3个细节	未
现实不过就是一场漫长的别离，没有一生一世 只有适可而止。	未
现实不过就是一场漫长的别离没有一生一世 只有适可而止	未
现实与网络	未
现实中	未
现实中，你晚上去酒吧歌厅夜总会等场所，吸食冰毒大麻溜姑等毒品的人大量存在，那类毒品的成瘾性极弱，类似短效兴奋剂，不像海洛因一旦吸食终身难戒。倘若是个普通人吸那玩意，那算个屁，没人理会。但陈羽凡是个名人，有很强的辐射力，所以有必要拿出来教育一下其他人，倒不是说他已十恶不赦了，这个要区别来看。	未
现实中有这么好的人吗火影忍者	未
现实中的我	未
现实中的我与微博上的我	未
现实中的我与微博上的我在两种情绪中自如切换	未
现实中的我与微博上的我，是我本人了	未
现实中的我与微博上的我 ，朋友圈一团和气的人微博可能舌战群儒 现实中的我与微博上的我	未
现实主义题材长篇《老实街》：关于城市的传统与当下	未
现实告诉我们，发朋友圈一定要分组不然就	未
现实小伙子说，姨娘，你女子真的能值几十万吗	未
现实懦夫，网络恶霸//@维克多刺猬:是//@纯良大叔:对//@一起喵喵喵喵喵:哈哈哈哈哈好真实	未
现实版丢了西瓜捡芝麻，东胜60岁大爷竟然干了件糊涂事	未
现实版人肉叉烧包！老板分尸剁碎把人肉藏进饭菜喂食客	未
现实版农夫与蛇！好心帮工友买票，没想到赔进去四千余元血汗钱！	未
现实版农夫与蛇 这次结局可不一样近日，云南省景洪市森林公安局收到一条被村民养了5年的缅甸蟒据介绍，该蛇是村民岩某于2013年冬天从野外捡回家中饲养的，如今已变成身长26米的巨蟒，重达10.1公斤在得知该蟒蛇是国家一级保护动物后，岩某决定将蟒蛇上交森林公安，为它找一个好归宿（记 ...全文	未
现实版农夫与蛇 这次结局可不一样近日，云南省景洪市森林公安局收到一条被村民养了5年的缅甸蟒。据介绍，该蛇是村民岩某于2013年冬天从野外捡回家中饲养的，如今已变成身长26米的巨蟒，重达10.1公斤。在得知该蟒蛇是国家一级保护动物后，岩某决定将蟒蛇上交森林公安，为它找一个好归宿。（记者 刀志楠 通讯员 常宗波）	未
现实版农夫和蛇在慈溪上演，好心收留流浪汉，万万没想到	未
现实版“忠犬八公”：巡逻时遇老兵退役 军犬竖前腿“敬礼”不…	未
现实版＂忠犬八公＂!老布什爱犬陪主人走完最后一程	未
现实版忠犬八公老布什爱犬陪主人走完最后一程	未
现实版忠犬八公:老布什爱犬陪主人走最后一程(图)	未
现实版《无名之辈》！笨贼头戴2毛钱道具行窃	未
现实版无间道在这家企业上演，核心技术竟被申请专利	未
现实版武大郎！七旬老人穿古装挑扁担游走一百多个城市卖炊饼26日，河南鹤壁一位72岁的大爷身穿古装，挑扁担卖武大郎炊饼大爷称自己游走卖炊饼主要为了锻炼身体，以赚钱为辅据了解，大爷是山东聊城人，与水浒传中的历史人物武大郎是老乡 目前这位大爷已经走过了一百二三十个城市 ...全文	未
现实版睡美人！美19岁女孩每天睡18个小时 还经常做噩梦	未
现实版“空中楼阁”：业主拿房产证十年楼盘仍是荒地	未
现实版绝命毒师案开庭：为躲避巨额债务，“前首富”自制冰毒	未
现实版速度与激情 奥迪车车速过快飞入灌木丛(图)	未
现实版长发公主：美国一女子头发长达33米，凭此找到了老公！	未
现实生活中一般遇上这样的事，做为正常人都是站出来劝下，都是会劝说双方各自都要替孩子想想对吧别把事情闹大，闹大对孩子不好的，对双方也都不好！且劝人的你是谁大家都知道，所以你根本不敢不嫌事大煽风点火对吧而网上呢，麻蛋，一个个的露出真实面孔啦嘻嘻，都是不嫌事大的吃瓜群众！	未
现实生活中看起来还人模狗样的 在网上咋跟个臭蛆癞蛤蟆一样呢 再来微博底下骚扰我的姐妹你看我整不整你@峰谷神迹233 怪恶心的	未
现实社会还有什么东西是会稍微让你留恋的麦当劳可以买个冰激淋吧	未
现实题材剧不能“悬浮”于生活 业内人士提出：选剧本首要原则是“相信”	未
现实题材电影《生活万岁》全国首映：聚焦大时代里普通人的生活	未
现已有3支空中部队	未
现役军人在无锡乘坐公交地铁全免费！拥军新政策来了！2019年1月1日起，现役军人凭本人有效证件，在无锡大市范围内可免费乘坐公交车和地铁。发布了头条文章：《明年起现役军人在无锡可免费乘坐公交及地铁》明年起现役军人在无锡可免费乘坐公交及地铁	未
现役军人能否在全国各地购买住房，转业安置后能够以房落户吗？	未
现据新京报报道，ofo小黄车对上述传闻回应称，不存在。	未
现时花城广场人流比较密集，遇到拥堵情况，请稍安勿躁，有序排队等候，切勿擅自冲闯警戒区域，同时请照顾好身边的老人和孩子以及随身携带的财物。	未
现有北京skp超市现金券2200，书店券1700，服装券1500（限制部分自营品牌），北京厨房现金券300都当现金用，一起3900拿走，日期如图	未
现有银行理财格局将面临深远调整与变化	未
现职副省级女干部在北大演讲：我唯一害怕的，是你们已经不相信了！	未
现行GB7718《食品标签通则》与征求意见稿条款变化对照表	未
现象  流浪狗扰民屡有发生，养狗前还请您三思	未
现象讨论 从管理维度看重庆公交坠江事故10月28日上午，一辆公交车在重庆市万洲长江二桥上撞断护栏坠江，车上15名人员的遇难令人惋惜痛心悲剧已经发生，损失无法挽回，但教训应当吸取，我们应当注意到暴力袭击公共汽车司机的事件目前频发，我们不能热衷于事故表象的评论和谴责，不能局限于 ...全文	未
现象讨论 从管理维度看重庆公交坠江事故10月28日上午，一辆公交车在重庆市万洲长江二桥上撞断护栏坠江，车上15名人员的遇难令人惋惜痛心。悲剧已经发生，损失无法挽回，但教训应当吸取，我们应当注意到暴力袭击公共汽车司机的事件目前频发，我们不能热衷于事故表象的评论和谴责，不能局限于肇事人员的责任追究，也不能过多苛求于车上人员的见义勇为，应从管理视角多维度分析公交车管理机制方面存在的问题，理性寻找相关对策，以从根本上减少危害公交车行驶过程中车内外各方人员生命健康安全的因素。从管理维度看重庆公交坠江	未
现象讨论强化监管方能用好百姓救命钱近年来医院骗保事件屡有发生，今年初，安徽某医院为了套取医保资金，唆使医护人员在检查诊断住院等环节造假，患者只要有社保卡，得什么病拿什么药谁来体检，都可点单如何管好用好百姓的救命钱强化监管至关重要网页链接	未
现象讨论民法进车厢益于乘车文明与安全12月23日，全国人大常委会二次审议民法典合同编草案，对比一审稿，二审稿对于旅客霸座强抢方向盘等行为作出了针对性规定，明确承运人应当及时告知旅客安全运输应当注意的事项，旅客对承运人为安全运输所作的合理安排应当积极协助和配合。 ...全文	未
现象讨论驾驶员体检不能流于形式日前，有记者从河北省石家庄市公安交通管理局了解到，发生在石家庄市裕华区谈固东街与隆泰路的一起道路交通事故初步调查情况通报已出具，警方综合多方情况初步分析认定，此次交通事故原因为杨某驾驶车辆时癫痫病发作，致车辆失控此事故已造成2死5伤的后果目 ...全文	未
现象讨论驾驶员体检不能流于形式日前，有记者从河北省石家庄市公安交通管理局了解到，发生在石家庄市裕华区谈固东街与隆泰路的一起道路交通事故初步调查情况通报已出具，警方综合多方情况初步分析认定，此次交通事故原因为杨某驾驶车辆时癫痫病发作，致车辆失控。此事故已造成2死5伤的后果。目前，肇事驾驶人杨某已被石家庄市公安局裕华公安分局以涉嫌交通肇事罪立案侦查，并采取刑事拘留措施。 驾驶员体检不能流于形式	未
现货可发了姜峰手机 预售：3M带阀防护口罩KN95折叠耳带式防雾霾防沙尘9501V25只盒12月3日发货网页链接	未
现身说法，财富自由是什么感觉第一阶段，随心所欲。不用上班了，睡到自然醒。想干什么干什么，去旅游，去吃饭，去逛街，看电视剧可以看到凌晨。如果你有约炮的业余爱好，再也不要担心被单位领导知道了。第二阶段，无聊，打听老同事们近况自由自在的日子，你过上十个月，春夏秋冬走一圈，你就无聊了。在这一年左右里，你一般也没什么新朋友，就是玩。玩够了，就觉得没有什么新的信息。与此同时，你的老熟人们开始有变化了。有的升官了，有的点背出事了，有的出了大新闻，有的离婚了。反正你会很好奇。第三阶段，无人搭理你了职称无朋友。你的老熟	未
现金会计分录，你会吗	未
现金奶牛是什么X5和X7在中国一个市场就可以每年带来上百亿的利润。//@李想:针对美国生产的车减税，影响最大的是奔驰宝马的现金奶牛系列的美国产SUV：X5X7GLEGLS。X5和X7我估计中国市场可以每年给宝马带来上百亿的利润吧。	未
现金红包黑色星期五抢钱的黑五又来了，北京联通送你回血红包！即日起，新关注北京联通WX公众号的用户可直接领取现金红包，已关注的用户邀请小伙伴来参加，您和小伙伴都可获得现金红包。已经有小伙伴获得千元红包了哦！先到先得送完即止关注后回复现金红包即可参与！还等什么快和小伙伴一起领红包吧	未
现金贷地下三部曲：卖系统，换马甲，绕监管	未
现金铺满床，数钱数到手抽筋	未
玲丫头是如何住进哈尼沙汗大妈心里的	未
玲珑轮胎回应10亿元证券投资：实为暂时闲置资金 投入短期保本型产品 未触发回购条件	未
玲珑轮胎拟不超10亿元进行证券投资	未
玲珑轮胎：拟以不超10亿元进行证券投资	未
玲珑轮胎：拟以不超10亿元进行证券投资财联社12月18日讯，玲珑轮胎晚间公告，公司拟使用不超过10亿元的自有资金进行证券投资，其中理财产品（含银行理财产品信托产品）的投资金额为不超过6亿元，其余证券投资的金额为不超过4亿元。投资范围为股票基金债券理财产品（含银行理财产品信托产品）等有价证券及其衍生品。	未
玲珑骰子安红豆 入骨相思知不知。	未
玻璃	未
玻璃栈道上丑态百出，我就服尿裤子这一位！	未
玻璃栈道惊现野猪，下一幕惊呆了	未
玻璃起雾出事故！轻轻一擦，驾驶更安全，老司机必备	未
玻璃门贴墙贴画 3.99还没有过年呢，这些贴纸都开始出来了	未
珀斯女误入西澳死亡地带，靠喝尿维持生命六天获救，每年吞掉100多人生命	未
珊瑚绒家居服套装39多款可挑，天冷不穿毛绒绒的睡衣跟没穿有什么区别	未
珊瑚色成2019流行色之后 肯豆 贝嫂已经穿上身了	未
珊者之嘚吧嘚吧得 2018年就剩两周了，大家都什么时候开始放假	未
珍宝岛：带量采购暂不涉及公司现行销售产品 目前对公司销售无影响	未
珍惜一直联系你的人	未
珍惜好天气，雨水不远了	未
珍惜生命！柳州15岁男生从8楼顶跳下，事前曾发信息通知同学	未
珍惜生命，远离泥头车！监控记录下泥头车翻倒的恐怖瞬间	未
珍惜眼前人，你见感情放过谁 情感	未
珍惜还有大包的日子	未
珍惜那个总是迁就你的人！	未
珍爱和平！南京大屠杀死难者家庭祭告活动举行今天，南京大屠杀死难者家庭祭告活动在侵华日军南京大屠杀遇难同胞纪念馆遇难者名单墙前举行，幸存者余昌祥一家和石秀英一家通过上香献花跪拜诵读祭文等形式，祭奠在81年前的那场浩劫中遇难的亲人摄影：崔晓	未
珍爱生命，小心驾驶	未
珍爱生命  平安出行！聊城交警曝光4起事故案例！	未
珍爱生命！广西15岁男生从8楼跳下，事发前曾发消息告知同学	未
珍爱生命，拒绝毒品	未
珍爱生命 拒绝毒品 如果生活中发现这样的邮票，请您立即报警。	未
珍爱生命，请不要高空抛物！	未
珍爱生命，请遵守交通规则！	未
珍爱生命，请遵守交通规则！ 微博视频	未
珍爱生命，谨慎吸	未
珍爱生命远离yp	未
珍爱生命远离作死者 ，重庆三人228米大厦楼顶尬舞自拍，两人站到护栏外228米大厦楼顶尬舞自拍	未
珍爱生命远离作死者 ，重庆三人228米大厦楼顶尬舞自拍，两人站到护栏外，某音记录你的坠落想红瞬间228米大厦楼顶尬舞自拍	未
珍爱生命远离作死者 ，重庆三人228米大厦楼顶尬舞自拍，两人站到护栏外，某音记录记录你的瞬间	未
珍爱生命 远离毒品 人民公安报社禁毒宣传进校园活动在佛山举办	未
珍爱生命，远离茄子	未
珍爱生命，远离邪教！	未
珍爱生命，远离邪教	未
珍爱生命远离邪教	未
珍爱生命铁拳护航不礼让斑马线，平湖又一批驾驶员被曝光	未
珍爱生命铁拳护航开车打电话，平湖这些司机被曝光！	未
珍爱生命铁拳护航电动三轮车强行冲卡，驾驶员被行政拘留五日！	未
@珍爱网 你们还干过这种事忽悠消费者花几万块钱买你们的什么情感培训课程然后人家醒悟反悔了就拒绝退款不会是造谣吧你们要不要报警	未
珍贵老照：沙皇专列离奇脱轨 士兵在事故现场荷枪实弹警戒	未
珙县巡场一男子在隐蔽街区蜷缩着身体，面对特警竟然神情极其兴奋....	未
珙县巡场惊现千王之王摇骰子一摇就是三个六....	未
珙县巡场环卫工人：不要看不起人，大家需要相互尊重！	未
珙县巡场粗心司机落下长途乘客 热心交警接警拦车送人	未
珞妮在口袋里揣了两颗黑柿子，她说还要采几枝野花她问奶奶是不是喜欢吃黏豆包我说是的爷爷呢爷爷喜欢吃什么爷爷喜欢喝酒那我们以后再来墓地的时候，就给奶奶带黏豆包，给爷爷妈妈，你要想着给爷爷买一瓶酒爸爸，爷爷会不会喝醉了不会，你爷爷喝的是馋酒什么是馋酒就是 ...全文	未
珞妮昨晚正式提出：爸爸，我想回云南了我问为什么呢你不是很想来东北的吗爸爸，东北不好，外面太冷，房间里太热长春没有会泽好吗是大城市啊长春是比会泽好，但没有我们自己家里好不会吧我们家才多大啊但是我们家的环境好呀这倒也是，但到了白城就不会这样了白城会是什么 ...全文	未
珠三角水资源配置工程工艺性试验段盾构始发	未
珠 家用保姆安排一个不	未
珠峰景区禁止进入核心区旅游，游客参观需止步绒布寺	未
珠江新城站友谊国金合建口执行客流控制	未
珠江新城站执行客流控制，B1口只进不出，B2只出不进，A1口只出不进。广州火车站D口，小北站A口执行客流控制	未
珠江金租获亚洲开发银行6000万美元长期贷款	未
珠海37条路车道大变化！走错可能扣光12分！还有48公里新路开通！	未
“珠海一号”7星在轨运行正常 平均每5日对全球覆盖一遍	未
珠海一老板雨夜倒在板樟山隧道！百万途锐车被直接开走	未
珠海下周计划停电（11月26日-12月2日），快看看有没有你家...	未
珠海下周计划停电（12月3日-8日），快看看有没有你家	未
珠海中富获新丝路二次举牌 持股逼近控股股东	未
@珠海人，17种抗癌药列入珠海基本医保！报销比例超过八成！	未
珠海人去哪换零钱来这里，自助兑换纸硬币！	未
珠海人注意！在海边见到这种石头一定要小心！竟是这些人留下来的	未
珠海人注意，看到这黑盒子赶紧扔！	未
珠海公交乘客司机打起来了！视频揭露真相	未
珠海公交，你变了！	未
珠海养犬管理条例实行已有三四年 为何才罚五六人养犬扰民伤人问题备受社会关注。虽然多地出台地方法规，让养犬管理有法可依，但在执法必严违法必究上却令人难言满意。珠海市从2015年6月起实施《珠海经济特区养犬管理条例》，至今全市仅处罚了五人。为什么各地实施养犬管理条例往往遭遇执法难可操作性差的困境珠海养犬管理条例实行已有三四年 为何才罚五六人	未
珠海再次破获特大电信诈骗案，从柬埔寨带回72名嫌疑人（内有大量高清图片）	未
珠海到澳门的拱北口岸也有海关罚没展示柜，不过比较无聊。这些塑料水果是什么嘛	未
珠海即将再多一条城轨！连通澳门！全线贯通时间公布了！	未
珠海唐家湾一女生险被人贩子拉上面包车警方刚公布，真相令人感到意外！	未
珠海崇峰壹号院开幕，可以来跟我做邻居	未
珠海市2018年世界艾滋病日系列宣传活动 大型社区艾滋病宣传活动	未
珠海市住建局回应两区放松购房门槛传闻：正在核实情况	未
@珠海房东租客，这些租房新规即将出台，每一条都与你有关！	未
珠海提早采取I级应急响应措施，珠海非洲猪瘟疫情得到有效处置：根据农业农村部新闻办公室12月19日发布，珠海市香洲区排查出一起非洲猪瘟疫情，截至目前，同批待宰生猪50头，发病11头，死亡11头，...文字版gtgt 网页链接 （新浪长微博gtgt 网页链接）	未
珠海搭金巴需微信买票 运输署：港客不受影响港珠澳大桥穿梭巴士由珠海来港的巴士服务，今日起实行网上限量售票。金巴营办商指，为避免旅客集中同一时段候车，周六起由珠海前往香港方向必须提前在微信购票。不过，运输署经与有关方面确认后指出，持有香港居民身份证(或外国护照)的旅客将不受该项新安排影响，有关旅客仍可在珠海口岸现场购买穿梭巴士车票前往香港口岸。有关网上购票安排亦不适用于由香港口岸出发往珠海口岸或澳门口岸的旅客。	未
珠海有一群志愿警察，他们的真实身份是	未
珠海有个电话被人打爆！竟和200多条人命有关！电话是	未
珠海有人出售干净尿还卖到500元100ml	未
珠海有震感！刚刚，台湾海峡发生6.2级地震	未
珠海未解之谜：人民路上的白色小屋终于曝光，内部竟是...	未
珠海求脱团 投稿ID：@千堂和树 男，90年，179/68，本科，理科机电男，汽车行业，二手车鉴定评估师，独生子女，家庭和睦，亲戚关系简单，名下有独立车房，详见长微博。(本平台所有征友，未经投稿人同意前，禁止一切抄袭/复制原文作为直发的行为，谢谢配合)	未
珠海突然下起了雨，你在的城市是什么天气如果被大雨困住，别忘了魅族授权服务中心 的便民伞，我陪你回家。魅族Care	未
珠海站  我在珠海的第三天	未
珠海航展现天大误会，暗示中国舰载预警机和美军同款撞脸？	未
珠海这37条路的车道大变化！走错可能扣光12分！还有48公里新路开通！	未
珠海这些打卡圣地，你都去过吗！	未
珠海这家企业双12搞事情5家体验店齐齐开启！现在100元竟可当1212元使用	未
珠海防治艾滋病有了后悔药！还有这些真相，你要知道	未
珠海/阳江求脱团 投稿ID：@倦云无梦 90女，本科，客服行业，身高158cm，体重约50KG。详情请看长微博。(本平台所有征友，未经投稿人同意前，禁止一切抄袭/复制原文作为直发的行为，谢谢配合)	未
珠颈斑鸠，随他去就是了//@zjut守望:@开水族馆的生物男 请问水哥能不能看下怎么办	未
班主任介绍学生去校外无资质培训机构 被通报批评	未
班主任李某向班级里22名家长求助，共累计借款111万余元未归还。2018年12月7日，被告人李某因犯诈骗罪被海淀法院判处有期徒刑11年，剥夺政治权利1年，罚金20万元。这名班主任诈骗的原因居然是赌球！！班主任假称买房向家长借款赌球 诈骗111万获刑11年	未
班主任科任老师学生一同培训，这是个啥活动	未
班主任竟然也要参加考试，这究竟是什么比赛？	未
班主任诈骗家长111万获刑有道是师道尊严，为师者，传道授业解惑，必须为人师表！这场骗局是房价高闹的吗当然不是！赌球的人，扭曲的老师！	未
班克西又出来搞事了！3D涂鸦讽刺PM2.5超标	未
班次不做调整遇雾延迟发车！我市长途班线校车城市公交妥善应对大雾天气	未
班氏三杰前仆后继修成《汉书》，仅仅是天赋使然吗	未
班禅额尔德尼·确吉杰布在昌都考察调研和开展佛事活动	未
班达海发生6.3级地震	未
班长太帅合影都不敢拿出来发//@空天砺剑:军事集结号 小迷妹超级多	未
球卡到篮板上拿不下来怎么办？幸好鲁迪·盖伊善假于物	未
球员们也抵达卡林顿基地了	未
球员们抵达瓦伦西亚。巴萨微博视频	未
球员外侃球 Nike就已经懒到这种程度了	未
球员外侃球 今天微博较少，请见谅！ 北京  东直门	未
球员外侃球 国安助教谈中国足球：与欧洲不同，俱乐部要听足协命令！	未
球员外侃球 塔尔德利回家乡组织球赛，双方都穿鲁能球衣！PS：说实话，你到底从中国拿了多少件球衣回去	未
球员外侃球 天津市政府：成立联合调查组进驻权健集团进行核查！	未
球员外侃球 宫指导，有时间你还是去执教吧，解说这活儿真不适合你！	未
球员外侃球 怎么理解梅西与苏亚雷斯之间的关系呢	未
球员外侃球 经纪人：长春亚泰对伊哈洛标价2000万镑！PS：指望亚泰超市开张洗洗睡吧	未
球员外侃球 解放者杯决赛一触即发，成千上万球迷聚集马德里！PS：皇马客场结束回来，发现家被炸了！	未
球员外侃球 这是谁的招牌动作怎么那么熟悉	未
球员外侃球 预热德比，博努奇儿子为都灵梯队出战尤文！PS：博努奇这是什么操作	未
球员外 要等的，是他吗	未
球员牺牲个人利益是辽篮取胜关键因素郭少只出手7次 辽媒:放弃个人数据是赢球关键 辽宁男篮在客场以120：99击败了深圳队，这是本赛季辽篮第二次在客场击败深圳队，同时也将自己在常规赛中的连胜纪录延续到了七场。全场比赛辽篮总共抢到了49个篮板球，其中包括13个前场篮板球。而深圳队方面，仅仅抢下了34个篮板，输给辽篮多达15个。	未
球员社交媒体：Merry Christmas Antonio Donnarumma	未
球员社交媒体：Merry Christmas Mattia Caldara	未
球呢//@球球的画:会特效就是了不起//@月刊勇者KuMa君:百万特效//@七色的偽物人形:	未
球哥	未
球哥全场追防盖帽！	未
球哥又四个抢断了，这抢断，真跟抢劫似的！	未
球哥 - 哈特 - 詹姆斯 - 库兹马 - 麦基  打了58分钟，9.1的效率球哥 - 哈特 - 詹姆斯 - 库兹马 - 钱德勒  打了24分钟，36.9的效率莺歌受伤后，就该哈特顶上了，虽然波普状态已经回暖，但感觉还是哈特靠谱一点！	未
球哥牛逼啊 三个三分了	未
球哥真的是说变就变啊，那个转身左手放篮以前真没见过。	未
球哥这个冒给多少分	未
球哥这个扣篮有点暴力啊！！！	未
