长航凤凰：大件事业部管理团队全体员工辞职	未
长航凤凰大件事业部管理团队全体员工辞职	未
长苔藓！爬蟑螂！平日喝的这种水竟大多不合格	未
长荣股份拟购桂冠包装 标的为关联亏损资产	未
长荣航空高雄至广州班机起飞后折返 疑因引擎异常	未
长葛停电早知道！11月29日这些地儿要停电，请互相转告！	未
长葛停电早知道！12月3日-4日这些地儿要停电，请互相转告！	未
长葛教体局：将重点查清顶替学籍事件中的参与人员	未
长葛教体局：继续查顶替学籍事件，重点查清“谁参与”	未
长葛教体局:黄风玲冒用学籍8年前已查实 但未处理	未
长葛教体局：黄风玲冒用学籍事件8年前已查实，当时未处理	未
长葛顶替学籍事件举报人黄海霞坚称：成绩是自己考的	未
长葛高三男生到医院做手术 术前查出感染了艾滋病12月1日是世界艾滋病日。男男成艾滋感染高危群体。2016年临近高考，长葛一高三男生到医院做手术。不料术前查出感染艾滋病病毒。他成绩一直很好，没让父母操过心。后来他下载了一款社交软件，通过该软件与一男性相约并发生性关系长葛高三男生到医院做手术 术前查出感染了艾滋病	未
长虹美菱暴涨暴跌 机构连续三日借科创板利好出货	未
长虹集镇变化太大！过年放假回老家，怕你认不出来	未
长 衫 老 者	未
长见识了。//@斯坦福桥科技Frank大叔:沙子型泳池！	未
长见识，富豪家的车都长什么样	未
长见识：论团队的配合，极为重要不过挺危险的 微博视频	未
长赣高铁主线不进赣州西站南康蓉江新区赣州经开区的人要哭了！	未
长跑王原是汽车兵	未
长轩岭街道军运会指挥部工作简讯	未
长辛店的龙须沟变身口袋公园明年计划再实施留白增绿57.84公顷！	未
长辛店这里有人反映偷东西，被摄像头拍下竟然是偷这个......	未
长达一米的寄生虫在几内亚肆虐，更可怕的是...	未
长这么大，为哪件事花钱最多_________________	未
长这么大么见过奶奶的我，哎//@不按常规秀:想奶奶	未
长这么大，你有哪些事是没做过的呢	未
长途骑行：职业医生告诫骑友要注意这5点	未
长阳俩口子携好友登台方山年猪宴舞台，一首山歌醉游客	未
长阳新闻20181121	未
长阳新闻20181122	未
长阳新闻20181123	未
长阳新闻20181126	未
长阳新闻20181127	未
长阳新闻20181128	未
长阳新闻20181129	未
长阳新闻20181202	未
长阳新闻20181205	未
长阳车主请注意！看到这种黑盒子赶紧扔！全国已有多人中招...	未
长陵雪	未
长集古装剧在国产剧风险性为何比较大看了明年的几部古装剧，有些比较出名的几乎在50集以上，有些未拍的也能预知不会少于40集，这样的长篇幅拍摄风险性本来就很大，毕竟不是所有的影视公司都有正午阳光的拍摄水平，现在热播的知否是因为考虑到原著原因才最终定下的长度，几乎每集都特别精彩至于 ...全文	未
长颈鹿先森的大头照	未
长颈鹿已经烤火了 重庆未来三天仍然冷	未
长颈鹿：是这样的，当时我正在过马路，突然冒出个碰瓷的，我也没管他，直接就压过去了	未
长颈鹿的盐块，没事儿就舔着玩 花老师带你逛动物园 微博公开课微博视频	未
长颈鹿：突然冒出来一个碰瓷的，当时我也没管它，直接压过去了	未
開工中 湖州	未
關注台灣商品銷陸 上海電商上架開賣	未
關注台灣海峽發生6.2級地震！廣東福建都有震感，朋友圈亮了	未
關注大陸票證電子化 明年刷證搭車	未
關注山東惠台 發布投保條例	未
门上写着内有恶犬，透过门缝看到的狼狗，竟然是这货！	未
门依然得出，但真得用净化器。	未
门兴格拉德巴赫同主教练黑金及助教续约	未
门前五包倡议书落实门前五包争做文明市民	未
门前红叶地，不扫待知音。鱼玄机	未
门前联系险情！	未
门口山水净，村头远客来（民生调查·关注乡村治理④）	未
门口有一物，一定不能踩！切记！	未
门口还有一大堆等着参观全意大利5A级移动景点的球迷们，以及一堆等待着你妇球迷出来的宪兵们。红牌之后你妇踢的总算像一支强队了，只是辛苦你罗又没有完成公费旅游的成就，还是过节加了班。算了，找到问题周六继续加油，大家晚安。juventus PP体育直击意甲现场 意大利贝加莫	未
门口这个不是猴	未
门口遇见个大圣诞树，想起圣诞节要来了！ 微博视频 Tomorrow（剪辑版）	未
门外水流风叶落  .	未
门头沟910项政务服务可“一窗通办”	未
门头沟人2018十大流行语您知道是什么吗	未
门头沟区领导检查非洲猪瘟疫情防控工作	未
门头沟四位镇街书记赶考！区委书记点评了什么	未
门头沟家中如遇水暖管爆裂最高可获赔万元	未
门头沟最新的房价！看看有您家小区吗	未
门头沟月季园这个小区开展私装地锁强制拆除工作	未
门头沟有一名特殊的医生	未
门头沟有家律师所免费咨询等您没商量！	未
门头沟某事业单位招聘厨师月薪6000，周休一天半	未
门头沟某事业单位招聘司机，辅助人员	未
门头沟某餐厅招聘打包备餐员	未
门头沟某餐厅招聘经理，主管，收银，后厨，保洁...	未
门头沟桥的来世与今生	未
门头沟石景山近期招聘信息	未
门头沟：禁毒校园行走进北京科技高级技术学校	未
门头沟这个地方被评为市级爱国主义教育基地！	未
门店关了，外卖停了！杭州的一点点今天怎么了今天下午，一则关于全杭州一点点停业整顿在朋友圈刷屏外卖网上杭州区域的一点点外卖全停了，电话也无人接听体育场路门店的工作人员说，今天公司安排教育训练，今天大家都去参加培训了，明天就能恢复正常小编想说，你们确定不是去打雪仗了 ...全文	未
门店关了，外卖停了！杭州的一点点今天怎么了今天下午，一则关于全杭州一点点停业整顿在朋友圈刷屏。外卖网上杭州区域的一点点外卖全停了，电话也无人接听。体育场路门店的工作人员说，今天公司安排教育训练，今天大家都去参加培训了，明天就能恢复正常。小编想说，你们确定不是去打雪仗了全杭州的一点点今天都关门了！外卖也全停了！官方回复：参加培训去了	未
门捷列夫坦克为什么这么方？它跟元素周期表又是什么关系	未
门票	未
门票3块钱一位，工具自备，进去随便拆，出门论斤收钱，逛这里真比逛outlet有意思多了 AmericanCalifornia Riverside	未
门票两张！	未
门票全免，整整90天！连云港人，是时候去这里玩耍了！	未
门票要好好审核啊喂	未
门窗紧闭在家中洗澡 一家三口被一氧化碳“放倒”	未
门诊不是菜场。真不是哪个摊子空就能看哪个的按挂号科室啊大哥们。。。。这群病人太自作聪明了，觉得门诊人多，去病房找医生，但这个点都要查房，就在病房等。结果病房一群人排队，我在门诊能孵蛋。	未
门诊丨文字君同求助：话痨想变高冷，还有救吗	未
闪婚三年没孩子，我在婆家没地位，去了趟医院，回家掀翻了饭桌！	未
闪现	未
闪现出门颁了个奖，立刻滚回家录视频	未
（闪现 这条没卷的快快快 明天开	未
“闪电侠”格兰特·古斯汀与女友正式结为夫妻	未
闪电狼新赛季名单出炉	未
闪电胖成猪儿虫避雷针小鬼	未
闪电补给续燃年终赛场	未
闪瞎眼的阿联酋钻石飞机只是艺术照，不是真飞机	未
闪瞎眼！镇江新区赵声路下午5点钟居然有人开这种灯......	未
//@闪闪一口气吃了十碗麻婆:卧槽//@百慕猫://@羊苏英明:来来来扩一下//@囧兄龙:扩一下！人抓了！现在需要受害者指证！相由心生不要放过他！//@Friends_咸鱼薮猫兔云酱:十月或者今天被他骚扰过的妹子能不能到浦东新区丁香路602号世纪广场治安派出所，提供一下证据最多24小时之内需要提供证据，否则	未
//@闪闪一口气吃了十碗麻婆: //@抖抖村:嗯，最后来扯最不愉快，抖叽 //@谭明-ming:去年的钱现在还没收到//@果子狸爬大树: //@KraceZ:转给那些懵懵懂懂的画师朋友们。有些画师会怕谈太严肃的话题不愉快，其实不是的。合同里尽可能写详细清楚，这是思路清晰头脑清醒且准备对事负责讲道理	未
@闪闪微笑的猫：我家人最近接了个电话，和对方学习炒股，开始说免费，后来说他给选股，你投资10万，挣钱后给他8.8万，不挣钱不用给他钱现在又发了链接让下载app购买泰达币，这个app在正规平台都找不到的，只能是那个链接下载，而且购买是通过银联转账，再联系卖家app上放币我觉得是个骗局，但家人 ...全文	未
闫继红任河北省保定市委副书记(图/简历)(图)	未
闫银良我的西藏岁月2珠峰江村行	未
闫锐、李小萌演“名优” 老戏班规矩如何有新启发？	未
闭关12年 仙林金马路附近石狮路隧道昨日开通	未
“闭关”12年 南京仙林金马路附近石狮路隧道开通	未
“闭关”12年 石狮路隧道今日开通试运营	未
闭麦投百度	未
问一下 你们见过蟑螂吗我刚刚躺床上酝酿睡意，大棉袄放在床头，突然听到窸窸窣窣的声音，睁开眼睛一看，有只蟑螂在我大棉袄上爬来爬去，我他直接蹦起来跑到雷雷旁边，把雷雷推了过去，看着雷雷哟哟把蟑螂赶跑才敢继续躺下，真的太恶心了 我巨讨厌这个生物 从小就是本南方人的噩梦	未
问一下：你的元旦出行计划都制定好了吗 2019春运天气	未
问一下大家，差不多的价格，大家会优先考虑汽油车，还是电动车	未
问一下：我实测觉得 a7 iii 的 1080p 60p 和 1080p 120p 的画质是差不多的（都肉了吧唧的，没用 SampQ），并不存在 60p 比 120p 好的情况，这是对的吗	未
问一下有没有懂车的朋友告诉我一下200万以下 两块钱的左右的口罩哪里有卖 我骑电动车太吹脸了	未
问一下首页的学生党/工作党们，你们元旦放假都咋放啊，是123放三天然后连续上七天班/学吗来自脱离社会太久的青厌（。）	未
问一句，南方真的不用搓澡巾嘛 有垢怎么办	未
问一哈，你们最怕医生对你们说什么话。	未
问下95后的童鞋，你们问工资吗//@简历义工:一小部分是这样吧大部分还是问工资的	未
问下上海的朋友，投诉@ocn东方有线 是找工信部吗N年没看电视，要停机，不让停，说要交还当初赠送的机顶盒和猫，找不到就不让停机，每月继续交钱。首先，既然是搞活动时安装赠送的，为什么要归还（破玩意儿十几年没用谁知道丢哪儿了）其次，如果你改口否认是赠送，那么当初我是交了设 ...全文	未
问下你们需要行李箱吗都需要多大的	未
问下@藏狐君 ，这样子直接切线放掉存活概率很高//@一只法考牛:@开水族馆的生物男 水哥认鲨鱼了	未
问下还有谁双11买了东西发了货到现在还没收到的嘛一个破充电宝从江苏运到上海运了大半个月了还没到，共享单车骑过来都到了吧	未
问下，长沙最近什么温度要穿什么衣服本来想在上海多待两天，结果昨晚接到通知今晚要去长沙	未
问世间情为何物一女为情受骗，一女为情行骗	未
问个问题switch值得买么一个人玩的话会不会很无聊	未
问为什么不想是为了给自己一个台阶下，不是真的想知道为什么。	未
问了一下路线，这个真6 查看图片	未
问了，预计明天上新皮肤	未
问你个事：中国的妖怪有性别吗	未
问：你是什么批 答：我是中国女排有比赛必看的这一批	未
问：你最近一次羡慕别人是什么时候。答：就在刚才，电梯里看到有外卖员送饭，羡慕那个大半夜点外卖的人。	未
问卷  快来给你的街道打分！石景山区政府满意度评价来了	未
问卷调查！关于隆回县城部分区域停车收费，你怎么看	未
问卷调查  食堂满意度调查邀请函	未
问号路	未
问吧预告｜曝光高端酒店乱象后，“花总”经历了什么？	未
问大家一个问题：一个人高铁上上厕所，上完之后发现厕所没纸了，自己又忘带纸，怎么办	未
问大家一个问题，有一部分人，关注了我的微博，但是从来不看我写的东西，她关注我只有一个目的，就是为了免费提问。比如刚才有个女的，从2月份问到现在，问的问题全是我常年在微博写的，比如面试官不礼貌，面试时候怎么反面试对方等等，而且每次都是大段大段，几千字，看得人眼睛痛。来来回回问了好几次，不回吧，就疯狂的催，不断的催，回吧，就赖上你了，得寸进尺的过一段时间就发几千字，过一段时间就发几千字，拉黑吧，到处黑你，造谣你怎么怎么样。面对这种人请问怎么办比较好	未
问天全乱套了！今天如东气温直逼20C！更可怕的是	未
问完价，嫌贵的，你就这么说！	未
问师在市场经济的压力下，怎样调心怎样帮助别人解决问题	未
问：年轻人到底需要多长的睡眠时间答：再睡五分钟又到周五，明天就能睡个懒觉啦！早安	未
问:手里御札不够，换蜜桃还是换人面树满图鉴答:蜜桃没下一期了，人面树什么时候都能换，而且现在人面树都失去姓名（划掉）	未
问：改错题，请找出下面题干中的语病。一个激进CP粉的激进发言：假设我搞的西皮是AB，AB又各自有大势西皮AC以及BD，那么为了让AB能锁死，我可以真情实感磕CD。答：题干中将西皮AC以及BD称为大势CP，属于表述有误，不是我磕的CP，不配称作大势CP。	未
问政丨马上办！龙泉驿这场坝坝会现场解决村民12个问题！	未
问政：关于 南南丰街往平摊方向的777乡道 泥头车影响的问题回复。	未
问政关于禹城月牙湾村有无拆迁计划	未
问政  南辛庄小学7年不见回迁，5上问政，明年10月要建成了	未
·【问政周报】凭护照竟无法入住酒店？回复：新员工不熟悉要求	未
问政  呼和浩特 丨2.28元/m的物业费 我该得到怎样的服务	未
问政 咸宁人近期反映的各类问题，官方给回复啦！有你关心的吗......	未
·【问政四川】巴中一小区长期污水横流 回复：未验收就交房致管理无序	未
·【问政四川月报】违章停车、违建拆除、购房补贴成关注热点	未
问政回复缴纳7年养老保险金的钱都去哪儿了	未
问政回访  昨晚《电视问政》曝光的问题，各县区都在整改！	未
问政回访  第三十四期《电视问政》曝光的问题，各县区都在整改！（二）	未
问政市一院骨科门诊几点上班涉及医疗公交的这些问题已回复	未
《问政日照》暗访：有部门整改用障眼法，流于形式！	未
问政时刻 《问政时刻》上期节目曝光问题已全部整改到位 三家单位共问责35人次昨日，《问政时刻》节目一开始通过短片关注了上一期被问政单位市城乡建设委员会市商务局市城投集团对问题的整改情况。截至目前，节目曝光的问题已全部整改到位，热线及网络平台收集的问题已作出了适当处理。与此同时，三家单位加大了问责力度，针对曝光问题三家单位共问责35人次，涉及直接责任人13名，追究领导责任17名，其中党内警告1人，政务警告3人，行政警告3人，诫勉谈话10人，批评教育1人，书面检查4人，责令辞职1人。《问政时刻》	未
问政有声网友建议开通高铁3路！市交通局回应	未
问政西安教育，得了21.89分  从老百姓最不满意的地方改起	未
问政贵港这个地方排水渠堵塞导致水浸街，一起去了解下	未
问政追踪：城管商户微互动 雁北路整治开始了	未
问政追踪  大学生创业如何贷款	未
问政追踪  智能水表需要6年更换一次吗	未
问政追踪  申请医疗救助如何办理	未
问政追踪：违建大排查 启动江南半岛专项整治	未
问政非农城镇户口如何办理我县农村合作医疗，人社局这么回答	未
问教  教育培训的热与乱从何而来，就需要从何而治	未
问：有在拉斯维加斯好好玩玩吗Faker：嗯，我在老虎机上玩了10美元V影响力峰会 游戏V势力	未
问：有在拉斯维加斯好好玩玩吗Faker：嗯，我在老虎机上玩了10美元英雄联盟faker	未
问渠  一个农民管水员和他的初心	未
问渠那得清如许  源头活水是铁军	未
问点实质性的，在朋友家上完厕所，大便冲不干净，又没有刷子怎么办	未
问：猎人什么时候结束围猎答：猎物丧失警惕性的时候	未
问答Hi法丨想让上诉更快，这些笔误可别犯	未
【问答】为什么一下雨就偏头痛？	未
问答  为什么感烟探测器先报故障再报火警	未
问答乌龙江大道上街段是否开工橘园洲大桥互通何时启用	未
【问答】喝尿能治病强身吗？	未
问答国家大力扶持新能源汽车，可为何新加坡，却判定特斯拉不环保?	未
问答地铁2号线延伸建设进展如何福州市发改委回复！	未
问答地铁2号线延伸线儒江东路段何时勘察官方回复	未
问答我日 如何看待 刘强东 的事 微博问答	未
问答我日 如何看待有人立法禁止沸水煮龙虾1 元围观，多图杀猫 微博问答	未
问答我日 对艾滋病渣男炫耀又感染一名大二女生的事情怎么看一元围观 微博问答	未
问答我日 总是忍不住帮伤害自己的人找借口，怎么办 微博问答	未
问答  松江JB-9108火灾报警控制器主机设备属性代码和常见故障	未
问答  消防风机做了多线还要做直启吗	未
问答  看消防弱电图怎么分回路	未
问答：童年常见的这种昆虫，你们那里叫什么名字	未
问答金辉淮安半岛是否会建公交总站 道路运输管理处答复	未
问答闽侯侯官至荆溪是否会建过江大桥官方：已纳入规划	未
问：衡山路景点在哪曰：在脚下！	未
问计于民，服务为民  李婧@全区干部，要做民营企业的五星级服务员	未
问：谁最不怕雾霾答：广场舞大妈	未
问责76人，约谈141人！中央第五生态环保督察组向贵州转办第22批信访件89件	未
问责不作为 治理懒散拖丨走进区（市）县，关注治理工作新进展	未
问责“脱靶”又“跑偏”,基层扶贫怎么干	未
问责错问责问错责的现象冒头，问责是一把利剑，也是一把手术刀，为的是惩前毖后治病救人	未
问：跟杨夕@万鹏er 这样的女孩当同桌是种怎样的体验 花彪@侯明昊Neo 作为唯一的发言人强行作答。养膘cp话说了那么多你们倒是快点行动呀！	未
问过社区防疫站，不给16岁以下孩子打。	未
问题回访金坛小龙坎骁辣等餐饮业整改现状到底如何	未
问题放心头，扶贫分步走，这个村几年只做这件事	未
问题是：大A从来不按常理出牌//@千万成神之路:这地方涨跌都可以，明显跌下去更容易。顺便把2449抄底的都埋了，哪有主力给你抬轿子的	未
问题是她们弄倒的可恶	未
，问题是她打哪看出没油了呢这几个男业忒坏了，嘲笑妇女嘛。	未
问题是怎么除味儿 微博视频	未
问题是枪支哪里来的//@还是一碗泡面: 过路的群众心理素质真好啊	未
问题来了：嫦娥四号为什么非要在月背安家？	未
问题来了：请在下图三秒内找出李哥cr.LoL Esports PhotosLOL全明星赛 英雄联盟	未
问题来了，雷哋想好下一轮该如何金融创（zha）新（pian）了么	未
问首页怎么了的你家过年杀不杀鸡理解了吗	未
闯入遵义，我们靠的就是一双筷子	未
闯关游戏	未
闯大祸！汊涧查车，一黑车司机逃跑时撞伤天长辅警	未
闯杆走捷径 拘留后悔迟男子着急回家却逢收费口拥堵，一时冲动竟驾车冲闯收费站ETC通道自动栏杆逃费通过为记录自己的冲关壮举，心血来潮拍摄视频并发到微信群进行炫耀，几天之间变身网红自己办的糊涂事只能自食恶果，现涉嫌寻衅滋事罪已被通州警方刑事拘留网页链接	未
闯杆走捷径 拘留后悔迟男子着急回家却逢收费口拥堵，一时冲动竟驾车冲闯收费站ETC通道自动栏杆逃费通过。为记录自己的冲关壮举，心血来潮拍摄视频并发到微信群进行炫耀，几天之间变身网红。自己办的糊涂事只能自食恶果，现涉嫌寻衅滋事罪已被通州警方刑事拘留。闯杆走捷径 拘留后悔迟	未
闯红灯了吧这责任怎么划分 微博视频	未
闯红灯发朋友圈现在闯红灯流行发朋友圈了12月3日，雅安一名市民在驾驶电动车经过一个十字路口时闯红灯，被执勤交警陈雨拦下。交警没罚款，而是让她将自己闯红灯的行为发朋友圈，并且要积满20个赞。此朋友圈内容发布了以后，瞬间积赞超过20个，当事人完全占领了朋友圈C位(记者 文莎)闯红灯屡禁不止这罚单瞬间让你深刻，哈哈哈！	未
闯红灯曝光又来了，瞅瞅都有谁	未
闯红灯未按道路指示标志行驶不仅会被罚款，还会影响到你的个人征信 在许多人看来，闯红灯未按道路指示标志行驶不礼让行人这些交通违法行为引发的后果可能仅仅是罚款扣分然而，随着交通领域失信行为专项治理工作的深入，越来越多的省市对交通失信行为有了更为严格的处理方法，甚 ...全文	未
闯红灯未按道路指示标志行驶不仅会被罚款，还会影响到你的个人征信 在许多人看来，闯红灯未按道路指示标志行驶不礼让行人这些交通违法行为引发的后果可能仅仅是罚款扣分。然而，随着交通领域失信行为专项治理工作的深入，越来越多的省市对交通失信行为有了更为严格的处理方法，甚至还会影响到违法者的个人征信。 交通运输信用体系建设向纵深发展	未
闯红灯海丰三轮车和摩托车碰撞，女子倒在地上...	未
闯红灯的电动车，全责！	未
闯红灯被交警拦下，竟称： 我天天闯红灯，能活下来就好了！	未
闯红灯酒驾醉驾开车时候哪个细节最危险你说了算！	未
闯过了快几秒 闯不过快几十年 别让闯红灯成为你人生的句号！	未
闯过了快几秒，闯不过比别人快一辈子！这事儿千万别干！	未
闰土  公来救人传美谈	未
//@闲人王昱珩:你这是张大人//@大碴子粥:水哥，图二不是格桑花那我拍的这个是格桑还是张大人花 查看图片	未
闲得慌的人才想太多	未
闲得无聊老人路边用塑料袋堵汽车排气管据网友爆料视频，长春某小区几位老人在路边闲坐聊天，其中一位老人不知何故用拐杖勾起一个黑色塑料袋，还塞进了一辆车的排气管中，这是图什么网页链接	未
闲忆卫城——究竟什么才是天津菜	未
闲来无事，怡神静坐，凝望顽石，自生逸想：一室之中，宛在深山邃谷，老木寒泉，风声簌簌，令人有遗世独立之思心归此境，人生能有几度	未
闲来札记：再谈自由现金流投资于一家上市公司，就是投资于一家企业未来现金流的折现值。闲来一坐s话投资: 闲来札记：再谈自由现金流 投资于一家上市公司，就是投资于一家企业未来现金流的折现值。凡是从这种现金流折现思维模型出发而买入一家公司股权资产的，自然... - 雪球凡是从这种现金流折现思维模型出发而买入一家公司股权资产的，自然当属于投资而凡不是从这个思维模型出发而买入筹码的，则当归之投机，至少不能说是纯粹的投资。	未
闲白儿郭德纲说明为什么留桃心发型，于谦为什么要烫头	未
闲的	未
闲着没事就把卡车坦克翻出来晒晒	未
闲聊时间  每人说一个自己行业的小秘密吧	未
闲言毛：救孟晚舟，律师比喊话强加拿大是否同意引渡，目前并没有更多的消息。也许，是因为孟晚舟女士申请了不公开禁令，或许还有华为公司，甚至国家的种种吧。但是，窃以为对此事件来说，要想救出孟晚舟女士，关键的是要尽快建立超强的律师团队，通过司法手段来驳斥指控。网页链接	未
闲言毛：烧劣质煤被拘，公权力太任性清洁煤肯定好嘛，顾名思义就是不产生空气污染的煤炭，若是既能取暖，又不污染，当然好了。可问题是，这清洁煤当地农村人用得起不以农村人的经济收入，冬季取暖全部使用清洁煤能否承受得起呢显然，这个问题似乎不是当地政府考虑的事情了。网页链接	未
闲言毛：雪乡到的宰不宰客11月24日，据央视新闻报道，中国雪乡旅游风景区对住宿价格进行公示。其中，普通标准间880元/天，豪华标准间1080元/天，豪华单人间1580元/天，商务套房2580元/天，就连没有独立卫浴的普通炕房型也标价380元/天。元旦周末还可能在这个基础上浮15-30。除了住宿，雪上娱乐项目也价格不低，有网友称一家三口要准备2万块钱才够玩趟雪乡。网页链接	未
闲言碎语 一张动图看尽15岁到51岁的过程，有网友说，这简直是15岁到25岁 来说说，你在防脱路上有哪些神农尝百草的经历_______	未
闲话方浜	未
闲鱼上通州的老哥卖的，标10万，3.3挺少见的 北京  儒林街区	未
闲鱼虐猫视频的事，平台当然有监管责任，而且也是完全可以监管的。这与有没有猫狗保护法没有关系，因为虐杀动物的视频本身就属于血腥暴力的违规内容，本来就应该封杀。如果闲鱼说监管不了就一定是在推卸责任。如果让网信办介入你看他们能不能监管	未
间谍公然组织反政府武装并请军队加入，这事美国干了太多次！	未
间谍妖精洗的不是我贫民窟女孩子，是七美大法的逻辑行文。我等着你把下水道那篇拿出来。我再来锤锤你！臭傻逼 你今天公关套路还是错的，挣扎个屁啊	未
//@闵塔鲨:高定男孩 王源源	未
《闵宁镇》12月6日全国公映 讲述改革开放40年的农村巨变	未
//@闵玉平12://@丽娟画家://@实名晨枫://@北海听潮V://@艾漫儿: 车管所一直违法着呢！	未
//@闵玉平12://@文史l学堂 ://@米家那个山:	未
//@闵玉平12:根红苗歪。	未
闵玧其 小馒的广场有不好的东西混进来，希望大家多多带tag带大名发布或者转发安利，争取尽快将广场清理干净[给你小心心]不要跟无聊的人进行争辩和争吵，多多努力刷话题和名字是目前最有效的做法，就辛苦大家一起加油啦	未
闵玧其 干里良啊啊啊啊啊啊啊啊啊啊啊啊啊啊啊啊啊啊啊	未
闵玧其明眸善睐 [给你小心心] 闵玧其甜蜜灵药 都别拦着我报警！！！都别拦着！！！[CR.ALL HAIL THE KING]	未
闵玧其糖分摄入闵玧其甜蜜灵药 推特181210 BT21_更新SUGA相关（转载请注明百度SUGA吧）	未
闵玧其糖分摄入闵玧其甜蜜灵药 早安那年今日 171225 SBS歌谣大战雪积着，白茫茫的一片，恰好是你玩世不恭的笑脸雪融了，暖洋洋的一汪，正是心中荡漾着的甜蜜。圣诞快乐，我的世界。饭拍打包链接：网页链接 密码：UBcg（cr.logo 转载请注明出处）	未
闵行人关注一下，这件好事就发生在你身边	未
闵行概览城市建设  Urban Construction	未
闵行的这条公交线调整方案正在公示，看看TA在你家附近吗连线各区家住闵行七宝地区的朋友们注意了！@上海闵行 说，闵行33路将进行规划线路调整。调整后将有效改善中春路沪星路沿线居民的出行。本次网上公示12月6日截止，如果对调整有意见和建议，可拨打巴士二公司热线电话64925849进行反馈	未
闷倒驴丨办活动遇尴尬！登台性情泪奔为仙洋鸣不平，二人拥抱在一起！	未
//@闷声作大死V:厉害厉害//@阿骀:鼓励挑拨 人整人，是中华民族传统美德。//@茅十七: 鼓动群众斗群众嘛，文革一代最熟悉的手法	未
闷声做大事：饮品论坛搞事情喽！	未
闷声发大财？香港潮牌I.T入股瑞典网红品牌	未
闷女子学车，教练气的双脚跳！	未
闹了一个月。//@舜云槿:是啊！没有人背后支持能闹这么久	未
闹事深圳一男子爬到地铁顶棚10小时，死活不下来	未
闹哪自行车道却装上了S型围栏！自行车道口装个S围栏，想骑自行车过去，却先要被自行车骑在郑州市中州大道与商都路交叉口东南角处，有一条奇葩的自行车道，每个出入口处都安装有固定在地面上的S型围栏，如果想要骑自行车过往，就必须先要把自行车给扛过去，实在太不合理了 ...全文	未
闹哪自行车道却装上了S型围栏！自行车道口装个S围栏，想骑自行车过去，却先要被自行车骑在郑州市中州大道与商都路交叉口东南角处，有一条奇葩的自行车道，每个出入口处都安装有固定在地面上的S型围栏，如果想要骑自行车过往，就必须先要把自行车给扛过去，实在太不合理了。这是闹哪出自行车道口却装上了防自行车进出的S型围栏！	未
闹大了	未
闹大了！伊朗云集58艘战舰威胁霍尔木兹海峡 这回要动真格了	未
闹大了！因为领海主权，新马可能擦枪走火	未
闹工潮，你亲爹娘惨死在魔掌，大伙都为革命东奔西忙。 他誓死继先烈红灯再亮，擦干了血迹，葬埋了尸体，又上战场。你须要：立雄心，树大志，要和敌人算清账，血债还要血来偿。[加油]//@汪海林: 群众运动失败率本身就很高，无领袖就是无组织，更没戏//@狂风暴雨的2012:有领袖不如每个人都具备觉醒觉悟	未
闹市惊现裸男，设计理念何来	未
//@闹市独行僧: 躺在高高的骨堆旁边，给孩子讲那过去的事情。。。。。。。受伤幸存的老兵路过。。。。。。	未
闹心！回家路遭乱停乱放，居民自设栏杆被要求拆除！事发莲塘阁小区	未
闹心！将乐一对夫妻为解决孩子户口问题，却牵扯出重婚案！	未
闹心：新房装修多次返工仍难达标	未
闹心！漯河这俩小区脏乱差，谁来管管	未
闹心！老人坐大巴来淮北，半路被丢在高速上！	未
闹热  今天近千人涌入澄海这个小镇，现场大批美照流出！你也有去	未
闹闹：别墅再大点，其实我可以在里面吃的@im-max	未
闹闹去找窗台上的草吃，拿出来喂她小猫咪缺啥了自己找，挺会照顾自己的	未
闹鬼村系列凶杀案 揭秘20年前温州投毒纵火杀人案	未
闺蜜日常我的追星闺蜜，追的某一对rps be有一段时间了。之前be了之后，她的qq签名一直为这两位挂着一个念念不忘，必有回响。今天终于改成了念念不忘，爱响不响。	未
闺蜜间的日常游戏	未
闻“名”识天下，南大教授胡阿祥趣谈名号里的学问	未
闻喜公安局与盗墓家族的20年战争	未
闻喜家里有机顶盒网络盒子的快看！央视都曝光了！！	未
闻声识鸟-银喉长尾山雀	未
闻泰科技流动负债118亿收购:配套募资70亿银行借40亿	未
闻泰科技澄清：建广资产已履行对袁永刚优先权的相关义务	未
@闻着有点咸：请教一下各位，要遇到这种事该咋办半年前找俏管家租房子，告诉我免暖气费，当时也就是因为这样才租了他们家房子现在突然又找我收暖气费，说是他们工作人员的失误，以为我租的那房子里面没有暖气片，现在发现有地暖所以得交就因为我现在还没给交就冻结了门锁的密码，跟他们公司沟通 ...全文	未
//@闻评已隐居:	未
闽侯全县推行“一村（社区）一法律顾问”	未
闽侯新闻县委今年第43次常委会召开	未
闽侯民营企业座谈会召开，这些话说进企业家心坎里	未
闽北创业(124) 杨龙平：从农民工到总工程师	未
闽北遗存167座“活化石”古廊桥 保护意义重大	未
闽南4岁女孩唱的歌，太现实！	未
闽南两父子造句，没文化太可怕！	未
闽南人别再吃了，已大量进入市场，快告知家人朋友	未
闽南千金出阁，新郎官来接竟还要用毛巾洗脸?真的第一次见到	未
闽南又地震了，快来听地震歌...	未
闽南夜话  为了我，母亲辛苦奔波求鸡胆	未
闽南奇案！九婶婆告三叔公	未
闽南小哥带你上山摘野生油柑，原来油柑长在这种树上	未
闽南歪歌《无厝无车搁无钱》	未
闽南男子舞台唱歌对嘴型用肢体比动作，都快把自己摔成重伤了.	未
闽南男支脚口喊香火请齐天大圣上身...	未
闽南语《地震安全歌》都出来了...	未
闽南语地震歌！免惊免惊！	未
闽南语《无厝无车搁无钱》	未
闽台海上客运全面停航	未
闽善行寻人莆田一七旬老汉离家未归 身穿一件灰色西装	未
闽江水口至沙溪口航道整治计划明年完工，将再现黄金水道	未
闽清制定交通基础设施灾后重建实施方案	未
闽清县举行退役军人事务局揭牌仪式	未
闽清县召开全县宣传思想工作会议	未
闽清新闻宪法宣传月，闽清村居法律顾问拎包进村烹饪餐后法律夜宵	未
闽清最新一期老赖名单曝光，看看有没你认识的	未
闽清、永泰、罗源中秋督查发现疑似问题线索13条	未
闽港合作会议第三次会议在福州举行  双方签署三份协议	未
闽港合作会议第三次会议在福州举行 双方签署三份协议	未
阁主授防治雾霾.代茶饮方剂	未
阅人三十六术之十四：胡须	未
阅图铁血丹心怀邵衡铁路隆回站的四年	未
阅读V时代V影响力峰会 想要彻底改变自己，不完全取决于你花了多长时间，更重要的是在于你是否用了心并找对方法。 巴菲特	未
阅读V时代 我们一直寻找的，却是自己原本早已拥有的我们总是东张西望，唯独漏了自己想要的，这就是我们至今难以如愿以偿的原因。柏拉图《理想国》	未
阅读一路，旅行一生在书的海洋里睡觉是一种什么样的体验来这家快闪书屋就知道了。	未
阅读：为什么余生不能将就这是我最喜欢的答案	未
阅读推广的最大挑战在哪里看芬兰人如何说！	未
阅读绩溪驴友拍照坠崖身亡事件，户外安全永远是第一位！	未
阅读，让我们成为移民日签	未
阅读超过140字的东西就会脑仁爆炸//@马伯庸:我从来不强迫他看这看那，都是他真心喜欢才会继续。当然，阅读对你来说可能真的是一种痛苦吧。//@斜风细雨夜微凉:你儿子真可怜	未
阆中17岁女孩儿轻生跳江，接下来发生的这件事太暖心了...	未
@阆中人，一个月后你的钱包里将多一笔钱！	未
阆中人注意了！今天下午全城停水，一定要提前蓄水！	未
阆中人注意了！还有最后7天时间，这件事必须抓紧去办！	未
阆中人注意！这9种社保失信行为将受联合惩戒！	未
阆中人注意！这些药店将不能销售处方药了...	未
阆中人赶快向你的微信里面存12块钱，有大用处！	未
阆中公交车再次上演惊魂一幕，肇事者当场被拘！	未
阆中公安移动电子警察正式启动	未
阆中农村危房改造最新政策来了，抓紧看！	未
阆中吃土预警，西北沙尘疯狂突袭，这些事千万别忘了...	未
「阆中同城1125」房屋租售二手买卖求职招聘闲置转让	未
阆中坐火车的注意啦！元旦火车票已经开售！这些放票时段你得知道	未
阆中头条  1123	未
阆中头条  1125	未
阆中头条  1126	未
阆中头条  1127	未
阆中头条  1128	未
阆中头条  1130	未
阆中头条  1201	未
阆中头条  1202	未
阆中川R的车主注意了，到自家车上有这种东西，赶紧报警！	未
阆中市举行政银合作企业营业执照首发仪式...	未
阆中细心的哥受到卫视多家媒体持续关注，首提预见性见义勇为！	未
@阆中老司机，告诉你们一个秘密，油价又要......	未
阆中这10个村子将被重点扶持，快看有你老家么	未
@阎圈圈圈：刨个坑，挖点土，管他12345，种上他，浇点水，明年得个大胖小儿(山芋娃)	未
阎庆民:上市公司应专注主业 这是金融危机后最大教训今日，在2018央视财经论坛暨中国上市公司峰会上，证监会副主席阎庆民对上市公司的发展提了五点建议。一是合规依法，二是完善治理，三是专注主业，四是拓展视野，五是增强社会责任，加强信息披露。阎庆民:上市公司应专注主业 这是金融危机后最大教训	未
阎庆民：上市公司要聚焦实业、做精主业，汲取盲目扩张教训	未
阎庆民：上市公司要聚焦实业做精主业 汲取盲目扩张等教训	未
阎庆民：“有进有出、优胜劣汰”的市场生态正逐渐形成	未
阎庆民：纾困民企、化解股权质押风险的相关工作正在积极推进	未
阎庆民：长生生物等被强制退市，正形成优胜劣汰的市场生态	未
阎村镇的王亚锐谁认识做布鞋上电视啦...	未
阎良一男子与买主说话目光闪烁 原来他是个逃犯	未
阎良供热管道泄漏 积水漫道 8学生放学经过被烫伤昨日中午12时06分，西安市阎良区630中学刚放学不久，学生们骑着自行车沿着润天大道东侧的慢车道回家。骑行到润天路换热站支线顶管井附近时，有学生发现地面有积水，没想到地面上的水是滚烫的，脚就被烫着了。事发时刚好是放学时间，地面积水较深，9人被烫伤，其中8人是学生。阎良供热管道泄漏 积水漫道 8学生放学经过被烫伤	未
阎良供热管道泄漏 积水漫道 8学生放学经过被烫伤昨日中午12时06分，西安市阎良区630中学刚放学不久，学生们骑着自行车沿着润天大道东侧的慢车道回家骑行到润天路换热站支线顶管井附近时，有学生发现地面有积水，没想到地面上的水是滚烫的，脚就被烫着了事发时刚好是放学时间，地面积水较深，9 ...全文	未
阎良卖锅盔的哈怂，谁买过	未
阔别4年 长油回归A股只欠“临门一脚”	未
阔别多日 物是人非 如今我看你 特别不是个东西	未
阔怕。//@5羊羊:忍痛把车刹住了	未
阔气！54吨加拿大龙虾乘包机来宁，你想吃吗？	未
阔气了	未
阔爱的小兔几。	未
阚寨村这一幕催人泪下@徐州地铁2元起坐@砀山这些老师被公示@欠工资的注意@	未
“阜兴系”持股遭司法拍卖，大连电瓷72小时后将易主何人？	未
阜兴系首个资产拍卖8.12亿成交 国资接盘	未
阜南3少女厌学结伴离家出走 藏身旅馆被找到	未
阜南：一棵杨柳树引发邻里大战，结果...	未
阜南人小时候一毛钱能买到的这些东西，你还记得吗	未
阜南人注意啦：今天起，这些新规将影响你的生活	未
阜南县人民医院被国家卫健委脑防委评选为国家示范卒中防治中心	未
阜南县召开脱贫攻坚省第三方监测评估对接会	未
阜南县段郢乡2名原工作人员接受庭审！	未
阜南召开扫黑除恶专项斗争新闻发布会	未
阜南 太和颍上临泉都要建机场了这两天传疯了，真相是	未
阜南女子失联20年，回家一查竟成了黑户，幸好...	未
阜南市民出行注意，12月起，公交车价格有变动！	未
阜南环卫工人路边捡一钱包，于是...	未
阜南网红书记：当官的让老板请吃饭，那是不要脸	未
阜南这个地方要大变样！城管执法局对阜方路开展市容市貌集中整治工作	未
阜南这么多家饭店竟可以无限拆红包！手慢无......	未
阜南这些乡镇要修路了！快看有你老家吗	未
阜南这些乡镇要修路，看看有你家吗	未
阜南这些地方要修路了！快看可有你老家！！	未
阜南都要建机场了这两天传疯了，真相是	未
阜南驾驶员注意！阜阳一大批电子警察抓拍设备启用，位置就在这里	未
阜南骑电动车的不要任性了，再不遵守交通规则出了事，她就是前车之鉴！	未
阜城11月24日便民信息	未
阜城11月26日便民信息	未
阜城11月28日便民信息	未
阜城11月30日便民信息	未
阜城12月2日便民信息	未
阜城30人被点名 快看有你认识的吗	未
阜城一处大排档占道经营，每天扰民到凌晨！城管出手了！	未
阜城一巨型风车拔地而起	未
阜城东倪村发生的事儿	未
阜城东马厂村发生的事儿	未
阜城大哥一开口， 全场叫好了！	未
阜城星火堂村发现一古代墓碑	未
阜城某KTV有人打架， 结果	未
阜城活宝说阜城话 你能听懂吗?	未
阜城王良村8岁男孩开唱了	未
阜城社保卡服务点地址及电话公布	未
阜城这两条公交线路要调整！对你有影响吗	未
阜城这些道路将启用电子警察违停抓拍设备！	未
阜城部分路段即将启用电子警察设备！违规一抓一个准	未
阜宁一16岁学生溺亡，尸体已打捞上来！（视频）	未
阜宁一干部当选中国好人，你认识吗	未
阜宁一热点单位公开招聘，弄得小编都想辞职了	未
@阜宁人，2019年放假安排公布！	未
阜宁人注意！2018年底前，这笔钱别忘了交，这三笔钱记得领！	未
@阜宁人，还有18天，新兴收费站撤站！	未
阜宁人速看！关于医保到底怎么缴费缴多少钱县人社局最新解答来了	未
阜宁县医院门口发生车祸，有小孩受伤！	未
阜宁县水处理发展有限公司阜宁县污水厂提标改造工程验收监测报告公示	未
阜宁城西发生一起车祸，一辆轿车烧成铁壳子...	未
阜宁失忆青年失踪15年，见到家人后...	未
阜宁市民写了一封信，反映到了人民日报！	未
阜宁这几个小区的市民注意！你们的房子可以办房产证了！	未
阜平人发信息看信息，就点这！	未
阜平县开展宪法日宣传活动	未
阜平县顾家台村：村民聚精会神收看十九大开会	未
阜平同城便民信息报第181123期	未
阜平境内高铁站点线路图曝光，快看经过你家吗	未
阜平少年负气离家出走，警民合力帮助寻回！	未
阜平未来火车站到底在哪	未
阜平谁的银行卡丢了可以到东湾去领取	未
@阜新人，家家都有！这两个感冒药，全国停用停产！	未
阜新人注意！你天天喝的这种水大多不合格！新华社都曝光了！	未
@阜新人，这件事全民都要参与，因为和你息息相关	未
阜新市博创学校面向社会公开招聘工作人员	未
阜新最新房屋租售信息（2018年11月24日）	未
阜新最新房屋租售信息（2018年11月27日）	未
阜新男子占84岁母亲房屋至老人无家可归看看咋解决的	未
阜新红泰液压丝杠制造有限公司面向社会公开招聘工作人员	未
阜新车务段权威消息：京沈高铁辽宁段开行列数确定	未
阜新这三轮挺稳！和轿车相撞轿车摔跟头又侧翻...	未
阜新这人太欠儿了！飞脚把电梯门踹坏...	未
阜新这位80后小伙儿在北京搞事情，震惊了186万阜新人民	未
阜新这教练拿出来的驾驶证，你见过吗	未
阜新这里100多名商贩占道经营还吆喝声超大，有人报案了...	未
阜新这里要严查这事，看看有没有你...	未
阜裕大桥将拆除重建，两条公交线路调整！具体站点来了	未
阜阳264斤少女色诱4名男网友，接着诡异的事发生了	未
阜阳一半挂车冲进了街头店面里，监控拍下了全部	未
阜阳一女子偷拿邻居快递，监控拍下全过程...	未
阜阳一批老赖曝光！最小21岁！最少2050元！	未
阜阳一涉黑团伙！抓获颍州马五等人！举报线索最高奖五万！	未
阜阳一醉酒司机喊来朋友为其顶包，结果朋友和交警较上劲...	未
阜阳上千村镇修建大马路，看看你有那里的吗	未
阜阳东站到阜南的班车收费15元，合理吗政府回复	未
阜阳交警：个别机关部门的个别同志 欠执勤交警一个道歉。	未
阜阳交警发布近期终身禁驾名单！看看都是谁	未
阜阳交警曝光一批终身禁驾人员名单，看看都有谁	未
阜阳人挺住！接下来一个月，将是一年中最穷的日子.	未
阜阳人献血后的血，到哪去了！	未
阜阳农村谁家还有这些值钱的东西快找找！	未
阜阳出租车要涨价低速费合乘费春假加价还有	未
阜阳出租车起步价要调至7元，合乘费春节可临时加价相关听证会即将召开！	未
阜阳出租车起步价要调至7元春节可临时加价相关听证会即将召开！	未
阜阳华联22岁了！今天，他们有句话想对全阜阳人说...	未
阜阳又上央视了，相亲火了！	未
阜阳又要建停车场了，车位不少于260个，位置就在	未
阜阳城区这两个老小区何时改造别猜了，时间定了	未
阜阳失联的8岁女孩已找到，不幸身亡！家长一定要看啊	未
阜阳女孩突遇绑匪，男友英雄救美，结果万万没想到	未
阜阳市如何解读这段事关蒙城的铁路	未
阜阳市民：餐馆承诺啤酒免费畅饮，结账时却索要420元！	未
阜阳最牛奶爸边抱娃，边开车！对此你怎么看	未
阜阳气温跌至-7！今天大雪，后天小雪，大后天雨夹雪...	未
阜阳漂移哥获刑一年！今年6月，阜阳人王某先后两次在当地城区主干道驾驶机动车辆实施漂移行为。11月1日，阜阳市颍泉区人民法院开庭审理此案，以王某犯以危险方法危害公共安全罪，判处其有期徒刑一年。	未
阜阳男子肇事逃逸，特警驾车拦截迅速抓获	未
阜阳网红县委书记的真情告白	未
阜阳老旧小区装电梯开始登记了我滴天！试点竟都在	未
阜阳谁家还有这些值钱的东西快找找！	未
阜阳这29人慌了！凌晨4点，12辆警车80余名干警向他们开战！	未
阜阳这40人一辈子别想开车了！看看他们都做了什么	未
阜阳这4个地方大拆迁！有你家吗	未
阜阳这两个地方要征地拆迁，补偿和安置方案公布	未
阜阳这两个地方要征地拆迁，补偿和安置方案在这里...	未
阜阳这两个地方要拆迁，拆迁补偿	未
阜阳这个地方千万斤大葱卖不掉，请大家都来帮帮忙	未
阜阳这些医院可进行无痛分娩了！	未
阜阳这些单位公开招聘65人！快转给需要的朋友	未
阜阳连续3天大雾！这些信息开车的一定要看，关键时刻能救命	未
阜阳闹市区这些地方啥时候拆具体回复来了！	未
阜阳颍东下雪了	未
阜阳颍泉万达附近，有人拍下轿车里发生这一幕	未
阜阳首个直行待行区该怎么走快来了解一下	未
阜阳高价彩礼全省第三为抵制高价彩礼，这两个地方出台新规定	未
队医小腿腓肠肌怎样保护，才不耽误球场飞奔	未
队友不说话 但是会悄摸摸跑到你旁边给你脱下三级甲 瞬间一股暖流//@长桉:哈哈哈哈哈哈哈哈哈哈哈哈哈！！！！！！！！真实//@元气美少年:打游戏可以找借口开语音听你说话惹	未
队友：别的不说，霞先帮你们抢了	未
队友：来了老弟刀妹：来了来了巴德：都来齐了么众人：英雄联盟	未
队友的手机里截的，蛋仔在北京，每天11公里，感觉放电够彻底的	未
队员们已经抵达西安	未
队报：PSG体育总监恩里克已经确认拉比奥和球队的续约谈判已经破裂，就目前情况来看拉比奥最有可能的下家是西甲豪门巴萨。	未
队里哪个生产队的?	未
队长在30度的三亚，体验着-30度的北欧生活  内有视频	未
队长在家签一些新书随机出售，我凑热闹签了一本。仅此一本，谁如果买到了加我来领200红包。	未
「队际大战」梁文冲亲临汇丰青少年队际赛为球员打CALL	未
阭池	未
阮经天撩杨幂：从脚底麻到头顶，真的是有感觉了	未
防不胜防！2018酒骗子各路门派大揭秘云酒独家	未
防不胜防！你手持身份证拍的照片，也许已经成为伤害你的工具！	未
防不胜防啊 微博视频	未
防不胜防网购需谨慎！你以为支持专柜验货就一定买到真货了吗	未
防中风神药 卖一盒赚8000元浙江温州，一家名为德马康之源健康管理有限公司的企业，经常给老年人发免费鸡蛋等小礼物，以此积累了许多老年人的联系方式。每次发放完小礼物后，组织者就会拿出一份所谓的脑卒中筛查与风险评估自我对照表，请老人填写。但这些所谓的脑卒中症状大部分老年人都有可能出现。该企业利用老年人容易占小便宜的心理推销假药，销售金额近千万元。目前因涉嫌欺诈，该案已移交公安部门侦办。（中国新闻网）防中风神药 卖一盒赚8000元	未
防传销防诈骗关于安全，你要知道的还有很多	未
防住雾霾，你只防住了六分之一的肺癌	未
//@防务微观察://@全哥不吃鱼://@法的背后: //@赵脱俗 :	未
//@防务微观察:我现在满脑子都是:你看这个面它又长又宽//@赵脱俗:艹！网络不是法外之地，请你立即删除，以后不许上传这么难听的声音啊！	未
防务微观察 这位从以前卡脖子到现在还没咽气的可以喜提生化研究了吧	未
防反与游击	未
防台风期间无故缺岗 海口秀海社区3名社区网格员被问责	未
防城港12月份停电计划公告	未
防城港2018北部湾全国桥牌公开赛今日开赛	未
防城港：从边陲小镇到联通东盟的国际门户城市从广西首府南宁出发，沿高速公路南行一个多小时就能到达防城港。位于北部湾之滨的防城港，是中国唯一与东盟国家海陆河相连的城市。得天独厚的生态环境，将防城港塑造成一座以天为幕，以海为台，以城为景的全海景生态海湾城市。2018年，是广西壮族自治区成立60周年，也是防城港建市25周年建港50周年。60年来，防城港由14.7平方公里扩大到6200多平方公里，从边陲小镇发展成为中国与东盟国家互联互通的国际门户城市滨海旅游城市生态海湾城市，经济社会持续快速发展，人	未
防城港市成为广西首批离境退税试点城市	未
防城港：泥头车司机遇交警查车弃车而逃(图)	未
防城港烧烤摊主注意！这条信息与你有关	未
防城港神剑大行动！又有一大批人挨查中	未
防城港警方利用警犬搜寻找回一名走失的二岁幼儿	未
防城钦州海关  退运来自越南的洋垃圾2110.74吨无烟煤1645.82吨	未
防失联	未
防守鬼才的回手掏！	未
防寒从头做起，给娃选帽子谨记这7点！（附戴帽法则）	未
防弹咖啡大揭秘丨如何在家自己制作	未
防弹少年团Jin生日之际向遗弃动物献爱心某动物保护组织透露，防弹少年团成员Jin金硕珍在自己的27岁生日之际，向该机构捐献了饲料饭碗毛毯等物品，以帮助被遗弃的小动物们也能度过一个温暖的冬天该组织工作人员表示，非常感谢JIN，捐助的这些物品会尽快送到动物保护机构	未
防弹少年团JIN迎生日献爱心 为被遗弃小动物捐赠韩国某动物保护组织透露，防弹少年团 成员金硕珍 在自己的27岁生日之际为被遗弃的小动物们奉献爱心，向该机构捐献了饲料饭碗毛毯等物品，以帮助被遗弃的小动物们也能度过一个温暖的冬天。是我们善良的哥哥啊详情：网页链接	未
防弹少年团出车祸所幸无人受伤 疑与跟车粉丝有关	未
防弹少年团年均生产诱发额为253亿元人民币防弹少年团年均生产诱发额为253亿元人民币	未
防弹少年团成员车祸后报平安 据台媒，防弹少年团 近日在桃园棒球场开唱，结束后不料发生车祸。据目击者称：有45辆车在路上与防弹少年团的车发生擦撞。随后主办单位为艺人安排了其他车辆离开，目前都安全回到饭店，没有任何人受伤，成员JIN也通过推特报了平安 防弹少年团交通事故	未
防弹少年团新头像谁干的，出来挨打，真的是魔鬼密集恐惧症的我要打人了	未
防弹少年团新头像“鬼畜”风格引热议 金硕珍生日之际公开亲笔信告白粉丝【组图】(图)	未
防弹少年团新成员Pobelter与WildTurtle前TL中单现FlyQuest的中单选手Pobelter在Instagram中放出了与下路选手WildTurtle和他们喜欢的男团展牌的合影，并配文：我和WildTurtle爱BTS！！！！！！！ （职业选手的追星现场和我们的也没什么区别嘛 英雄联盟	未
防弹少年团经纪公司将推新男团 明年年初出道具体细节尚未公布（图）(图)	未
防弹少年团香港演唱会我处已出全款报价，现接受各场次预定，订票加群924793858，我处预定订单支持官方实体票出票后直接快递，无需现场面取，转需	未
防弹衣里没有钢板? 老外拆开后十分服气， 中国制造就是好	未
防微杜渐  机械工程学院记者站举行预防艾滋病宣传活动	未
防微杜渐消缺忙 安全运行添防线12月5日，@国网莱阳市供电公司 检修人员进行110千伏柏林变电站1号主变有载分接开关大修工作，于下午4时顺利完成。此次大修，消除了因开关动作产生的油泥，导致变压器内部绝缘强度降低带来的隐患，为该变电站的稳定运行又添一道防线。	未
防患于未燃 我们在行动阜阳玉泉小学安全节课程学校请来了阜南县消防大队消防员王雷，从什么是火灾到火灾发生的原因等知识为孩子们进行了详细的描述，并且根据孩子们的年龄特点，精心准备了适合孩子们观看的消防安全小视频，看，他们严肃的小脸上透露着好奇与认真	未
防患于未燃，我们时刻准备着	未
防患  又一起！泉州市区一厂房突发起火，浓烟弥漫！秋冬易着火，预防最重要！	未
防患未然，蜀羊防水组织冬季消防培训	未
防患未燃淮安移动开展消防安全演练！	未
防抱死刹车系统（ABS）的工作原理	未
防拐演习进行时近日，警察蜀黍到鼓楼区的一所幼儿园开展了一场防拐演习，由辖区居民扮演的拐骗者利用糖果玩具礼物等引诱哄骗小朋友，最后蜀黍再告诉小朋友应该怎么做。通过实战，还真有几个小朋友上当哦希望这样的情况不要在现实中发生，也希望蜀黍的演习可以帮助 ...全文	未
防控艾滋病宣传进校园	未
防控青少年近视，减少“小眼镜” 看看扬州啥做法	未
防控青少年近视，需要先避免短视	未
防控非洲猪瘟，云浮这么做	未
防控非洲猪瘟，巴中城管开始了这项整治行动	未
防“新官不理旧账” 江苏出台PPP全生命周期法律顾问制度	未
防止司法公开形式化 业界呼吁明确惩戒追责	未
防止摊薄收益 货基年底对大额申购闭门谢客	未
防止有人或者行李物品从旁边滑下去。你答对了吗	未
防止煤气中毒，这些安全知识你要知！	未
防止类案不同判 天津规范涉“大棚房”案裁量尺度	未
防止野蛮生长带来监管被动：让金融归金融，科技归科技	未
防水涂料及防水卷材不合格率高达43！广东通报2018建材打假专项行动督查情况	未
防水涂料及防水卷材合格率仅57！广东建材打假专项行动督查收官	未
防水涂料及防水卷材合格率仅57！广东建材打假专项行动督查收官丨质量	未
防治晕车十一法，转给身边需要的朋友	未
防治网络沉迷 从正确的家教开始	未
防治艾滋病，看赖俊书记怎么要求	未
防治雾霾再出“重拳” 11月1日起郑州实施“最严”防霾令	未
防泄密攻略！关掉附近的人，别点猜猜前世是谁	未
防火！王屋山将安全进行到底！	未
防火防电 防患未燃	未
防火防盗防水团，新年音乐会的坑你别跳！	未
防火防盗防猫猫 微博视频	未
防爆演练，半路杀出个程咬金	未
防爆盾上都有个笑脸——韩国1987年延世大学六日抗争老照片	未
防狂犬病，越南捕杀流浪狗胡志明市和河内正在积极抓捕无主流浪狗，收容所内3日内未被认领的狗狗将会被杀死。据统计越南有770万狗，打狂犬病疫苗的占百分之41。每年约四十万人被狗袭击，近百人死于狂犬病（资料图）	未
防狼防火防...	未
防猪瘟严格调运生猪 不愿养猪的东莞“无猪可宰”	未
防疫博树回族乡开展世界艾滋病日宣传活动	未
防疫阆中总工会艾滋病防治知识宣传进企业老观镇开展防艾知识宣传	未
“防癌三早”——连云港4729人参加防癌检测 高危人群近10%	未
防癌体检丨上万元可能漏检，20元却有效！揭开体检机构没告诉你的真相	未
防盗神器再显神威！云城警方2小时找回被盗摩托！	未
防盗笼	未
防盗车牌不防盗，过亿投入花哪去了	未
防盗车牌不防盗过亿投入花哪去了	未
「防盗靠大家 平安你我他」民警依法刑拘一名群众扭送的盗窃嫌疑人	未
防空洞里也能“晒”到太阳？南京这项研究能做到	未
防脱发产品三成卖给90后，脱发植发头等消费需理性	未
防艾宣传不要浓浓的艾	未
防艾宣传  让青春零艾滋	未
防艾志愿者：陪高危人群吃下阻断药，主流宣传中却无详细介绍	未
防艾滋病不一定要编辑基因，报销避孕套钱可能更简单法国卫生部长布赞11月27日公布了一项新的艾滋病预防措施，避孕套将被纳入法国的医保报销范围。这项新措施将于12月10日生效，人们可以凭医生开具的处方前往药房购买避孕套以获得报销，美中不足的是，目前可以报销的避孕套品牌仅有Eden一家，其它品牌尚未纳入报销清单。布赞表示，我们每年会检测到近6000例艾滋病检测呈阳性的病例，其中有800到1000例发生在年龄不足25岁的人群中，他们往往在第一次性接触中使用避孕套，但在以后的性行为中便不再使用。近距离看	未
防范3659种急救技能，人人都该会！关键时刻多一技傍身也是很有必要的，一起来了解一下吧。	未
防范365 全套剧本气派办公场所带你揭秘珍品拍卖的背后 你好，请问您手上是否有收藏品要出售多次的致电，最后还有公司高层邀请至公司面谈。在看到气派的办公场所和鉴定师确认自己的珍品价值几百万后，张先生最终支付给了对方保证金鉴定费服务费。然而，对方却根本 ...全文	未
防范365冬季祭祀防火未燃本周起将逐渐迎来冬至祭扫的高峰。小汇提醒：前往扫墓滴童鞋，如需焚烧纸钱纸箔，请一定要等火源完全熄灭后再离开，以免发生不必要的损失。	未
防范365冬季祭祀防火未燃本周起将逐渐迎来冬至祭扫的高峰。警方提醒：祭扫的市民，如需焚烧纸钱纸箔，请一定要等火源完全熄灭后再离开，以免发生危险。 @警民直通车-徐汇站	未
防范365冬季祭祀防火未燃本周起将逐渐迎来冬至祭扫的高峰警方提醒：祭扫的市民，如需焚烧纸钱纸箔，请一定要等火源完全熄灭后再离开，以免发生危险 @警民直通车-徐汇站	未
防范365 取暖勿忘防火哦	未
防范365 天干物燥 小心火烛是否引起了你的注意尤其冬季来临时，很多家庭已经用起了诸如电加热小太阳这样的保暖设备，甚至因天气阴冷，很多市民就用电暖气当作烘干机，此外一些如空气清新剂花露水等化学物品同样要远离小太阳昨天下午，@平安大宁 的民警蜀黍与当地消防部门一起 ...全文	未
防范365挡风玻璃快速除冰近期申城寒气逼人，部分地区早间气温降到零度左右，车辆的前后挡风玻璃易结薄冰，影响观察视线。除了发动车辆开启热风融化，还有啥快速除冰的妙招? 请点长微博图！	未
防范365  警惕！下面这些微小的细节，都可能交通事故转发，提醒你关心的TA！	未
防范365近期温度变化较大，老年人就医人数渐增，各种以 健康讲座义诊等充满诱惑的活动铺天盖地，推销高价保健品药品。小汇提醒：作为子女要多与老人交流沟通，提醒老人如参加各类健康讲座和宣传，一旦涉及钱物，务必要先和孩子商量，切勿贪占小便宜天上不会掉馅饼。	未
防范365这些火灾急救知识你知道吗能救命，转！via公安部打四黑除四害	未
防范365这套防诈骗试卷，快来看看你能答对几道题	未
防范365那天，蜀黍收到了女儿发来的一条短信刚一点开，就闻到了一股毫不走心的忽悠味..... @警民直通车-松江	未
防范365隐藏在商务楼内的投资公司几张桌椅一部电话，再配合一套专门套路他人的话术单一家资金雄厚的投资公司就成立了，谈的都是几百万的生意，实则诱骗他人投资上当，近日，浦东警方@警民直通车-浦东 破获一个诈骗团伙，抓获犯罪嫌疑人10名警方提示：凡接到陌生电话允 ...全文	未
防范债务风险的条件下如何做好稳投资	未
防范农户冬季取暖煤气中毒	未
防范化解金融风险法律 高峰论坛在扬州举行	未
防范打击通讯信息诈骗纵深行丨云南：多方联动，处理问题号码以快制胜	未
防范指尖政务中的四风变种	未
防范指尖政务中的四风变种  人民时评	未
防范提示 假期出游如何做到家中防盗让警察蜀黍来教你几招	未
防范提示冬季衣物厚重，手机隔层放，被偷不易察觉，出门在外的朋友们一定要当心	未
防范提示 刚刚告别双十一，又迎来双十二！为了减少网购高峰期后出现的消费纠纷，蜀黍在此提醒广大消费者：科学理性消费，谨防权益受损。	未
防范提示 刚刚告别双十一，又迎来双十二！为了减少网购高峰期后出现的消费纠纷，蜀黍在此提醒广大消费者：科学理性消费，谨防权益受损	未
防范提示 如何辨别假钞	未
防范提示安全文明停车，从自我做起，方便自己也别忘记为他人考虑	未
防范提示岁末年关，正是各类盗窃案的高发期，蜀黍提示：外出时一定要锁好门窗，以防不法分子溜门入室在停车时切勿在车内存放现金和贵重物品，以防盗贼有机可趁腌制的各类食物请不要放在户外，小偷也许正盯着你的肉呢	未
防范提示 年关将近，每时每刻的谨慎才能确保财产的安全，可千万别做马大哈让小偷有可乘之机哦！	未
防范提示 年底了，千万别给扒手们发年终奖警察蜀黍教您防扒秘籍	未
防范提示拆个红包丢三万，这些假红包千万别去领	未
防范提示 更换手机号，千万记得这5件事	未
防范提示浴室洗澡，莫带贵重物品！天气转冷，去公共浴室泡澡的市民越来越多警察小姐姐提醒您，洗澡莫带贵重物品和大量现金哦	未
防范提示 牢记网络安全防范小知识，守护您的钱袋子	未
防范提示 门窗锁锁好，物品藏藏好，小偷净白跑，蜀黍教你小妙招，你好我好他（小偷）苦恼！	未
防范新能源汽车产能过剩 资质门槛明降暗升国家发改委12月18日发布《汽车产业投资管理规定》称，汽车整车投资项目包括新建纯电动乘用车项目管理权限将下放给省级政府，并且从核准改为备案。业内人士分析，资质明降暗升，省级地方政府不敢随意备案，因为事后会有追溯机制 防范新能源汽车产能过剩 资质门槛明降暗升	未
防范病毒攻击指南	未
防范结冰 500人上阵巡查	未
防范通讯信息诈骗警惕！以一返十免费领取等诱饵，来看3个案例！	未
防范金融诈骗  一图教你学会如何识别非法金融陷阱！	未
防范金融诈骗新手段，信托公司已陆续提交自查报告	未
防范金融诈骗  这条信息一定要转给爸妈看看	未
防范  预防电信诈骗安全指南，你值得拥有！	未
防蓝光眼镜能保护眼睛专家说：孩子要慎用	未
防诈骗十大连招	未
防起火防触电防漏电。来，请收下这份安全红包！	未
防长马蒂斯辞职 美国内政不稳定性加剧	未
防雾霾口罩新标准已执行 西安市场尚未见"分级"口罩	未
防雾霾透气口罩50只/盒5.1一罩遮大脸最近风有点大出门都基本给安排上了	未
防雾霾透气口罩50只/盒5.1最近风有点大出门都基本给安排上了	未
防雾霾透气口罩50只/盒卷后5.1 期间店的，多层过滤，秋冬容易鼻炎发作，可以戴个口罩出门 ?	未
防震减灾丨争分夺秒！公共场所如何避震	未
防震减灾丨地震避险预防小知识	未
防震减灾石狮223处装上地震预警仪器，帮你跑赢地震波！	未
防霾口罩都没有，还怎么打赢这场抗霾大战	未
防骗保 让更多人炼就“火眼金睛” 	未
防骗  全国联保竟无处可保！这些售后套路你中过招吗	未
防骗指南留个心眼儿！这年头连10086都不能轻信了	未
防骗提示 年终将至，如何捂紧你的钱袋子，不为坏人贡献年终奖。蜀黍来给你划重点啦	未
防骗提示 年终将至，如何捂紧你的钱袋子，不为坏人贡献年终奖蜀黍来给你划重点啦	未
防骗提示 支付宝银行都在轮番找她，因为她做了这件事	未
防骗提示 注意了，10086发来的这条短信千万别信！警方教你如何辨别真假10086	未
防骗提示用手机付钱的注意了，这些真的很重要现在用手机支付的人越来越多，但你真的了解手机支付吗你知道微信或支付宝上的18位数付款码吗市民张先生就因为不懂这18位数字，导致钱袋子丢失！	未
防骗提示 转发一条广告到朋友圈，生意就能源源不断找上门！如果有人让你转这样的朋友圈，请拉黑！	未
防骗提示 这样的短信你收到了吗天降红包千万不能抢！	未
防骗桂林千余执法人员夜查资本运作传销！分赴全国各地抓捕143人	未
防骗知识局天降780万大项目 男子喜出望外甲方却消失厦门身边事 780万元的项目马上签合同，甲方老板和介绍人却意外频发：遭遇车祸老婆孩子去世酒驾被抓眼看要吃牢饭突发重病没钱医治哪有这么巧的事情其实，这都是骗子李某编造的假戏他一个人分饰多角，骗了2个人近7万元 ...全文	未
防骗知识局天降780万大项目 男子喜出望外甲方却消失厦门身边事 780万元的项目马上签合同，甲方老板和介绍人却意外频发：遭遇车祸老婆孩子去世酒驾被抓眼看要吃牢饭突发重病没钱医治哪有这么巧的事情其实，这都是骗子李某编造的假戏。他一个人分饰多角，骗了2个人近7万元。近日，李某因涉嫌诈骗罪被同安区检察院批捕。网页链接	未
防骗这组数字千万别外泄，否则你的钱将不翼而飞	未
阳信一男子有5套房！不上班，靠收租生活，万万没想到	未
阳信温店今天发生车祸！大货车直接撞翻小车！	未
阳信这个村出村规：结婚彩礼不超3万元，婚车限6辆！	未
阳信那些欠钱不还的祖宗们！一定要看看...	未
阳信邻县大街上发生的惊险一幕！竟在马路中央干这事	未
阳光895夜读每天演好一个情绪稳定的成年人	未
阳光下那口黑黢黢的棺材格外刺眼//@张海超-: 转发微博	未
阳光信用不足690的我有希望吗	未
阳光倒计时，雨水将至象山	未
阳光关注固原警方破获一重特大杀害野生保护动物案 查获疑似鹿腿23只 还有	未
阳光关注女子五楼欲轻生  消防越窗纵身飞扑	未
阳光关注宁夏抽检4大类657批次食品13批次不合格  蛋糕辣糊糊有你爱吃的吗?	未
阳光关注银川尚成建等18人涉恶案  今日公开宣判！	未
阳光关注银川：这段监控视频触目惊心！七旬老人横穿马路被撞飞！	未
阳光关注银川：零下9度！三人落水  两人不幸遇难	未
阳光刚走  降温降雨组团又来山城了	未
阳光发布@所有驾驶员:一个月查处36万起宁夏交警正严查这些交通违法行为	未
阳光城以购房应收款为基础资产进行融资 总额不超20亿	未
阳光城：拟以购房应收款为基础资产融资不超20亿元	未
阳光城：拟用4.09 亿回购公司股份 用做员工持股	未
阳光城 拟融资不超20亿元	未
阳光城：控股股东解除质押1380万股 再质押1200	未
阳光帮办泪目母亲留遗愿捐赠遗体 儿子含泪完成心愿	未
阳光总在风雨后摄影师：Kat Irlin	未
阳光提示定武高速妖风作怪  小客车被风吹翻在快车道	未
阳光提示还敢开车吸烟男子扔烟头点燃自己车！	未
阳光提醒注意！这样使用信用卡超五万将判五年以下有期徒刑或拘役	未
阳光提醒银川重点治理北京路 亲水街 贺兰山路 这些交通违法行为将挨罚	未
阳光明媚，到医院打针，顺道，晒晒太阳	未
阳光热点身份证相片不满意可重拍3次！网友评论亮了 哈哈哈	未
阳光现场固原炭山乡一大货车侧翻进24米深沟  司机被困	未
阳光被藏起来了，雨水也启程了，那下周呢	未
阳光警示银川一小区业主停车堵门2小时被罚！原因竟然是	未
阳光警示银川:银行卡内两万元不知所踪  得知真相后她泪满面	未
阳光问廉19年不发展党员，村支书长期兼职，怎么回事	未
阳光问廉村干部骗取惠民补助 一卡通整治漏了网	未
阳光问廉签批快办件慢，信访调查有点懵	未
阳光阅图  世界之所以变成地狱，是因为总有人想把它变成天堂	未
阳光阅图  曾经，每个人都有一张想销毁的身份证照片	未
阳原县公安局关于人口年报期间暂停办理户籍业务的通告	未
阳原和蔚县交警交叉执法，喝酒千万别开车！	未
阳原故事  二郎担山撵太阳	未
阳原高速追截杀人嫌犯 3秒破窗抓捕犹如动作大片	未
阳台三盆花，药费不用花，镇咳润肺抗病毒人人能种！	未
阳台种菜不需买种子，来看看如何给自己种的蔬菜留种吧！	未
阳和村一女子写下遗书后自杀，曾以取暖为由让前男友帮买炭	未
@阳新乡亲们，咱这样接听027-12340	未
阳新人看快！湖北携号转网新流程开始执行！发短信即可办理	未
阳新县道路运输交通安全紧急工作会议召开	未
阳新富池镇王曙村的新变化村民从关窗防尘到开窗看天	未
阳新车祸	未
阳明东路千爱艺术酒店楼顶搭建大量违建 城管部门昨起强制...	未
阳晓华督查农村人居环境整治及公德教育	未
阳气一旦耗尽，命就没了！史上最全养肾指南，40岁后人手一份	未
阳江一无良司机撞死人后逃逸！公安24小时破案	未
阳江两辆小车相撞，安全气囊都炸开了...	未
阳江乡下这些常见植物，你还叫得出名称吗	未
阳江乡贤：19岁离乡，几十年后回乡捐650万助学	未
@阳江人，2019全年放假通知来了！	未
阳江人去市场买菜水果时小心电子秤猫腻，你可能遇到过...	未
阳江人，如果在街头遇到这样的一男一女求帮这个忙一定要当心！	未
阳江人快去自查家里有没有这种灯，别再用了！太可怕	未
阳江人搭小孩注意：搅拌车转弯压死一家三口，真正系太阴公了	未
阳江人，知道平时你泡的是假温泉吗速看！	未
阳江人速看：D解去医院看病动不动要病人做CT终于曝光	未
阳江今天市区部分区域停水14小时	未
阳江仔玩抖音开部改装车炸街！现场浓烟滚滚，结果......	未
阳江佬开车就系牛，密技术都又	未
阳江公安傍晚发布紧急通知！请大家相互转告！！！	未
阳江公安局发布噪音管理通告，看看你会不会中招	未
阳江古个天收仔，开部粤Q野马跑车被号称车神被抓	未
阳江墟日，咪人才都有！无信来看看阳江墟日三大天王！	未
阳江家长群炸了摩托车不准搭载12岁以下未成年人	未
阳江小岗村，40年前敢为人先的分田往事......	未
阳江改一部三轮车追尾大货车，一人伤重不治！	未
阳江海陵大堤计划拆除	未
阳江海陵大堤计划拆除街坊们怎么看	未
阳江海陵岛环岛国际马拉松赛今天开跑！肯尼亚选手包揽全程男子前三	未
阳江用微信支付的看看，已多人中招！	未
阳江石湾路一小车擒上路中间隔离带...	未
阳江警方扫黄大行动，中山公园抓获涉案人员12人	未
阳江警方扫黄行动，现场抓获涉案人员十几人，其中嫖客2人......	未
阳江警讯  警方日夜伏击抓盗贼！	未
阳江还没结婚的注意了！国家刚刚公布了一个大消息：它要来了！	未
阳江靓妹卖猪肉，捏古帮死咸虫	未
阳泉12月停电信息，看看你家在不在这个范围！	未
阳泉一女子拍城管巡街发抖音配乐鬼子进村被拘日前，山西阳泉一网民通过抖音发布了一条内容为在鬼子进村背景音乐中行政执法队员巡逻的小视频。阳泉警方通报称，由于视频刻意诋毁抹黑执法人员形象，在网上迅速传播，造成了极大的社会负面影响。经查，视频发布者任某近日闲来无事，为追求精神乐趣，录制执法队员巡逻视频并不恰当背景音乐后发布上网。目前，城区公安分局依法对违法行为人任某进行了行政治安拘留5日的处罚。记者马超 王志堂	未
阳泉一女子拍城管巡街发抖音配乐鬼子进村被拘日前，山西阳泉一网民通过抖音发布了一条内容为在鬼子进村背景音乐中行政执法队员巡逻的小视频。阳泉警方通报称，由于视频刻意诋毁抹黑执法人员形象，在网上迅速传播，造成了极大的社会负面影响。经查，视频发布者任某近日闲来无事，为追求精神 ...全文	未
阳泉：亲手将自己送进警局的醉驾司机	未
阳泉启动重污染天气橙色预警！新一轮单双号限行来了，但这些车辆不受限！	未
阳泉市公安局开发区分局招聘24名辅警人员	未
阳泉市新的社会阶层人士联谊会成立	未
阳泉支队开展全市消防安全暗查暗访专项行动	未
阳泉新一轮限行开始，这些车辆注意了！	未
阳泉车主速看限行继续！未来半个月，阳泉这些区域单双号限行，......	未
阳泉这个建成20余年的违建今日拆除了！	未
阳泉郊区事业单位招考试题雷同事件进展：当地纪委已介入调查	未
阳泉限行即将结束，山西这个城市单双号限行竟长达四个月！	未
阳澄湖大闸蟹网红店：一年卖几十万件！	未
阳澄湖大闸蟹网红店：一年卖几十万件 没一件是真的	未
阳澄湖大闸蟹网红店：一年卖几十万件 没一件真的	未
阳澄湖大闸蟹网红店：一年卖几十万件 没有一件是真的	未
阳澄湖大闸蟹网红店：一年卖几十万件，竟没有一件是真的！批发商：我都要笑死了…	未
阳澄湖大闸蟹网红店：一年卖几十万件，竟没有一件是真的！注册地竟在咱常熟！	未
阳澄湖大闸蟹网购乱象：横行的是过水蟹，更横的是信誉过水记者走访一家水产品交易市场，负责人介绍，他们在多家电商平台上都有网店，曾经是拼多多网站的销售冠军，一年卖了几十万件大闸蟹，但没有一件是真的阳澄湖大闸蟹其实，把外地蟹弄到阳澄湖走一遭过个水，就以假充真，是个存在多年的老 ...全文	未
阳澄湖洗澡蟹被曝光！吃到真蟹有多难	未
阳煤第二医院门前发现一名用纸包裹着的幼婴....	未
阳煤集团公开招聘59人！	未
阳西人征地拆迁费约4.5亿元！你屋有无滨海公路海陵大堤-溪头段即将动工！	未
阳逻再现暴风式拆违！	未
阳逻地铁小镇大肆违建，1000余平米被拆...	未
阳逻街全面整治校园周边食品小摊点	未
阳逻谁认识这个人全湖北都在找你！！！	未
阳马文明观赛倡议书发布	未
阴公咧，昨天.中洲.洽水.怀城整个怀集都在讨论这事！	未
阴公咯！难怪这么多人怀不上！可能你也在吃	未
阴公！玉林一男子搭顺风车，下车后身上的钱变冥币！	未
阴公！结婚当天新郎全身赤裸重伤倒地，现场哭声一片	未
阴公！肇庆岩前村口某饭店深夜被爆格，这小偷又熟练又淡定......	未
阴冷持续 气温较低.... 这个天儿不适合早起未来24小时：四川盆地东北部阴天，盆地其余地方阴天有小雨或零星小雨，其中盆地西北部及盆周山区有雨夹雪或小雪川西高原和攀西地区晴间多云，其中凉山州东部局部地方有阵雨.... 俗话说寒从足下起，脚部皮下脂肪薄，御寒能力差此时节应该特 ...全文	未
阴冷的，墙上都长毛了	未
阴冷相伴的一天早上出门，冷得大部分人猝不及防，11市我市均温4.5，较昨日下降4.8@成都气象 预计今天午后，天空继续灰蒙一片，点点细雨更添一丝阴冷，也为出行带来些许烦扰，最高温度6好多小伙伴在问小编今天会不会下雪，其实今天这个温度虽然冻手冻脚，除了一些高海拔地区有雨夹雪外， ...全文	未
阴冷相伴的一天早上出门，冷得大部分人猝不及防，11市我市均温4.5，较昨日下降4.8。@成都气象 预计今天午后，天空继续灰蒙一片，点点细雨更添一丝阴冷，也为出行带来些许烦扰，最高温度6。好多小伙伴在问小编今天会不会下雪，其实今天这个温度虽然冻手冻脚，除了一些高海拔地区有雨夹雪外，其它地方还没有达到降雪的条件。	未
阴功！黄埔这个小区将近200棵树被砍！《今日关注》报道 萝岗焦点  昨天	未
阴天	未
阴天仍持续 亮度强于昨今早最低气温彭州3.6。11时全市均温9.2。@成都气象 预计午后天空依旧阴沉，不过天空亮度相较昨日亮度增加，午后最高11。傍晚到夜间云层依旧包裹，同时有零星小雨断断续续骚扰，夜间最低2，蓉城高海拔地区还有小雪或雨夹雪降落。	未
阴天仍持续 亮度强于昨今早最低气温彭州3.611时全市均温9.2@成都气象 预计午后天空依旧阴沉，不过天空亮度相较昨日亮度增加，午后最高11傍晚到夜间云层依旧包裹，同时有零星小雨断断续续骚扰，夜间最低2，蓉城高海拔地区还有小雪或雨夹雪降落	未
阴天仍持续 午后最高气温11成都午间天气今早最低气温彭州3.6，11时成都市均温9.2@成都气象 预计午后天空依旧阴沉，不过天空亮度相较昨日亮度增加，午后最高11傍晚到夜间云层依旧包裹，同时有零星小雨断断续续骚扰，夜间最低2，蓉城高海拔地区还有小雪或雨夹雪降落图据网友 ...全文	未
阴天仍持续 午后最高气温11成都午间天气今早最低气温彭州3.6，11时成都市均温9.2。@成都气象 预计午后天空依旧阴沉，不过天空亮度相较昨日亮度增加，午后最高11。傍晚到夜间云层依旧包裹，同时有零星小雨断断续续骚扰，夜间最低2，蓉城高海拔地区还有小雪或雨夹雪降落。图据网友@四逝而安 @杨哓文 @红色的曼彻斯特 @quicksand-Liz @你的懷裡	未
阴天衣服不干怎么办教你一招，比洗衣机甩干还快！	未
阴天间多云窗外天幕阴沉，寒风肆虐，起床难度系数真的有点大@成都气象 预计今天是阴天唱主角儿，多云唱配角儿，最高气温10PS(小伙伴们，出门不忘两件事:吃饱穿暖)	未
阴天间多云窗外天幕阴沉，寒风肆虐，起床难度系数真的有点大。@成都气象 预计今天是阴天唱主角儿，多云唱配角儿，最高气温10。PS(小伙伴们，出门不忘两件事:吃饱穿暖)	未
阴暗的日子都会过去的	未
//@阴楼孤魂://@冀翼book :	未
阴沟里的生物到底能不能专注自家，别一天到晚来我微博瞎bb个没完啊，真的看着就烦死。你们家是真的闲得没事做要天天到别家粉丝微博底下刷存在感吗我工作之余上来处理点事都要被烦真的想骂人。	未
@阴腔怪调：路上遇到了这样的货车，跟在后面总怕车上掉下来东西	未
阴谋论一下：马克龙，刚说要组建欧洲军队，然后，法国国内就乱了！这事和美国真的没有关系	未
阴谋论很有市场，深得脑残人士喜爱。捉谣记微博辟谣张首晟去世与中美关系有关家人：无知猜测近日，华裔物理学家张首晟去世的消息经媒体报道后，有猜测认为此事与当前中美关系或华为CFO孟晚舟在加拿大被捕有关。对此，环球时报引述港媒报道称，逝者家人的一名代表表示这种无知的猜测是没有依据的。详戳:网页链接	未
阴谋论很有市场，深得脑残人士喜爱捉谣记微博辟谣张首晟去世与中美关系有关家人：无知猜测近日，华裔物理学家张首晟去世的消息经媒体报道后，有猜测认为此事与当前中美关系或华为CFO孟晚舟在加拿大被捕有关对此，环球时报引述港媒报道称，逝者家人的一名代表表示这种无知的猜测是没有 ...全文	未
阴谋阳谋一起上，后市怎么看	未
阴道镜检查吓人吗	未
阴间世界揭秘：一位经历了阴间生活的人的真实述说	未
阴间法律，冥罚淫律只要浏览转载就被记功！	未
阴阳合同的事未了，李谷一爆光的腐败内幕更惊人！	未
阴阳师手游 关于大家关心的海景房蜜桃碎片合成问题，秃头大佬阿氛回答如下	未
阴阳师手游我爱画符，召唤有毒！使出了浑身力气召唤出了般若！感受到了自己存在的意义！（）网页链接	未
阴阳师手游我的式神录新晋宠神丑时之女！努力微笑，相信自己会有欧洲血统[]网页链接	未
阴阳师手游 编辑下这个是中年茨木不是青年茨林的刚发了SP茨木上线一个月分享，评论中有提到想要皮肤SP没来老茨木的新皮肤来了	未
阴阳师玩家属性研究	未
阴雨天气又要来了！三小运动会女司机翻下十几米菜地新建停车场	未
阴雨天气终于按下暂停键 今晨宿迁大部分地区有雾	未
阴雨天，闷！到弥河转转吧	未
阴雨频道开启 冷空气将至	未
阵风7级！北京发布大风蓝色预警	未
阵风七级  注意保暖今天白天晴，北风四五级（阵风七级左右）转三级左右，最高气温零下1夜间晴，北风二级左右，最低气温零下10持续低温蓝色和大风蓝色预警中，今天北风较大，气温较低，风寒效应明显，外出时请注意防风保暖风干物燥，请注意用火用电安全，谨防火灾早安@气象北京	未
阵风可达7级！北京发布大风蓝色预警信号北京市气象台12月22日16时30分发布大风蓝色预警信号：受冷空气影响，预计22日夜间至23日上午，本市将有4级左右偏北风，阵风可达7级左右，请注意防范。@气象北京	未
阻击华为 美国做梦	未
阻挡不了吃货的想法	未
阻止伊朗出口石油美国航母正驶向中东	未
阻止我整容的原因只有没钱和怕疼主要是没钱。	未
阻燃材料也能做内衣这家企业脑洞大开	未
阻碍骑行的罪魁祸首找到了！我是最后一个！你呢	未
阿Q一下吧，现在外头卖300一瓶，同样的货源。 其实某供应商还有，我就是生气，拖了我一个月不发货，我等他5000瓶过期。	未
阿Q正传    究竟是怎样的信念让他乐观的活下去	未
_//@阿Q还活着呢:确实不一样！洗澡后多出一个。	未
阿Sa晒法官造型自拍自侃脸圆不打瘦脸针 网友称撞脸王祖蓝	未
阿三：还好蜜月期，我宰了那么多，美爹也不说啥//@孙斌1990: 又把自己当安理会了	未
阿亮的从警故事	未
阿亮说冬季长白山团队有没有今年肯定有！	未
阿代ootd 一起蹦迪吗姐妹	未
阿伦打趣：我永远留在盖过勒布朗的球员名单上了今日的比赛里，贾莱特-阿伦盖掉了湖人的勒布朗-詹姆斯的扣篮。当时他冲着禁区来了，我只是跳起来干扰他的出手，很明显的是，这是勒布朗，所以要格外重视，最终我盖掉了。阿伦说道。职业生涯至今，詹姆斯尝试扣篮时只被盖掉过9次，阿伦笑着说： ...全文	未
阿伯，你顶得住5秒? ....	未
阿伯打渔捞到一枚陈年炮弹，引信都松动了...民警紧急引爆！	未
阿伯打渔竟捞上来一枚陈年炮弹，引信都松动了...民警紧急引爆！	未
阿伯被围了......救驾！	未
阿信 。	未
阿信主动献曲黄子佼！7小时完成，怕催歌不存在	未
阿信又来聊天了呢！八点的早安你赶上了吗	未
阿克塞举行红马甲五彩志愿服务活动	未
阿克塞惊现花彩雀莺	未
阿克苏交警提醒您：千万不要这样做，小心车翻人亡！	未
阿克苏人关注的公共停车场将计时收费，地段划分是这样的	未
阿克苏人家里有旧衣物文具玩具的别再扔了，他们需要！	未
阿克苏人注意：今后派出所只出具这6类事项证明，还有更	未
阿克苏人细思极恐！你天天在小区门口接的这种水合格吗	未
阿克苏人赶紧看！央台曝光这些饮料，事态严重！希望你没买！	未
阿克苏市交警提醒您：遇见团雾时，我们该如何应对呢	未
阿克苏市将启用三挡公共场所停车收费方案，最新报道看这里！	未
阿克陶县公安局持续开展交通安全宣传活动	未
阿冒在安福被人黑吃黑，监控拍下全过程！	未
阿冷aleng 从嘉峪关回来的飞机上照的，当时往窗外一撇发现刚好是空山云雪交错又是早起工作的一天，好多天没睡饱觉好困(0)	未
“阿凡达”即将登月？实现这个的却不是美国，俄罗斯成为首家	未
《阿凡达》，给印第安人迟来的道歉信丨日签	未
阿利出事，梁哥带兄弟倾家荡产帮助阿利！！	未
阿利森一家人	未
阿利森：气氛不太融洽	未
阿加格目光瞄准韩国厂商阿加格想拉韩国厂商进入FE FE电动方程式主席阿加格（Alejandro Agag）表示：韩国2020-21年有意举办FE分站赛，这将大大激励韩国汽车厂商加入到FE的热情。我们真心希望能看到韩国厂商加入到FE，但是目前还没有定论。阿加格表示，我认为在韩国举行比赛将会大大激励韩国厂商的热情，我们希望至少能有一个厂商进入到FE。 FE电动方程式 FE	未
阿勒泰一市民摇出88888幸运车牌	未
阿勒泰地区开展大棚房问题专项清理整治行动	未
阿勒泰库尔勒塔城伊宁克拉玛依飞机票只要49元出行的人速看！	未
阿勒颇市区遭化武袭击，叙军即将发动进攻，这是给美国干涉借口？	未
阿华这条微博被屏蔽了吗一个小时怎么转发还没过百	未
阿卡丽三顾草丛你猜她都在想什么英雄联盟	未
阿卡丽：你这辈子有没有为某个人拼过命这个VN我要嫁给你！！英雄联盟	未
阿卡迈高管谈网络安全：边缘技术可弥补传统安全防御弱点	未
//@阿历山大胖子://@阿耐ane :感谢这位匿名网友私信：解决女受害人被前男友骚扰的办法。12388，举报警察不作为发邮政信箱，中央巡视组还有，现在不是扫黑除恶吗两年三次就可以被判刑一年，她既然报警多次，就会有记录，早超过三次了。希望这点儿建议有用，如果有用，希望通知一声，我也开心开心	未
阿司匹林，你真的会吃吗？	未
阿哈哈哈哈哈哈一毛一样//@继父:图片评论 查看图片	未
阿哈哈哈花絮@正气凌然机智豆微博视频	未
阿哥，我想回家闭嘴！以后再也不带你出工了。	未
阿哲回应海纳百川要办他，阿哲：他有刹.人许可啊，上那办，我哪里都去，我看你咋办我	未
//@阿喂桑:这个 查看图片	未
阿喵急得打滚	未
阿喵 阿败 上海下大雪啦 微博视频 雨声残響	未
//@阿嚏3000:为村民解困，为自己解忧，不容易！	未
阿国网络随笔：日赚10万到底能有多遥远	未
阿国网络随笔：赚钱最多的时候做了三件事儿	未
阿国防部：阿富汗军队冬季将继续全力打击恐怖分子阿富汗国防部发言人加富尔艾哈迈德贾韦德表示，虽然条件复杂，但阿富汗武装力量冬季期间无意收缩打击恐怖主义分子的作战行动，将继续全力进攻。网页链接	未
阿图什市公安局开展世界艾滋病日宣传活动	未
阿图尔	未
阿图尔：伊涅斯塔是我儿时起的偶像，见到他的时候我的感觉无法形容，鸡皮疙瘩都起来了。我不知道他要来，这真是巨大的惊喜，我用手摸了摸他，确定一下是不是真的。	未
阿图尔和罗马里奥。	未
阿圭罗	未
阿圭罗为印尼海啸遇难人员祈福，据报道，印尼海啸已致222人死亡。	未
阿圭罗等众将也将随梅西退出？阿根廷足协才是祸首？	未
·阿坝发布131名县市和部门干部任前公示	未
阿坝州司法局举行律师宣誓仪式	未
阿坝州非洲猪瘟防控督查组赴金川督导工作	未
阿坤你老实交代吧！这张照片你P了多久	未
阿城人出行注意啦！黑龙江省交警部门公布45处交通隐患路段！	未
阿城公告	未
阿城红星镇一居民买了3000只鸡，其中居然出了1000多只下蛋公鸡	未
阿城这些老师要被重点培养了，快看有没有咱家孩子的老师！	未
阿城金上京派出所帮助高龄老人寻亲！	未
阿基诺让位杜特尔特，中菲回摆几何	未
阿塞拜疆或引进“枭龙”：与巴基斯坦谈判中	未
阿塞拜疆正与巴基斯坦谈判 欲斥5亿美元引进24架枭龙据阿塞拜疆图兰新闻网12月6日报道，巴基斯坦航空工业复合体代表表示，在最近闭幕的巴基斯坦防务展上，阿塞拜疆代表正在与巴方代表就引进JF-17枭龙战机谈判，已接近达成协议。阿塞拜疆计划斥资5亿美元(约34.5亿人民币)买24架JF-17 Block II。	未
阿天阿败美蛋 我收回他们没有交集这句话刚刚拍到的，贝贝：给你示范一下作为小弟首先该做的事（闻	未
阿夫达特古城：纳巴泰文明钩沉	未
阿奇姆彭的身价看涨，非洲外援还有 性价比 吗	未
@阿妹壮士该你上岗了。	未
阿姆斯特丹	未
阿姆斯特丹街景 ins:rufus_airlines	未
阿姨，今天第一次因为工作的事情躲在厕所里哭，哭的眼睛红红的，想知道小姐妹们也有这样的经历吗真是委屈惨了	未
阿姨，你再不管这熊孩子我可不客气了！微博视频	未
阿姨你好，能不能帮我问问大家2月-3月适合去的地方。是这样的，我妈妈今年肾上动了手术，我爸常年工作压力大，她们两个明年2-3月决定去外地休养小住一个月，能不能问一下大家有没有推荐的地方，主要就是希望不要太冷，树比较多空气好风景好的地方，她们好好放松小住一个月，决定好地方之后我给她们找短租的房子谢谢大家了	未
阿姨，你知道微信裂变二维码吗。我晚上和家人一起去商场吃饭，有那种问我能帮忙扫下二维码给小礼物的。因为我带了一个邻居家小妹妹，她想要这个礼物，我就扫了，结果也没仔细看。吃饭时一堆人发微信消息给我，说我被盗号了。我一看，原来是刚才扫码的人用ipad登了我的微信，然后在我每个好友的朋友圈第一条都留下了广告！（图一图二）类似这样每个人都留。然后我打电话给商家，商家说他不懂，这个是托第三方广告公司弄的。我说，之前让我扫码的人只说帮忙一下，并没有告诉我会发一堆的广告。这让我特别生气。但没办法，也不懂找谁投诉。最	未
阿姨你知道网拍是骗人的还是正规的，她们说一个月能挣2000多，但是要交299的会费，叫7k网拍，在纠结，学生党太穷了这种要交入会费的都不靠谱	未
阿姨别哭，大家空瓶不要去骂，就低调点宣传宣传公益吧，让那傻缺看看成熟女性们做的各项公益，我今日也有汇总	未
阿姨 可不可以让小姐妹们安利安利led化妆镜啊 每次发评论都沉了 宿舍环境太暗了	未
阿姨带三个充电宝通过安检，登机被拒表示患病20年，胰岛素只够用到今晚据网友爆料，前些时间某机场遇到一位阿姨，带了三个充电宝混过安检，等安保反映过来已经不见踪影，恰好广播通知阿姨重新检查又被念错名字，登机时被拒阿姨表示自己有20多年糖尿病，还有高血压，胰岛素也只够用到当晚的，所幸最后通过飞猪客服协调，完成药品送达和免费改签。这年头，客服也是不容易啊	未
阿姨帮问 关键词：不甘心，不想放过他，也放过不了自己。明知渣却踩着不放，如何往下走或者怎么报复渣	未
阿姨帮问 关键词：对象没工作，我是他的全世界	未
阿姨帮问 阿姨，不好意思了，这么早打扰你，如果可以，我想问问姐妹们，是如何改掉这种家庭给自己性格带来的弱点。谢谢阿姨了。	未
阿姨，我在事业单位的财务岗位工作了六年（其实就比你小几岁，不应该叫你阿姨），看到今天讨论工作中的教训，我也想投个稿	未
阿姨救救我，有没有什么办法改善一下冬天手脚冰冷，穿再多都没用呢，拜托阿姨看一下	未
阿姨 有什么过冬神器吗杭州下雪了北方人要被冻哭了第一次有了辞职的念头居然是因为被冻的北方人在浙江被冻哭了	未
阿姨，求助，可不可以开一个酒桌上一些潜规则（不是贬义）的讨论贴。小透明第一次参加有领导的酒局，给大领导敬酒的时候没有把杯子放得比领导低，后来被同事说这样不尊重领导，天地良心真的没有啊臣妾是不懂啊	未
阿姨碎碎念 所以请你不要那么倔强我要走的是另一个方向列车会载着我驶向前方但我的心定会停留在这个地方Bressanone	未
阿姨突然年轻了	未
阿姨能不能开个帖子让大家讨论一下效率手册，日程本什么的。去年双十二买了趁早的效率手册，想看看姐妹们分享我连续买了3年趁早，第一个月写的特别仔细，第二个月就有一段没一段，再后面就没写了。PS：我认识的金牌外贸员，业务能力极强，爱岗敬业，去年公司奖励她一辆小车，她的日程本就写的很详细，每天要做的，每个月要做的。	未
阿姨节哀//@白城以北:泰国杀妻案遇害人母亲微博发声	未
阿姨请了另一个阿姨，另一个阿姨请了阿姨//@小毛啦爷:阿姨家的豪宅也是自己打扫卫生吗	未
阿姨，请你帮忙问一下姐妹们，现在这种大环境下手里有存款几十万的都怎么理财啊买房子就算了，太贵了首付都不够。现在有车有房贷款不高。求码，老公不知道财务状况。	未
阿姨阿姨，云闪付商城里又有那个米了云闪付App，这个煮粥很好吃，其他地方都卖的挺贵的。付款前问一下自己：我需要吗我适合吗我喜欢吗	未
阿娇下周婚宴伴娘团曝光 阿Sa容祖儿郑希怡在列	未
阿娇出嫁要跪地斟茶？杨受成：要斟茶，但不用跪	未
阿娇婚礼容祖儿说错话:嫁出去的水等于泼出去的女	未
阿娇婚礼是自己筹办，大S找到共鸣，吐槽汪小菲讨论婚礼甩门就走	未
阿娇撒娇问老公能否帮她怀孕 嫁赖弘国可奉旨姓赖	未
阿娇正式注册结婚！	未
阿娇求子荷尔蒙失调看这里哦不论是备孕还是怀孕，对于我们的小夫妻们都是大工程。所以，怀孕前和怀孕了要注意的这些事情，为了将来的宝宝，男人，女人们都要好好看看哦	未
阿娇求子荷尔蒙失调阿娇先前就曾传出为了保持卵子健康，早就冻卵，就等婚后开始造人计划，阿娇今也坦承已经冻了3颗卵子，原本医生劝她多做几次，不过她因为冻卵子造成荷尔蒙失调，爆肥约9公斤减不下来，让她直呼过程比健身还辛苦，不会再考虑冻卵子了。	未
阿娇求子荷尔蒙失调 阿娇此前坦承为当妈妈冻了3颗卵子，因为冻卵子造成荷尔蒙失调，爆肥约9公斤减不下来，大呼这过程比健身还辛苦，以后不会再考虑冻卵子了	未
阿娇注册结婚老板杨受成证婚包酒席 霍汶希送金饰	未
阿娇澄清婚宴买位入场 钟欣潼补办婚宴引来了骗子！阿娇发博称：因为是私人饮宴，绝对绝对不会是可以买位入场的。并曝光了片子账号，提醒大家不要上当受骗。	未
阿娇澄清婚宴买位入场阿娇已经澄清，大家不要传谣啦	未
阿娇澄清婚宴买位入场 阿娇@鍾欣潼 发博澄清婚宴买位入场传闻，称是私人饮宴不是可以买位入场的，同时还曝光骗子账号，希望大家不要上当受骗。	未
阿娇称有被爱感觉 承认与“医界”王阳明甜蜜相恋	未
阿娇结婚蛋糕曝光价值9万元 阿sa容祖儿争相合影	未
阿娇自曝为预备求子致荷尔蒙失调 增重9公斤	未
阿娇自曝为预备求子致荷尔蒙失调 增重9公斤近日，阿娇接受采访今坦承已经冻了3颗卵子原本医生劝她多做几次，不过阿娇因为冻卵子造成荷尔蒙失调，增重约9公斤减不下来，让她直呼过程比健身还辛苦，不会再考虑冻卵子了网页链接	未
阿娇说她现在买个包都要看老公眼色......	未
阿娇、赖弘国登记结婚，12月20日补摆喜酒	未
阿娜帮老同学，在网上贷了几万元，结果	未
//@阿婆三明治: kkkk//@长安桃子: Kkkk//@_10160420_ :kkkkk	未
阿富汗一军营遭袭14名士兵死亡	未
阿富汗一座清真寺发生爆炸，已致26人死亡、50人受伤	未
阿富汗东部发生爆炸袭击事件 3名美军士兵死亡	未
阿富汗前总统卡尔扎伊：美在阿反恐应与邻国合作	未
阿富汗北部发生劫持人质事件 至少40人被劫持	未
阿富汗喀布尔一政府办公楼遭袭，安全部队7小时解救357人	未
阿富汗塔利班在公路上劫持至少40名卡车司机，警方正搜救	未
阿富汗塔利班组织与美国代表在阿联酋举行会谈	未
阿富汗-塔利班组织抓获的阿富汗安全部队士兵.	未
阿富汗塔利班组织昨天对外宣布他们袭击了赫拉特省西北的阿富汗安全部队军事基地，打死阿安全部队14名士兵，另抓获23名士兵缴获12挺机枪，3支RPG发射器和80枚火箭弹65000发子弹及3部无线电通讯设施(事后，赫拉特省议会议员证实该事件属实，双方激战6个小时，击退多次塔利班进攻，终因寡不敌众)	未
阿富汗总统加尼会见王毅	未
阿富汗总统发言人：美国撤军不会影响阿富汗安全局势	未
阿富汗战场上的TOS-1火箭炮。1988年，前苏联在阿富汗的潘杰希尔谷地战斗中，首次使用了刚装备部队的TOS-1型重型喷火系统。在战斗中T0S-1重型喷火系统对阿富汗游击队造成了极大的损失，一度使阿富汗游击队成员精神崩溃。TOS-1/1A喷火坦克是苏联在T-72主战坦克基础上开发研制的一款大口径多管数 ...全文	未
阿富汗撤换国防和内政部长 法新：或出于选举考量	未
阿富汗称美撤军不会影响阿安全局势	未
阿富汗这个妈妈太生猛了。她当警察的儿子在她亲眼目睹下被塔利班民兵枪杀.... 悲愤的母亲一怒之下化身兰博... 带着自己女儿和媳妇拿着各种轻重武器袭击了那个塔利班检查站.... 战斗相当惨烈，一直打了7个多小时..... 一共干掉了那里的25个塔利班... 还打伤了另外5个... 她们3个毫发无损的回来了....	未
阿富汗问题国际会议在日内瓦举行	未
阿富汗 阿富汗战场观察 塔利班刚刚公布了10天前对美军车队发动攻击的画面，这次攻击造成4名美军丧生，其中3名陆军，1名空军。在美国发起对阿富汗战争17年后的今天，阿富汗安全局势却日渐恶化，塔利班在许多省份卷土重来，美国和北约在中亚的巨大安全投资时刻有化为乌有之虞。事实上，上月22号美军驻阿最高司令四星将军米勒在访问当地时都步枪不离手，画面虽霸气，却凸显了美对阿整体安全的无奈和无力。	未
阿富汗首都发生爆炸袭击至少10人死亡	未
阿富汗首都发生爆炸袭击至少１０人死亡	未
阿富汗首都喀布尔一政府大楼附近发生爆炸及枪战	未
阿富汗首都政府办公楼遭袭 30多人死亡	未
阿富汗首都政府办公楼遭袭 已致30多人死亡	未
阿尔卑斯山南麓的加尔达湖不仅是意大利最大的内陆湖，也是阿尔卑斯山地区第三大湖泊，面积370平方公里    v 南北长达近60公里，东西宽10余公里的加尔达湖，横跨维罗纳布雷西亚特伦托三个地区      湖岸四周有平缓的沙滩与茂密的橄榄树，夏天是游人非常向往的休闲游乐胜地      因为独特的 ...全文	未
阿尔巴。	未
阿尔巴 Adidas活动	未
阿尔巴尼亚总理正演讲 反对党成员飞身上去砸了俩鸡蛋	未
阿尔巴尼亚总理正讲话 反对党成员上去就是俩鸡蛋	未
阿尔巴尼亚财政部误将谍报信息当支出明细上传	未
//@阿尔忒弥斯小呆:	未
阿尔法狗之后的乱战	未
阿尔法蛋《零零大冒险2》，撒贝宁cosplay长颈鹿喝水	未
阿尔泰山可可托海国际滑雪场千米落差雪道首滑	未
