镇平县人大常委会召开城市管理工作专题询问会！	未
镇平县人大常委会召开城市管理工作专题询问会	未
镇平县巡察向村居延伸试点工作动员会召开	未
镇平县检察院致镇平县父老乡亲的一封信！请注意查收	未
镇平某公园一老头和老太太打的热火朝天，围观人群却笑的前仰后翻！	未
镇广高速公路有新进展！通江-渠县-广安段计划明年开工	未
镇村联动，齐心协力，补齐生活垃圾处理设施短板	未
镇江105家！江苏省2018年第二批拟认定高新技术企业名单公示！	未
镇江3名市管领导干部今起任前公示	未
镇江一女子忙着打麻将 妹妹冒名办车管业务	未
镇江一批新地名命名公布！有你家附近的吗	未
镇江一批新地名命名公布！还有道路起止点变更，快看看是你家附近吗	未
镇江一男子大街上骑车舞红缨枪！警方：崇拜赵云，有病	未
镇江东乡太平河	未
镇江“中国好人”陈杰群：小小修脚刀闯出了一片天	未
镇江五峰山大桥先导索过江 2年后连云港2小时到南京	未
镇江交警身患疾病帮司机推车 网友为交警敬业点赞	未
镇江任免一批领导干部，涉财政局、退役军人事务局等多部门	未
镇江六旬老汉老牛吃嫩草半年花20万骗子：感觉像中大奖！丨参与新闻评论 赢取话剧《龙凤呈祥》演出门票	未
镇江古运河有污水下河排水管理处这样回复	未
镇江司机雾天误闯红灯怎么办会适当放宽，有疑义可申诉	未
镇江将打卡发放全国劳模省劳模专项资金	未
镇江扬中“江上义翁”勇救落水者 资助两孤女完成学业	未
镇江新区华山村发现硕大无字碑！被华山人称之为......	未
镇江新区已签订退出协议24家烟花爆竹经营网点！	未
镇江新区房屋租赁/招聘/求职/二手买卖便民信息-已更新（第286期）	未
镇江新区房屋租赁/招聘/求职/二手买卖便民信息-已更新（第287期）	未
镇江新区房屋租赁/招聘/求职/二手买卖便民信息-已更新（第288期）	未
镇江新政：机关、企事业单位停车位对外开放，不配合将进行督查	未
镇江有了首位高级书记员 3200余件庭审记录、1300余卷宗零差错	未
镇江某地发生一起车祸，4个月左右的宝宝没了心跳...	未
镇江男子：我年收入30万女友收入12万！深感婚后生活一塌糊涂	未
镇江纪检监察机关1-11月纪律审查立案980件，涉及县处级干部33人	未
镇江苏宁广场中庭亮化比价公示	未
镇江街头有一奇男子，手持长枪犹如赵云转世	未
镇江警方回应男子骑车舞红缨枪：系赵云崇拜者，有精神疾病	未
镇江路况雾霾天开车，一个关键的问题你知道吗	未
镇江面向全市大学生村官考核招聘38名事业单位人员！（附岗位表）	未
镇沅县公安局破获四起重楼被盗案	未
镇海扫黑除恶打掉20个团伙，公开悬赏通缉9名在逃人员	未
镇海扫黑除恶打掉20个团伙，公开悬赏通缉9名在逃人员！你见过吗	未
镇罗营镇持续加强非洲猪瘟疫情防控工作	未
镇远公安：积极开展法制进校园宣传活动	未
镇远县公安局联合县市场监督管理局突击抽样检查辖区早餐店火锅类餐饮 业专项行动	未
镇远：女子跳河轻生特巡警下河救人（内附视频）	未
镇远：疯狗咬伤小孩特巡警出警捕杀	未
镇远：货箱装不下，驾驶员竟把货物捆在车外	未
镇雄一女士在龙腾广场一侧的农业银行存钱少了200元，自助取款机也会贪污	未
镇雄一村民因家理路面未硬化给县长留言，官方回复！	未
镇雄交警大队10000现金悬赏肇事逃逸司机！	未
镇雄交警悬赏10000现金捉拿肇事逃逸司机，相互转告！	未
镇雄以勒中学三名初中生一起失踪，家人恳请网友扩散信息帮忙寻找	未
镇雄关注一女士在龙腾广场一侧的农业银行存钱少了200元，自助取款机也会贪污	未
镇雄关注什么情况雨河联营微型客车把威信到镇雄的大客车拦截下来了	未
镇雄县公安局行政拘留所已搬迁！请相互转告	未
镇雄县再部署非洲猪瘟疫情防控工作！	未
镇雄县委书记翟玉龙一行到以勒木城村作脱贫工作调研	未
镇雄发展巨变中的镇雄	未
镇雄坡头洪聪伦！村委会和派出所在找你！你不回来将构成遗弃罪......	未
镇雄山歌-乱办酒席不应该！	未
镇雄提醒12月停电公告，请相互转告！	未
镇雄提醒县公安局行政拘留所已搬迁，请相互转告！	未
镇雄提醒经常发语音聊天的赶紧看，告诉家人朋友！	未
镇雄提醒艾滋病，你检测过吗我县有多少例艾滋病你知道吗	未
镇雄新闻！镇雄高山又一个搬迁点，搬迁户来自7个乡镇52个村！	未
镇雄有32人与世隔绝，64年不出村子半步	未
镇雄有多少人见过这些老物件的，你会回想起小时候吗	未
镇雄村民自己出钱出力修公路，请看领导是怎么回复的！	未
镇雄母享公益活动纪实一一七个贫困的家庭揪人心！	未
镇雄热点一小女孩掉进县城昕旺花园挖的坑里面，幸好......	未
镇雄热点县委书记翟玉龙做客抓党建专题访谈节目，他都说了些什么	未
镇雄热点市委书记杨亚林到镇雄都去了哪些地方调研	未
镇雄热点惊险！罗坎往李子坝方向地段发生惊人一幕！	未
镇雄热点我县17名驾驶员的道路运输从业资格证被注销（附：注销详细名单）	未
镇雄热点拼车回家算不算非法营运快看运政管理所的最新回复！	未
镇雄热点杉树女子离家出走三年，家中留下三个孩子和残疾人丈夫.......	未
镇雄热点村民自己修公路有抱怨政府领导作出回应！	未
镇雄热点省委财经委调研组到我县开展扶贫对象分类调研	未
镇雄热点网友向县长信箱求助，回复信息选登.......	未
镇雄热点距离高铁时代更近了！成都至贵阳铁路今日起开始联调联试	未
镇雄热点镇雄最流中学视频流出！快来看看！	未
镇雄热点龙腾小区男子如此占车位，实属高端神操作	未
镇雄爆料被玩烂了的廉租房！你怎么看	未
镇雄的重工业区！（视频）	未
镇雄雨河，联营绿皮微型客车拦截威信到镇雄的大客为哪般	未
//@镇魂锅:派大星我们去抓水母吧//@文有格:我不在的时候你都在干什么等你回来。	未
镜头转接ND和HDMI监看  BMPCC 4K攻略补（中）	未
镜子是半个医生，照出这个，马上去医院，千万别拖	未
镜报。	未
《镜报》昨天报道曼联从莫尔德租借索尔斯克亚至明年五月的费用是180万镑，如果赛季结束后曼联想任命索尔斯克亚为正式主帅则需要再支付800万镑。天空体育也做了类似的报道，不过在费用上与《镜报》的报道稍有出入。天空体育称曼联租借索尔斯克亚的费用为180万镑，赛季结束后如果任命他为正式 ...全文	未
《镜报》：曼联预计不会在冬窗花大钱引援。索尔斯克亚也和曼联在这方面达成了共识。除非曼联在圣诞赛程期间遭遇伤病危机，否则不会花钱买新人。曼联相信现有阵容有潜力。球队计划赛季结束后任命新主帅，冬窗大手笔引援是没有必要的。	未
镜报消息，由于法布雷加斯可能在冬窗选择离开斯坦福桥，切尔西考虑在冬窗引进丹尼斯-苏亚雷斯作为若日尼奥的替补	未
《镜报》：穆里尼奥的发言人埃拉尼奥-帕拉梅斯接受采访时讽刺伍德沃德管理不善。他说：这有两个例子来证明曼联正在发生的事情有多么了不起。先说费莱尼，他的合同到期了，如果在合适的时间续约，花费只需要今天的一半。但伍德沃德先生却让他成为了全队第三高薪的球员。同样的事情还发生在德赫亚身上，曼联一两年之前就可以和他续约，但是现在他的合同也要到期了，如果他们想要继续留下他，就不得不付一大笔钱。这是多么美妙的经营啊！	未
镜框免费！广州潮人都爱去的眼镜店，要被挤爆了	未
镜鉴张玉华的后事留言	未
镜面深度丨大学生防艾观察	未
镜面深度辱华事件后DG门店实地走访 门庭冷落无人问津	未
镜面轻闻  个人诚信关系终身，北京将落实常住人口诚信分	未
镜面轻闻  北京公园客流量急剧减少 老旧公园改造迫在眉睫	未
镰仓的海	未
镰仓神奈川县的一个临海的城市，一座有近千年历史的古城。镰仓兴建于公元12世纪。现在的镰仓是继京都奈良后日本第三座知名的古都。平时，镰仓人流量比京都少很多，随时能发现有爱的小细节，适合用随意的慢节奏体会这座低调的小城。	未
镰刀架在咽喉处，淮阳男子街头寻短见！一群特警冲上去，空手夺刀，3秒后......	未
镶满施华洛世奇的阿联酋航空Bling777号飞机	未
镶满施华洛世奇的飞机 万物皆可blingbling	未
镶满施华洛世奇的飞机万物皆可blingbling	未
长1.25米！ 这种国家一级保护动物来黄陂湖了！	未
长30米重150吨的庞然大物出旌阳，交警忙坏了！	未
长7.5米，重2.5吨！罕见大鱼惊现威海鸡鸣岛！	未
长7.5米，重2.5吨！罕见大鱼惊现威海鸡鸣岛，网友：真一锅炖不下！	未
长76.6米重36吨的海上风电大叶片，原来是这样制造过来的！	未
长三角23个机场究竟如何分工即将尘埃落定	未
长三角一体化重蹈覆辙还是	未
长三角一体化  长三角公交城际不通，能靠刷码解决吗出门一码刷遍公交地铁单车，再也不用担心交通卡余额不足钱包没带。如今，全国120多个城市都支持刷码乘坐公交地铁，但区域互不相同成为很多跨省族的新痛点。你认为，未来，有没有可能一码扫通长三角乃至全国点击查看详情长三角一体化  长三角公交城际不通，能靠扫码解决吗	未
长三角一体化  长三角公交支付互通，是否能靠刷码解决	未
长三角人才流动从“单向”走向“多向”	未
长三角区域中欧班列资源统筹达成“六点共识”	未
长三角十一城签署金融合作备忘录	未
长三角地铁刷码互联互通 首张通票落地沪杭甬	未
长三角文化产业到底有多强？这个博览会给出了答案	未
长三角文博会｜演艺产业建设，谁来管、谁来演、谁来看	未
“长三角文旅产业联盟”宣告成立，首批成员33家	未
长三角，新能源汽车“新硅谷”	未
长三角流动人口近5000万，杭州接纳流入人口加速	未
长三角铁路春运方案出台 40天预计发送7470万人	未
长三角铁路春运方案出台 40天预计发送旅客7470万人	未
长三角铁路春运方案出台，40天预计发送旅客7470万人	未
长三角铁路春运方案出台 计划增开251对客车	未
//@长个儿不长心呀:我是家里人捧在手心里的宝为什么还要在你这里做个委屈鬼 攒够失望也就离开了	未
长丰：干活受伤无人管，垫完药费影无踪没签合同的受伤工人，该咋办	未
长乐616路公交调整，新增了这些站点	未
长乐一驴友队徒步闽侯十八重溪景区遇险	未
长乐人一天购买　564万元漳县产品	未
长乐区退役军人和其他优抚对象信息采集工作公告	未
长乐老人寻找16年前救下的轻生女	未
长乐这些地方将停电，请大家做好准备！	未
长乐这些地方将停电 请大家相互转告 做好准备...	未
长乐这位小伙一人救起四名落水者！他是一个怎样的人一起来看看	未
长了4个脑瘤的丈夫越活越久，妻子急了……	未
长了4个脑瘤的丈夫越活越久，妻子急了	未
长了张“好姑娘”脸的韩雪 却演了东野圭吾笔下的“恶之花”	未
长亭外，古道边，芳草碧连天。问君此去几时来，来时莫徘徊。	未
长亭外，古道边，芳草碧连天，问君此去几时还，来时莫徘徊。李叔同	未
长假归来怎么就各种不开心呢？或许你中招了“旅行后抑郁”	未
长兴巡特警！何特之有	未
长兴湖一号小区垃圾站被拆除，业主们鸣炮庆贺！	未
长发妹子才懂的痛，中枪的请举手！	未
长叹一声！泉港碳九实际泄漏量 //@简雅肖:2013年上海金山52.48吨碳九泄漏，政府迅速问责查处，提供周全到位的赔偿和环境修复方案。2018年福建泉港69.1吨碳九泄漏，政府企业恶意串通，伪造证据，瞒报数量。这不是天灾，这是人祸。	未
【长图】国家公祭日,最想说的一句话	未
【长图】国家公祭日，最想说的一句话	未
长图警告！网友爆料，B站游戏区200w粉丝大主播，人设崩塌，直播以绝地求生为主，因卖腐炒CP而火，平日言论常侮辱女性，近日更是被扒出贴吧言论，疑似恋童并涉嫌猥亵儿童。吴织亚切大忽悠 B站知名UP主吃鸡主播吴织亚切大忽悠：疑似猥亵13岁少女XX狂魔图2，涉嫌猥亵未满14周岁儿童，并泄露其隐私。图3，直播amp微博侮辱女性，给粉丝取名x子精。图4，多次发表乱伦，甚至兽x言论。（相关录屏：网页链接）图5，贴吧渣男感情史，公然diss前任身材长相。（详情链接 网页链接 ）其中	未
长在20米高的树上，以前拿麻袋去山里捡，现在60一斤很稀罕	未
长坪这个村支书胆真大，套取14万扶贫资金	未
长垣县开展 122全国交通安全日主题宣传活动	未
长城WEY和吉利相撞，看到这一幕画面，网友直呼：还好没买长城	未
长城为什么要买票//@Yougarin:你买票了吗	未
长城及烽火台，1924-1927	未
长城基金向威达：A股仍将反复震荡找底 建议投资者耐心等待机会	未
长城既不能阻挡敌人，更不能保护汉人，真正的作用被误读两千年	未
长城资产对中国铁物进行债转股 7家机构共投70亿	未
长城  高山不是山大同有座高山城	未
长大了不认识了，是个脸上有故事，需要一层层剖开来品的男人了	未
长大了起码能当个48	未
长大后我就成了你——一家三代“刘老师”的育人情	未
长大后没出息的孩子，都有以下4个特征，八成以上家长都做错	未
长大后没有归宿就去尼姑庵吧只是听说武媚娘去了那成了武则天甄嬛去了成了皇太后 杨玉环去了成了杨贵妃了	未
“长大我当空降兵”	未
长大是必然的，但是懂事要付出太多代价。	未
长大这么辛苦，如果不趁机，成为自己生活的主人，实在太划不来了。	未
//@长姜滚滚来：查看图片 //@KUIR葵七：咳咳 查看图片 //@错哥V5：查看图片 //@洋仔不是大腿：查看图片	未
长子73岁老人的救命钱谁拿走了一起了解真相！	未
长子县各乡镇退役军人和其他优抚对象信息采集进展	未
长子色头村冀姓家族，还藏着这样的事，你知道吗	未
长宁也有一个郊野公园，你去过了吗探索上海说到郊野公园，你肯定会想到松江的广富林郊野公园金山的廊下郊野公园青浦的青西郊野公园@上海长宁 说，长宁也有一个郊野公园哦！这就是外环绿道！跟随一组图片去领略一下TA的美丽吧！	未
长宁井江火了！没想到竟藏着......	未
长宁人注意！今天起，这些新规将影响你的生活！	未
长宁人注意啦！5400吨假盐被查获！假货竟比正牌卖得还好，这几个地方均曾销售！	未
长宁人注意，看到车上或车尾有这种黑盒子赶紧扔！	未
长宁人注意！这17种抗癌药要全部纳入四川医保了！	未
长宁又查处多个酒驾！这么高的成本，你还敢酒驾吗	未
长宁大桥12月1日起将封闭施工，车辆行人禁行！	未
长宁大桥明日起封闭施工，绕行方案看这里！	未
长宁惊现一抖音打卡胜地，赶紧拿起你的手机，抖起来！	未
长宁把这11家企业老总找来，谈了这些事......	未
长宁招聘求职出租转让闲置二手信息！	未
长宁这个地方今天晚上要停水到明天早上！	未
长宁这些地方今晚将要停水，赶快看看！	未
长宁这座世界第六的大桥即将封闭维修！不知道的小伙伴看过来！	未
长安CS35PLUS  一款会社交的SUV地球上有809个岛屿，204个国家，77亿人，我和你相遇的几率是2920万分之一。 遇见你，很幸运	未
长安CS85 发现高级美听说最近在朋友圈公布恋情有必要吗这个问题难倒了一片网友，戳下图，让问题不攻自破，迎刃而解	未
长安剑:亵渎军人不能忍	未
《长安十二时辰》春节后播，易烊千玺两剧扎堆	未
长安坝水磨沟口石灰厂灰尘影响居民身体健康	未
长安坝那片公园，禁止开垦耕种！	未
长安基金林忠晶：流动性和风险偏好成为A股重点变量	未
长安大桥建设进度已过半！预计明年底建成通车	未
长安大桥建设进度过半 松林湾隧道贯通 东洲湘江大桥春节前完成大桥合龙这些是今天桥梁界的大事	未
长安新CS55 新轻年智色SUV 不要怕浪费多少时间，付出什么代价，青春就是最好的筹码，把所有过往全部清零，这一刻，熊五带你一起，和青春BATTLE到底	未
长安汽车人事调整：长安福特执行副总裁何朝兵将回归长安汽车总部任执行副总裁，分管长安汽车第二乘用车品牌欧尚汽车和质量板块工作。长安汽车副总裁赵非则被派往长安福特任执行副总裁。百家车谈	未
长安汽车第三届技术开放日 有雾霾有烟尘我无所畏惧！因为我有@长安汽车 第二代空气净化系统，四层过滤网活性炭滤芯，可对PM2.5和有害物质深层净化！	未
《长安街》时评：共享单车还能“骑”多远？	未
//@长安街边居民:	未
//@长安街边居民:你问问贪官家里成吨的钞票，谁认钱。//@雪韵无垠:不是说资本主义家只认钱吗有钱流入他们还不接受，看来他们欢迎的是守规矩赚来的钱，凭本事赚钱那叫能力，而利用权力欺凌百姓赚取的黑心钱，他们不欢迎。	未
长安观察23岁消防员为救任性老人牺牲，比讨论值不值更重要的是什么血的教训已经足够沉痛，在为年轻消防员的舍己为人感慨之余，我们应该反求诸己，看看究竟有没有任性之举更应遵守社会的规则秩序。这是对你我的生命负责，也是对所有超级英雄的安危负责。网页链接	未
长安责任因P2P已赔20亿，监管层介入Sigma：未来两年亚洲保费年增长率不低于10  慧保日报12.6	未
长安路三爻加气站依然正常为出租车加气	未
长安锦厦这块地竞拍达15亿，准备建成这样子	未
长寿一69岁男子，光天化日竟干这事！监控清楚记录过程！	未
长寿一市民打鸭蛋，结果打出来了一个....太吓人了！	未
长寿圣果在哪里有人寻遍千山万水，我却在这里静静的等您！	未
长寿要给这群人发钱了，每人每年4000元！看你领多少	未
长寿这434名驾驶人，请立即到车管所！	未
长寿镇东益村6岁孩子的求助！恳请你们伸出援助之手！	未
长屿硐天开通环线了，连接多景点，不走回头路！	未
//@长岛大佬袋: 转发微博	未
长平之战的千古未解之谜？秦军真的坑杀了40万赵军么？	未
长弘基金受让贝因美5.09%股权，谢宏否认逼退恒天然	未
长弘基金拟受让*ST因美控股股东5.09%股份	未
长张高速65km50m往西挂车自燃现场施救仅超车道可通行，后方滞留车辆约4公里，因车流大已经在60km往西方向苏家坝互通分流，请过往驾驶人朋友谨慎驾驶，安全出行！	未
长征七号返回舱安全回家靠四个“小家伙”护航，上海制造！	未
长征七号遥一火箭运往海南发射场 预计6月发射	未
长征五号火箭发射期间海南将实施交通管制	未
长征五号火箭发射期间海南将实施交通管制 禁止体育等飞行活动	未
长征五号火箭发射期间海南部分道路实施交通管制	未
//@长征后卫薛伯陵: 转发微博	未
长征四号火箭整流罩落户上海老港镇，这里曾有火箭发生场	未
长征 的这个俯冲凶残！挂单是摁跌停的核按钮吧。	未
长得像我//@陈浩南:我没开挂	未
长得再美，还是犯罪嫌疑人！	未
长得好看的小孩即使做了错事也容易被人原谅	未
长得真像啊。	未
长时间开车头晕，罪魁祸首是前挡风玻璃！不是累的..... 长时间开车头晕，罪魁祸首是前挡风玻璃！不是累的.....	未
长春5岁小胖墩主播火到国外，背后故事竟然是	未
长春一东：重大资产重组获国资委批复	未
长春一公交司机展绝技：边看手机视频边开车	未
长春一商场装修围挡被大风刮倒砸中行人，两人受伤	未
长春一大胆司机无证！毒驾！逆行逃跑！最后被拘留了	未
长春一女子偷带鱼！超市监控记录下全过程	未
长春一宾利车与Polo车相撞瓜子鲜牛奶检查不合格	未
长春一老人因嫌私家车碍事，用拐杖将塑料袋捅进车辆排气管！	未
长春东风大街人行步道刚改造完就被破坏！就为门前停车方便	未
长春五岁女孩贪玩手指夹笼屉，救援时竟这样说	未
长春亚泰发布声明：不认可李帅等人转会程序	未
长春亚泰声明：不同意李帅等五人转会长春亚泰足球俱乐部发布声明，不同意李帅杨艾龙孙兆靓李嘉晨柏杨五名球员转会	未
长春亚泰将在12月20日于昆明集结开始冬训和内外援调整，之后赴海外拉练。	未
长春亚泰就不同意李帅杨艾龙等五名球员转会一事发表官方声明。	未
长春交警火眼金睛 车流中一眼确认报废车！	未
@长春交警 警察叔叔辛苦了，大冷天的你这交通工具也太拉风了 V影响力峰会 汽车V峰会	未
@长春人！别再泡假温泉了！赶紧看！	未
@长春人 市社保局建议个体参保人员 错峰办理业务	未
长春人注意,又一款儿童“万能药”走下神坛!孕妇也要慎用	未
@长春人，电子身份证来了！以后这些事儿都可以在手机上办	未
@长春人身份证以后可以做这么多事！还不快看看！	未
长春人都在找大鹅 长春下雪啦，今天不找对象，找大鹅！只要你发现和大鹅有关的元素拍下来 艾特我@长春月老 画的都行，东北人的日常，走起随机红包奖励	未
长春俩女孩自驾游大连爆胎 交警小哥哥伸援手	未
长春光谷西街通车 将缓解欧亚卖场周边交通压力	未
长春公交车的断手大爷转战地铁二号线！满载而归	未
长春出城35公里处有这样一组楼群，还有这样的故事！	未
长春华光街双排车辆违停占道！这个事咋处理	未
长春南湖公园冰封湖面开化了长春的冬天丢了语音版 2018.11.28	未
长春各级政务大厅中午不打烊，打通为民服务“最后一公里”	未
长春和美妇科医院已停业！6日晚，记者探访长春和美妇科医院，看到大门玻璃上已贴出本院暂停营业，内部整顿的告示。而在11月16日，长春市卫计委曾发出《关于进一步加强民营医院管理工作的通知》。其中一条提到要建立诚信机制，实行价格公示制度。	未
长春国际金融中心业主维权！5元物业费的新地标就这样	未
长春大禹华邦地下停车位漏水，太闹心了！	未
长春失联半个月的21岁女大学生已找到！原来如此…	未
长春女子爆料老公买房子，售楼小姐陪睡	未
长春女子醉酒骑摩托，打骂交警后竟以孩子要挟	未
长春家长注意！史努比童鞋等4批次产品不合格	未
长春寻人	未
长春小区一夜四台车被砸 但让人哭笑不得的在后面…	未
长春小学生在62路上捡到粉色手包，是你丢的吗？	未
长春工商移动办照上门服务 企业家门口办照 10分钟即可拿到	未
长春市75处黑臭水体已有72处完成整治	未
长春市HIV自检预约平台上线！手机操作，不用去医院	未
长春市东盛大街一顾客店内顺手牵羊！监控记录全过程	未
长春市公安局党委委员交警支队支队长杜占武深入重点危化品运输企业 督导检查百日安全行动落实情况	未
长春市出租车司机将统一着装！是这样式儿的	未
长春市——勇做先行者 争当排头兵	未
长春市民：孩子被幼儿园老师用教鞭打屁股，还…	未
长春市民花42万买车被套！交车日已过，车还在欧洲巡展	未
长春市民通过人人车卖车一年后，交警打来电话...他的经历给所有人提了个醒！	未
长春市铭隆供热以室温达到18度为理由，理直气壮的不给供热！	未
长春市饮用水水源地环境问题清单	未
长春市首辆移动办照服务车 开到企业现场办照	未
长春开通贵阳、义乌、北海等航点	未
长春推广“证照分离”改革试点经验	未
@长春教育 看看能不能核实下。	未
长春新发地产//@长春身边事: 家里人看到这条视频应该会流泪吧，工作辛苦不说还要满足领导的恶趣味，难怪经常跟客户干仗脾气那么暴躁了！	未
长春是不是很冷啊	未
长春朝阳区典石广场小区7部电梯坏5部！近半年没能维修！	未
长春杰喜莱洗衣店东方万达城店人去楼空！近百顾客欲维权！	未
长春某地下停车场，我以为在拍电影。安全驾驶	未
长春标记大厦私改公共停车场为收费？物业却说	未
长春校园兰州拉钢丝球网友爆料：钢丝球，东北师范大学净月二食堂，三楼兰州拉面吃到的。	未
长春校园四六级用录音机放听力网友爆料：今天英语四六级考试，长春学院的听力，那是什么玩意，用录音机放，声音特别小，学生普遍反应听不清，都没有手机外放声音大，一边放在录音，一边空调还呼呼吹风，基本上除了录音机附近的学生，其他学生英语听力都扔了，全是靠蒙，他们是不是应该还学生一个公道啊	未
长春校园大妈已不是你大妈网友爆料：东北师范大学人文学院，论我们被没收的东西都去了哪里都让大妈用了，哈哈哈哈哈哈哈哈哈，不让学生用锅自己用，真好。	未
长春校园每次校园欺凌处理结果你们都懂吧，所以你自己得支棱起来，有专家曾说过，可以回击，但不要主动攻击即可。	未
长春校园 网友爆料：长春理工大学光电信息学院门口，斑马线被路障拦住！虽然说斑马线旧了点吧，但是再怎么说也不能就这么拦上吧！毕竟也是在学校门口！ 微博视频	未
长春校园 鬼片即视感网友爆料：长春医学高等专科学校，每天天不亮就要出去上早操，而且所谓的早操就是从6点25站到7点，都是一群小女生，每天早上恨不得裹一层被子出去都冷，每天学生们都出门上完早操了，老师可能才刚刚睡醒吧 微博视频	未
长春桂林路附近光天化日连发盗窃案！受害人寻求嫌疑人线索！	未
@长春-橡树://@nicocin84:我就问问，哪个市领导家18度哪个供热办领导家18度哪个供热公司领导家18度现在但凡有一个敢站出来的，算我输！挣钱挣的良心都没了吗大唐给汽车厂居民供热承诺22度，你们看不见吗你们舒坦了，就不管老百姓死活了是吗当时定18度的人也是脑子有泡！不搞搞民意调查吗	未
长春正能量马云粑粑，有钳任性！最近的红包有点大	未
长春消费最贵的地方	未
长春消防开展冰上救援演习	未
长春：清积雪 保路畅	未
长春热门 目的非常单纯，出发那一刻已经瞄准了 微博视频	未
长春爆料 12月18日8时20时，以下三个区域要停水。整整12个小时，看你家在不在停水范围内！	未
长春爆料 20人未礼让斑马线被曝光根据《道路交通安全法》规定，对机动车行经人行横道时未减速行驶的对遇行人正在通过人行横道未停车让行的对行经没有交通信号的道路时，遇行人横过道路未避让的，将处以100元罚款，记3分的处罚。	未
长春爆料 HR（D）A型阴性血，求助熊猫血，家人急用救命，望大家相互转告，互相转发，必有重谢！电话18744263110	未
长春爆料 一场大风，棚子全刮趴下了，白瞎了。 微博视频	未
长春爆料 一汽封路通知。	未
长春爆料 一汽轿车奔腾事业部领导，一天不干正事，把员工朋友圈当其宣传平台，不转发还不行，员工一点人权没有！	未
长春爆料 业委会主任被打网友爆料：2018年12月12日下午，汽开区嘉和丽景小区刚刚成立不久的业委会杨主任在小区内被五人无缘无故殴打导致鼻梁骨骨折，后期还需要进行手术治疗。这几个人在小区内对杨主任多次进行跟踪，一直在寻找冲突的机会进行报复打击。什么人才能如此胆大妄为，光天化日之下行如此恶劣之事其实这件事太明显不过了，我们刚成立的业委会最近的一系列工作对原来的所谓老板娘领导的物业的利益造成了影响，这才导致他们狗急跳墙。	未
长春爆料 中国吉林森林工业集团原副总经理石国新被查中国吉林森林工业集团有限责任公司原董事副总经理，吉林省旅游投资集团有限公司原董事长石国新涉嫌严重违纪违法，目前正接受纪律审查和监察调查。	未
长春爆料二手帅哥！老司机呗	未
长春爆料 今天烟台的交通事故 微博视频	未
长春爆料 从长春站北广场肯德基到东二条与长白路交会，就这么近的道一张嘴要30。	未
长春爆料 你们有啥好主意吗	未
长春爆料你见过她吗孩子刚满月，长春这位妈妈离家后一直未归3日，很多长春人的朋友圈被一条寻人启事刷了屏：2018年12月3日下午4点半左右，在长春高新区附近一名女子离家后一直未归。女子离家时身穿黑色短款棉服，灰色牛仔裤，白色球鞋。	未
长春爆料 公示中！吉林省40家单位将成创业孵化（示范）基地按照《吉林省创业孵化（示范）基地核准和管理办法》有关规定，经项目单位申报，市（州）县（市）初审推荐，省工信厅组织专家评审，根据专家评审意见，拟将长春市荣发智造创业孵化基地等35个创业孵化基地认定为吉林省创业孵化基地，拟同意吉林中新食品区创新创业孵化基地等5个省级创业孵化基地晋级为吉林省创业孵化示范基地。（中国吉林网）	未
长春爆料 关于刘福军禹治洪任免职的通知	未
长春爆料办卡需谨慎没有约束的情况下，永远不要轻信销售说的每一句话网友爆料：生态广场环球贸易中心5S健身馆办理一张游泳卡，但是当时游泳馆尚未开业，销售人员介绍说泳池是3050米的，并且要办游泳卡要先办健身卡，等游泳馆开业后补差价就可以健身游泳一起，当时承诺差价不高于健身卡价格，所以于双11当天按照1388元两年的价格办理了两张健身卡，12月16日游泳馆营业才得知，泳池是3020米的，且单独办理游泳卡1599两年，不需绑定健身卡，与当初销售人员的说辞严重不符，12月18日去办理退卡，被告知要扣除	未
长春爆料 办游泳卡被忽悠先办了健身卡网友爆料：本人原本打算在生态广场环球贸易中心S5健身馆办理一张游泳卡，但是当时游泳馆尚未开业，销售人员介绍说泳池是3050米的，并且要办游泳卡要先办健身卡，等游泳馆开业后补差价就可以健身游泳一起，当时承诺差价不高于健身卡价格，所以我于双11当天按照1388元两年的价格办理了两张健身卡，12月16日游泳馆营业才得知，泳池是3020米的，且单独办理游泳卡1599两年，不需绑定健身卡，与当初销售人员的说辞严重不符，12月18日我去办理退卡，被告知要扣除20费用	未
长春爆料 卖肉案板上整拖布网友爆料：今天下午一点多，我在宽城区草根儿超市(檀香苑店)买东西，看见卖肉摊位的销售员，居然在放着肉的案板上修理拖布，拿着剁肉的刀正砸呢。这也太埋汰了吧，让我们怎么放心买肉	未
长春爆料司机：打xx车！自行脑补@长春市地方道路运输管理局	未
长春爆料 吃一半吃到了头发网友爆料：今天早晨8.10左右在宋记粥铺东风大街店就餐，在吃韭菜盒子的时候吃到了头发，当时发现的时候，一半在嘴里的一半在韭菜盒子里，太恶心了。找店里，店员说店长不在，没办法解决，能给你换一个，不退单。爱咋整咋整，爱哪告哪告！态度极其蛮横不讲理。	未
长春爆料 吉林大学南岭校区的同学，晚上洗完澡被大爷瞪了一眼	未
长春爆料 吉林省公安厅发布A级通缉令 公开悬赏通缉9名涉黑在逃人员请社会各界和广大人民群众积极提供有价值抓捕线索，公安机关将依照相关规定，对提供线索的举报人及检举揭发有功人员，奖励人民币2万元（每名在逃人员）	未
长春爆料 听说过控热器吗网友爆料：我们小区，宽城区英伦小镇二期，今年装了控热器，说统一安装的，不装不供暖，以后装还收费。但是装了它，今年供热整体不好了。想咨询一下，这个东西合法吗是强制性必须安装的吗	未
长春爆料商家隔路！//@长春帮:这种钱可以花出去， 只是超市收款后 无法再以找零钱式 给其他顾客所以就有了这种推脱	未
长春爆料地苑驾校 不给教练发朋友圈 就不给练车网友爆料：地苑驾校张超教练，不给发朋友圈就三天不练车，天天发群里消息拿话点大家，大家该你的张超教练说：我一天像傻逼一样天天给你们练车，陪你们考试，连个朋友圈都不给我发，你们教会我了，我也知道怎么做了 说的好像驾校不给你开支一样，地苑驾校都这样的教练吗	未
长春爆料大吉大利，今晚吃鸡！平底铁锅，被打漏了	未
长春爆料 失物招领网友：今天早上我同事在世纪广场轻轨站附近捡到一个钱包，内有现金和各种卡，有认识李伯略的帮忙转告，联系电话：13134318550。	未
长春爆料 失物招领网友在吉大一院捡到一个身份证，联系电话：15904489977。	未
长春爆料 失物招领网友早上在137路公交车捡到的身份证和银行卡，估计失主很着急。认识的帮忙转告，联系15584172935。	未
长春爆料 失物招领网友爆料：昨天在汽开区五十街区综合市场西侧一口腔门诊这捡到一串钥匙，联系电话：18743437524。	未
长春爆料 女子盐蒸馆施援手救人网友爆料：12月17日下午，妹子从外地来长春找我玩儿，带她去新城吾悦广场一盐蒸馆，蒸大劲儿了晕倒在地，幸亏一个大姐挺身相助，把妹子救了过来，前前后后忙活好久！ 听说大姐还身患重病，还跪在地上一直帮妹子恢复意识和身体，真的是好样的！给她一个大大的赞！	未
长春爆料 寻人启事。	未
长春爆料 寻人启事李长友，男58岁，于12月7号早晨从台北亚苑出门到现在没有回家，电话一直没人接听，家人十分着急，出门时上身穿深灰色棉袄下身穿蓝色牛仔裤，头戴深色鸭舌帽，走路有点垫脚，如有知情者请联系电话18743065952 ，13204306967必有重谢！	未
长春爆料 寻人启事网友求助：我朋友的母亲已经快九十岁了，前两年老伴儿去世后头脑就时而清醒，时而糊涂。今天早上7:40 从新星宇观塘走失，穿蓝灰色大衣，戴毛线织圆帽，手拿马扎凳，有见到的请与：13041373018联系。	未
长春爆料幼儿园收钱办晚会后续幼儿园降价了，由原来两个家长一个孩子收费500元，改为现在的240元。	未
长春爆料 性病野广告进小区网友爆料：长春市朝阳区开运街星宇名家小区，11栋4门1楼，这几天把性病广告印到墙上了，太恶劣了。	未
长春爆料 情况通报：长春四岁男童在幼儿园被老师踢伤。（长春市南关区教育局）	未
长春爆料打工没有收入，年关不好过啊！//@长春一根烟:烟哥说事转	未
长春爆料据道路运输局运管四大队消息：下周一将集中整治，出租车卖袜子	未
长春爆料 方正宽带十年2000，感觉是要卷钱跑路的节奏了！真诚的劝诫大家，方正的网络质量白给都别用！	未
长春爆料 星美国际影院关停140家分店 欠下4个亿成老赖截至2018年11月30日，星美集团在国内经营约320家影院，其中约140家已短暂停业，而约11家有可能将于不久之后因集团不能支付租金而失去赎回权。此外，集团尚欠运营管理等费用共计约4.59亿港元（合人民币约4亿元），其中未付员工工资1.08亿港元，未付物业租金2.01亿港元。	未
长春爆料 昨天失联女子最新消息。她表姐发的朋友圈。	未
长春爆料 昨晚我都冻脚了，这也是我想问的	未
长春爆料 最新进展。	未
长春爆料 朋友圈承诺书大家怎么看网友爆料：吉林建筑大学交通科学与工程学院，英语四级考试前让学生发朋友圈承诺书，承诺不作弊。还得最少集赞20个。有些学生不理解，用得着这样吗	未
长春爆料 每天早晨华岳学校门口都有这样一个身影，疏导交通，护送孩子过马路	未
长春爆料 求神拜佛别醉驾12月8日23时40分许，长春市公安局交警支队经开大队的一辆警车上传来了阵阵祈祷声。一名男子坐在警车上，非常紧张，口中念念有词，仿佛在祈祷着什么。原来他是在祈祷自己的酒精测试数值不要超过80......结果83，涉嫌醉酒。	未
长春爆料 汽油又降价了12月15日0时起，长春地区成品油零售价格调整如下：	未
长春爆料注意安全驾驶！	未
长春爆料渔歌酒吧欠工资，烤鱼欠广告费。	未
长春爆料 热力公司弄错被停热网友爆料：我家住汽开区君地天城一期三栋，在11月30号大唐热力给我家供暖管道贴封条停热了，写的是大唐稽查，周日去找的大唐公司，客服说弄错了，导致我家三天停热，恢复供热之后非常冷，邻居家都比我家暖和，打市长热线下午来人了，说现在供暖就这温度，过段时间就好了，我不知道怎么才能解决我家的供暖问题。	未
长春爆料 特殊天气，看我大长春地铁显神威拯救不迟到	未
长春爆料疯狂暗示，大学门口车顶放水真有女生去拿吗? 网友爆料，昨天晚上，在吉大南校北门，一suv机盖子上放了一瓶绿茶，一瓶农夫山泉，这大冷天是想喝常温的吗不知道这位仁兄最后有没有如愿以偿	未
长春爆料 硬菜网友爆料：我是长春理工大学的学生。昨晚我在学校一食堂二楼吃晚饭。卖小碗菜的那一家。令我感到后怕的是，碗里有一颗很大的铁钉辛亏我还年轻，还看得清，多个心眼儿确认了一遍。我应该庆幸我现在没在急救室吗?	未
长春爆料空手套白狼	未
长春爆料 紧急寻人寻找南关区园东小区15栋301住户，电费单子叫孙跃田。由于他家是常年出租，估计自来水爆了。去过社区，热力，自来水，燃气，派出所都没有联系方式，漏一宿了，厕所进不去人，阳台外面电线上全是冰溜。	未
长春爆料 纪念钞预约了吗我记得纪念币的时候没这么火啊，刚才去预约显示吉林省范围内就白山还有，点进去也毛都没有了。	未
长春爆料 网友@丶席 爆料：书店里的一幕，看到这样认真读书的老人，你还有什么理由不努力	未
长春爆料 网友动车上看到的一幕，工作人员是否应在工作地点注意一下自己的形象	未
长春爆料 网友：吉林华桥外国语学院，正在人工造雪，学生表示在南方普降大雪的季节，这个行为维护了东北冬天最后的尊严。	未
长春爆料网友在长春地铁上拍到的一幕，打扮的溜光水滑，人模狗样的。。。	未
长春爆料网友投稿：在飞机上拍的长春俯视图	未
长春爆料 网友捡到身份证一个，失主请私信我。	未
长春爆料 网友求助：突发性耳聋，医院也去了，医生说不保证结果，有知道什么好办法的吗	未
长春爆料 网友求助：能不能建议轻轨三号线车隔短点，早高峰上不来车。	未
长春爆料 网友求助：这种情况该怎么办	未
长春爆料 网友爆料：306半小时没有车想问问你们，今天上班都谁迟到了	未
长春爆料网友爆料：万科东湾半岛四区六栋一楼住户着火。	未
长春爆料 网友爆料：下午一点半左右红旗街省医院6号楼后面烟囱刮掉半截，砸车了。	未
长春爆料 网友爆料：亚泰大街中环十九区那片停水两天半了，原因是浴池水管漏水了，把他们的泵给烧了，现在浴池不让维修，要让水务赔钱，水务和物业啥的都说不归他们管，踢皮球，就把我们上千户的居民撂这了，没人管。打电话给水务集团，让找物业，给物业打，让找水务。	未
长春爆料 网友爆料：人民大街南四环一大货车自燃。	未
长春爆料 网友爆料：人民广场发生翻车事故，交警已到达现场指挥交通，具体人员伤亡不详。	未
长春爆料 网友爆料：今天在锦西路万鑫花园小区义善堂药店买的药（图1图2图3），说明书上规格每袋8克，每袋却是4克装，图4图5是之前买的，袋上标的规格是4克一袋，却没有说明书求鉴定一下真假	未
长春爆料 网友爆料：今天看见市政部门的车拉着一车环卫工人坐在皮卡车后面，第一觉得不安全，第二这么冷的天，零下二十多度！为什么不能弄个有棚的车拉着他们呢本身环卫工人工资就不高，看着很揪心	未
长春爆料 网友爆料：今天还进学校里边来了这车是不是搞行为艺术	未
长春爆料 网友爆料：今晚长春前进大街与南四环附近，国信御湖公馆小区地下停车场发生的一幕，这 这是啥车啊	未
长春爆料 网友爆料：公主岭朝阳坡路段，谁干的 微博视频	未
长春爆料 网友爆料：北湾新城业主去管委会维权解决采暖问题，基本北湖附近几个小区的采暖都不热，半夜孩子都会冻醒。	未
长春爆料 网友爆料：南湖中街与金宇大路交会，吉星花园小区，今天刮风，墙皮被刮下来了。	未
长春爆料 网友爆料：吉大南校北门，车上放瓶水，等人心里美	未
长春爆料 网友爆料：崇智路北安小学门口早上才铺平的路，没到晚上就塌了，也太豆腐渣了，不知道一周坏三回的暖气和这修路没有关系。暖气今天没停，但总坏，说是有漏点，温度一直不达标，早上14.7度，刚下班到家16度，为什么不能夏天修修，年年冬天整这事，天越冷暖气越坏	未
长春爆料 网友爆料，德惠路建设街这里有个地铁指示牌。写的距离约500m。他们是不是对500m有什么误解。	未
长春爆料 网友爆料：我在轻轨3号上捡到个身份证，我把她交给轻轨前进站的工作人员了。认识王彦红的帮忙转告。	未
长春爆料 网友爆料：我家是汽车厂博众新城的，今年11份在我家小区西侧有一个叫汇友洗车的地方花400元办理了洗车会员，可是还没洗呢老板（齐国双）就跑路了，后来我一问我家小区有很多人都办理了，现在给洗车老板打电话就是拖我们也不给解决。派出所我们也去了说是管不了，钱没多少可是事太气人了。	未
长春爆料网友爆料，方正宽带真的让人无语，十一月双十一开始搞活动，说到活动到月底结束。我回家看到宣传单三年1111！看挺合适就缴费了！没想到过两天就又来个三年1000的活动！能把人整吐血的节奏。希望博主发出来给大家看看，吸取教训！商家促销的事儿吧，很难说，反正就我个人经验来说，我劝大家千万别办方正宽带！	未
长春爆料网友爆料：星轶影院今天跟疯了一样，隔几分钟就一条推广信息，是不是可以去工信部告他了	未
长春爆料 网友爆料：昨天下午在长春火车站南口进站口旁边的阿满食品买了一盒鸭锁骨，回家后盘腿大坐就开造！快喽没了准备吃最后一块鸭锁骨发现一条疑似长长的虫子，也不知道是蛆还是鸭的筋啊还是啥玩意，和鸭的肉是连着的，但我看那个长长的东西就是虫子，胖的呼的，颜色品相就像火锅苕粉似的，再也不吃他家的了，很膈应人啊	未
长春爆料 网友爆料：昨晚10点左右，东盛大街安乐路路口对着大马路就是ci。	未
长春爆料网友爆料：普阳街皓月大路吉达酒店门口喝多少啊这么停车。	未
长春爆料 网友爆料：曝光长春地苑驾校，当时交的费用说是一票到底，无二次收费。但是现在考科三却要让交600块，说是交完了保过，要是不交这600，练的再怎么好都给挂，而且说一旦到了他们的合格率，安全员就会踩刹车，说安全员踩刹车说理都没处说，安全员就说觉得前方有危险踩刹车，就挂你了，请问该 ...全文	未
长春爆料网友爆料：桂林胡同牡丹街，一辆车被捷达怼翻在地。	未
长春爆料 网友爆料：注意楼顶的大冰溜子！砸到了真危险啊！平时走路多往上面看看城市V聚力	未
长春爆料 网友爆料：滴滴都哪儿整得这些快报废的玩意快车居然能让这种破车通过审核一个月已经叫到十几次这种捷达了，花着比出租贵3成的快车价(快车已经涨价比出租贵了)坐着不知道哪儿陶腾来的破车，这安全咋有保障不知道贵公司咋整得。	未
长春爆料 网友爆料：被家里人才气征服了，论东北夜晚的冷（@我有一个小二狗 投稿）	未
长春爆料 网友爆料：西城家园小区西门，有个小桥没有限高栏，晚上经常有土渣车在跑，还总支个远光灯视线非常不好。关键那个小桥有年头了，桥面已经裸漏钢筋，并且这条路是断头路非常危险，希望有关部门早日解决。	未
长春爆料 网友爆料：解放大路凯悦B3层，一土壕的捷豹堵在通道，把一排车堵的不能出去	未
长春爆料 网友爆料：解放大路树勋小学门口位置，由于堵车这辆车跨过隔离带行驶到慢车道，车高就是不一样啊建议交警叔叔调取监控查查。	未
长春爆料 网友爆料：超凡大街锦湖大路交汇，骑隔离带马路牙子上了，捷达正在往下拖车，都慢点开吧，看着点儿道	未
长春爆料 网友爆料：这个城市天冷，但是人心是暖的	未
长春爆料 网友爆料：远洋戛纳小镇4期，精装修，今天交房，就这质量	未
长春爆料 网友爆料：金宇大路高速出口，交通指挥中心这遇到的，拉这么多东西不超载吗太吓人了	未
长春爆料 网友爆料：长沈路与迈腾街交会公，交车站牌倒了两天了，希望尽早处理。	未
长春爆料 网友爆料：高格蓝湾小区，吉视传媒霸王条款，强买强卖，刚交了一年的钱没两天就给停了，说不升级光纤就看不了。升级光纤后必须交298换一个机顶盒。没有事先通知，直接掐断有线信号，以光纤改造升级为名，强制消费者购买新机顶盒，无耻行为严重侵犯消费者合法权益！	未
长春爆料 网友@_邴玥昕 爆料：吉林回榆树路上，通红一片一片，又开始烧秸秆了，道两旁都在烧	未
长春爆料 网友@需要脉动的sa姑凉 爆料：前两天在东盛大街亚泰超市，买的红柚，打开变白柚了，这是不是挂牛头卖狗肉（柚子是前两天买的，并没有过期）	未
长春爆料网红自拍 New聚集地来自北京小姐姐投稿：去了一次咱们长春世界雕塑公园，才发现这里的空间，简直就是完美的拍照圣地，很适合文艺青年。@长春雕塑如果你是文艺青年，就来雕塑公园打卡吧！如果你想文艺范儿，就来雕塑公园留影吧！以前没来，怪我没告诉你现在来了，怪自己才知道。来吗约起！@长春发布@吉林发布@长春市旅游局@吉林省旅游发展委员会	未
长春爆料 老年人和残疾人的优惠乘车卡换新的了，新卡可在轨道交通使用20日，长春市交通局要开始给老年人和残疾人办理新版优惠乘车卡啦！新卡地面交通与轨道交通都可使用，同时老卡仍可使用，但不能与轨道交通互通。（长春日报）	未
长春爆料老板自私自利，坚决不去他家吃饭！//@长春西门大官人:都是凭实力占车位。//@长春排骨:门口可以理解，对面也不让//@长春这噶儿:不太新鲜，临街商户正常操作	未
长春爆料 老鸹，黑压压一大片 微博视频	未
长春爆料 荷兰的小东北爷们常福双还未放弃寻找长春的亲生父母	未
长春爆料莫非这是：午休时间	未
长春爆料负责个P，一出事，撒丫子蹽了//@长春资讯台:居民2/3同意才可行！	未
长春爆料 近日，省内某市出租车罢工，很多市民拍手称快，想问问大家，出租车现在对你的出行影响大吗	未
长春爆料还有这种事	未
长春爆料这是神马情况	未
长春爆料这灯多少钱做的网友爆料：在二道乐群街附近看到的，女新手。	未
长春爆料通告：长春龙嘉机场T2停车场已正式启用。	未
长春爆料 都收到短信了吗	未
长春爆料鉴定真假药网友爆料：在锦西路万鑫花园小区，义善堂药店买的，克数不一样啊，求鉴定一下真假，1盒，10袋下午1点多买的，晚上要给孩子吃药才发现，和上次买的不一样，不知道真假也不敢给孩子吃，后买的还没有说明书。	未
长春爆料 长双公交即将开通票价8元线路如下：双阳火车站起点，到岭下南站，到新客运站站，三角公园，双营子，油田，奢岭，旅游学院，轻轨站，世纪广场，中东，洋浦大街，光华学院，吉林大路，到东大桥终点。即将开启不开车省钱模式	未
长春爆料 长春43家饭店抽检不合格长春皇觅楼餐饮有限公司福义德老昌春饼喜家德水饺肥肥小厨咱屯子锅台鱼韩呈黑牛家日式烤肉店这43家饭店抽检不合格！ 都去过吃过吗	未
长春爆料 长春54家饭店被曝光！具体名单出炉，有没有你常去的近期，长春市食品药品安全监测中心组织抽检餐饮环节900批次。抽样检验项目合格样品800批次，不合格样品100批次。根据食品安全国家标准，个别项目不合格，其产品即判定为不合格产品。（中国吉林网）	未
长春爆料 长春光华学院强制大四参加就业培训课程，不参加不给学位证书	未
长春爆料长春到双阳377路公交将开通 网友爆料：长春377路车，将于2019年1月1日开始正式运营，早5点开始双向发车，晚19点双向同时发最后一班车。发车间隔6-10分钟，配车40台，票价5到8元。详情如图一。	未
长春爆料长春发放首批网约车平台运营牌照5日下午，长春市交通运输局向首汽约车滴滴两家网约车企业颁发了首批《网络预约出租汽车经营许可证》，各网约车平台对不符合要求车辆进行清理，驾驶员也必须通过考试获得《网络预约出租汽车驾驶员证》方可上岗从事运营。（新文化讯）	未
长春爆料长春大雪 就算大雪让这个城市倾倒，单位依然算你迟到。。。。	未
长春爆料 长春奇葩买鞋女子网友爆料：我是卖鞋的，这人相中鞋，让我先发货，看到物流信息再付款。我先给她发了，她再三拖延不给付款，打电话拉黑我。她说要退，本来特价鞋不退不换款的，行，给她退，但是她拖延不给我退，穿了几天给我退回来。我让她保持原样退回来，我给她退回来的快递费。让她拍照片不给拍，穿成这样，是正常人干的事么她承认自己穿成这样，说让我卖给她，两分钟后又改口说不要了，出尔反尔。最后微信直接拉黑我。我白让她试穿有你这么不讲道她的么自己孩子两岁，怎么给孩子做榜样同一个城市长春，找到她不难，	未
长春爆料 长春市5个燃气客服中心实现24小时自助缴费！近日长春市燃气开通了自助缴费业务。自助燃气终端机的上线，不仅解决了IC卡购气排队等待的问题，更打破了非工作时间无法购气的局限。据了解，目前长春市有5个燃气客服中心服务部设有24小时自助服务区，分别为：	未
长春爆料 长春市人大常委会任免多名重要岗位干部	未
长春爆料长春房价涨不动了！11月最新房价出炉，快看你家小区是涨是跌没错！一月一次扎心的时候到了，为了让我们工作更有动力，今天给大家整理了一下，11月份长春各区房价，看一看自己手里的钱，能够买得起哪一个区域的房子吧（二手房一房一价，数据仅供参考，具体请以实际成交价格为准。欢迎补充吐槽）	未
长春爆料 长春本月晴或多云，在朋友圈看南方下雪。	未
长春爆料 长春某小区地下停车场，司机上演飞车穿墙	未
长春爆料长春的哥的姐统一着装上岗	未
长春爆料长春的朋友，能不能帮我想点办法！有个人，两年前该了我七千多块钱，一直管她要，她也一直推脱不给我，我想了各种办法她都不给我，自从欠我钱两年多了她都不和我见面，我也找不到她，给我的电话现在空号，唯一能联系上的微信四天钱被拉黑。她也长春的！我该怎么办！！！如果长春的朋友看到了帮帮忙，有见过她的吗她叫李金玲！看到信息能帮我想想办法吗怎么能找到她这几天我问一圈认识她的人，她向老多人钱都不还！欠我的是最多的！都找不到她，只有微信！管她要钱的就拉黑，都拿她没办法，谁也不知道她的具体地址！以前好像	未
长春爆料 长春这些地方将停电，最长9小时，快看有没有你家！（中国吉林网）	未
长春爆料 长春飞跃路贯通！多条公交线路改变运营路线！11月27日飞跃路全线贯通。此次贯通后，飞跃路新修的路为自立西街至站前街段。而自立西街至乙三路段原有4条公交线路，飞跃路贯通后，135159195208这4条公交线路走向也有所变化。（东亚经贸新闻）	未
长春爆料 长生生物最后的年关：药监人员常驻，员工每天学法规 。（新京报）	未
长春爆料隔空穿越了	未
长春爆料非礼	未
长春爆料驾驶证，买来的//@魅力长春:估计溜号了吧！不过看护栏损毁情况不大，貌似不用赔多钱。	未
长春 狂犬病疫苗问题医疗是国民经济非常重要一块。每年十几万亿相关资金。多少贪官污吏在里面上下其手。我一直很奇怪为啥那么多傻逼支持打击医闹医疗行业最严重的问题是医疗既得利益集团压榨病人的问题，而不是什么医闹伤医！医闹有几个每天被医生盘剥甚至导致死亡的有多少麻木的人民，凶残的医疗！	未
长春生活 12月6日长春停电通知，看看有你家不	未
长春生活 一位97年老阿姨的深夜感慨...	未
长春生活你家温度多少网友投稿：绿园区新奥蓝城小区，屋里温度不到17。	未
长春生活你永远叫不醒，一个装睡的人！_ 查看图片 //@长春西门大官人:临河街南四环棠棣小区业主维权。	未
长春生活 刚才从那路过，凯旋路北环城路口北向南方向暂时封闭//@长春西门大官人:天天防火	未
长春生活 吃过烤草莓吗	未
长春生活 吉大一院怎么预约车位，求告知！	未
长春生活 后驱车！认栽了	未
长春生活外地人办理居住证 建议提前申请备用！小常识：2017年10月1日起，居住证申领人，如未在公安机关登记居住，或登记居住时间不满半年的。需先到公安机关办理居住登记，待登记时间满半年后，方可办理居住证，其他申领条件不变。	未
长春生活当我们身边突然出现晕厥患者时，我们该怎么办案例：近日，长春急救中心调度指挥中心接到长春火车站总值班室的电话，一名40多岁的中年男子，晕倒在车上。车站工作人员不敢挪动乘客，导致火车晚点出发。120医护人员赶到现场时，男子已清醒，诊断为神经功能异常导致的一过性意识不清。城市V聚力 来源：长春急救中心	未
长春生活 早晚高峰针对老年公交卡到底该不该免费	未
长春生活最全长春便民通讯录，有了它再也不用打114了你是否遇到过这样的囧境：每当遇到措手不及的情况，想寻求帮助时，明知打一个电话就能解决，但是关键时刻，拿起电话都不知道往哪拨啊！，我大长春这么，出门办事怎能没有一份便民通讯录呢现在为大家奉上一份最全长春便民通讯录！，每个号码都很实用！	未
长春生活 最新！长春12月九大区房价出炉！今年最后一个月，是涨是降（彩练新闻）	未
长春生活 网友捡到一张身份证，大家看看谁认识，失主请联系@Miss十五	未
长春生活 网友求助，关于公司加班！	未
长春生活 网友：这种灯笼一般哪里有卖的大约多少钱	未
长春生活老瘠薄登太嚣张了！没挨过黑色会毒打@公安部打四黑除四害@长春交警//@为革命保护视力:卖场你能活着回来就不错了！没看到上次被撞的呀总觉得卖场的停车场，乃是非的源泉。	未
长春生活 距离2019年春节，只剩下70来天了！心里都有点数 微博视频	未
长春生活 轻轨一幕，面对车厢内很多空座，他选择坐在角落地上	未
长春生活 长春54路，又怎么的了 微博视频	未
长春生活 长春万余名的哥的姐统一着装上岗长春市交通运输局组织全市52户出租汽车企业出资，为全市约3万名驾驶员配备统一着装，解决长期以来驾驶员着装不整不统一的问题，以提升驾驶员整体形象，从而带动服务质量有所提升。统一着装是否能提升服务质量拭目以待吧。	未
长春生活 长春实时空气质量指数，感觉到呛嗓子没	未
长春生活雪只会迟到，不会缺席的！//@中国天气:东北盼雪团终于盼到了 沾沾雪气	未
长春生活零下十度环卫徒手捡碎玻璃 怕扎破市民车胎一小时捡完，画面辛酸20日，网友@美美美萌2015 在吉林长春街头看到了这样一幕：一位环卫工蹲在地上，用手一点点将地上碎玻璃捡起，看着这个侧影，好心酸，好怕他割破了手。他们在工作中，有时候不得不用手去清理垃圾，当你在丢弃垃圾时，尖锐物品请简单处理一下，体谅一下环卫工的辛劳！此时东北的气温已降至零下，希望我们在这个冬天能给环卫工人更多的温暖。	未
长春生物制药企业10万瓶狂犬病疫苗被拒签	未
长春男子健身20年练就一身肌肉 能手拄锤子背百斤重物做俯卧撑	未
长春男子娶80厘米娇妻，天天抱着把她宠成小公主	未
长春社保提醒：这几种方式可避免业务高峰期	未
长春紫樾台售楼处坍塌，记者采访工作人员竟说	未
长春红事会大草原烤肉坊等餐饮单位餐具被检出大肠菌群	未
长春红旗街花市路口安俩铁门是为防止有人随地便溺？	未
长春绿园区乐天玛特的大地影院黄了，卡里的钱咋办？	未
长春美食东北农村，可劲儿造：大铁锅，乱炖菜！做实在人，办实在事。北方人饭量	未
长春街拍交警摩托车，V5873	未
长春街拍摩擦摩擦，像Magic的步伐！//@长春百事通:长春爆料这里总漏水	未
长春街拍说明供暖了网友爆料：宇光热能，众恒路与飞跃路交会，烟太大，附近小区家里都能闻到，希望有关部门加强管理。	未
长春身边事	未
长春身边事 2018-11-30 15:57:37吉林松原市宁江区发生4.0级地震，有感觉到的吗	未
长春身边事2019央视春晚分会场确定 咱们一汽集团又火了一把！近日，有媒体报道2019央视春晚分会场已确定。并且将缩至为：井冈山深圳长春三个地方。长春分会场地点，或设立在长春一汽集团正门。即日起，将封闭一号门附近的越野路等路段，封闭时间至2019年2月10日（初七）。城市V聚力	未
长春身边事 sei的车钥匙	未
长春身边事so！你敢不敢挑战自己网友投稿：近日，伊通河的冰面上。有人滑冰，也有人玩耍。他们这样做，其实挺危险的！因为气温不够低，所以没有冻结实，人容易掉下河去中国有我	未
长春身边事不造谣！不信谣！不传谣！官宣：11月26日上午10时25分，红旗街亚细亚商场，正门右侧装修围挡，因风大倾倒，砸伤两男两女4名路人。商场管理人员，第一时间将伤者送到省医院进行救治，截止目前，伤者均无大碍。@长春气象 台，于今日7时，发布大风蓝色预警。我市未来24小时，有5-6级风，瞬间风力可达7-8级。@朝阳发布 提醒大家，注意防范，避免伤害！长春突发	未
长春身边事 与长春万科物业合作结款遇到问题	未
长春身边事 东北纯爷们	未
长春身边事 中国移动	未
长春身边事 亚细亚百货的广告牌被风吹倒，砸到行人！	未
长春身边事 人不少！	未
长春身边事 你对亚泰梧桐公馆兰妮嘉童幼儿园的这种活动怎么看	未
长春身边事你来我走 你走我来！打游击战网友爆料：重庆路附近，德林啤酒花园与新天地超市门前。马路边上，正经规划的停车位。佩戴红色袖箍的老太太，为什么要收费，合理吗	未
长春身边事 //@你栽楞地跟sei俩呢:食药监工作人员还说变质食物也没有证据了，真是搞笑。你们说调查时间是一周，难道这个酸了的地瓜 我要留一周给你吗	未
长春身边事俩孩子来长春寻找离家母亲 乘坐出租车后消失 长春晚报已核实！紧急寻人：松原俩个孩子来长春找负气离家出走的妈妈，17日18时许在凯旋路附近上出租车后不知去向，哪位的哥拉载过他们，哪位旅店收留过他们，请联系长春晚报寻亲热线89866777，家人电话15834831171，18204444746	未
长春身边事 关于占车位，你来评评理！	未
长春身边事 冬天还有苍蝇呢网友爆料：12月12号下6点半，在东盛大街公平路，金牌考场吃饭，地瓜是酸的，生菜上给有苍蝇，一直到晚上十二点，事情都没有解决。	未
长春身边事 出租车赖手机网友爆料：12月4日晚10点左右，我打车时捡到个手机，是IPhoneX，我就傻了给司机了，失主打来电话，显示为成子，司机想弄关机，静音了，还把电台声音调大，我是高中女生，没敢和司机硬磕，车牌号照下来了。	未
长春身边事合理与否网友投稿：@沈铁长春站 ，出站口。工作人员将火车票直接回收！还有这种操作	未
长春身边事 吉林省249家医疗机构支持跨省异地就医直接结算11月21日，国家医保局公布第五期基本医疗保险跨省异地就医住院医疗费用直接结算工作情况，其结果显示，吉林省有249家定点医疗机构可跨省异地就医直接结算。具体如下（吉和网）	未
长春身边事 哪个驾校的学员	未
长春身边事囧网友爆料：吉林工程技术师范学院，泰来校区女生寝室。冬天一楼给安棉门帘，窗户订塑料布，其他楼层不管。而且现在换成一个中老年男人，看管女生寝室。早晨6点钟左右，一二楼给灯，楼上漆黑一片。学校到寝室测温，明明温度计显示17度，非说是24度。晚上睡觉，必备两个热水 ...全文	未
长春身边事在广场并线情况下 优先礼让出还是进网友爆料：赛德广场门口转盘处，出租车疑似职业碰瓷！@长春交警	未
长春身边事 在长春229路公交车上挨了一拳！	未
长春身边事 坏人变老了！长春解放花园小区，一老头用塑料袋堵私家车排气筒。 微博视频	未
长春身边事夜勤开始网友投稿：青年路住邦城市广场门前路段，几辆货车超高超载，都被交警拦截了。大冷天的，执法不容易，点个赞！@长春交警	未
长春身边事大品牌 也不中网友爆料：我在火车站南进站口旁边的阿满食品，买了一盒鸭锁骨。回家后盘腿大坐就开造，快搂没了准备吃最后一块鸭锁骨。发现一条疑似长长的虫子，也不知道是蛆还是鸭的筋啊还是啥玩意，和鸭的肉是连着的，但我看那个长长的东西就是虫子，胖的呼的，颜色品相就像火锅苕粉似的，再也不吃他家的了，很膈应人啊！	未
长春身边事 大唐热力	未
长春身边事 大家算一算，老太太净赚多少钱	未
长春身边事 大家说说，他应该捐肾救媳妇吗	未
长春身边事 大家说说女孩应该怎么处理	未
长春身边事 大家说说是她公公婆婆不会办事，还是她太矫情了（文字有点长大家仔细看看）	未
长春身边事 大家说说遇到这种情况该怎么办	未
长春身边事大概一年前，我和在亚泰大街繁荣路交叉口一家叫鼎頤健身的健身房办的会员卡，20个月的，八月份的时候健身房黄了，说好给会员退钱，结果八月拖到十月，又拖到十一月，到现在以相关负责人以离职为由，一直没有退卡钱，也找不到负责的人了，办卡的人有很多，但是大家都没有解决办法，求支援	未
长春身边事大概是因为严格了！网友投稿：长春师范大学，汉语言文学院。今天，是书记带着导员来检查的寝室。长春校园	未
长春身边事 失物招领网友在正阳街吾悦广场捡到一个U盘，里面都是证书照片还有文件，联系@尼玛临死前187即可。	未
长春身边事 失物招领网友投稿：我是地铁司机，在车上拾到一张身份证，能帮我发一下，寻找一下失主么	未
长春身边事 女大学生烫头被宰网友爆料：本人是长春光华学院某院系的一名学生，在12月11日去长春光华学院门口致青春发型做烫发，我问他有什么价位的烫发，他告诉我，一整套下来最贵的五百多，当我烫完发结账的时候一共是1188元，我问他为什么这么贵，他说用了精油和最好的药膏所以1188，我说之前不是说一整套下来一共五百多么，他说用的产品不包括在内，费用另算，跟他要发票也没有，我只是一名外地女学生，本着少一事不如多一事的想法，就给他他钱，结果当晚洗头发的时候，头发和没烫之前没有什么区别，就算再普通的理发店，	未
长春身边事 好办！大鹅炖酸菜 网友求助：我家一楼住户，楼道里腌酸菜，下大酱，养大鹅，一进楼道臭烘烘的，这种情况物业管不了，应该找谁啊	未
长春身边事寻人启事 随转帮扩！66岁老人，于12月20日白天，在宽城区长新街上台新村走失。已经五天了，家里人已经情绪低落。希望还有一线希望，继续做努力寻找中	未
长春身边事 寻物启事11月25日晚九点半左右，在临河街珠海南路交会的工商银行自动取款机的第二台机器存钱，但是钱包落下了，是个棕色的花花公子的，里面有张身份证和健康证，名字都是卢世超，里面没有钱，但是明天急用身份证，求哪位好心人捡到了及时联系我，电话17549692720	未
长春身边事 小心触电网友投稿：长春市二实验中学门外甬路上，高压线裸露一米多，这是孩子入校门口必经之路，上学放学好多孩子被绊倒。 这几天降温我看到外皮已经被踩碎，极容易造成危险。 @长春市政维管中心	未
长春身边事 屯炮，懒子一个	未
长春身边事 强插硬插着急回家干啥	未
长春身边事 快回来关车窗	未
长春身边事 懂的给解释一下网友爆料：考科四的时候，在候考大厅，拿手机看看科四的题，被安全员哄出候考大厅，还没进考场难道不能再看看题吗	未
长春身边事我可以给自己赚治疗费吉林长春，5岁的小石头直播间里网友们笑得前仰后合。小石头在14个月大的时候，被确诊为肾病综合症。为了给他治病不仅花光了家里30万的积蓄，还卖掉了家里的住房。虽然病情有所好转，每月仍需吃7000多元药物维持。受药物激素影响，身高刚过一米的他体重却已经近70斤。一张口就喜感十足的东北话，加上活似坐佛的模样，很快就成为了一名近百万粉丝的网络主播。	未
长春身边事 我想知道你遇到这事儿会怎么办另外这事交警管不管//@长春饭店小奶油:车停的真任性，耽误事儿	未
长春身边事 我的邻居网友求助：我家邻居女的不上班，年纪不大超爱打麻将，一打打一天，声音很大，经过几次和女的老公电话沟通都没啥效果，答应白天打到下午5点，但基本没有守时的时候，俩人文凭也不低，男的还是大夫呢，最后一次甚至在家里女的大声喧哗骂骂咧咧，什么有能耐换房子打110之类的，实在扰民，难道白天扰民不算吗实在不知道该如何是好	未
长春身边事 拘留七天，罚款三百。	未
长春身边事提醒大家有停车框也不一定能停车网友：我4号在人民大街西街与卫星路停车，然后有停车位，我就停了，经过查询说我违停，然后我去南关区交警队复议，告诉我，车位取消了，编码涂了，我就问那为啥停车框不涂，他说又不是铅笔那么好涂嘛，我就不明白了，编码能涂，框不能涂，然后告诉我你不服从，可以去市政府法制办复议！ 200块钱我还不至于这么折腾自己，只希望大家知道没有编码的车位，有停车框也不能停啊！	未
长春身边事 新星宇左岸的这位业主有考虑过邻居的感受吗	未
长春身边事 昨天失联的产后抑郁女子最新消息：她老公表姐发的朋友圈，一路走好，愿生者坚强，逝者安息！	未
长春身边事 机顶盒换几批了网友爆料：吉视传媒霸王条款，强买强卖！没有事先通知，直接掐断有线信号，以光纤改造升级为名，强制消费者购买新机顶盒，否则就不能正常使用，无耻行为严重侵犯消费者合法权益！	未
长春身边事 江城老胖金牌烤场 长春50家饭店餐具检出大肠菌群。 江城老胖金牌烤场 长春50家饭店餐具检出大肠菌群	未
长春身边事 烟哥后续报道为找离家出走母亲，俩孩子在长春找了三天两夜，后走失，目前孩子已经找到，平安！	未
长春身边事 烟哥帮问遇到这种情况该怎么办	未
长春身边事 现在的驾校都这样了吗	未
长春身边事珍爱生命 远离货车！网友投稿：北部快速路，入夜之后，这是巨型卡车的无法地带吗虽然照片不太清楚，但是每台车都看不到车号牌。而且，还安装爆闪车灯。速度很快，载重很大，绝对的危险隐患。@长春交警	未
长春身边事 电话尾号不写了吗2587（二虎吧唧）	未
长春身边事 省市场监管厅抽检：长春春来矿泉水不合格为警示消费者，切实保证广大消费者的饮食安全，近期，省市场监督管理厅抽检蔬菜制品餐饮食品茶叶及相关制品豆制品蜂产品粮食加工品薯类及膨化食品调味品饮料食用农产品水产制品等11类188批次样品，不合格样品3批次。据悉，抽检蔬菜制品11批次，不合格样品1批次调味品15批次，不合格样品1批次饮料4批次，不合格样品1批次餐饮食品36批次，茶叶及相关制品1批次，豆制品20批次，蜂产品1批次，粮食加工品16批次，食用农产品70批次，薯类	未
长春身边事 知道为什么亲属朋友没人帮她吗	未
长春身边事 神马情况动用烟雾弹了	未
长春身边事 私人电话成供暖热线网友爆料：榆树米兰阳光供热公司把单位电话号弄错了，弄成我的电话号了，每天都接好几十个业主问供热的事情。我也把事情反应给贵公司了，但是贵公司态度蛮横。推卸责任，最可恨的是他们内部人员还打电话问我。	未
长春身边事 经了解建设广场派出所，亚细亚广告牌被风吹倒，有4人被砸伤，已送医院就医。同时，据现场民警称，该4人并无生命危险。	未
长春身边事 网友办理落籍和营运证手续不太顺利！	未
长春身边事 网友在火车站南进站口旁边的阿满食品，买了一盒鸭锁骨。回家后盘腿大坐就开造，结果	未
长春身边事 网友在繁荣路力旺广场拍摄一幕，遇到这样任性停车，该怎么办	未
长春身边事 网友：就是他扔的瓶子	未
长春身边事 网友投稿：如图所示。	未
长春身边事 网友投稿：寻找一部苹果8手机，11.27生日当天于出租车上落在后座丢失。	未
长春身边事 网友投稿：长春工业大学一楼食堂，啥玩楞	未
长春身边事 网友拍摄一幕，饿了吗外卖小哥这样上路太危险了吧，一定要注意安全啊！	未
长春身边事 网友求助：今早高峰，南四环泰景街，这车就这么挡着，打电话给车主还关机，遇到这种情况得咋整，大家给出出招。	未
长春身边事 网友求助:在广发银行贷了两笔款，担保公司分别是阳光和人保的，但是利息太高了我现在没有那么大还款能力了，想和他们调解能不能降息少收点，可他们说调解不了，而且是天天催款要钱，现在该怎么办	未
长春身边事 网友求助:网友家亲属今日住院，发现医保欠费不能使用，目前都自费，事后了解到是单位工作人员本月缴费晚了导致医保给停了，目前想咨询一下因为单位给缴费晚了造成医保停了我们自费的费用怎么办，单位应该负责给报销吗	未
长春身边事 网友求助，长春五马路产院没有认识人，能找到好医生吗用不用给红包	未
长春身边事 网友爆料：12月3号长春火车站北口，火车没赶上，不让退票，只能改签，但是早上9点只有2个窗口开放，同时售票和改签。每个窗口都有七八十人在排队。正常的工作日只开两个服务窗口是否合理	未
长春身边事网友爆料：下午一点半左右，红旗街省医院6号楼后面，烟囱刮掉半截，砸车了，请大家注意安全。	未
长春身边事网友爆料：不知道谁在临河街轻轨中转站整的，抽烟扔垃圾桶里整冒烟了	未
长春身边事网友爆料：东岭南街解困小区二区13栋楼前，入了冬一些大爷大妈就在这建了这么个简易房，而且每天在里面起火，然后大家在里面打扑克，多的时候得有8，9个人，先不说环境是否好看，我最主要是觉得太不安全了，一旦出现火情，在里边的大爷大妈不安全，周围的整个自然环境，周围的居民楼都有隐患。	未
长春身边事 网友爆料：东环城路长沙路从7月末开始修，工期是到10.20，现在11.28 微博视频	未
长春身边事 网友爆料：人挤人的轻轨3号线上，水果也需要座位	未
长春身边事 网友爆料：人民大街华贸国际对面刚刚发生的事儿，女司机开车撞马路牙子上了把电线杆子撞倒了，车翻了，交警和路人已经打碎天窗把女子救出。下班路上，安全第一啊！	未
长春身边事网友爆料：今日大风，长春南关区吉星花园墙皮刮落，这啥质量	未
长春身边事 网友爆料今晨滴滴打车经历：司机早高峰开车打电话唠嗑差点错过路口，本来上班着急说他几句，到地方还把车门锁了不让下车，果断投诉！	未
长春身边事 网友爆料：你好，湖光路桦甸街交汇的科技新村停水，物业和水务集团两方踢皮球，不给修理，恢复时间未定。许多老年人都自己拎水回家，天冷路滑。 十分不安全，而且近一年半来经常性停水，物业和水务集团各种踢皮球！	未
长春身边事 网友爆料：创业大街飞跃路发大水啦 微博视频	未
长春身边事网友爆料：博主你好，反应个情况。12月3号长春火车站北站，火车没赶上，不让退票，只能改签，但是早上9点只有2个窗口开放，同时售票和改签。每个窗口都有七八十人在排队。正常的工作日只开两个服务窗口是否合理	未
长春身边事网友爆料：历时半年时间，东风大街人行步道改造完成。石墩就是防止车上人行步道，但是不到两个月，不知谁这么有耐心破坏了一个石墩，反正他家车可方便了。	未
长春身边事网友爆料：吉林工程技术师范学院，今天在食堂吃早饭，吃出了一个蚊子这条幅挂给谁看的。	未
长春身边事 网友爆料：吉林工程技术师范学院，如今12月，快期末考试了，书还没到手！下图是与老师对话！	未
长春身边事网友爆料，地铁2号线 有一个露阴癖的，开始没注意，后来发现把二门拉开了  盯着人漏出了部分下体	未
长春身边事网友爆料：坐地铁的小伙伴注意啦！当初公交车的演戏骗钱的大爷，今天已经成功的打入地铁二号线了，并且满载而归。看到千万别给钱啊	未
长春身边事网友爆料：工农大路中医药大学附属医院门口公交站点，一个假出家人通过用尺子量手指的方式给别人算卦，有一个男托儿负责和旁边等公交的人搭茬说这个出家人算的特别准，另外一个男托儿和两个女托儿负责假装成过路的来算卦，伸手量手指时故意拦住路过的人，托儿们都是掏出一百两百的给这个假出家人，然后她装成哑巴并且不要钱，路过的老年人和外地来看病的偶尔有被骗的，寻思着反正也不要钱，但是等算完了可能就不光给算卦钱那么简单了。	未
长春身边事网友爆料：延安大街，共享汽车，出了事故这个问题责任咋划分	未
长春身边事网友爆料：建行推销给自家老人的金钞，跟老人说一张金钞等于两克金，跟储备黄金是一回事，老人想这是建行，是央企，不能忽悠人。后来内部人告诉金钞根本分离不出黄金，他们不完成推销任务不发奖金。	未
长春身边事 网友爆料：我朋友在长春上大学，寝室8个人有四个都被偷了手机，说出来可能搞笑，已经察觉小偷要偷，掀个帘子直接偷走，小跑离开。 微博视频	未
长春身边事 网友爆料：昨天下午在长春硅谷大街肯德基磐谷DT店打包，结果鸡块是生的，客服到现在只让等待不给解决。孩子着急上课没有返回店内	未
长春身边事网友爆料：曝光一个地铁2号线上的露阴癖，开始没注意，后来发现把二门拉开了，盯着人漏出了部分下体	未
长春身边事 网友爆料：现在口琴都不用了 微博视频	未
长春身边事 网友爆料：皓月大路万福街交汇，风把树挂倒，砸两辆车没有人员受伤。	未
长春身边事网友爆料：繁荣路桦甸街交汇丰茂烤串门口，又一车被大风刮落的铁板砸中，有认识车主的联系下吧。	未
长春身边事网友爆料：赛德广场居然之家二楼，喜临门门口一幕	未
长春身边事 网友爆料：赛德广场居然之家二楼，喜临门门口一幕 来源:长春全方位	未
长春身边事 网友爆料：超级没素质一个老娘们，我在长春南站等一路公交车都在排队，一下站我前面了，我说我也在排队，年轻的说让我站前面，那个老女人就故意站我前面故意晃，不气，没关系。 微博视频	未
长春身边事 网友爆料：车翻了，把小毛驴车干进沟里了。	未
长春身边事 网友爆料：轨道交通八号线为啥这么冷，人少就不开暖风吗有座都站着，冻屁股 微博视频	未
长春身边事 网友爆料：重庆路，红灯绿灯一起亮@长春交警	未
长春身边事 网友爆料：金色橄榄城二期，昨天晚上停在小区外车位里的车被刮成这样，估计是施工修路的大车。小区外没有监控，目前还没找到肇事者。 微博视频	未
长春身边事 网友爆料：长春大学旅游学院，查寝像遭贼一样。	未
长春身边事 网友爆料:长春宽城区香槟小镇，居民屋里11度！	未
长春身边事 网友爆料：长春市太原街昆山路交会，弘安丽水温泉，排风设备，安放在小区内部，24小时全天打开，噪声特别大，不开窗户就能听见，根本开不开窗户。 微博视频	未
长春身边事 网友爆料：长春理工大学一食堂二楼吃晚饭，卖小碗菜的那一家吃到一颗很大的铁钉辛亏我还年轻，还看得清，我应该庆幸我现在没在急救室吗?菜真够硬	未
长春身边事 网友爆料：长春理工大学东校区，一周没有供暖，两天没有供水，现在感冒发烧的学生特别多，学校说之前供暖的单位不合作了，自己把篮球场扒了盖一个，盖好之前不会供暖，我们宿舍还是五六十年的老楼了，冷得不行啊	未
长春身边事 网友爆料：长春风太大了，砸人了 微博视频	未
长春身边事 网友遇到的一起糟心的交通事故。	未
长春身边事 网友：长春社保中心四点半多一百号人在这排队了，冻死	未
长春身边事 考驾照那些事，哑巴吃黄连	未
长春身边事 //@虫__温:照相的人居然还能腾出手	未
长春身边事 谁家大爷喝多了网友爆料：开运街建德路红星眼科医院门口，一个大爷喝多了，在地上趴着，我给扶起来了在路边坐着，大爷口齿不清，谁家老父亲丢了赶紧领回去啊，大冷天的。	未
长春身边事 谁的人生容易网友求助: 长春一地产业务员中年男性，悲观厌世，跟孩子亲戚朋友道别！	未
长春身边事 谁知道这是什么	未
长春身边事 貌似不供暖，也差不多达到18了吧那还交供暖费何用	未
长春身边事 踢皮球战术 苦了老百姓网友爆料：北湖奥体玉园，供热归属新华供热集团不给热度达标，屋里白天18度都没有，晚上更冷，新华说开发商管道不行，不能给足压力，所以不热，开发商说我管道没毛病，去找热力，两边踢皮球。	未
长春身边事 还有这种操作	未
长春身边事 这	未
长春身边事 这两款感冒药别再吃了感冒药特酚伪麻片和特洛伪麻胶囊存在心脏毒性不良反应，使用风险大于获益，决定自即日起停止特酚伪麻片和特洛伪麻胶囊在我国的生产销售和使用，撤销相关药品批准证明文件。	未
长春身边事 这是开运街与蔚山路交汇，开运街上。每天早晨有很多车都要走人行步道，之后到这个路口再上开运街。很影响交通。最近这种情况尤为突出，大概在7:25以后这段时间。	未
长春身边事 这是男的还是女的	未
长春身边事 这样显着步行街人多网友爆料：北凯旋路中冶蓝城3期小区，疑似为卖门市房，将小区其他出入门用锁链全部上锁，强制要求全体业主走门市步行街的大门，业主多次与地产协商无效，地产有位华经理称我说了就算，这个小门不能开！我们是为了方便管理！业主提到突发意外，涉及逃生，难不成整个小区都要从唯一的大门走，华经理称真是发生意外，会安排物业来开锁开门	未
长春身边事 这样的商家就脑瓜子就不转个，多赚那五毛丢了顾客，哪个值网友爆料：这个抹零的我也第一回碰见，虽然有时候在网上也见过，跟我说四舍五入，两个人也没用纸巾他家纸巾，也给我算上了，真的！再也不去了，大家以后也仔细看着手里小票。	未
长春身边事 这确实挺闹心	未
长春身边事 这里有高新热力的住户吗，你家温度怎么样	未
长春身边事进口货也不咋地！网友投稿：在宽城区麦德龙超市，买的德国进口aka纯牛奶。还没过期，就变质了。后来给处理，态度很好。10倍赔偿损失，买东西打个折。	未
长春身边事 遇到这种不文明行为你能接受吗	未
长春身边事 都是趴活的网友爆料：我今天七点多，在长春西站等出租车，到金色欧城，然后西站门口一堆出租车，都拒载不拉客，打投诉电话也没用。	未
长春身边事铁肠子 捡条命！网友爆料：我是@长春理工大学 的学生，刚才，在学校一食堂2楼吃晚饭，卖小碗菜的那家。令我感到后怕的是，碗里竟然有一颗很大的铁钉。辛亏我还年轻，还看得清。多个心眼儿，确认了一遍。我应该庆幸，我现在没在急救室吗长春校园	未
长春身边事 错别字请及时更正网友爆料：我在第一二三中学轻轨站，等车时发现轻轨站内的消防柜上有句话没读懂，是错别字还是我理解错了呀	未
长春身边事 长春5岁男孩为环卫送热饮5岁男孩，叫王珺。孩子昨天看见有个环卫工人在扫马路，他让妈妈给环卫工人买饮料，还让妈妈加热，他给环卫工人送去。宝贝跟妈妈说：环卫工人太辛苦，这么冷的天，还要工作。妈妈说，她被儿子感动了。给这个天性善良的孩子点赞！	未
长春身边事 长春一幼儿园老师踢伤孩子，幼儿园公开道歉尊敬的各位家长和社会各界：2018年12月11日清晨，我园发生了幼儿园教师曲某某在接幼儿入园制止其哭闹过程中存在不当行为，造成该幼儿左侧额头青肿。虽然公安机关已依法对涉事教师曲某某进行了行政拘留等处罚，我园也已对该涉事教师作出开除处理，但留给我们的教训是极其深刻和沉痛的，我们倍感难过和愧疚。由于我们管理上的疏忽导致了事件的发生，幼儿园具有不可推卸的责任。为此，我们向孩子们家长们及社会各界诚挚的道歉。对不起！我们诚恳地请求大家的原谅，郑重向家长	未
长春身边事 长春一私家车穿墙飞跃昨晚前进大街与南四环国信御湖公馆小区地下停车场一私家车穿墙！大家说说是车质量太好还是墙太脆弱	未
长春身边事 长春今年新建6所学校，有没有你家附近的	未
长春身边事 长春光华学院大学生，在校园门口一美发店做头发消费1188元，大家说说这钱花的值吗	未
长春身边事 长春净月一EA7潮牌美发店老板，美发师跑路，顾客办卡后找不到人！	未
长春身边事 长春净月潭这片儿居民注意！电力突发故障无法正常供热	未
长春身边事 长春北湖春天小区供暖差 老人整日在家披棉被 靠小太阳维持取暖	未
长春身边事长春北湖春天小区供暖差 老人整日在家披棉被靠小太阳维持取暖12月12日，长春网友赵大宝爆料：吉林长春高新北区，北湖春天小区B区(明斯克路与福源西街交汇)，自从今冬供暖后，暖气一直不热，室内气温从来没有超过18度。最近天气降温，屋里只能达到14度左右！很居民家自备了电暖气小太阳等供暖设施。不少退休在家的老人，冬日里在家呆着非常遭罪。由于室内温度低，有的老人不得不整日蒙着棉被靠小太阳维持取暖。据业主反映，负责该小区供热的是长春供热公司兴华分公司。最近很多居民都反映小区供暖差，迟	未
长春身边事 长春大四海张氏鱼庄江城老胖串店金牌烤场等50家饭店餐具不合格，有没有你去过的	未
长春身边事 长春居然之家！	未
长春身边事 长春市全面实现机械化扫雪	未
长春身边事 长春湖光路打通工程完工，到前进大街只有几分钟车程。	未
长春身边事 长春皇觅楼餐饮有限公司福义德老昌春饼喜家德水饺肥肥小厨咱屯子锅台鱼这43家饭店抽检不合格！ 皇觅楼餐饮福义德老昌春饼喜家德水饺这43家饭店抽检不合格！	未
长春身边事 长春红旗街万达 官宣//@长春西门大官人:公众号写的是17日4.9折，但是昨天去了确实按照8.8折结账的。	未
长春身边事 长春肯德基，这是咋回事	未
长春身边事 长期	未
长春身边事 颁发个空白的荣誉证书网友爆料：长春@大桥教育，昨天晚上5-7点，大冷天折腾家长孩子，去君怡酒店参加什么颁奖典礼，就这么糊弄事的。本来以为证书里边多少有个名字，有张证书，毛都没有。以为把我们落下了问问别的家长也是空的。	未
长春身边事风水宝地 就是个火！@欧亚卖场 店庆，营业时间延至 22:00 长春  欧亚卖场	未
长春身边事 鸡眼网友爆料：我亲属脚上长了个东西，去小医院就简单包扎一下，能不能帮忙询问一下网友这是什么东西	未
长春身边事 麦当劳咋还不能开发票	未
长春车主小心！车内这个小孔不能乱用，已致多辆车自燃	未
长春轻轨一女子欺负小姑娘，老爷们群殴她！	未
长春近千座公交站牌张贴“创城”公益宣传广告	未
长春这6家火锅店吐血安利，寒冬腊月1口升温！	未
长春这些老板疯了！怒送50000给你！	未
长春这伙假证贩子飘了，名叫“耀武”和“扬威”	未
//@长春这噶儿:转发微博	未
长春都下雪了，你还单身呢	未
长春锦绣溪城开发商代收热费挪作他用	未
长春飞跃路贯通后多条公交线路改变运营路线！乘车请注意！	未
长期伤停巴萨中场拉菲尼亚接受韧带手术，将缺席6个月的时间，20岁的阿莱尼亚正式进入一线队，身披21号	未
长期健身的你，是不是还不懂“RM值”是什么？	未
长期吸食冰毒的后果：冰毒牙	未
长期在外的广西人注意，有时间赶快回家一趟吧！因为	未
长期异地恋终于见面后	未
长期护理保险试点落地重庆 首批覆盖这四个区县	未
长期步行的人，太可怕，难以置信！	未
长期步行的人，最终会这样。不得不惊讶！	未
长期步行的人 最终会这样 惊醒了无数人	未
长期玩手机影响大脑发育？	未
长期玩手机影响大脑发育？专家：只是个案尚无统一定论	未
长期的天气预报都有哪些依据天气预报是根据气象观(探)测资料，应用天气学动力学统计学的原理和方法，对某区域或某地点未来一定时段的天气状况作出定性或定量的预测。准确地预报天气一直是大气科学研究的一个重要目标。天气预报的历史可以从最早的看云识天气和根据物像来推测天气开始，以后经历了单站预报，天气图预报，到目前的应用气象卫星天气雷达等先进的探测资料和用计算机进行天气预报的阶段。伴随着科技的不断进步，天气预报得到了快速的发展。 天气预报的种类按预报时效可大致分为:临近预报(12小时)甚短期预报(2	未
长期：购书社区等问题如何解决	未
长株潭一体化先声，来自这位先生和这个场合	未
长汀人才最新招聘信息，江边市场，招送货师傅数名，要求会骑三轮车，摩托车	未
长汀公安交管部门严整严治酒驾醉驾违法犯罪行为，共查处酒驾2.5万起醉驾5030起	未
长汀到龙岩高速公路的这一段贯通了，年底回长汀将不再堵车了...	未
长汀县古城青山村路段两车相撞，一人被困	未
长汀县征收办一行先后来到河田鸡保种场中国石油四个重点项目征收与拆迁进展情况。	未
长汀新批富翁名单，看看有你认识的吗	未
长汀这个老板躲起来，想不付工人工资，结果只用了一招就把他...	未
长江万州段一船舶侧翻5人失联今天（9日），重庆市万州区委外宣办官方微博万州发布发布消息，12月8日19时许，芜湖籍散货船渝鸿998在长江万州段鹞包碛水域发生侧翻，船上有5人落水失联事发后，万州区委区政府高度重视，紧急组织海事长航等相关部门全力搜救目前，事故原因正在调查中 ...全文	未
长江万州段一船舶侧翻5人失联今天（9日），重庆市万州区委外宣办官方微博万州发布发布消息，12月8日19时许，芜湖籍散货船渝鸿998在长江万州段鹞包碛水域发生侧翻，船上有5人落水失联。事发后，万州区委区政府高度重视，紧急组织海事长航等相关部门全力搜救。目前，事故原因正在调查中。网页链接	未
长江三峡水利枢纽升船机工程竣工财务决算审计结果	未
长江三鲜，多少无为人都吃过	未
长江五桥索塔展开施工	未
长江出版传媒副总华应生、湖北黄石副市长刘圣华被开除党籍	未
长江出版传媒股份公司副总经理华应生等被开除党籍	未
长江南通段封航指令解除 封航时长达今年之最	未
长江大桥年底通车，公交线路大调整！看看有没有经过你家	未
长江大桥过江公交线拟减至10条 线路均与地铁接驳 长江大桥年底就将恢复通车，经过长江大桥的公交线路拟由过去的29条缩减至10条，三条过江通道共24条公交线。昨天，交通部门公布《南京长江大桥恢复通车后公交运营保障方案》，广泛征求市民意见。（具体线路分布及走向请扫二维码）。 长江大桥过江公交线拟减至10条 线路均与地铁接驳	未
长江太仓段两船碰撞致一船翻沉 4名落水人员全部获救	未
长江太仓段两船舶碰撞致1船翻沉 4人落水获救	未
长江干线添通道 宜宾南溪长江公路大桥今合龙今天下午，宜宾南溪长江公路大桥合龙，这是四川省首个渡改桥PPP模式建设项目，被列入国家规划的长江干线新建过江通道重点项目。（四川发布客户端）	未
长江江滩市政施工电缆频频被盗，水警凌晨巡逻抓现行为迎接军运会，武汉市政府对全市所有临江闸口码头开展亮化美化工程。然而，这却被一切别有用心的人盯上了：两名男子盗割亮化工程工地照明电缆。经过@武汉水警 精心部署，11月22日凌晨，巡逻民警将正在作案的2名盗窃嫌疑人一举抓获。汉警微镜头 长江江滩市政施工电缆频频被盗，水警凌晨巡逻抓现行	未
长江证券：担忧美国经济增长是美股重挫主因	未
长江财险遇七年之痒：7年亏3亿，两股东要撤	未
长江路华山路交口，凌晨两辆出租车相撞一车侧翻	未
长江边排污 他们顶风作案的勇气从哪来？	未
长江镇江段迎雾后船流高峰汽渡码头车辆积压“一眼看不到头”	未
长江首个海事司法鉴定中心成立	未
长江鲲鹏队爱心款送达尘肺农户今天下午赶到陕西省镇安县，即赴刚刚出院3天的尘症农民谢富余租居房，为他送上长江商学院鲲鹏拓展队同学们的爱心捐款2万元。谢富余对我说:前年还能走路，去年一半时间在医院，今年的情况更不好，度日如年，痛苦不堪。谢富余是今年7月15日长江商学院EMBA31期鲲鹏拓展队同学们深入秦岭山区探访的病情最重的患者之一。同学们已救助帮扶多位农户，近几日得悉谢富余病情加剧，特委托本人替大家送去关心。谢富余，48岁，镇安县永乐街道孙家砭村民，曾在河南做风钻工。2011年查出患矽肺三期。病情	未
长江黄冈段货轮撞快艇，三人失踪仍未找到	未
长沙1503件中央环保督察交办信访件已全部销号	未
长沙315曝光台到目前为止@海南航空 没有回复	未
长沙315曝光台 网友发来后续：会分期公众号那边已经取消合约了，官方回复后期不会代扣房租了， 也不会影响征信。 查看图片	未
长沙CPI数据是如何产生的	未
长沙一公交车行至湘江银盆岭大桥时，乘客突然怒抢方向盘	未
长沙一公交车行至银盆岭大桥时，乘客突然怒抢方向盘	未
长沙一女子抱小狗乘公交不听劝阻，全车人无奈集体下车换乘	未
长沙一女子抱小狗乘公交不听劝阻，全车人无奈集体下车换乘18日中午，记者从左家塘派出所了解到，上午8点左右，他们确实接到报警，称一名乘客带狗上车，导致司机罢工，导致全车人无法上班。但事后他们了解到，车上乘客很快下车，所以，没有出警。（广州日报）	未
长沙一女子抱小狗乘公交不听劝阻，全车人无奈集体下车换乘18日早高峰，长沙809路公交车上，一女子抱着一只宠物狗上车，司机多次要求其下车无果后，将车停在路边，拒绝继续往前开。随后，抱狗上车的女子遭到全车人的谴责，但该女子仍不下车。最后，全车乘客下车换乘。潇湘晨报公众号 ...全文	未
长沙一妈妈让男孩在公交垃圾桶尿尿引争议11月25日，有网友微博爆料称，在长沙乘坐公交车时，一位年轻的妈妈带着孩子（4岁左右）直接在公交车的垃圾桶里尿尿，并附上了图片。该网友对这位母亲的举动表示反感，认为非常没有素质和教养。此事引起网友的热议，有网友认为，孩子还小，憋不住尿很正常，尿在垃圾桶里，已经算很有素质了也有网友认为，在公共场合便溺不文明。你怎么看待这一行为长沙一妈妈让男孩在公交垃圾桶尿尿引争议	未
长沙一小区给业主发190万“红包”	未
长沙一日一撩：长沙岳麓区单身的同学冒个泡，留下评论聊聊吧	未
长沙一氧化碳中毒患者增加 专家提醒注意安全	未
长沙一渣土车撞上校车！2个孩子靠它救了命家长一定要看！	未
长沙一男孩在公交车垃圾桶内尿尿，大学生发帖称可耻11月25日，一大学生称乘坐7路公交车时，一位年轻的妈妈带着孩子在车内垃圾桶里尿尿。该网友对这种举动表示反感，认为quot非常没有素质和教养quot。车队负责人表示正在核查，车队长说，如果当时是行驶状态，小孩方便的话会很危险，可能会摔伤。	未
长沙下雪了吗天气预报说大部降雪，天气预报不准反正@湖北天气 已经筐瓢哒，长沙今晚感觉有点脚冷，你觉得明天长沙会下雪吗长沙生活	未
长沙下雪了！没有听错吧现在岳麓区雨夹雪，有雪下的声音！天气预报都没有预测到补充live图为证！长沙生活	未
长沙“中国好人”变身中小学专职道德辅导员传德向善	未
长沙人14年来，都扎堆前往的这个活动，还有最后3天！	未
长沙人注意！电子身份证终于来了！	未
长沙人看长沙舰	未
长沙 伤不起！报名后驾校找不到场地练车	未
长沙公交司机边开车边与乘客加微信？巴士公司：正调查	未
长沙公司代理总经理彭文中到焊装车间指导工作	未
长沙公司开展党支部五化建设督查工作	未
长沙公司焊装车间开展学习《中国共产党支部工作条例》主题党日活动	未
长沙六旬娭毑给司机口袋塞现金，理由竟是......	未
长沙农村商业银行招聘20人，社招！没错，社招！	未
长沙出发，12月机票又有大折扣！确定不去旅个游	未
长沙出台大气污染防治方案，人口集中区不能露	未
长沙到重庆只要4小时！渝湘高铁开工啦，长沙人又多一条逛吃线路！	未
长沙到重庆只要4小时！渝湘高铁开工啦，长沙人又多一条逛吃逛吃的线路！	未
长沙区域鄙视链曝光，岳麓妹陀和芙蓉伢子竟然不服到互斗	未
长沙南站或湖南宾馆附近有没有综合性商场	未
长沙县居民医保个人免缴费部分地方已退费真相来了....	未
长沙县—— 求新求变谋长远	未
长沙县——求新求变谋长远	未
长沙县湘龙街道龙塘小区，冬季用火用电小心啊！ 微博视频	未
长沙可能要下雪了	未
长沙同志浴室调查（一）：故事	未
长沙哪里有固定献血车除了五一那一个。	未
长沙四天三夜作者：@长颈鹿不护短	未
长沙回应幼儿打疫苗后死亡：有合格证 暂无其他案例	未
长沙回应“幼儿打疫苗后死亡”：统一采购有合格证	未
长沙回应幼儿打疫苗后死亡：统一采购 有合格证	未
长沙回应幼儿打疫苗后死亡：统一采购有合格证11月29日凌晨2点左右，长沙开福区洪山街道社区卫生服务中心报告1名幼儿死亡。由于该幼儿11月27日上午在该中心接种一剂次麻腮风疫苗，家长认为幼儿的死亡与预防接种有关。事后，通过开福区多部门联合调查，该幼儿接种麻腮风疫苗为一类免费疫苗，由湖南省级统一采购，通过省-市-区-接种机构四级全程冷链配送和保存到位，有合格的批签发证明，有效期至2019年5月12日。接种前，幼儿接受了常规体检，未发现异常，接种人员具备主管护师资格，持证上岗。据悉，该批次麻腮风疫	未
长沙回应幼儿打疫苗后死亡：统一采购有合格证，暂无类似案例	未
长沙地铁人的四时节气说  大雪：瑞雪兆丰年	未
长沙多家医院迎二孩生育高峰	未
长沙多家超市、农批市场公示食材来源	未
长沙夜聊：今年你去过哪几个城市来，评论里留下你的足迹吧，有相同的吗	未
长沙夜聊 今日份头条君 你们有在玩这个吗评论区走一波	未
长沙夜聊 假如朋友来长沙玩，你们会带他/她去哪里打卡呢	未
长沙夜聊：用3个字_______证明你是长沙的	未
长沙大巴一乘客飞脚踢开闹事者：这一脚是怎样炼成的	未
长沙天晴了，出太阳了！虽然还是很冷，但是总算结束了持续的阴雨雪天气长沙生活	未
长沙女护士雨天跪地抢救七旬老人，称：我的职业本能	未
长沙好冷了，开始烤火了吗小时候有没有用这个烤过火呢，你们那管这个叫什么	未
长沙实体百货要借“双十一”怒刷存在感	未
长沙实现小微水体河长全覆盖	未
长沙将在湘江东岸建第七水厂	未
长沙将有低温雨雪天气，亲们请注意防寒保暖，注意用火用电安全，外出游玩注意人身安全！长沙身边事	未
长沙小chili在线spicy	未
长沙岳麓山枫叶红了，银杏黄了，周末你来不来 长沙岳麓山	未
长沙岳麓山枫叶红了，银杏黄了，周末去看看吗摄影/@戒不掉的melborne 在此也呼吁大家文明观赏，做一个有素质的人	未
长沙市政建设新规，道路交叉口距学校出入口需	未
长沙市望城区调和招聘卫生工作人员体检通知	未
长沙市民注意！这6条公交线临时调整，明年1月底才恢复！	未
长沙市税务局稽查局招聘工作任人员2人，大专即可！	未
长沙市第八医院招聘总成绩及体检人员公示	未
长沙市青少年宫新宫向市民开放	未
长沙市非公企业法律风险管理培训班开班 百余企业家参训	未
长沙建筑工地办“饺子宴” 请百位工人吃水饺	未
长沙建青年公寓为教师减负 “拎包入住”月租30元	未
长沙开盘项目再扎堆 买方市场选择多	未
长沙开福区回应幼儿打疫苗后死亡事件：疫苗有合格证，暂无类似案例死者胡某某，该幼儿11月27日接种麻腮风疫苗后，于11月 28日21时在家发现突发意识丧失，随后因抢救无效死亡。胡某某接种麻腮风疫苗为一类免费疫苗，由湖南省级统一采购，有合格的批签发证明，有效期至2019年5月12日。	未
长沙开福区基层医疗卫生机构拟聘工作人员补充公示	未
长沙异闻录我所了解的收刹	未
长沙-张家界-凤凰古城7日游P1-行前准备P2-长沙：庙街/太平街/坡子街P3-长沙：岳麓山/湖南大学/橘子洲头P4-张家界：标志门/溪步街P5-张家界：国家森林公园P6-张家界：大峡谷玻璃栈道/黄龙洞P7-8 凤凰古城美食amp景点作者：@徐璟璟儿	未
长沙律师行业的自律监管工作力度如何	未
长沙打雷了！听到了没这是下雪打雷的前奏长沙身边事	未
长沙招聘 湖南广播电视台卫视频道制片部招聘节目制片岗位职责：1负责频道内各项目外联与整体统筹工作2负责统筹把握每个制作环节，前期筹备现场控制，对外联络与协调等须样样稳妥3根据项目拍摄进度编制项目工作进度表，实施有效管理，保证项目正常运转与安全作业4协助制片主任把控项目成本，及时完成结算5根据项目拍摄需要，制定工作人员及艺人出行方案，做好相应接待工作。任职要求：1政治可靠品德优良身体健康2有强烈责任心和事业心，性格沉稳，能吃苦耐劳，有团队合作精神3逻辑思维强，具备	未
长沙招聘 湖南广播电视台卫视频道演播部招聘舞台制作管理专员岗位职责1负责舞台监督，包括效果制作制作工艺制作技术方案评估制作工期进度及现场施工场地对接舞台安全施工等各项措施的监督2负责对接节目组需求变更与现场施工落实的监督3协助项目经理管理好本部门舞台制作舞台设备外包单位及其他参与部门之间的无缝衔接4负责根据节目制作的需要与各工种沟通，制作日常节目舞美方案调整落实。任职要求1政治可靠品德优良身体健康2从事相关工作3年以上3具备良好的表达沟通协调能力团队协作能力问题	未
长沙插队男被群殴 网友：为买一双鞋太拼了	未
长沙新规：地下车位和车库应首先满足业主需要，且不得擅自停用或变更	未
长沙旅行长沙第一场雪遭遇两重天：市区见雨难觅雪，高山区雪景来了12月9日，长沙第一场雪终于来了而等雪的市民们，在蒙蒙细雨里，蒙了：quot这哪里是雨夹雪，怕不是场假雪quotquot雨里冻得打摆子，但是，说好的雪呢quot市区的quot雪友quot望雪兴叹，沩山大围山银装素裹。就来欣赏一下浏阳大围山雾凇吧！（星辰在线）	未
长沙晚报：垃圾分一分，环境美十分	未
长沙某办公室大型battle现场，最后因为这个输了	未
长沙某男子突然冲入车流中，竟然只为......	未
长沙楚天家园电梯骤停，女子昏厥急救	未
长沙求脱团 投稿ID：@_Pty 男，95年，170/48，程序员，发量正常，详见长微博。熟人请当作没看见(本平台所有征友，未经投稿人同意前，禁止一切抄袭/复制原文作为直发的行为，谢谢配合)	未
长沙求脱团 投稿ID：@野平垂星 女，89，取向男，其他详细信息见投稿内容，熟人请无视(本平台所有征友，未经投稿人同意前，禁止一切抄袭/复制原文作为直发的行为，谢谢配合)	未
长沙爆料@HH子恩HH ：岳麓山的嗲嗲真的厉害！	未
长沙爆料曝长沙一小区消防车道停满小车据网友@移动曝光台 爆料：位于长沙市岳麓区润泽园小区内消防通道完全堵住了，详情看图！网友表示：高层建筑一旦起火，根本救不了！你们小区有类似的情况嘛	未
长沙爆料林科大涉外学院回应流浪狗事件:处理方法不妥，一切生命都值得尊重@中南林业科技大学涉外学院 全文如下声明： 关于网络上反映的11月26日学院保安在处理流浪狗的过程中措施不当的情况，学院进行了认真的调查核实，情况如下: 11月26日.上午10:30分，学院保卫处接到老师的反映，有一只白色流浪狗在操场内追逐上课学生，影响了正常的教学秩序，带来了安全隐患。接到反映后，学院保卫处启动了紧急处理方案，对流浪狗进行了抓捕，在处理过程中方式欠妥，引发关注。一切生命都应该得到尊重。学院对相关责任人进行	未
长沙爆料求医疑似遇医托忽悠 检查花费近千元网友@哈喽青青日记 爆料，12月10日在省妇幼检查时经一中年大姐推荐去长沙协盛医院，该大姐称自己症状和网友相同，在妇幼治疗后无效果去了协盛医院做物理治疗才好的。网友表示自己症状是月经延长，医生却开了妊娠反应的尿检以及高额体检费。医生开始诊断炎症，后来又说宫寒，不但推荐打针还有物理疗法。网友对此提出质疑	未
长沙爆料网传林科大涉外学院一流浪狗被打死网友私信头条君，在林科大涉外qq空间表白墙上有同学说，经常和他们一起玩的狗狗被保安打死了。	未
长沙爆料 网友 @YanYi91爆料提问：丰泉古井社区附件，行人道变成自行车道行人走哪里这规划合理吗你们觉得行人该走哪里	未
长沙爆料网红鲍师傅疑似吃出活虫网友@吃瓜少女ELSA 爆料，昨天晚上在鲍师傅国金街店购买了肉松小贝，今早发现肉松小贝下有一只在动的虫子。求证@鲍师傅糕点Pastry	未
长沙爆料 骗子假装领导要网友汇款 提醒大家不要别骗网友投稿，骗子知道自己的银行卡号和姓名，假装领导骗钱，提醒大家要注意呀	未
长沙爱心人士出版公益书籍号召社会救助“事实孤儿”	未
长沙生活 又是不健康的一天 空气指数245！不出门的一天在家干什么呢	未
长沙生活 在乘地铁的时候，有人一直在旁边放抖音怎么办?（很大声音那种）	未
长沙生活 在你的家乡这个叫什么[给你小心心]	未
长沙生活朋友想在长沙办个中等职业学校，大家帮忙想个名字！（管理贸易经融等行业不能涉及）好急，在线等	未
长沙生活 長沙老建築 拆了外頭滴牆後終於露出全貌了，長沙為數不多的八角樓之一。 @carmen小龍女	未
长沙男子冲向驾驶室 疯狂暴打公交司机18号10点，长沙387路公交驾驶员吴巨轮在驾车进入新城小区站时，两名乘客因质疑车辆未靠站停靠，与吴巨轮发生口角，其中一名年轻男乘客更是拳脚相加。吴先生在遭到殴打时，迅速急拉手刹保证了全车乘客安全。对此，长沙众旺公司回应，驾驶员的驾驶行为并没有违反行业的规范操作。	未
长沙男子酒后跳下波隆立交桥！请客者劝酒者出租车司机，谁担责	未
长沙的周建华刘冬生，你们在哪湘潭的曾莉苹在找你们	未
长沙的美食实在是太多了 九图都不够放这次旅游拔草率达到了百分之一百！每天都在以肉眼可见的长胖着不止旅行 分享来自：是你的蛋挞yx	未
长沙竹板加工厂失火，多间工棚被引燃	未
长沙约起来	未
长沙网红打卡地，靠它刷爆朋友圈	未
长沙聊一聊：如果买车的话，你会选择小轿车还是SUV呢先不考虑钱的问题	未
长沙臭豆腐 微博视频	未
长沙航空口岸实施保税航油政策	未
长沙解除霾黄色预警！上帝在长沙人眼前遮住的帘，终于记得掀开了！前几日长沙的雾霾真的让晨报君忍不住唱起熟悉的是不是上帝在我眼前遮住了帘，忘了掀开 据记者最新来的生图，雾霾已经渐渐消散啦	未
长沙警方福建办案，竟背着七旬老太去银行转走49万！真相让人	未
长沙认定高层次人才603名 设立6家海外引才联络站	未
长沙：请叫我世界城市！	未
长沙赏枫季 早鸭 头条君一大早就爬了个岳麓山你们呢准备干嘛走 嗦粉去啦长沙岳麓山	未
长沙赏枫季这个视角下的烈士公园，你见过吗@哗哗哗哗哗花轮_长沙生活	未
长沙身边事so beautiful@熊大Bubble	未
长沙身边事下雨也洒水	未
长沙身边事@中南林业科技大学涉外学院 声明:学院保安在处理流浪狗的过程中措施不当的情况处理不当，一切生命都应该得到尊重。学院对相关责任人进行了批评教育，今后此类问题的处理学院将改进工作方法，积极联系相关部门做出妥善处理。 查看图片	未
长沙身边事今晚失恋的朋友有点多，大家都来这条微博下互相取暖吧	未
长沙身边事你们单位有这样的情况吗	未
长沙身边事 你在长沙哪里，停水了吗	未
长沙身边事关于图书馆强制捐书，同学有话说	未
长沙身边事兼职刚买一个月的，心疼，大家帮忙看看@金池池c	未
长沙身边事农大一幕，你怎么看	未
长沙身边事农大赏枫季，广场舞大妈竟然把音响搬来了，厉害我的大妈@湖南农业大学微博视频	未
长沙身边事前面的朋友不怕扣分么	未
长沙身边事叫外卖竟然被吐口水	未
长沙身边事司门口什么情况，有在场的吗	未
长沙身边事告诉我，长沙的雪还远吗@此间南风起	未
长沙身边事周黑鸭真空包装的豆干竟起了霉斑12月11日，长沙市民罗先生投诉称，2018年双11期间，他在周黑鸭天猫旗舰店购买了原价99元的718g一盒尝尽周黑鸭礼盒，明明还在保质期内，礼盒里的真空包装豆干却起了霉斑。 随后，罗先生就发霉产品通过周黑鸭天猫旗舰店客服投诉时，客服则以罗先生无法提供其他豆干产品图片为由，表示已向主管申请6元补偿。	未
长沙身边事因坐过站，长沙一乘客在公交车经过银盆岭大桥时抢方向盘司机吓坏休息十来分钟才继续行使据网友：周六下午大概三四点的样子，长沙704路公交车正经过银盆岭大桥，一名西装革履的男子因为坐过站一直在公交车后门口骂骂咧咧，随后就不耐烦了，直接跑到公交司机位置上抢司机方向盘，幸好有乘客及时阻止，否则后果不堪设想。被阻止的那名男子又回到公交车后门口大骂司机，敲打车门，还扬言要喊人打司机。吓坏了的司机在下一站停下来休息了十分钟才继续行驶，嘴里还一直说，我不怕，我是公交车司机，打我我都不怕，我要勇敢。希望大	未
长沙身边事大家一定要理性消费啊	未
长沙身边事 大家早上都吃的什么啊 有图吗	未
长沙身边事女子健身后洗浴摔断两颗门牙 负责人称：不怕你报警网友爆料：12月11日晚7点，在长沙岳麓区通程四楼子阳健身房健身，洗浴后去穿衣服被凳子绊倒摔断两颗门牙，上嘴唇摔破。沟通过无果，目前健身房安排的负责人称：要找事可以告到她死，还说他们家也有警察，不怕你报警！	未
长沙身边事 女子用网恋男友推荐的投资软件亏30万，警察：你没有被骗28岁的唐女士通过网络认识了刘先生，刘先生自称是家具厂老板，有别墅开保时捷，很快两人确立了恋爱关系，但没见过面。随后刘老板向唐女士推荐一款投资软件，说可获几倍收益。于是她把全部积蓄和贷款来的30万元都投了进去。但投进去后一直是亏损状态，唐女士觉得自己被骗了，于是到派出所报警。民警看了唐女士提供的证据，说这款网络软件不是投资软件，是一个互联网赌博的平台，唐女士也涉嫌参与赌博，而不属于被诈骗。律师表示，唐女士的行为确实属于赌博行为	未
长沙身边事女子经同学介绍整双眼皮，致皮肤坏死 索赔130多万quot我原本是内双，男朋友和我吵架闹分手quot。杜小姐来到长沙芯氧医疗美容整双眼皮。经同学介绍，原本4万多元的手术费，最后2万多元，但术后她的左眼留下了一道难看的疤痕。事发后，医院带她到湘雅医院咨询，退还了2万多元整形费，答应赔偿她的损失，但杜小姐开出了130多万元的索赔。这让双方的协商陷入了困境，quot 其实我只是要给她们一个教训，也希望爱美的人一定要注意。quot 杜小姐说。（红网）	未
长沙身边事学校限电停电都来这集合一下	未
长沙身边事小伙伴有知道的吗@Tision丶陈陈陈	未
长沙身边事 希望被好心人捡到	未
长沙身边事干洗变水洗！记者卧底揭秘长沙雪芙莱干洗店内幕：8成都是水洗！市民周女士花了近两百元，将丈夫的一件价值三千多元的皮衣拿去干洗店进行清洁保养，可是让她没想到的是，原本是拿去保养的皮衣竟然惨遭毁容式损坏，她开始质疑衣服并非干洗记者卧底发现雪芙莱所谓的干洗，80的衣物实为水洗！（长沙政法频道）	未
长沙身边事应届生平均期望薪资：长沙平均月薪期望8564元报告显示，国内应届生平均期望薪资8431元/月。其中，大学生期望薪资排名最高的城市是北京，工资达12992元/月，长沙大学生期望薪资为8564元，企业支付薪资为7453元，你在长沙的工资是多少呢，有没有达到你的期望薪资，这次你拖后腿了吗	未
长沙身边事德思勤附近盲道，给有爱的网友比心！	未
长沙身边事惊险！长沙一公交车行至银盆岭大桥时，乘客突然怒抢方向盘12月1日下午，长沙银盆岭大桥上，一辆704路公交车过江行驶期间，一名男性乘客因坐反了方向，要求下车遭拒，试图抢夺司机的方向盘，幸好司机紧抓方向盘控制了方向，车上其他乘客也帮忙制止，才没造成严重后果。目前，民警正在对这名乘客展开调查。	未
长沙身边事扑面而来的酸臭味，已是操碎了心	未
长沙身边事损失惨重！开福区四方坪商贸城凌晨突发大火据网友：昨晚上长沙开福区四方坪商贸城，凌晨12点烧到4点多，上午楼上还在冒烟，离我家麻将馆就隔了一栋。火灾无情，提醒大家用火用电一定要注意安全！ 微博视频	未
长沙身边事是这样的吗，你怎么看_	未
长沙身边事晴日里的湖南农大	未
长沙身边事有人知道吗@闵闵闵阿米	未
长沙身边事毫无人权，现在查寝都这么恐怖吗	未
长沙身边事洗澡需带手机扫码，同学表示学校不作不行吗	未
长沙身边事湖南高校第一家！刷脸借书在湖南大学实现了！12月3日，湖南大学图书馆，读者在自助借还书机上刷脸借书。经过半个多月的测试，该馆于本月正式推出刷脸借书服务，成为湖南省第一家实现刷脸借书的高校图书馆。你们学校的图书馆呢via@湖南校园新鲜事儿	未
长沙身边事 紧急寻人于元秀，女，87岁，于2018年11月18日13：34最后出现于东屯渡大桥西 浏阳河风光带 往南。长沙口音 身材瘦小 头戴黑色帽子，身穿深绿色棉袄，系白色围巾，手提黑色袋子。老人思维清楚！现在家人焦急寻找中，如有好心人发现或收留请联系1368739269513974859813	未
长沙身边事网友2月份入职长沙某公司，到现在都没有交社保，网友提问应该怎么办	未
长沙身边事网友@将饮茶 ：湖南涉外经济学院食堂就餐拒绝现金，是明显违法行为你怎么看	未
长沙身边事网友投稿地铁不文明行为曝光来自网友的投稿长沙地铁二号线不文明行为曝光，多种姿势乘坐地铁真的合适吗	未
长沙身边事网友湖南怀化家乡菜，这青椒皮蛋厉害了	未
长沙身边事网友爆料，今天下班，在长沙9路公交车上，亲眼目睹正义的大叔抓小偷！小偷最终没有得逞，嬉皮笑脸说是误会。车上的乘客纷纷赞扬这位正义的大叔！	未
长沙身边事 网友请问当月月初离职（11月8号），领导说用一周交接好工作就可以走，但现在以未满一个月为由要求员工全额承担当月社保费用合法合理吗	未
长沙身边事网友：这我有义务吗	未
长沙身边事网友@陶胖子现在上班可轻松 吐槽黄花机场用餐贵，图中这顿饭花了109元，各位觉得呢	未
长沙身边事网爆长沙一高校食堂集体罢工，学生没法用餐网友投稿：今天，中南林业科技大学涉外学院食堂老板集体罢工，整个食堂空荡荡，今天早上就没东西吃，中午也没东西吃，以前虽然不好吃还贵，实在饿疯了也吃的下，现在连吃的都没有 @湖南校园头条	未
长沙身边事老哥是真的会省	未
长沙身边事至少撒谎是不应该的，大家都来分析分析！	未
长沙身边事话说这个可以坐吗	未
长沙身边事这两个男的什么意思	未
长沙身边事这个问题把我难倒了，所以问问大家：长沙哪里的电子显示屏会进行跨年倒计时还有就是跨年那天长沙哪里人会比较多.ps：橘子洲烟花是在元旦一号晚上！	未
长沙身边事这，你怎么看	未
长沙身边事这是有多变态	未
长沙身边事这是神马公司，都有这种要求吗	未
长沙身边事这胆真够肥的	未
长沙身边事遇到这种人你们会怎么做	未
长沙身边事长沙地铁1号线北延线设5座车站，开工时间定了！原定于今年9月开工的长沙地铁一号线北延线，但由于各种各样的原因，这条线被调整为预开工线路。近日，长沙市规划局在市长信箱上做出了回复，地铁1号线北延一期计划2019年上半年开工！设5座车站，彩霞路站青竹湖路站冯蔡路站周南中学站湘绣城站，其中高架站2座（彩霞路站青竹湖路站），地下站3座含换乘站1座。三号线	未
长沙身边事长沙地铁5号线万家丽广场站以北主体完工昨日，随着盾构机刀盘徐徐破土而出，万家丽广场站至马王堆站区间左线顺利洞通，标志着由中建股份承建的长沙地铁5号线二标段8个区间全部实现双向洞通，也意味着地铁5号线万家丽广场站以北11.8公里范围实现主体完工，为5号线早日建成通车奠定了坚实基础。	未
长沙身边事长沙应届生平均月薪期望8564元，你拖后腿了吗报告显示，国内应届生平均期望薪资8431元/月。其中，大学生期望薪资排名最高的城市是北京，工资达12992元/月，长沙大学生期望薪资为8564元，企业支付薪资为7453元，你在长沙的工资是多少呢，有没有达到你的期望薪资，这次你拖后腿了吗	未
长沙身边事长沙开出了今年第一张腊肉罚单！近日长沙天心区城管大队先锋中队的执法队员在巡查过程中发现，位于果子园路附近的某医院工地内浓烟滚滚，发现工地工作人员余某在此熏制腊鱼腊肉！由于余某的行为已经违法了《大气污染防治法》，根据规定，城管部门对其进行了500元罚款的处罚。这也是今年长沙首起因为露天熏制腊鱼腊肉污染空气的罚单。（via芒果都市）	未
长沙身边事长沙机场刷身份证吸烟室，你觉得应该推广吗	未
长沙身边事长沙海东青健身俱乐部两门店停业！你办会员了吗长沙海东青健身俱乐部开业至今已有18个年头，在长沙共开设了三家直营店。近日他们公司内部群发布消息，宣布海东青健身芙蓉店天心区中江店两家门店停业。目前，部分员工因工资遭遇拖欠，已向当地劳动监察大队进行投诉（芒果都市）	未
长沙身边事长沙的冬天	未
长沙身边事 长沙话四级考试，你会吗，来自网友@BlueBlewB	未
长沙身边事 长沙这么冷的天，还飘着毛毛细雨。有市民戴着斗笠打牌，也是冷中作乐！ @留级哥哥V	未
长沙身边事雾霾中的长沙@司马子元和他的羊徽瑜	未
长沙身边事骗子戏法，大家注意看看！	未
@长沙车主 紧急提醒！看到这种黑盒子赶紧扔！已有多人中招	未
长沙这个区域新增20个电子警察！（附最全电子警察点位表）	未
长沙银行：拟设立全资理财子公司，注册资本10亿元	未
长沙银行：拟设立理财子公告 注册资本10亿元	未
长沙银行：拟非公开发行优先股募资60亿元	未
长沙银行首次公开发行A股上市仪式	未
长沙黑老大文烈宏受审 省公安厅原副厅长是保护伞	未
长治2018-2019年采暖季煤改电电采暖 用电价格及政策公告	未
长治一厂房突发大火，现场浓烟滚滚！危险......	未
长治一厂房突发大火，现场浓烟滚滚，无人员被困！	未
长治一男子被公安局公开通缉！如有线索，请拨打110！	未
长治万达广场偷电动车的贼抓住了！	未
长治交友 你的生日离什么节日最近	未
长治交友 脱单交友私信@最长治 本期来自@佐佐佐左左左 ：年龄24属狗 巨蟹 1994年中国制造，长160cm，净重48kg。采用人工智能，各部分零件齐全，运转稳定，经二十多年的运行，属质量信得过产品。该产品手续齐全，无限期包退包换。现因发展需要，诚招志同道合者，诚心合作的伙伴共同研制开发第二代智能产品，有意者请联系	未
长治交警集中开展酒驾醉驾夜查行动	未
长治人，以后去武宿机场有专车接啦！预约方法看这里	未
长治人你喝过小区自动售水机的水吗央视曝光了！	未
长治人快回家找找，这三枚硬币价值73.6万！	未
长治全面整治小产权房 违规者将被严肃问责！	未
长治公交关于微信刷码乘车的紧急通知	未
长治公车再拍卖，看是否有合适的	未
长治又一楼霸被抓，快看看你认识吗欢迎举报！	未
长治又公布94名老赖，有你认识的吗有人竟然只因为2000块	未
长治和平医院上空惊现一架直升飞机.....究竟是怎么事?	未
长治四区今日挂牌（随便聊聊撤县设区）	未
长治四区挂牌后，待遇低保户口有何变化官方权威解答	未
长治大四妹子的烦心事长治爆料 初中同学借了我4000元，现在我急用钱，她却没有任何表示！我该怎么要回我的钱！	未
长治：嫁出去的老妈，回家后......	未
长治小伙结婚用独轮车推新娘，现在的年轻人真会玩！	未
长治小哥@_绅士一米七H 找妹子：找昨天在火车站长治到焦作的小姐姐	未
长治小歇几@南城以nan1 把@最长治 带到了 赞比亚首都卢萨卡你在哪座城市@最长治 想和你在的城市同框	未
长治小歇几投稿不在同一座城市的爱情，是不是没有结果	未
「 长治小歇几聚集地！」还差27人满群！有进的嘛评论	未
长治市上党区揭牌仪式现场长治市区人口由80万升至160万 长治爆料	未
长治市公安局发布4名弃婴寻亲公告！	未
长治市又发布66名老赖名单，有你认识的吗	未
长治市发布66名老赖名单，有你认识的吗	未
长治市应急指挥部办公室发布紧急通知！	未
长治市纪委监委公开曝光5起形式主义官僚主义作风问题	未
长治常坐飞机的人，以后去武宿机场有专车接啦！价格和预约方法看这里	未
长治常坐飞机的人，以后去武宿机场有专车接啦！预约方法看这里	未
长治微信群传的孩子上学途中被拐，真相是这样	未
长治支队开展手抄训词誓词评比活动	未
长治支队开展消防安全重点单位帮扶指导工作	未
长治：支队长带队检查移动公司消防安全，叮嘱单位组织自查消除火患	未
长治新四区后，对老百姓的生活有何变化官方这样说......	未
长治新四区设立后！这167万居民的待遇低保户口簿身份证信息将...	未
长治明天停电！涉及大批住户，快看有你家不	未
长治月老 投稿私信@最长治 本期来自@小Fei蛋 ：年龄：24属猪 双子座 身高185 家住化家庄职业：最近刚辞职，在学公交车驾驶证，学本就是为了工作！择偶要求：比我大一岁或小一岁都行，身高163以上	未
长治水库的冬！海天一色 长治爆料 长治新鲜事 图@痴呆児	未
长治潞州区将大范围停电！最长16个小时	未
长治爆料 危险！图@历史boy	未
长治爆料 镜头下的长治英雄路街头窃贼！	未
长治爆料长治一拉煤半挂车突然着火，现场火势猛烈上方正好是天然气罐11月24日15时20分，长治武乡中队接到指挥中心调度称：武乡县分水岭一桥附近有一辆拉煤的半挂车着火。武乡中队接到报警后，迅速出动一辆6吨水罐消防车及8名指战员火速出动，赶往现场进行扑救。到现场后，发现一辆半挂车起火，现场浓烟滚滚，车头已基本烧毁，底部发动机处及左右轮胎有火苗窜出。经询问车主了解到，车辆使用的燃料是天然气。现场指挥员根据现场情况，立即下达作战命令，出一支枪对汽车着火部位进行压制冷却灭火。很快，现场明火终于被扑灭！	未
长治爆料 长治上党区公交	未
长治爆料 长治发生一起命案，男子被人用菜刀砍死近日，长治市城区公安分局经过缜密侦查，攻坚克难，连续奋战，成功破获10.25故意杀人案，涉案犯罪嫌疑人崔某已到案。经查：10月25日凌晨2时许，被害人张某和犯罪嫌疑人崔某及朋友梁某李某一起到城区某小区崔某租住处，在楼道内崔某发现手表丢失，并质疑是张某将其手表拿走，并推搡张某。后梁某和李某在小区院外梁某的车附近找到手表，并将手表还给崔某妻子后离开家中。张某和崔某在家中聊天时发生争吵，崔某从厨房拿上菜刀砍伤张某，张某跑至25层电梯口倒地身亡。经城区	未
长治爆料 长治大规模区划调整！市区人口由80万升至160万长治县屯留县潞城市三地撤县（市）设区后，长治市市区人口从近80万（城区郊区累加）升至160余万。 长治市区人口由80万升至160万	未
长治爆料 长治妹子在街头偶遇变态刚才遇见变态了，靠近长治师范这一带，那个人骑自行车在我背后，从屁股顺着摸到腿然后赶紧骑车过马路了，我当时在和朋友语音反正过来已经跑了！大家以后要注意！	未
长治爆料 长治市区29座公厕实行24小时免费开放制目前，在长治市已建有一些现代化管理的公共厕所。同时，有关部门也对一些设施老化严重的公厕进行了内部升级改造。对此，公厕的硬件方面有了很大的提升。但随着长治市经济社会日益发展，夜间工作及生活需求迅速增长，夜间如厕也逐渐成为市民面对的问题。截至目前，原城区环卫处所管辖的29座公共厕所已全部实行24小时免费对外开放。市内实行24小时免费开放的公厕分别为：中行公厕太行公园公厕桥北东公厕玛钢公厕回化公厕华茂公厕207公厕营口公厕潞泽公厕液	未
长治街头现霸王停车，网友很是愤怒！	未
长治街头的小吃摊	未
长治街头，行在寒冷的冬天里的掏粪工即将消失的行业，辛苦长治爆料 图@_YU气LING人_	未
长治警方发布重要通告！	未
长治这个县2018年最新公开招聘事业单位工作人员公告	未
长治这个路口拍下的一幕......	未
长治这小区同一牌子的燃气灶，一周炸了俩....太可怕了！	未
长治这里公开招聘事业单位工作人员（附职位表）	未
长治这里将启用红绿灯电子抓拍系统	未
长治重拳打击小产权房在行动......	未
长清绕城公路25日通车！穿城变绕城，时间省一半！	未
长滩路段突发车祸！雨天路滑，请小心驾驶！	未
长点儿心吧，大周末别让这些事儿糟心！	未
长点心吧龙湾的欧先生通过附近的人交了名女网友，女网友问欧先生是否对网上赌博有兴趣，欧先生刚开始还赢了些，然后输了近一万。女网友提议找她朋友借款，而这个朋友又骗了欧先生一部iphone8plus后不知所踪。欧先生报警。龙湾警方接到报案后成功打掉一起利用美色诱骗进行网络赌博的团伙。	未
长点心吧龙湾的欧先生通过附近的人交了名女网友，女网友问欧先生是否对网上赌博有兴趣，欧先生刚开始还赢了些，然后输了近一万女网友提议找她朋友借款，而这个朋友又骗了欧先生一部iphone8plus后不知所踪欧先生报警龙湾警方接到报案后成功打掉一起利用美色诱骗进行网络赌博的团伙	未
长生生物员工的年关：担心年终奖 担心单位未来12日，记者来到吉林长春高新区的长生生物厂区。上午十点，员工们培训结束，走出工厂大门回家，类似的日子已经持续了数月。12月1日，长生生物收到了深交所的重大违法强制退市告知书，或成为第一只因重大违法遭强制退市的个股。多名员工表示，以前长生生物待遇挺好，每年都有年终奖，但现在心里没底。长生生物员工的年关：担心年终奖担心单位未来	未
长生生物将强制退市：厂区部分项目已停工 员工不知当前谁在管理很震惊，这是刘文听到长生生物违法事实后的反应。刘文是长生生物老员工，疫苗事件发生后，她一直认为长生生物不会有大事情，企业一直都很正常。在得知长生生物被处罚后，刘文表示，我们希望还能上班。而对于未来有什么企业能够接手长生生物，刘文等员工也没有任何消息，甚至公司目前的管理者是谁，刘文表示并不清楚。在长生生物的1号厂房的一侧入口，仍然贴着停产的标示，还有一侧门上贴着按公安部门要求，所有人员进出请登记。（新京报）网页链接	未
长生生物将强制退市，实地走访厂区部分项目已停工	未
长生生物将被强制退市长生生物科技股份有限公司今天发布公告称，收到《深圳证券交易所重大违法强制退市事先告知书》，深交所拟对公司股票实施重大违法强制退市。同时，公司收到证监会行政处罚决定书，相关人员收到证监会市场禁入决定书。	未
长生生物将被强制退市长生生物科技股份有限公司今天发布公告称，收到《深圳证券交易所重大违法强制退市事先告知书》，深交所拟对公司股票实施重大违法强制退市。同时，公司收到证监会行政处罚决定书，相关人员收到证监会市场禁入决定书。（央视）	未
长生生物将被强制退市长生生物科技股份有限公司今天发布公告称，收到《深圳证券交易所重大违法强制退市事先告知书》，深交所拟对公司股票实施重大违法强制退市。同时，公司收到证监会行政处罚决定书，相关人员收到证监会市场禁入决定书。（央视新闻） ST长生(002680)12月11日公告，公司收到《深圳证券交易所重大违法强制退市事先告知书》，深交所拟对公司股票实施重大违法强制退市。	未
长生生物将被强制退市长生生物科技股份有限公司今天发布公告称，收到深圳证券交易所重大违法强制退市事先告知书，深交所拟对公司股票实施重大违法强制退市同时，公司收到证监会行政处罚决定书，相关人员收到证监会市场禁入决定书@央视新闻 此前，长生生物因生产不合格疫苗而受到当地药监局 ...全文	未
长生生物将被强制退市长生生物科技股份有限公司今天发布公告称，收到《深圳证券交易所重大违法强制退市事先告知书》，深交所拟对公司股票实施重大违法强制退市。同时，公司收到证监会行政处罚决定书，相关人员收到证监会市场禁入决定书。据央视新闻	未
长生生物：收到中国证监会《行政处罚决定书》及相关人员收到《市场禁入决定书》。一对长生生物责令改正，给予警告，并处以60万元罚款二对高俊芳张晶刘景晔蒋强华给予警告，并分别处以30万元罚款三对张友奎赵春志张洺豪给予警告，并分别处以20万元罚款四对刘良文王祥明徐泓沈义马东光鞠长军万里明王群赵志伟杨鸣雯给予警告，并分别处以5万元罚款。证监会决定：对高俊芳张晶刘景晔蒋强华采取终身市场禁入措施对张友奎赵春志张洺豪采取5年市场禁入措施。	未
长生生物最后的年关：无人管理，员工每天学法规，希望还能上班保安李峰（化名）告诉记者，现在的长生生物早已没有董秘办，也没有能够负责管理长生生物的领导。他开玩笑着对记者说，现在公司就是无为而治，靠素质。长生生物出事以来，后勤人员在公司出事后就没有具体事做，每天正常的上班，即为大概一个小时的培训。上午九点来公司，学习一会儿法律法规（当然偶尔也值班），就再没事情做，便也只能回家。记者了解到，在长生生物目前工资仍然在发的情况下，很少有员工选择离职。对于未来，员工刘文和苏彩霞都表示，希望	未
长生生物最后的年关：无人管理，员工每天学法规，希望还能上班保安李峰（化名）告诉记者，现在的长生生物早已没有董秘办，也没有能够负责管理长生生物的领导。他开玩笑着对记者说，现在公司就是无为而治，靠素质。长生生物出事以来，后勤人员在公司出事后就没有具体事做，每天正常的上班，即为大概一个小时的培训。上午九点来公司，学习一会儿法律法规（当然偶尔也值班），就再没事情做，便也只能回家。记者了解到，在长生生物目前工资仍然在发的情况下，很少有员工选择离职。对于未来，员工刘文和苏彩霞都表示，希望还能	未
长生生物最后的年关：无人管理，员工每天学法规，希望还能上班保安李峰（化名）告诉记者，现在的长生生物早已没有董秘办，也没有能够负责管理长生生物的领导。他开玩笑着对记者说，现在公司就是无为而治，靠素质。长生生物出事以来，后勤人员在公司出事后就没有具体事做，每天正常的 ...全文	未
长生生物最后的年关：无人管理，员工每天学法规，希望还能上班保安李峰（化名）告诉记者，现在的长生生物早已没有董秘办，也没有能够负责管理长生生物的领导他开玩笑着对记者说，现在公司就是无为而治，靠素质长生生物出事以来，后勤人员在公司出事后就没有具体事做，每天正常的 ...全文	未
长生生物最后的年关：无人管理 员工每天学法规长生生物在资本市场的命数或时日无多。一位安保人员说：现在的长生生物没有能够负责管理的领导，现在公司就是无为而治，靠素质，员工每天学法规。在工资仍发的情况下，少有员工离职，不少人表示希望还能上班 长生生物最后的年关：无人管理 员工学习法规	未
长生生物最后的年关：无人管理，有员工希望还能上班年关将至，长生生物在资本市场的命数或时日无多。12月11日，长生生物收到深交所重大违法强制退市事先告知书。记者实地探访，一位安保人员称，现在的长生生物早已没有董秘办，也没有能够负责管理长生生物的领导。他开玩笑着对记者说， ...全文	未
长生生物最后的年关：无人管理，有员工希望还能上班长生生物在资本市场的命数或时日无多。记者实地探访，一位安保人员说：现在的长生生物没有能够负责管理的领导，他开玩笑：现在公司就是无为而治，靠素质。有员工对长生生物事件很震惊，疫苗事件发生后，她一直认为公司不会有大事情。	未
长生生物最后的年关：无人管理，有员工希望还能上班长生生物在资本市场的命数或时日无多记者实地探访，一位安保人员说：现在的长生生物没有能够负责管理的领导，他开玩笑：现在公司就是无为而治，靠素质有员工对长生生物事件很震惊，疫苗事件发生后，她一直认为公司不会有大事情 ...全文	未
长生生物最后的年关：无人管理，有员工希望还能上班长生生物在资本市场的命数或时日无多。记者实地探访，一位安保人员说：现在的长生生物没有能够负责管理的领导，他开玩笑：现在公司就是无为而治，靠素质。有员工对长生生物事件很震惊，疫苗事件发生后，她一直认为公司不会有大事情。长生生物最后的年关：无人管理，有员工希望还能上班	未
长生生物最后的年关：无人管理，有员工希望还能上班长生生物在资本市场的命数或时日无多。记者实地探访，一位安保人员说：现在的长生生物没有能够负责管理的领导，他开玩笑：现在公司就是无为而治，靠素质。有员工对长生生物事件很震惊，疫苗事件发生后，她一直认为公司不会有大事情。长生生物最后的年关：药监人员常驻 员工每天学法规	未
长生生物最后的“年关”:药监人员常驻，员工每天学法规	未
长生生物最后的“年关”：药监人员常驻 员工每天学法规	未
长生生物最后的年关：药监人员常驻 员工每天学法规长生生物出事以来，苏彩霞这样的后勤人员在公司出事后就没有具体事做，每天正常的上班，即为大概一个小时的培训上午九点来公司，学习一会儿法律法规（当然偶尔也值班），就再没事情做，便也只能回家在苏彩霞等公交车的时候，长生生 ...全文	未
长生生物最后的年关：药监人员常驻，员工每天学法规长生生物在资本市场的命数或时日无多。记者实地探访，一位安保人员说：现在的长生生物没有能够负责管理的领导，他开玩笑：现在公司就是无为而治，靠素质。有员工对长生生物事件很震惊，疫苗事件发生后，她一直认为公司不会有大事情。长生生物的年关：药监人员常驻，员工每天学法规	未
长生生物的“年关”：药监人员常驻，员工每天学法规	未
长生生物被深交所强制退市，高俊芳终身市场禁入12月11日，长生生物收到证监会的《行政处罚决定书》，对长生生物责令改正，给予警告，并处以60万元罚款。相关人员收到证监会的《市场禁入决定书》，此外，对高俊芳张晶刘景晔蒋强华采取终身市场禁入措施对张友奎赵春志张洺豪采取5年市场禁入措施。与此同时，长生生物还收到深圳证券交易所重大违法强制退市事先告知书，深交所拟对长生生物股票实施重大违法强制退市。（澎湃新闻）	未
长痘长斑是因为皮肤需要排毒 15秒变美	未
长白山之歌	未
长白山景区全球免门票，施行一个月客流猛增	未
长白山黑熊谷奇遇小人熊	未
长的像一个人不可怕，长的像一群人才可怕。	未
“长的又帅，破案又快”重庆警察蜀黍收到一面“很皮”的锦旗	未
长的又帅破案又快 重庆警察蜀黍收到一面很皮的锦旗9月13日，重庆市长寿区一母婴店的工作人员张师傅报警，称自己在搬货时手机被人偷了。因手机内有很多商家电话，如果手机没了，这几天进货送货都要受影响。民警江安哲和冷旭东经过大量的视频数据分析后，锁定可疑男子，最后在二手市场一个小商贩摊上找到了张师傅失窃的手机，历经5个小时。10月12日，嫌疑人被抓获。如今，张师傅给两位民警送来锦旗，上面写着长的又帅，破案又快。民警江安哲有点不好意思。华龙网	未
长相大气的泰国女孩 Mind Waratthaya	未
长着一张被包养的脸，却过着自食其力的日子。	未
长知识！垃圾焚烧发电排出1立方米烟气中所含二恶英，只相当于烤肉产生二恶英的千分之一	未
长租公寓暴雷	未
长篇报告文学《英雄时代——深圳警察故事》出版	未
//@长红藤0628:任正非对这些没兴趣。那一年央视给他评个难度人物，他直接要求央视退奖。	未
长线趋势，中线趋势，短线趋势股海无涯，势在心中，风险严控！	未
长职党建我和我的社区	未
长职热点新时代高校教师职业行为十项准则	未
长胖20斤后，脸型会发生哪些变化	未
