免餐费，还补贴学费！唐山一地此类幼儿园的孩子享受这些政策	未
兔兔弹！迷你版 VS 正常版，每个都威力巨大啊！	未
兔子在北极航线迎来大利好从此可以不靠熊	未
兔爷悄悄提前告诉大家今年经济工作会议重点：稳货币松信贷宽财政	未
兔费版《死或生5：最后一战》角色玛丽罗斯现可兔费领PS港服开启了领取兔费版《死或生5：最后一战》角色玛丽罗斯的活动，PS会员只要下载《死或生5：最后一战》，即可获得其中原价30港元的角色玛丽罗斯使用权，活动从即日起持续到2019年1月31日。	未
兖州煤业成临商银行并列第一大股东	未
兖州爱心接力！老爸请不要被脑外伤打倒！这个家还需要你	未
党中央拟表彰100名改革开放杰出贡献对象，你认识多少位？	未
党中央拟表彰100名改革开放杰出贡献对象 名单公示	未
党中央拟表彰100名改革开放杰出贡献对象，名单公示	未
党中央拟表彰百名改革开放杰出贡献对象，这13位江苏籍人士你了解多少	未
党中央拟表彰的100名改革开放杰出贡献个人中，有11名女性！	未
党中央授予10名国际友人颁授中国改革友谊奖章	未
党代会漫议：由经济大省向经济强省迈进	未
《党史可以这样讲 : 初心·使命》出版(图)	未
党史日历  12月4日	未
党员义务消防队守护古镇(图)	未
党员之光今天，我光荣入党	未
党员干部算好四本账做好群众工作	未
党员必备！中共中央印发 《中国共产党支部工作条例（试行）》	未
党员志愿者参与道路交通文明建设西青在行动区级机关党组织合自身实际，积极组织党员志愿者参与道路交通文明建设。61个单位党组织，组织近千名党员干部职工参加志愿服务活动，选取柳口-西青青远-新华柳云-新华等8个主要路口，安排点位32个，在每周一早高峰7：30至8：30和每周五的晚高峰16：30至17：30协助交警对非机动车和行人不文明交通行为进行劝导。	未
党员联户 党群同心(图)	未
党员进社区中宁县公安局监管党支部发挥党员先锋作用，深入社区服务群众！	未
党员进驻“云社区”  亮身份促发展	未
党和国家领导人出席铁木尔·达瓦买提遗体送别仪式	未
党外人士学习贯彻习近平总书记在庆祝改革开放40周年大会上的重要讲话精神座谈会在京召开 尤权出席并讲话	未
党委书记抓党建工作述职报告(10篇)，精心打磨就是不一样！	未
党委书记郑晓静院士带队赴蒲城督导调研扶贫工作	未
党建专刊固本强基 精准把脉 强化基层组织建设-托克逊县公安局召开11月份党建工作例会	未
党建之窗丨信阳中院送戏进帮扶村，文化扶贫两率宣传齐推进	未
党建  交警支队举办老干部活动中心启动仪式	未
党建党支部五化建设先锋榜：团结村	未
党建动态惠州三院召开廉政教育座谈会！	未
党建动态林岸馨宸社区：社区邻里课堂启动啦	未
党建吹开平安花丨万州区公安局抓党建促发展纪实	未
党建孝道西姜寨乡召开31个行政村分社工作推进会	未
党建小知识	未
党建工作专刊聚焦纪律作风建设 培育队伍优良作风	未
党建帮扶文明共建 困难村有了崭新宣传栏创文进行时12月13日，开发区管委会办公室与茶淀街后沽村作为党建共建单位，开发区为后沽村设立的十块崭新的村级宣传栏亮相，内容以社会主义核心价值观精神文明建设创建文明城区为主，丰富了村级的宣传阵地的同时也加强了村民精神文明建设。在帮扶对接中，开发区管委会办公室党总支为该村购置图书刊物为村民设置红书角，为村内中小学设置泰达图书角，与此同时还走进村内困难居民家中，了解村民诉求，捐赠生活用品。	未
党建引领169个街乡吹哨报到出实效聚焦北京遇急事难事，属地街乡吹响集结哨，职能部门要应声而到，形成合力推动问题解决，事不完，人不撤。今年年初，本市把街乡吹哨部门报到作为一号改革课题，在169个街乡同时启动试点，一批治理难题得到破解，百姓幸福感获得感越来越强。	未
党建引领169个街乡吹哨报到出实效聚焦北京遇急事难事，属地街乡吹响集结哨，职能部门要应声而到，形成合力推动问题解决，事不完，人不撤今年年初，本市把街乡吹哨部门报到作为一号改革课题，在169个街乡同时启动试点，一批治理难题得到破解，百姓幸福感获得感越来越强	未
党建引领北京市169个街乡“吹哨报到”出实效	未
党建引领外出职工之家 共建共治共享新农村	未
党建引领脱贫奔康 乡城贫困群众过上“四好”生活	未
党建服务促动社群创建 市民驿站成了老人的“家”	未
党建聚焦一场弥漫着新鲜泥土味的组织生活会在辛庄中心社区召开	未
党建要闻丨县委组织部召开树组工形象 做模范部门专题研讨会	未
党建要闻  中共康平县委十七届六次全会提出：提振精神，大干实干，奋力完成全年各项工作任务	未
党建资讯上海地铁维护保障有限公司与上海电科智能系统股份有限公司开展党建联建学习	未
党建退伍军人退伍不褪色 建设家乡当先锋	未
党性的光辉共筑生命的桥梁- --锦旗背后的南航人故事	未
党恩沐华夏 我与改革共奋进--纪念改革开放40周年作品征集	未
党报进出租  书香伴我行	未
党支部工作条例应知应会65题，最新出炉！	未
党支部设置有哪些新变化支部建设如何抓权威解答来了	未
党政党情一起讲，巨各庄镇齐分享	未
党政机关如何践行网上群众路线快来看看泊头是怎么做的，并邀请您投上一票	未
党政领导抓环保  台州市副市长赵海滨调研五水共治工作时指出：高标准建设污水零直排区，打好治水护水组合拳	未
党旗在列车上高高飘扬（一线思考）	未
党旗所指就是团旗所向  新密市各乡镇市属学校团组织换届进行最新报送，青春路上奋斗不止	未
党旗领航五送助脱贫丨柳州市就业扶贫招聘会在融水举行	未
党旗飘扬十一月主题党日活动重师德 强师风	未
党旗飘扬听教工委副书记王秦生讲党课：践行新时代党的组织路线 提高教育系统干部工作水平	未
党旗飘扬，汇聚国企发展合力	未
党暖人心，今天教育益家花季大讲堂一票难求受热捧！	未
党校系统社会治理现代化研讨会在绍举行	未
党的十九大代表们陆续到达并进入会场	未
党的十九大河北省代表团值班室速写	未
党的十九大河北省代表团召开第一次全体会议	未
党的建设新工程——纪念建党95周年述评	未
党知部一图读懂最新版《中国共产党支部工作条例（试行）》	未
党立利刘爱玉，快来领你们的身份证啦今天（12月16日）下午，爱心车友难得糊涂，捡到了两个身份证和一个驾驶证，请失主看到后，尽快联系车友难得糊涂（电话：15617870987）	未
党风廉政首个！我区建成首个廉洁文化基地	未
//@兜兜兜兜啭:所以自首就自首呗 还非要说是和警方主动取得联系 些遣词用句都太清新脱俗了 果然是公关团队 哈哈哈 只不过自首的话判个两三年差不多以儆效尤 也给国内的法盲们上一课	未
兜底资产查验工作顺利进行	未
入关还被要小费秘密武器show出来我们精心制作的双语卡片已于近期在国内主要机场和航空公司值机柜台发放。如遇外方公职人员索取小费，请予拒绝并向其出示卡片如导游明示或暗示向外方公职人员付小费，请予拒绝，并向文化和旅游部12301旅游服务热线举报。@首都机场  ...全文	未
入冬了，再看一眼渔洞水库的秋色吧！	未
入冬以后的第一个晴天圣诞节也快到啦 你们想要什么礼物呀	未
入冬以来最冷天气今晚要！来！了！全省湿冷，广州最低7！	未
入冬以来的第一场雪，这些景区美的不像话	未
入冬啦大boss冷空气今天就到浙江，周末气温低至0！	未
入冬啦杭州东，动起来！	未
入冬跳舞，五件事不能做，舞友们要牢记	未
入冬，这里已经美成了这样！周末来打卡！	未
入华3月战绩：日卖800杯，这个日版星巴克凭什么	未
入园免费吃！只想打包这片橘子园！摘橘子去喽！	未
“入园难”怎么破？“入园贵”如何解？——聚焦学前教育深化改革规范发展若干意见七大亮点	未
入围决赛名单出炉！这些客家山歌达人要火！我在凤岗等你	未
入展图赏  世界自然遗产中国梵净山	未
入展图赏  红滩湿地 海韵蓝镇	未
入手尤里米的十大理由！	未
入教能治病记住邪教的以下特征	未
《入殓师》导演来华拍片，他曾凭粉红电影出道	未
入狱养老记	未
入秋以来最冷天气来！了！明日将袭卷河源！	未
入秋后水果煮着吃，这些水果可以煮着吃哦，水果的另一种吃法，快去试试吧运动v势力	未
入股德生堂 阿里健康急拓线下药房版图	未
入选人类非物质文化遗产名录  “藏医药浴法”有何奥秘	未
入选宁波市清廉教育基地！余姚这两个地方你去过吗	未
入选职业碗的外接手 体育V势力	未
全世界30种最濒危鸟类之一——海南虎斑鳽“现身”贵州	未
全世界一生必去的30个旅行地，你打卡过几个	未
全世界互联网至少可分成四种模式。第一种是硅谷推动的所谓开放互联网，主张去中心化开放和自由第二种是欧盟推动的资产阶级的互联网，主张保护隐私和用户信息打击虚假新闻，而且要求技术企业缴纳相关的网络税第三种是受到特朗普政府和美国一些议员支持的商业互联网，推崇创新和对大数据的利用，同时又抵制硅谷模式的完全去中心化第四种是中国的互联网模式。这种模式利用互联网和大数据来处理公共安全卫生健康交通运输等问题，并提高民众福祉。南安普敦大学计算机科学教授温迪霍尔	未
全世界只有 5，000 双，还是限量的椰子香！	未
全世界最好的NCTNCT相关181207 脸书更新NCT相关资源by阿木翻译by尺子即使在寒冷的天气NCT 也做了志愿活动.为了老人们温暖的午餐，分餐洗碗餐盘处理也都完美地做了结尾的NCT今天也过了充实的一天转载请注明NCT中文首站又暖心做公益的市长们[米奇比心]	未
全世界最好的NCT[超话]NCT直播181225VLIVE直播圣诞快乐资源byRan翻译bySeol直播链接网页链接	未
全世界最好的NCT[超话]郑在玹预览181210曼谷机场出发饭拍预览_在玹cr pianissimoampmotiveampslash资源by Lina请注意，您购买的生鲜水果特产大白桃已从曼谷机场坐上飞机即将空运抵达韩国	未
全世界最好的NCT[超话]黄仁俊[超话]相关181123NCT DREAM官推更新仁俊相关资源amp翻译byErin各位西珍妮 天气很冷小心感冒天气变冷了小心别感冒了 -纯少转载请注明NCT中文首站	未
全世界最好的李知恩 181216 INS更新DLWLRMA in SingaporeByebyesinga singaIll never forget what we shared yesterday	未
全世界最好的李知恩 2019年官方台历视频截图[给你小心心][给你小心心][给你小心心]	未
全世界最好的李知恩 壁纸愿你三冬暖，愿你春不寒愿你天黑有灯，下雨有伞愿你一路上，有良人相伴	未
全世界最舒服的睡觉姿势 你试过没	未
全世界最贵的树叶，小山村靠它年赚千万！	未
全世界最贵的螃蟹，12.2万元1只	未
全世界每年至少250万人神秘消失	未
全世界游客最多的博物馆！故宫年游客量首破1700万	未
全世界的男孩 //@乌云装扮者:来啦！转关，12 月 10 日晚 22:00 我抽三人各送 @NET-A-PORTER颇特女士 亚太站 50 美金无门槛代金券一张。	未
@全世界！这里有一张松原名片，请查收！	未
全东莞最大 60万m航母级购物中心开业倒计时，  这个CBD新地标已刷爆朋友圈！	未
全亚洲第一大的跨国瀑布，许多越南人在这里逐水而生。小小莎老师 不止旅行 旅行新势力 微博视频	未
@全体党员，党支部工作条例来啦！	未
全体党员收藏！中共中央印发《中国共产党支部工作条例（试行）》	未
全体党员收藏！《中国共产党支部工作条例（试行）》（全文）	未
全体党员收藏《中国共产党支部工作条例(试行)》印发(附全文)	未
@全体大连人：我们共同的目标是争取六连冠！	未
@全体常州人，明天就迎来12月啦，这些消息也来了	未
全体常州人注意！有1个坏消息，6个好消息，你想先听哪个	未
@全体干部：《干部人事档案工作条例》全文公布，抢先看啦！	未
@全体昆明人，快来为团市委打分提建议啦！！	未
@全体昆明人，快来评价82个市直机关的作风，给出你的打分	未
全体沈阳人都在一起做一件事儿，这是我们不懈追求的城市梦想！	未
全体沛县人注意！有1个坏消息，5个好消息，你想先听哪个	未
@全体群友 谁能一眼看出图中的三句话，谁的头脑就灵活！	未
@全体老兵，24条国家举措有没有暖到你	未
全体荣县人注意！有1个坏消息，6个好消息，你想先听哪个	未
@全体达州人！让我们一起坐上这趟列车， 冲刺2025	未
全体集合！送老兵！	未
@全体颍上人，看看文明城市的幕后英雄！就看你的了！我接力我转发	未
全体高校教师 新时代高校教师职业行为十项准则来啦！	未
全军军以下部队新时代营区建设技术《指南》出台新时代全军军以下部队新营区建设的标准是什么近日，军委后勤保障部出台军以下部队营区基地化标准化建设技术《指南》（试行），为全军正在进行的新营房建设试点提供基本遵循，军委后勤保障部军事设施建设局负责人表示，《指南》旨在打造军事功能完备规划部署集中保障弹性适度管理规范高效，适应我军由大向强跨越式发展的新型部队营区，推动军事设施建管模式创新，全面提升军事设施实战化保障能力保障效能和资源配置标准化程度，为建设世界一流军队提供可靠坚实支撑。营区基地化标准化建	未
全军和武警认真学习《习近平谈治国理政》第二卷	未
全军和武警部队官兵认真学习讨论习近平重要讲话	未
全军装备系统专项整肃治理任务全面启动	未
全军认真传达学习十三届全国人大一次会议精神	未
全军采取有效措施确保冬季供暖安全节能绿色环保	未
全军采取有效措施确保冬季供暖安全节能绿色环保随着供暖季节的到来，如何让部队安全温暖绿色过冬近日，军委后勤保障部工程质量监督中心组织专家研编了军队冬季供暖安全节能技术指南，指导全军各部队做好冬季供暖工作，这是全军部队采取有效措施，以实际行动支持驻地蓝天工程建设的一个缩 ...全文	未
全军采取有效措施确保冬季供暖安全节能绿色环保随着供暖季节的到来，如何让部队安全温暖绿色过冬。近日，军委后勤保障部工程质量监督中心组织专家研编了《军队冬季供暖安全节能技术指南》，指导全军各部队做好冬季供暖工作，这是全军部队采取有效措施，以实际行动支持驻地蓝天工程建设的一个缩影。（解放军报记者部）全军采取有效措施确保冬季供暖安全节能绿色环保	未
全军集合！	未
全军首款单兵战救训练智能腕表亮相沙场 咋样近日，一场开辟通道演练正在紧张进行，只见一名排爆战士双手受伤倒地后，他立即通过语音向佩戴的战救训练智能腕表发出了紧急呼救的指令，火线救护组搜救终端和后方保障群指控终端大屏上即刻呈现不停闪烁的红色求救信号和伤员的位置，这是解 ...全文	未
全剧终，看见满场空座椅，灯亮起，这故事，真实又象虚幻的情景	未
全力以赴。	未
全力以赴，争创三级！什邡市中医医院接受国家三级医院等级评审	未
全力以赴做好省园博园建设布展	未
全力以赴！市妇联为做好这项工作郑重表态了	未
全力以赴扎实抓好当前安保维稳工作常宁市公安局召开安保维稳百日会战工作调度会	未
全力以赴确保如期完成目标任务王庆华李铭赴七都调研水源地整治	未
全力以赴迎国测    普陀二中召开创城誓师宣讲大会	未
全力保障迎峰度冬12月14日，仪征供电公司运检人员赴浦西小区配电室检查低压开关。临近冬季，用电负荷增大，仪征供电公司全力保障供电，践行人民电业为人民的诺言。	未
全力投入脱贫攻坚定点帮扶	未
全力推动设立科创板并试点注册制尽快落地	未
全力支持民营企业发展壮大——专访北京市市长陈吉宁	未
全力确保孩子上下学安全！郑州市将开展校车安全专项整治	未
全力迎战降温雨雪天气12月10日，徐州丰县地区迎来首次降雪，国网丰县供电公司全力应对，组织人员特巡线路变电站和重要设备，确保电网安全稳定运行。加强与气象部门的联系，及时掌握天气变化提前预测分析负荷，对电网运行风险进行预警	未
全包装送他们最赞而且款式还很多 今晚8点开拍 ！ 快过年了，赶紧给老爸买起来//@et发烧友:哇！之前帮老爸买了两件，超奈斯。这次又准备剁手鸭	未
全区2019年度重点党报党刊征订工作会议召开	未
@全区党员干部 这两个《条例》很重要，你学习了吗	未
全区公安机关刑事执法突出问题专项整治第二次推进会召开	未
全区品质随州示范区建设动员会召开	未
全区域全时段全覆盖！长乐这个镇提升群众安全感有实招	未
全区扫黑除恶专项斗争推进会召开	未
全区青少年中国式 摔跤锦标赛落幕	未
全单6.8折！快来抱团，大贝壳有家从老家空运来的烤肉店！	未
全南检察下基层，助力农村法律明白人培养工程	未
全县2018年度绿化先进单位绿化模范小区 创建动员大会召开	未
全县3023名家庭贫困高中生获国家助学金，其中容县高中共有......	未
全县卫生健康大会暨创建省级卫生县城总结表彰会召开，一大批单位和个人受表彰，看看有你认识的吗（附详细名单）	未
全县召开扫黑除恶专项斗争大会啦！速来围观	未
全县妇女返乡创业工作现场推进会召开	未
全县宣传思想工作暨2018年冬季集中教育动员部署会议召开	未
全县宣传思想暨县域文明指数测评工作会召开	未
@全县所有公职人员：在这项工作上，所有人都要积极行动起来！	未
@全县所有部门单位，这个年度重要工作又开启了！看看第一时间有你吗	未
全县扫黑除恶专项斗争推进会召开	未
全县推进国家监察向乡镇延伸工作会召开	未
全县精准扶贫专项贷款催收公告	未
《全口义齿临床规范化操作培训班》深圳站	未
全台首家「可饱览海景」诚品书店，12月进驻三井台中港台湾自由行MITSUI OUTLET PARK 台中港，明天(11月29日)即将开始试营运，这将是台湾首座海港型购物商城。受许多文青喜爱的诚品生活也确定进驻，并将开出全台首家「可饱览海景」的诚品书店。诚品生活台中三井店以「海线文化聚集平台」为定位，除15座「货柜书架」，还保留25公尺宽的落地大窗可饱览海景搜罗全台诚品最齐全的海洋书籍海线城市特有的宫庙文化也是一大特色。	未
全名单双先，是他们！	未
全名单双先，是他们！戳进看详情！网页链接	未
全名单来了！成都表彰100户民营企业30位民营企业家20名创业者	未
全国10个河北仅1个！丰宁将代表承德	未
全国153个区县齐聚临潼，原来是为了这个！还有更厉害的	未
全国17所高校30支代表队90名本科学子比拼“智能制造”	未
全国17所高校90名本科学子在沪比拼“智能制造”	未
全国19家纪念馆将联动公祭！	未
全国2000多个县，蠡县名列其中，速来围观	未
全国2018民生示范工程评选开始啦！请您为家乡池州（088号）助力！	未
全国30多位记者齐聚鲁南制药，寻找沂蒙精神地标	未
全国31个省区市文化常识，人文旅行吃货必备！收藏备用！趁大好时光，我们出发吧	未
全国40余家主流媒体打卡达州，直升机外国美女都来了	未
全国40家企业大咖集聚开化，为好地方经济发展号脉	未
全国5.6亿亩高标准农田是这样建成的	未
全国5A级景区大汇总！江西11处锦绣河山，收藏起来打卡	未
全国5A级景区都在这，分享给有需要的朋友！	未
全国5G来啦！工信部批复5G试验频率 全国范围规模试验将展开据@央视新闻 ，工信部确认，三大运营商已经获得5G试验频率使用许可批复，这意味着全国范围的大规模5G试验将展开。按照计划，中国将在2019年进行5G试商用，2020年正式商用。	未
全国5G来啦！工信部批复5G试验频率 全国范围规模试验将展开据@央视新闻 ，工信部确认，三大运营商已经获得5G试验频率使用许可批复，这意味着全国范围的大规模5G试验将展开据悉，按照计划，中国将在2019年进行5G试商用，2020年正式商用	未
全国60多家融媒体来海南都去了哪这场盛会了解一下	未
全国60多家融媒体记者继续畅游海南，三亚免税城海鲜广场遥感信息产业园逛不停	未
全国8大行业顶尖大学：毕业后工作稳定，薪资很高！	未
全国94名交通运输行业精神文明建设先进工作者，看看有你认识的吗	未
全国K12技术与工程教育联盟成立，南师大研究基地揭牌	未
全国PPP带动投资6.6万亿 财政部将发文规范PPP发展	未
全国一等奖！交大人又双叒叕设计了一座小桥	未
全国三跤总决赛河北迁安开赛	未
全国中学生数学冬令营夺金，合肥高三男生保送清华“姚班”	未
全国中小学教科书连续4年实现绿色印刷全覆盖	未
全国中小学校消防安全宣传教育工作推进会在银川召开	未
全国中西医协同治疗艾滋病工作现场交流会在昆明召开	未
全国主流新媒体航拍四川大型采访活动12月3日启航12月3日-9日，川跃四十年 再瞰新天府第二届全国主流媒体航拍四川大型采访活动。此活动将采用航拍这一独特的报道形式，展示改革开放40年来四川取得的成就。本次航拍活动吸引了来自北京广东天津重庆等全国多个省市主流媒体共计60余名全媒体记者汇聚四川，通过直升机无人机航拍方式，结合实地走访等形式，多角度了解和报道改革开放以来四川所取得的发展成就。活动共分成都达州自贡三站行程。（四川在线）	未
全国九大学科教研主任备考经验交流会在衡水十三中学召开	未
全国互联网企业团建工作推进活动启动	未
“全国五代十国文物信息交流论坛”首次在成都举行	未
全国交通安全日  7死4伤，小轿车冲向公交站！关注细节，平安出行！	未
全国交通安全日：人民网发微博提醒骑行中最不可忽视的9大安全细节	未
全国交通安全日  你有一份《安全须知》待查收	未
全国交通安全日使用推广示意挥手点赞回礼四种手势	未
全国交通安全日 凝神聚智，认真开车	未
全国交通安全日，台州百万群众当交警势动全城！	未
全国交通安全日在行动 闪送为骑手举办交通安全培训	未
全国交通安全日 守规通行，人人有责。出行你我他，安全是永恒不变的定律！我是海马汽车车主，安全文明出行，从我做起	未
全国交通安全日我们不一样：三级分会场深入宣传各具特色！	未
全国交通安全日 文明出行，飞驰一生！	未
全国交通安全日有奖答题开始啦！	未
全国交通安全日来临之际，全市千校百万学生为交通安全庄严承诺	未
全国交通安全日来啦！守护你安全出行，南海公安做了这么多！	未
全国交通安全日  百变的122，不变的平安情！	未
全国交通安全日：营口交警带你零距离体验关乎生命安全的这些事	未
全国交通安全日：让驾驶有文化 让安全有温度	未
全国交通安全日 转发这条微博，祝你一路绿灯畅行无阻。	未
全国交通安全日重细节平安行 重要提醒！今天下午16:52，锁定山东广播电视台公共频道，有一场活动关乎人的生命！	未
全国交通安全日 高速交警二支队八大队在行动	未
“全国交通安全月”12月启动 沪将开展八大类宣传活动	未
全国人力资本总量40年增9倍 山东、河南、广东居前三位	未
全国人均可支配收入首次公布:18311元	未
全国人大与日本国会众议院合作委员会第九次会议在京举行	未
全国人大代表张道衡：扎根田间地头的果蔬大王	未
全国人大代表：调研获悉超九成人希望重阳放假，建议设法定假	未
全国人大常委会会议今起举行 这些议程值得关注	未
全国人大常委会促进科技成果转化法执法检查组赴贵州开展执法检查	未
全国人大常委会即将审议最高法关于深化司法公开、促进司法公正情况的报告	未
全国人大常委会委员长会议组成人员进行专题学习 栗战书主持并讲话	未
全国人大常委会组成人员：建议民办教育促进法尽快出台	未
全国人大机关：为太仆寺旗贫困学生捐款，码上行动啦！@评论有奖	未
全国人大西藏代表团访问丹麦	未
全国人大西藏代表团访问法国	未
全国人大西藏代表团访问立陶宛	未
全国人大西藏代表团访问阿根廷	未
全国人大财经工作座谈会举行，谋划推进新时代人大财经工作	未
全国人大财经工作座谈会在京举行  谋划推进新时代人大财经工作	未
全国人大财经工作座谈会在京举行 谋划推进新时代人大财经工作	未
全国人大财经工作座谈会在京举行，谋划推进新时代人大财经工作	未
全国人大财经工作座谈会：谋划推进新时代人大财经工作	未
全国人民注意！	未
全国仅2家！沭阳经开区被列入“国家智慧型纺织产业园区试点”	未
全国仅2家！沭阳被授予这个国家级荣誉称号	未
全国仅有100人！阜宁这个人光荣上榜！你认识吗	未
全国仅有5000坛的腐乳，一口定终生，冠绝157年！	未
全国传销重点整治城市打传工作取得阶段性进展	未
全国住房和城乡建设工作会议举行 2019年将稳地价稳房价稳预期	未
全国住房和城乡建设工作会议召开 部署2019年十大重点任务	未
全国体育旅游产业发展大会举办	未
全国体育运动学校联合会年会暨中国青少年体育发展论坛举行(图)	未
全国供销合作总社纪检组长14年来迎新人：李金英接棒佟宝君	未
全国信息与通信人才专业技术培训建筑工程信息化项目全面启动	未
全国儿科名医冬季义诊，30个体检名额免费送，西安爸妈赶紧抢！	未
全国党建研究会在台州开会：全力打造上市公司党建示范高地	未
全国党政领导干部区块链培训基地举办首期研修班	未
全国八大员哭了！新资质标准发布！	未
全国八连冠！江苏职业院校教师就是这么牛	未
全国公证行业信息化工作推进会在重庆召开	未
全国农村危房改造工作培训暨加固改造现场会召开	未
全国农村留守儿童关爱保护“百场宣讲进工地”活动迎来第100场	未
全国出名！潍坊这4个地方上了百强名单，快看看有你家乡吗	未
全国初雪日大盘点 这些地方初雪正悄悄迟到硬核寒潮来袭，南方终于要下雪啦！对长江中下游地区的朋友来说，今年的初雪来得有些早。但如果扒一扒1981年以来的历史数据就会发现，不少人期盼的初雪，正悄悄逐渐推后出现。图1中颜色越暗或越偏紫，表明当年初雪时间越靠后。自2005年开始，华北黄淮地区的石家庄西安北京济南，以及图中可见，自2005年开始，华北黄淮地区的石家庄西安北京济南，以及长江中下游地区的上海南京武汉杭州长沙南昌合肥，初雪日均出现明显延后的趋势。有变化明显的，也有初雪日	未
全国加强乡镇政府服务能力建设现场会在佳木斯市华楠县召开	未
全国加强乡镇政府服务能力建设现场会在桦南召开	未
全国劳动模范刘会珍：云纺造就了我，教会了我勤劳与拼搏	未
全国卫生产业企业管理协会窦熙照会长一行莅临可靠	未
全国卫生职业教育产教现场会在夷陵召开	未
全国危化品安全生产专题视频会议召开	未
全国县级融媒体中心建设论坛晋江开幕，改革开放40年百佳县级广播电视台出炉！	未
全国友谊旅游联盟年会启动 走丝路古道 探千年楼兰	未
全国友谊旅游联盟年会在巴州召开	未
全国“双新双创”博览会今天在南京召开	未
全国反兴奋剂工作：推动建立长效治理体系	未
全国发展乡村民宿推进全域旅游现场会在湖州召开	未
全国发展乡村民宿推进全域旅游现场会在湖州召开(图)	未
全国发展和改革工作会议在京举行 明确将进一步提高对外开放水平	未
全国古城都应该学学阆中，有居民生活在里面，老城才有生命力	未
全国司法行政戒毒系统世界艾滋病日主题宣传月在重庆启动	未
全国各地海关开展形式多样的世界艾滋病日主题宣传活动	未
全国各地满族同胞欢度颁金节（第三版）	未
全国各地的优点云南各市州县的民族文化各有差异，去到不同州县都能感受不同风俗，饮食文化也是千奇百怪，风景地貌也各有千秋。	未
全国各地的优点你申请有你老家的优点吗有没有漏的可以补充	未
全国各地的优点说说你家乡的优点，说不定能找到对象哦	未
全国各大城市人均存款排名Top201北京人均13.3万 2广州 10.1万3上海 10.1万 4佛山9.2万5杭州 9万 6深圳8.7万7南通 8万 8沈阳7.8万9西安 7.8万10大连 7.7万你们达标了吗	未
全国各大城市住户存款余额及人均存款排名：北京人最有钱！	未
全国名山图集，看看你家乡上榜的是哪里	未
全国商务工作会议召开：做好对美经贸工作 加快自贸区自贸港建设	未
全国商务工作会议近日召开 贸易强国建设进程提速	未
全国围观！海宁婆婆为温州来的儿媳打造了一个梦幻婚礼！网友：请给我介绍一位这样的婆婆谢谢	未
全国地质调查工作会议在京召开	未
《全国城市市政基础设施规划建设“十三五”规划》发布实施	未
全国城镇共有住房2.7亿套 中国户均住房超过1套	未
全国外商大会下月召开 将发布利用外资领域”超级榜单“	未
全国多地迎来初雪！雨雪天气安全生产管控要点请查收！	未
全国大学生工程训练综合能力竞赛福建赛区预选赛落幕	未
全国大批二级公立医院转型潮来袭！	未
全国大降温了，你在的地方现在是几度呢欢迎晒图说出你那的气温哦。	未
全国妇联到最高人民法院调研妇女儿童权益保护工作	未
全国学生"学宪法 讲宪法"活动落幕 重庆夺"三冠"	未
全国实有市场主体达1.06亿户 今年日均新设企业1.84万户	未
全国家校合作大会13日在邗开幕	未
全国小康城市100强，泉州这个地方成范例！福建14地上榜，有你的家乡吗	未
全国小康城市100强，福建14地上榜两地成范例，有漳州！	未
全国小康城市100强，防城港上榜并成为范例城市	未
全国少儿武术大会在京举行	未
全国工业机器人大赛在沈阳开幕 选手实操大比拼	未
全国工商联专职副主席谢经荣：民营企业履行社会责任成效显著(图)	未
全国工商联副主席王永庆会见台湾优灵客协会代表	未
全国工商联召开推进境外工业园区建设大会	未
全国工商联推进境外工业园区建设大会在北京召开	未
全国已建成32个省级反诈中心	未
全国广播电视与网络视听文艺节目管理工作会议召开，聂辰席部署工作重点	未
全国征集100余件爱情遗物 成都这座失恋博物馆虐哭你	未
全国征集100余件爱情遗物 这座失恋博物馆虐哭你	未
全国律师宣誓迎接宪法宣传周字字铿锵！点击详情	未
全国徒步大会23日在父子山开走	未
全国扫黄打非进基层示范点，六枝这个地方上榜	未
全国扫黑办调研组到访贵州，新任省委常委时光辉出席座谈会	未
全国抗冻排行榜今天刷到一张全国怕冷排行榜，我大江苏居然是第一名来那么问题来了你们觉得江苏是魔法伤害太猛了，还是我们江苏人真的怕冷	未
全国抗冻排行榜：南北方谁更抗冻	未
全国招聘336人！不限户籍！这个招聘有点好，错过有点受不了！	未
全国政协举行新年茶话会 习近平发表讲话	未
全国政协俞委员提议：《关于制定独生子女父母养老政策的提案》，释放两大养老金的信息！	未
全国政协农业和农村委员会召开“三农”工作对口协商座谈会 汪洋出席并讲话	未
全国政协十三届常委会第四次会议开幕 汪洋出席	未
全国政协十三届常委会第四次会议闭幕 汪洋主持并讲话	未
全国政协召开双周协商座谈会 汪洋主持	未
全国政协召开双周协商座谈会 围绕“无障碍环境建设”建言献策 俞正声主持	未
全国政协召开双周协商座谈会 汪洋主持	未
全国政协召开网络议政远程协商会 围绕“推进快递行业绿色发展”建言资政 汪洋主持(图)	未
全国政协常委会召开 许家印等出席并学习六中全会精神	未
全国政协常委张勤：区块链将为我国扭转技术依赖提供新机遇	未
全国政协经济委员会副主任杨伟民谈深化供给侧结构性改革	未
全国政协邀请已故知名人士和党外全国政协委员夫人茶话迎春 俞正声出席	未
全国政府秘书长和办公厅主任会议召开 肖捷出席并讲话	未
全国政府秘书长和办公厅主任会议召开，肖捷出席并讲话	未
全国文明城市创建，南京市第一医院全员动起来！	未
全国文明城市创建市民文明巡访团招募公告	未
全国文明城市年度测评本月起在佛山开展	未
全国旅行商共聚新疆巴州 共商旅游发展蓝图（图）	未
全国时代楷模王继才同志先进事迹报告会在东海县举行	未
全国最大的集装箱码头在宁波初步建成	未
全国最好医院排名发布，广东这10家医院上榜！赶紧收藏！	未
全国最挤街道排名公布！武汉11条街上榜，符合你的印象吗	未
全国最挤街道排名来了！武汉11条街上榜，这条街排第4，超过北上广	未
全国最新最全5A级景区名单来了！快数数，你去过几个	未
全国最新最全5A级景区名单来了！看看你去过几个	未
全国最有钱的工作你可了解	未
全国最赚钱的一条铁路线:京沪高铁京沪高铁2011年6月开始运营，连接北京上海两大超级枢纽，区位优势无可替代。截至2018年6月末累计发送旅客8.25亿人次，占全国高铁客运量约10，成为我国最繁忙的铁路客运线路。2018年以来，京沪高铁更是饱和运行，常常是一票难求。截至2018年6月30日，京沪高铁已安全运营2558天，累计开行列车76.7万列年均增长21.3，累计运送旅客突破8.25亿人次年均增长24.6。2018年上半年，平均每日开行列车472列，全线运送旅客9074.1万人次（日	未
全国最高抗寒水平你冷吗	未
全国有20个省份发生76起非洲猪瘟疫情！猪肉还能愉快地吃吗	未
全国有20个省份发生76起非洲猪瘟疫情！猪肉还能愉快地吃吗日前，一条北京房山发现非洲猪瘟疫情的消息，在朋友圈热传。疫情面前，北京坚决果断采取措施，对疫点及半径3公里范围内的3337头生猪进行了扑杀和无害化处理，进出人员及车辆严格消毒，并严禁疫区生猪和猪肉产品流出。农业农村部负责人在近日举行的新闻发布会上表示，近期发生疫情省份特别是主产省还在增加，防控任务依然十分艰巨。（中国消费者报）网页链接	未
全国有机农业产业发展对策研讨会在京隆重举行	未
全国模考大赛，等你来战！50元现金红包来袭！	未
全国模范检察官为安顺这位履职尽责 不改初心的检察官点赞！	未
全国武术套路冠军赛保定开战 364名高手一决雌雄	未
全国每年新增艾滋8万例，到底哪些鸟人会害你！	未
全国水源地6251个环境问题已完成95%	未
全国水源地环境整治任务完成95%	未
全国流感疫苗接种周 美中卫生合作在过去四十年一直是强有力的，包括一段长达20多年的致力于应对季节性流感和大流行流感的伙伴关系。我们在这一领域已经取得巨大进展，包括在中国提高对流感负担的意识以及促进流感疫苗接种政策的制定。这项合作让中国国家流感中心在2010年成为一家世卫组织（WHO）指定的合作中心，并通过共享有可能大流行的流感病毒样本为全球大流行防范工作做出了贡献。	未
全国海洋意识教育基地在上海浦东临港揭牌	未
全国消防宣传月 119在身边 留守儿童参观消防中队11月24日上午，龙湖新城社区留守儿童在社区负责人的带领下走进三山区消防中队参观学习，零距离接触消防文化和消防生活刚走进营区，孩子们就兴奋地冲着消防指战员高喊着消防员叔叔好在中队解说员带领下，老师和同学们参观了中队车辆器材 ...全文	未
全国消防宣传月119消防宣传月主题活动预告300名  广东省广州市119消防安全宣传月主题活动将于2018年11月30日下午15点及12月1日全天在广东科学中心举行现场有各种消防器材消防嘉年华游戏及小礼品我们将邀请300名市民朋友到现场参加活动，想要学知识的朋友可以在广州消防微信公众 ...全文	未
全国消防宣传月 11月24日，阜阳溜娃团和阜阳消防开展亲子体验活动@阜阳公众网  @安徽消防  @阜阳市人民政府发布  @阜阳发布	未
全国消防宣传月 一分钟消防员能干什么他们能尽他们所能！	未
全国消防宣传月你的插线板安全吗家里和办公室，最离不开的就是插线板了，平时我们忽略它，殊不知很多火灾也是它引发的，你检查过使用的插线板吗插线板使用别大意！	未
全国消防宣传月你身边的生命通道还好吗社区医院商场写字楼等的消防通道应该符合标准，因为它是保护大家的生命财产安全的生命通道。掌握以下知识，让我们的生命通道更通畅！	未
全国消防宣传月 入住宾馆您该知道哪些消防常识宾馆往往是集休闲娱乐住宿餐饮于一体，功能复杂，可燃装修多，暗藏的消防安全隐患。您可知道，入住时应当知道哪些消防常识呢	未
全国消防宣传月冬季取暖温暖陷阱要远离！	未
全国消防宣传月 冬季防火全攻略据说冬天和消防安全知识更配哦防哥为你准备了冬季消防安全攻略大餐，快来享用	未
全国消防宣传月办公室火灾逃生方法现代化的办公室不乏各种各样的电器设备，这些电器在给我们的工作带来方便的同时，如果使用不当，也会给我们的办公环境带来了一定安全隐患一旦发生火灾，该如何正确逃生戳图学习转发！	未
全国消防宣传月办公室火灾预防措施办公室有空调饮水机电脑打印机各式充电器等用电设备，给工作带来方便快捷的同时，也埋下火灾隐患，如何预防此类电器火灾呢来看预防办公室火灾的方法，希望能为你带来帮助！	未
全国消防宣传月 国际花苑幼儿园进红门 近日，宣城市泾县消防迎来了国际花苑幼儿园的师生门@泾县消防大队 带领小朋友和老师们参观了日常执勤战备车辆，以及消防器材装备，并通俗易懂的介绍消防器材装备并为幼儿园师生表演了水炮喷射爬绳挂钩梯等日常训练科目，让在场的小朋友们兴奋不已	未
全国消防宣传月 大量废旧轮胎起火消防成功扑救11月24日14时59分，榆林大柳塔消防中队接警称：杨家沟一修理厂发生火灾，火势较大。中队到场后发现，一堆废旧轮胎正在猛烈燃烧，现场浓烟滚滚，且周围杂草丛生，大火有蔓延趋势。根据现场情况，消防队员出多支水枪对大火展开围攻，并调来装载机对着火轮胎进行分摊，以便能对着火点进行有效打击，经一个多小时紧张救援，将大火成功扑灭。	未
全国消防宣传月 娱乐场所火灾逃生四个要随着人们对生活质量的要求不断提高，公共娱乐场所的建设逐年增多。由于公共娱乐场所内部装饰豪华，且可燃物质多，用电设备多，人员集中，一旦发生火灾，极易造成人员伤亡和财产损失。在此小编提醒大家：娱乐场所发生火灾时要谨记四个要。	未
全国消防宣传月 家庭消防安全核心提示冬季风干物燥，是火灾的高发期，提高家庭成员消防安全防范意识至关重要。	未
全国消防宣传月家庭防火盲区：电饭锅防火措施现代家用电器给我们提供了许多便利，让我们得到很多实惠，电饭锅就是其中之一。长时间使用，没有做到良好的保养，很容易给带来消防安全隐患。如何正确使用电饭锅，这些防火知识你一定要学会。	未
全国消防宣传月 寒冷冬季谨防上火 《安全过冬手册》值得拥有冬季天冷，小伙伴们使用电热水袋电热毯等取暖，约上好友在家中用电磁炉烫一锅火锅，想想都觉得无比温暖！但是，这些东西用不好可是会上火的，拥有《安全过冬手册》，你的冬天平安又温暖。	未
全国消防宣传月工厂消防安全你我须知创业千日难，火烧一日光。作为一个企业，必须重视安全生产。各位企业主和员工必须做到以下几点，加强厂房仓库防火，消除火患！（v：四川消防）	未
全国消防宣传月 平安消防 你我共享 丰台区卢沟桥街道深入平房区开展冬季消防安全宣传提示冬季天气转冷，风干物燥，人们用火用电增多，稍有不慎就容易引发火灾为深入推进辖区平房区居民消防安全教育，有效遏制小火亡人火灾事故的发生，丰台区卢沟桥街道自入冬以来持续深入平房区开展冬季 ...全文	未
全国消防宣传月 平安消防 你我共享 丰台区卢沟桥街道深入平房区开展冬季消防安全宣传提示冬季天气转冷，风干物燥，人们用火用电增多，稍有不慎就容易引发火灾。为深入推进辖区平房区居民消防安全教育，有效遏制小火亡人火灾事故的发生，丰台区卢沟桥街道自入冬以来持续深入平房区开展冬季防火宣传，进一步提高了辖区群众的消防安全的意识，全力确保辖区平安。	未
全国消防宣传月 平安消防 你我共享 冬季如何防火！进入秋冬季节，家庭用电用气用火增加，加之天干物燥，是家庭火灾事故发生的高峰期为此，小编整理了一些秋冬季节家庭如何防火的基本常识，希望市民多加注意！	未
全国消防宣传月 平安消防 你我共享 @北京石景山消防 苹果园小型站到辖区幼儿园开展消防培训工作11月23日上午，苹果园小型站到金鼎实验幼儿园开展消防安全知识培训培训人员根据孩子们的喜好和心理特点，采取通俗易懂和形象生动的方式，向孩子们详细讲解了火灾的预防发生火灾后如何报警如 ...全文	未
全国消防宣传月 平安消防 你我共享 北京钟鼓楼广场冬日演习忙为贯彻落实市区两级防火委119消防宣传月活动要求，做好今冬明春火灾防控工作，11月21日上午，@北京东城消防 联合安定门地区社区平安办公室组织钟鼓楼文保所微型消防站街道微型消防站安全生产检查队，以及9个社区共计8 ...全文	未
全国消防宣传月 平安消防 你我共享 多一些消防知识，少一分火灾威胁为更好推进消防安全宣传和教育工作，增强消防安全意识，提高消防安全素质，11月25日上午，石景山区第三幼儿园到石景山消防支队八大处中队学习消防知识，零距离体验消防生活	未
全国消防宣传月  当消防演练遇上亲子运动会11月29日，在凉亭镇文化广场，一场消防进家园 运动助成长为主题的消防亲子运动会举行，在县消防救援队员的指导下，消防亲子运动会有条不紊的进行我们将通过教育一个孩子带动一个家庭影响整个社会的消防安全宣传思路，全面构建全民参与 ...全文	未
全国消防宣传月 昌平消防联动多部门体检回龙观地区消防安全为深入推进今冬明春火灾防控工作，确保辖区火灾形势平稳，近日，昌平消防支队联合公安安监城管等多部门分成多个检查组深入回龙观辖区内居民社区出租房物业服务企业商市场开展消防安全检查，查隐患送平安	未
全国消防宣传月 每一个救援现场，每一处繁华的背后，总有橙色闪耀，守护城市的安宁今晚20:00 CCTV-12央视社会与法频道        22:39 CCTV-1 综合频道119消防宣传月特别节目中国骄傲，一首末日重塑致敬我们的中国骄傲 ！@CCTV-12平安365	未
全国消防宣传月 消防安全常识二十问认识火灾，学会逃生，消防安全常识二十问，你能答对几条，跟小编一起来做做这些消防安全答题吧！	未
全国消防宣传月 牢记这些知识 让危化品安全过冬随着冬季到来，对于化工企业特别是寒冷地区的企业来说，冬季生产面临更加严峻的挑战。寒冬时节，化工企业尤其要注意安全巡检和装置保温工作，戳图牢记这些知识，让危化品安全过冬！ （来源：@甘肃消防）	未
全国消防宣传月 赶紧拿走这本《安全过冬手册》，仔细看[米奇比心]	未
全国消防宣传月 高层建筑火灾逃生知识	未
全国湖南商会会长联席会议在广州举行	未
全国率先！在海南不换手机号码就可转运营商啦！办理携号转网仅用1个小时！	未
全国率先！江苏推出PPP项目全生命周期法律顾问制度	未
全国率先！深圳这些孩子看病可以手机刷医保，手把手教你操作	未
全国生态园林城市徐州古树名木何其多，江苏全省数第一	未
全国生态环境监测系统改革工作座谈会召开 加强五个统一建设现代生态环境监测体系	未
全国电力现货市场建设现场会在广州召开	未
全国百强县中牟	未
全国百强县之首昆山市委书记换帅：51岁姚林荣精研县域经济	未
全国百强县排行：江苏浙江山东成最大赢家，广东为何这么少	未
全国百强县排行：江苏浙江山东成最大赢家，广东为何这么少广东百强县之所以如此之少，是因为广东大多数强县均已撤县设区，而珠三角的佛山东莞一直都以镇域经济著称。一镇经济之力可挡一市，但这也不会体现在百强县排名之中。全国百强县排行：江苏浙江山东成最大赢家，广东为何这么少	未
全国百强县排行：江苏浙江山东成最大赢家，广东为何这么少广东百强县之所以如此之少，是因为广东大多数强县均已撤县设区，而珠三角的佛山东莞一直都以镇域经济著称一镇经济之力可挡一市，但这也不会体现在百强县排名之中全国百强县排行：江苏浙江山东成最大赢家，广东为何这么少	未
全国百强县最新名单出炉，看看南通各县市的排名	未
全国的5A级景区都在这，分享给有需要的朋友！	未
全国省会城市12个房价过万 西安6789元/㎡居25位	未
全国省级反诈中心与阿里安全联合推出云反诈矩阵	未
全国看宜兴，政协在努力：绿水青山，就是金山银山	未
全国石窟学者相聚峰峰 研讨响堂石窟艺术	未
全国社会体育指导员交流展示大会在渝举行(图)	未
全国社会体育指导员交流展示大会落幕	未
全国社会信用标准化技术委员会2018年年会在京召开	未
全国社保基金原副理事长王忠民：母基金如何助力资本创新和穿越周期？	未
全国社区网络春晚已成全民嘉年华	未
全国空气实时质量	未
全国空气质量实况重点：一个已经不知道霾了多少天的黄淮江淮，一个下了雪依旧沙尘爆表的新疆。	未
全国第一个楼宇联合党支部上海浦东嘉兴大厦纪事	未
全国第一套！扫黑除恶表情包，打败他们的技能图鉴了解一下！	未
全国第一家纪录片展示中心在广州开放	未
全国第一张有声报邀您来取名全国第一张智能化有声报2019年1月1日就要上线了，由光明日报与科大讯飞联合研发。现在缺个名儿，大伙帮帮忙，金木水火土的啥的就不用考虑啦，好听就行，只要被采纳，奖品等你拿	未
全国第二家生态中国体验教育基地花落上海海湾公园	未
全国第二届大学生书法篆刻作品展在京开幕(图)	未
全国第八套广播体操现在开始请大家跟着坎特老师认真跳起来跳完就可以晚安了哦FiersdetreBleus 坎特	未
全国米制品行业聚焦柳州螺蛳粉“网红之路”	未
全国红色故事讲解员大赛举行	未
全国红色故事讲解员大赛在上海举行	未
全国缉私第一个吃螃蟹：一条船惊动公安部！改革开放40周年 1979年改革开放第一声春雷在深圳蛇口打响当时集装箱码头多，监管空白，走私活动猖獗民警曾顶着海上六级强风，浑身湿透，紧抓栏杆也站不稳有一次蛇口派出所老所长张子明接到线报，但搜船三天三夜也一无所获，最后把整船吊起， ...全文	未
全国网友欢呼！新出规定！身份证照不满意可以重拍3次！	未
【全国网媒聚焦大理建州60年】农民博物馆:忆往昔 开启新征程！	未
全国网媒走进八路军太行纪念馆 体验革命老区抗战岁月	未
全国网站平台知识技能竞赛决赛在南京举行	未
全国网站平台知识竞赛决赛将在南京举行	未
全国网络名人看萍乡1958年，金国掀起大炼钢铁运动，幸福村的男人大都投入到炼钢第一线，村里产生了一批留守妇女。繁重的家条和农业生产促使刘辉兰刘秀珍等10位妇女结成十姐妹，除了耕种自家的农田，还帮助村民儆些力所能及的事。成立之初，十姐姝从搞好自家的清洁卫生儆起，保持门前后干净整洁。在她们的示范带动下，村里脏乱差的現象得到了根本转变。漸漸的，调解邻里婆媳矛盾和帮助国难户也纳入她们的工作范畴。40多年过去了，当年十姐妹的女儿媳妇们又主动从她们手中接过十姐妹接力棒，组成新十姐姝。妇	未
全国网络名人看萍乡即日起至12月15日，转发微博，说出你感受到的这些年萍乡发生的变化，众多丰厚礼品等你来拿	未
全国网络名人看萍乡 百年煤城萍乡，是全国100个缺水城市之一自2015年4月成为全国首批16个海绵城市建设试点以来，萍乡市围绕建设独具江南特色的海绵城市总体目标，全力推进试点工作，已连续两年获评全国第一依托海绵城市，萍乡市紧紧拥抱创新协调绿色开放共享新发展理念，确保海 ...全文	未
全国网络名人看萍乡 萍乡好人馆，是萍乡市一个固定的展示道德模范和好人先进事迹，弘扬美德善行的阵地和平台展馆位于萍乡市博物馆内，总投资500多万元，展陈面积1200多平方米，是目前全省面积最大，功能最全的好人馆，共分序厅助人为乐好人厅敬业奉献好人厅见义勇为好人厅诚实守信好人厅 ...全文	未
全国网络名人看萍乡 萍乡好人馆，是萍乡市一个固定的展示道德模范和好人先进事迹，弘扬美德善行的阵地和平台。展馆位于萍乡市博物馆内，总投资500多万元，展陈面积1200多平方米，是目前全省面积最大，功能最全的好人馆，共分序厅助人为乐好人厅敬业奉献好人厅见义勇为好人厅诚实守信好人厅孝老爱亲好人厅美德少年厅好人漫像厅，以及道德讲堂9个部分。	未
全国网络名人看萍乡 萍乡的路五颜六色，好看吧告诉大伙，这是海绵路，下一般的大雨，路面不会留下任何积水，全渗透到地下去了@萍乡发布	未
全国网络名人看萍乡 走进安源区后埠街观摩海绵工程项目11月28日上午，庆祝改革开放40周年全国网络名人看萍乡一行走进萍乡市海绵小区试点金典社区，开启了海绵城市生态之旅。一路上，大家边走边看边提问，认真了解了海绵小区的设想建设过程和成效，了解了海绵小区透水铺装雨水截流下沉绿地海绵体形成等改造后情况。网络名人大V纷纷表示，海绵小区不仅优化生态系统，还美化了小区生活环境，提升了居民的幸福感和获得感，是一项惠民工程。参观考察团一行还亲身感受了秒吸水的渗透效果。	未
全国网络名人看萍乡身临其境你会是什么样的感觉没错，这里就是那么美。。	未
全国网络名人看萍乡 鸡冠小镇，坐落在江西萍乡市上栗县鸡冠山乡豆田村，小镇总投资3.8亿元，核心区800亩，辐射区5000亩，以特色种植为载体，以开发乡村旅游为宗旨，以传承红色革命基因和弘扬中华传统文化为主线，通过发展果蔬种植休闲旅游民俗民宿花炮观赏四大产业，打造秀丽山水，研学旅行 ...全文	未
全国网络名人韶南京幸福燕子矶今天走进燕子矶街道幕府山庄小区，目睹了老旧小区改造后为社区居民带来的幸福生活，在党员们的带动下，社区老年服务中心为老人们的日常娱乐活动开辟出一片新天地，老年娱乐健身房，保健院区等。不仅增加了邻里关系的融洽，更为老年人的晚年生活带来无限乐趣。 @美丽燕子矶 南京幕府山庄	未
//@全国美帅代表://@刘大大大大大脸://@yoursLolita:转发微博	未
全国职业院校乡村振兴协作联盟成立	未
全国股转公司谢庚：新三板全面改革具备坚实基础和良好条件	未
全国股转系统第一届指数专家委员会成立	未
全国脱贫攻坚奖02闺女书记，养老扶贫	未
全国脱颖而出！河北这28村有了新名字！快看有你家乡吗	未
全国艺联将举办冬暖主题影展 聚焦当代个体情感和命运	未
全国范围土地跨省交易或提速推进	未
全国行业新闻网站传播力2016年10月榜发布	未
全国要建14个海洋经济发展示范区， 江苏再添两个“国字号”招牌！	未
全国计算机等级考试介绍	未
全国诗歌大赛在雨花台颁奖	未
全国财政综合暨财政电子票据管理改革工作会议在京召开	未
全国货车司机工资标准大揭秘！看完你还羡慕吗	未
全国贫困县已发展各类一村一品专业村1.5万个 村民人均可支配收入超万元	未
全国过货量最大的公路口岸，20分钟内完成通关！企业有福了	未
全国返乡创业现场会在金寨召开，释放哪些信号	未
全国退役军人信息采集，常见问题最新解答！	未
全国通用！宿州交通一卡通正式发行	未
全国道馆俱乐部柔道锦标赛全国总决赛开赛	未
全国重点大学，招收在职人员，政策补贴，轻松拿证，不误上班，学信网终身可查！	未
全国重点美术学院新媒体联盟论坛在中央美院召开 论坛通过北京宣言	未
全国重症医学质量控制大会举办 两千余专家研讨重症医学新进展	未
全国铁路明年元月5日实施新列车运行图 这些信息你要掌握	未
全国铁路有望“调图” 连云港去北京5个多小时	未
全国铁路首座专网与公网共享铁塔落户云南	未
全国铁路首座公专网共享铁塔落户云南	未
全国铸造能手“决战”2018年中国技能大赛	未
全国铸造能手嘉禾“决战” 分毫必争演绎工匠精神	未
全国防震减灾示范城市观摩会在唐山召开	未
全国青少年校园足球师资培训论坛暨国家级专项培训在芒市举行(图)	未
全国青少年校园足球联赛大学组揭幕 齐达内为比赛开球	未
全国青少年模拟飞行锦标赛哈尔滨开幕	未
全国青联大家庭新增4名宁夏优秀青年	未
全国首个5G实验网综合应用示范项目在贵阳启动	未
全国首个“一亿中流”企业上市加速器将在凤凰谷论坛上发布	未
全国首个京外代表团西藏团昨日启程赴京参加十九大	未
全国首个人机融合智能服务运营基地落地赤峰	未
全国首个！今天日照这个试点项目正式成立！厉害了！	未
全国首个大数据安全综合靶场贵阳国家大数据安全靶场一期建成	未
全国首个！天津立法治理校园欺凌！青春就该被温柔以待	未
全国首个！成都建成地下立体式智能共享单车停车库，下周投入使用	未
全国首个智能车吧落户雄安新区	未
全国首个海外惠侨工程中餐繁荣基地联盟在扬州成立	未
全国首个红色题材体验剧南京上演，“90后”自编自演王荷波	未
全国首个跨省5G视频通话在上海、苏州、杭州、合肥实现互联	未
全国首个跨省区流域综合治理与生态修复工程开工！	未
全国首个镇级碧桂园进驻千官！市领导廖鹏洲打Call	未
全国首个风电竞价配置结果出炉 风电平价上网再提速	未
全国首列健康科普宣传动车南宁首发	未
全国首创家庭全场景模式，京东悦舍打造无界零售居家生活方式	未
全国首创！成都自贸试验区信息管理服务平台上线了 25日，记者从首期自贸试验区信息化建设培训工作会上获悉，成都自贸试验区信息管理服务平台正式上线运行。该平台涵盖多个政府部门，通过该平台，部门与部门之间工作配合更加高效密切，将更精准地为企业提供服务。据了解，这在全国自贸试验区片区中 ...全文	未
全国首创 成都设12月22日为社区志愿服务日昨天下午，在社区爱成都2018成都社区志愿服务周活动正式启动。同时，成都设12月22日为社区志愿服务日，成为全国首个设立社区志愿服务日的城市。12月22日为冬至日，将这一天定为社区志愿服务日，意在承诺并号召全市社区志愿者积极行动。（成都 ...全文	未
全国首创！江苏股权交易中心“康养板”启动 助养老产业做大做强	未
全国首单民企中长期债券融资支持工具在津落地	未
全国首单老爷车进口通关业务在津完成滨海新区 为响应国家自贸区先行先试，大胆创新的号召，位于@泰达发布 的于家堡环球购公司日前在全国范围内率先完成了首单艺术品古董车代理进口业务工作，这是继老爷车区外保税展示模式后的又一项突破性的创新型业务。据不完全统计，中国境内的老爷车存量已超过千辆，这些车绝大部分是以向海关缴纳保证金的方式暂准进境，但需每两年实际出境一次再复运回国，增加了中国藏家的收藏风险与成本。	未
全国首套2米长全景画卷，一览长江与黄河	未
全国首家中华民族共同体主题展馆在郑州航空工业管理学院建成并投入试运行	未
全国首家电影文化主题酒店建在上海长宁！	未
全国首届中小微企业云服务大会在蓉举办	未
全国首张地铁通票面世 又是长三角！12月1日起沪-杭沪-甬地铁二维码互联互通 明年有望进一步覆盖长三角其他主要城市轨道交通。上海杭州宁波市民用一个App就能码通行三城地铁。（周到上海）详情点击今天起沪-杭沪-甬地铁二维码互联互通 明年有望进一步覆盖长三...	未
全国首批！仙桃被科技部点赞，入选创新型县（市）建设名单	未
全国首批创新型县（市）建设名单公示，荣成上榜！	未
全国首批！湄潭入选创新型县(市)建设名单	未
全国首批！湖北3地被科技部点赞，入选创新型县（市）建设名单	未
全国首批！科技部发布创新型县(市)建设名单 甘肃一县上榜	未
全国首批路测牌照常州发出 智能驾驶迈出关键一步	未
全国首次青年版权征文大赛结果在上海揭晓(图)	未
全国首次青年版权征文大赛结果在上海揭晓由中国版权保护中心指导中国版权杂志社主办中华版权代理总公司协办的新时代版权强国青年征文大赛评审结果11月30日在上海揭晓据悉，这是我国首次在全国范围内开展青年版权征文大赛（人民网知识产权频道）网页链接	未
全国首款零食CP品牌 山东临朐甜蜜发布(图)	未
全国骨科专家长沙“论剑”3D打印应用	未
全国高校思想政治理论课实践教学联盟在京成立	未
全国高校艺术博物馆联盟在杭成立	未
全场6.8折！抖音200W赞的炭火蛙锅惊现永城！满满两层全是肉	未
全场为他鼓掌！中国93岁老人表演罕见醉拳	未
全场录像中国足球小将 西班牙之行首场热身赛中国足球小将3:5西班牙人U9全场录像！哨声不止，战斗不息！中国足球小将，加油！[加油][加油][加油]网页链接	未
全场景AI守护马天宇小林觉得全场景AI是通过实现对智能家电设备，让生活可以浪得飞起来，关注@TCL电视 @林氏木业 转发本条微博并@ 一个好友，评论说出你送过最用心的圣诞礼物，25日抽 2 只浪宝宝送出法国欧舒丹草本纯净洗护礼包1套。（小林偷偷告诉你，小礼品很好用！）	未
全场-曼联1-3利物浦北京时间12月17日凌晨0点，英超联赛第17轮焦点战，曼联作客安菲尔德球场对阵利物浦。上半场马内为利物浦率先进球，林加德为曼联扳平比分。下半场，替补出场的沙奇里梅开二度帮助利物浦再度领先。最终曼联1-3利物浦。此役后，曼联距离前四已有11分的差距。	未
全场-曼联2-2阿森纳北京时间12月6日凌晨4点，英超第15轮，曼联坐镇老特拉福德对阵阿森纳。上半场穆斯塔菲为阿森纳率先破门，马夏尔进球为曼联扳平。下半场马夏尔伤退。拉卡泽特破门，林加德再次为曼联扳平，最终双方2-2战平，曼联遭遇联赛4轮不胜。	未
全场-曼联5-1卡迪夫城北京时间12月23日凌晨1点30分，英超第18轮，曼联客场对阵卡迪夫城，索尔斯克亚作为曼联主帅的首秀。拉什福德，埃雷拉，马夏尔分别破门，林加德梅开二度，卡迪夫城由卡马拉萨利用点球机会破门。最终曼联5-1大胜卡迪夫城。索尔斯克亚主帅首秀迎来开门红！	未
全场比赛开始！！！COME ON CITY	未
全场比赛结束！！凯尔特人圣诞夜生擒76人！！！121-114！欧文4010！！马上续上湖人VS勇士！搞快点搞快点！！NBA圣诞大战	未
全场比赛结束！巴萨1-1，不败金身晋级淘汰赛！登贝莱毫无人性的单骑闯关让巴萨一度领先，下半场的防守松懈导致被扳平西莱森表现世界级！多次拯救球队于水火！还有阿莱尼亚米兰达等小将，表现也不乏亮点！淘汰赛继续加油，赛季初的承诺一定要实现！	未
全场比赛结束！拜仁主场3-0击败了纽伦堡，莱万梅开二度，里贝里破门得分！将近3个月以来的德甲主场首胜！	未
全场比赛结束！拜仁客场4-0大胜汉诺威！基米希，阿拉巴，格纳布里和莱万各入一球。你觉得本场拜仁表现如何	未
全场比赛结束！拜仁客场4-0大胜汉诺威！基米希，阿拉巴，格纳布里和莱万各入一球你觉得本场拜仁表现如何	未
全场比赛结束，拜仁客场与阿贾克斯战成3-3平，以小组头名身份进入淘汰赛！莱万梅开二度，科曼也收获了一粒进球！一场令人窒息的比赛，也是相当精彩相当有戏剧性了	未
全场比赛结束，湖人111-126火箭。詹姆斯29分5篮板4助攻2抢断，库兹马24分3篮板5助攻2抢断，球哥7分3篮板8助攻，哈特15分，师弟17分3篮板，波普8分3助攻，麦基11分5篮板，钱德勒8篮板。湖人全队三分球32投10中，罚球27罚15中。终结两连胜，好好反省吧。	未
全场比赛结束，湖人111-88灰熊，排名升至西部第五位。詹姆斯轻轻松松拿下20分8篮板9助攻2抢断，哈特16分4篮板2助攻2盖帽3抢断，库兹马20分9篮板6助攻2盖帽，麦基10分10篮板2助攻，师弟9分5篮板2助攻，波普16分，米哈11分3篮板，钱德勒4分14篮板，球哥4分2助攻2抢断。	未
全场比赛结束，湖人99-107灰熊，对方结束了自己五连败。詹姆斯拿下22分14篮板7助攻1盖帽，祖巴茨12投8中拿下19分4篮板1助攻4盖帽，球哥4分3篮板2助攻3抢断，英格拉姆20分4篮板3助攻，库兹马11分6篮板6助攻，波普10分，哈特11分3篮板3助攻，隆多2分3篮板4助攻。	未
全场  皇家社会 0-1 阿拉维斯卡莱里的进球助@阿拉维斯体育 客场击败@皇家社会足球俱乐部官微 ，积分榜上升至第五位。西甲第17轮体育V势力激情灵魂，大爱西甲 西班牙马德里	未
全场结束， 我火108-101力克马刺，登哥39分4板10助2断，卡佩拉21分23板2助，戈登18分6助，塔克6分16板3助，豪斯4分3板，格林15分，克拉克3分3板，内内2分4板！休斯顿火箭	未
全场结束，湖人队 112-104 战胜 鹈鹕队。技术统计：网页链接	未
全场结束  莱斯特城 0-2 热刺孙兴慜远射打破僵局，阿里头球建功，热刺重回积分榜第三位英超比赛日	未
全场结束！马尔科姆和穆尼尔进球，丹苏梅开二度，普伊赫正式比赛首秀送助攻，巴萨4-1莱昂内萨，总比分5-1晋级。马尔科姆下半场含泪伤退，希望没事	未
全场结束，骑士队 116-101 战胜 奇才队技术统计：网页链接	未
全场  莱万特 0-5 巴塞罗那@巴塞罗那足球俱乐部 客场5球大胜莱万特。@梅西LeoMessi10 先是助攻苏亚雷斯首开纪录，随后成功戴帽打入三球，完场前皮前锋接梅西助攻禁区内破门锦上添花。本场梅西戴帽助攻梅开二度独造5球..激情灵魂，大爱西甲西甲第16轮 西班牙	未
全场  赫罗纳 1-1 赫塔菲罗德里格斯为客队首开纪录，完场前埃斯皮诺萨为赫罗纳扳平比分，联赛四轮不败。西甲第17轮激情灵魂，大爱西甲 西班牙马德里	未
全场通玩！南宁万达雨林门票特价只要29.9元！！！	未
全场  阿拉维斯 0-0 毕尔巴鄂竞技西甲第16轮 最后一场比赛双方均无建树战平。激情灵魂，大爱西甲 西班牙马德里	未
全城关注！12月8日，她要来了！	未
全城关注！一天捞出7吨   就在赣江南昌段	未
全城关注六安人，请选择！	未
全城刷屏！本周六免费到希尔顿参加圣诞点灯仪式，圣诞老人从天而降送礼物喽！	未
全城动员 全县联动 全民参与绥德县2018年全国交通安全日宣传活动声势浩大	未
全城助力！吴川某中学学生发生严重车祸，家属寻求现场目击者...	未
全城发售！大连路北兰州路东！8300元/起！交10万抵20万！	未
全城围观！南宁正嘢鹿角巷开业，全是人人人人人人人人人人	未
全城围观！红透大江南北，人手一杯的奶茶店来了！这次是	未
全城寻人！总价45万，送给泉州这群人！有你认识的吗	未
全城寻人！梅州街头跪地救人4分钟视频，太暖了！	未
全城寻找大胃王！麻辣烫中的爱马仕来了！一次吃遍80种！	未
全城寻找！想在泉州买房子的，一定要看看！	未
全城寻找！海口识字小达人，邀你来挑战！	未
全城寻找火锅狂人！9.9元40店狂刷17天！	未
全城寻找的美小护！就在南通市中医院心内科	未
全城寻找禹州最牛政策解读侠！破解难点非你不可！	未
全城寻找葫芦岛这位幸运儿，大润发喊你去领2000元购物卡！	未
全城寻觅前岐往事录！闽浙边界红色文史馆等待您的一臂之力	未
全城开抢！价值1080元省内唯一的野生动物园门票和40个游玩项目门票免费送！	未
全城征集：交通播报员安全宣传员。11月28日起，我们在朋友圈等你！！！	未
全城征集！家里有老照片的注意了！它们现在很值钱！	未
全城征集老物件持续征集中，就等你了！	未
全城扩散！寻找东莞锦鲤！瓜分1000杯奶茶！速来！	未
全城扩散！掌上白银给大家发钱啦 最高可得1000	未
全城招募兼职红娘：待遇优厚不限年龄不限性别不限工作经验！	未
全城招募吃喝玩乐合伙人！动动手指就能赚钱，还有红包雨	未
全城招募吃喝玩乐合伙分销员！动动手指就能赚钱还有红包雨	未
全城招募睡客！这是一家让你忍不住尖叫的酒店，超多不可描述	未
全城搜索，张家港此家企业职要你！	未
全城热战	未
全城热点：澳洲最牛的100位华人商圈大咖齐聚悉尼！	未
全城热练迎新年！2019株洲元旦半马赛等你来挑战！	未
全城疯传的好消息，鑫海韵通密云店11周年庆啦！	未
全城轰动！南亚惊现9站台，昆明人都骑着机车去正面刚了，还送价值3000元酒卡！	未
全城都在热议的南宁马拉松，到底能为我们带来什么	未
全城锦鲤只要你有22，我们就送208！！！	未
全城预约！中国人寿鑫享金生，温暖面世中国人寿为迎接2019年建司70周年，推出首款十年期特别纪念版产品国寿鑫享金生年金保险（B款）。国寿鑫享金生年金保险（B款）具有特别生存双百给付连续八年年金给付十五年满期保额给付和期间身故保费赔付四项权益。详情请咨询您身边的中国人寿客户经理或拨打95519。一键了解猛戳：国寿鑫享金生年金保险（B款）温暖面世	未
全城首推咖喱珍宝蟹限时半价抢购仅需188（快抢）	未
全域保险科技平台南燕保险科技完成1500万美元B+轮融资	未
全域旅游不一样的冰雪体验，我们在等你！	未
全域旅游冬天来了，我们到乌蒙大草原滑雪去，最低能享5.5折优惠	未
全域旅游吉祥物，瑶娃来了	未
全域旅游土默特右旗全力打造内蒙古自治区文化旅游休闲中心	未
全域旅游孕育发展新动能，文旅场景重塑，如何解构产业新生态	未
全域旅游  旅游也有新模式！新昌旅游，了解一下	未
全域旅游时代，5A级景区的龙头作用怎么发挥	未
全域旅游点燃中坝作坊小镇	未
全天资讯早知道，图片视频语音一起阅读才过瘾。星河说事为您呈现。	未
全套Premiere微电影/短视频剪辑案例教程	未
全套摩登舞架形练习及保持方法	未
全套腹肌高难度训练，看看你能做完吗	未
全媒体大开讲 大开眼界！百部古董车亮相香港上水12月8日，香港上水举行香港珍藏车协会周年午宴，阳光普照下的美丽草坡，放满上百架老爷古董汽车，令人大开眼界。展出的古董车包括：第一次世界大战世界赛车冠军同款车世界第一对鸥翼设计车以及全场年纪最大的古董车。除了经典老爷车外，还有一部全球最快的纯电动超级跑车Nio EP9，曾在德国纽布灵北环赛道创出七分五点一二秒圈速，拿过国际汽联电动车方程式世界锦标赛的首年度车手总冠军。节目更采访到 香港赛车之父潘炳烈和他的徒弟资深车手陈又男，讲解赛车手与车的	未
全媒体大开讲联合国通过会费分摊比例：中国超日本升至第222日，联合国大会通过2019-2021年预算分摊比例，中国超越日本升至第二位。那么具体中国将贡献多少这对中国将有何影响为什么排名和中国互换后，日本就急了未来三年，联合国的常规预算和维和预算将有怎样的变化实际上，今年7月，联合国秘书长就表示联合国已陷入财政困境，有超四成成员国拖欠会费。而作为联合国第一大会费国及维和摊款国的美国更是连续第六年未能按时缴纳会费。	未
全媒体实景党课今起开讲，明日聚焦教育幸福感亲历者回首上海改革开放之路	未
全媒体热搜300全业态品牌12月13日集结北京	未
全媒体直播！武进区庆祝改革开放40周年大会马上拉开帷幕！快快点进来 带你先睹为快	未
全媒头条细节关乎生命，安全文明出行内蒙古开展交通安全日主题宣传活动	未
全媒风向|Facebook推出2018用户“年度回顾”视频	未
全媒风向 | Facebook正在测试异地同步观看视频功能	未
全媒风向 | Google推出智能语音助手播报新闻	未
全媒风向 | Ins新的“内容创造者帐户”为大V提供特殊功能	未
全媒风向 | Twitter的“探索”选项卡改版为分主题呈现	未
全媒风向 | 和谷歌正面刚！Facebook重新推出搜索广告	未
全媒风向 | 油管即日起向更多创作者推出Stories功能	未
全媒风向 | 谷歌云拓展与《纽约时报》的广告营销合作	未
全孝感都在等下雪，这次它终于要来了！还是中雪！	未
全家7口曾为北京奥运捧场	未
全家推湃客咖啡为独立品牌，计划北上广开店	未
全家湃客计划价格上行自建配送 便利店咖啡加入资源混战	未
全家福boxing day！	未
全家福来啦，布莱恩特家祝大家圣诞快乐圣诞大战ThankYouKobe	未
全尺寸一个价！！尚东悦然 ins风水洗棉四件套39你们还有积分的也可以跟图1小可爱一样去换10元购物券，到手只要29！！	未
全屋大白墙已经OUT，客厅墙面用这4种色显高级！	未
全川唯一！攀枝花登上2018年世界春城80佳城市排行榜	未
全州3岁留守小女孩患脑瘤 干部爱心捐助	未
全州东西部扶贫协作月度工作会在兴仁市召开	未
全州宣传思想工作会议强调：举旗帜聚民心育新人兴文化展形象 奋力开创彝州宣传思想工作新局面	未
全州政协委员联络工作暨2018年度中共界别委员活动现场会在福泉召开	未
全州易地扶贫搬迁工作推进会强调：党政一把手当好施工队长宣传队长服务队长 加快让搬迁群众搬得出稳得住快融入能致富	未
全市2018年国家宪法日集中宣传暨宪法宣传周活动启幕	未
全市2018年第四季度经济运行调度会议召开	未
全市20人有突出贡献，沂水1人上榜！快看看是谁！	未
全市中小学“小法官”今日亮相模拟法庭 风华中学拔得头筹	未
全市中小学校党建工作现场推进会在白河召开	未
全市人力社保部门率先完成东西部扶贫劳务协作考核准备	未
@全市党员  2018年第四期必修课已上线，请您点击收看！	未
全市党员干部注意！《中国共产党纪律处分条例》知识答题活动来啦！	未
全市公安机关召开扫黑除恶专项斗争点评汇报暨工作推进会为切实做好扫黑除恶专项斗争转入纵深推进阶段的相关工作，11月29日30日，市公安局召开了全市公安机关扫黑除恶专项斗争点评汇报暨工作推进会。 全市公安机关召开扫黑除恶专项斗争点评汇报暨工作推进会	未
全市农村人居环境整治暨公共空间治理现场推进会召开	未
全市动能转换比学赶超项目建设观摩评议活动走进历城	未
全市发展壮大村级集体经济工作现场推进会在昭阳区召开	未
全市各地组织工作一周回顾	未
全市基础教育三项重点工作现场会在文县召开	未
全市天赋河套区域公用品牌建设农牧业绿色发展暨农村人居环境整治工作现场推进会召开	未
全市安全生产工作会议召开 汲取张家口11.28爆燃事故教训 扎实做好安全生产和消防安全工作	未
全市安全生产工作会议强调 汲取张家口11.28爆燃事故教训 扎实做好安全生产和消防安全工作	未
全市宣传思想工作会议召开，努力开创新时代我市宣传思想工作新局面	未
全市宣传思想工作会议召开，檀云坤要求重点抓好五项工作	未
全市小记者大会隆重举行！到场的还有	未
全市少先队员集中观看市第四次少代会开幕会直播	未
全市干部人事档案工作推进会在杭锦旗召开	未
全市扫黑除恶专项斗争推进会召开	未
全市扫黑除恶专项斗争推进会在我局召开	未
全市改革开放40年发展成就第二场新闻发布会举行	未
全市政协系统脱贫攻坚百千万行动观摩交流会第二观摩组来湄观摩（视频）	未
全市效能建设工作交流活动在我县举行	未
全市旅游营销队伍开展国际化营销培训	未
全市旅游重点项目推进调度会暨景区暗访问题整改工作会议在余干召开	未
全市易结冰路段清单，有你的必经之路吗	未
全市校园及校园周边食品安全专项整治活动启动仪式在萍乡市检察院举行	未
全市残疾人之家建设工作推进会在我县召开	未
全市毫不松懈严格落实各项应急措施   26日夜间空气质量将逐步改善	未
全市民心党建三社融合促三变春晖社现场观摩团走进正大镇长征村	未
全市率先启动，已有8000余人受惠！莲都的这个项目是	未
全市率先完成全覆盖	未
全市第一团支部书记工作座谈推进会召开	未
全市第一！西湖区2个文化家园获杭州首批五星级 ！	未
全市组织工作一周要闻回顾	未
全市网格警务互看互学互促活动在常召开	未
全市自然保护地问题整改推进会全市稳投资等工作专题调度会召开，张值恒讲话	未
全市见义勇为示范工作站创建工作现场会在幸福路派出所召开	未
全市解放思想大讨论全市解放思想大讨论专题报告会举行 王国平应邀作专题报告 庄增大主持	未
全市镇域环境整治工作会议，信息量很大！镇街的朋友一定看看！	未
全市首个！一条微信告诉你深圳这条海边街道怎么变成独一无二	未
全市首个矿坑公园C位出道，带来汤山温泉季	未
全市首家博士后成果转化基地挂牌  旷视科技获批一级站点	未
全市首家落户长宁！上海欧美同学会创新创业基地成立！	未
全年23次 中国运载火箭技术研究院刷新年度发射纪录	未
全年减税降费规模将超量 增值税税率下调有望加速	未
全年最低折扣！宜宾这个商场百万单品99元，连抢3天	未
全年购物限额升至3万元 海南离岛免税政策放宽	未
全心权益走进食堂	未
全成都，看米易远大美域国际康养小镇全球发布会盛大举行！	未
全托管：师宗县与曲靖市第一人民医院加强医疗联合体建设	未
全文收藏！习近平在庆祝改革开放40周年大会上的讲话	未
全新！2019年放假时间表公布啦！连云港人可能要多11天假！	未
全新一代宝马X5宣布官降，下调3万元！宝马中国宣布：对在中国大陆市场销售的原产于美国的BMW X5X6，以及X5M和X6M的厂家建议零售价进行适当调整，新的厂家建议零售价于本月15日起开始执行其中全新一代宝马X5降价为3万元百家车谈	未
全新一代福美来F5 发动，今天去哪里	未
全新一代福美来F5 猜我这次要驶向哪里	未
全新亚洲龙将国产上市，26万起步值得买吗?	未
全新奥迪A6L了解一下么_ 微博视频 海绵宝宝片尾曲	未
全新宝马1系曝光，将为入门豪华车市场带来哪些变化	未
全新弩武器：看起来很好吃的样子！	未
全新沂人注意，这几条好消息要知道！！	未
全新马自达3怎么就成了话题制造王	未
全方位  多角度  带你看丹江口市改革开放40年的变化	未
全方位开放新格局逐步形成	未
全方位的空气污染升级 看庞各庄如何出动整治	未
全方位解读信阳城区最新规划	未
全方位锁热一场说走就走的旅行，一次波澜曲折的密室逃脱。他们约好一起启程，但在路上同伴一个接一个消失！前路危机四伏，他该如何摆脱困境点击下图为他出谋划策，线索提示戳：网页链接	未
全方位锁热 冬季反攻正式开始，快来和小步一起解锁暖冬潮流新姿势吧！网页链接	未
全方位锁热怕冷星人们，暖冬攻略来啦！还不快来围观！有了这张攻略指南，不仅能让你在哈尔滨感受海南岛的风和日暖，也能让你在南极感受赤道的热辣火热。话不多说，戳下图深入了解，指南附录：网页链接	未
全旗农村牧区人居环境现场推进会召开	未
全旗宣传思想工作会议暨2018年文明委全体工作会议召开	未
全旗联盟（双城）国韵旗媛旗袍联谊会 启动仪式暨年会邀请函	未
全日本华侨华人联合会访甘肃：冀搭“订单扶贫”桥梁	未
全明星Day2：1V1 SOLO模式UZI VS Diamondprox 发条 vs 厄加特LOL全明星赛LOL全明星	未
全明星Day2：1V1solo赛1V1的晋级面板LOL全明星赛LOL全明星	未
全明星Day2：极限闪击模式红色方拿下胜利，caps最后拿了个五杀LOL全明星赛LOL全明星	未
全明星Day3：1v1solo赛caps vs uzi 剑魔 vs 发条LOL全明星赛LOL全明星	未
全明星Day3：1v1solo赛rookie vs pabu 刀妹 vs 女警LOL全明星赛LOL全明星	未
全明星Day3：1v1solo赛rookie vs pabu剑姬vs 阿卡丽什么黑科技LOL全明星赛LOL全明星	未
全明星Day3：LPL vs LCKLPL和LCK的阵容！LOL全明星赛LOL全明星	未
全明星明日赛程，明天有无限火力和LPL VS LCKLOL全明星赛 LOL全明星	未
全明星普吉岛高尔夫挑战赛收杆，泰好玩泰好吃泰想念	未
全明星比赛DAY2 慈善2v2锦标赛2v2决赛双方牛头锤石！谁才是第一牛头呢船长哭了斗鱼直播全明星赛  LOL全明星  LOL全明星赛	未
全明星比赛DAY2 慈善2v2锦标赛双方实现商量好都拿出派克和机器人骚套路斗鱼直播全明星赛  LOL全明星  LOL全明星赛	未
全明星比赛DAY2 慈善2v2锦标赛大师兄Ban了提莫，随后NA拿出妮蔻加蛇女而CIS拿出妮蔻和泽拉斯，一局4个妮蔻斗鱼直播全明星赛  LOL全明星  LOL全明星赛	未
全明星比赛DAY2 慈善2v2锦标赛第一局胜者飞船组合！船长开心的跳起了舞斗鱼直播全明星赛  LOL全明星  LOL全明星赛	未
全明星比赛DAY31v1决赛第一局：剑姬vsVN！斗鱼直播全明星赛LOL全明星LOL全明星赛	未
全明星比赛DAY3  东西方对决东西方对决第一场，东方教练是小花生西方是LicoriceRookie拿出卢锡安走AD位Caps选出凯隐打野，快乐起来了斗鱼直播全明星赛  LOL全明星  LOL全明星赛	未
全明星比赛DAY3  东西方对决西方队选出了诺手和派克走下，Uzi拿出了亚索！！！斗鱼直播全明星赛  LOL全明星  LOL全明星赛	未
全明星比赛DAY3中韩赛区对抗神超塞恩来啦，到底送不送呢斗鱼直播全明星赛LOL全明星LOL全明星赛	未
全明星比赛DAY3极速闪击来自派克的penta kil！！斗鱼直播全明星赛LOL全明星LOL全明星赛	未
全明星比赛DAY3  极速闪击第二轮对决PK西方队取胜斗鱼直播全明星赛  LOL全明星  LOL全明星赛	未
全明星比赛第一日 1v1淘汰赛Faker锁下发条！李哥想赢！斗鱼直播全明星赛  LOL全明星  LOL全明星赛	未
全明星比赛第一日 1v1淘汰赛Maple与Arce同时锁下了妮蔻新英雄在全明星赛场上真火斗鱼直播全明星赛  LOL全明星  LOL全明星赛	未
全明星比赛第一日 慈善2v2锦标赛S8世界赛日本赛区量尺帝再次出现斗鱼直播全明星赛LOL全明星LOL全明星赛	未
全明星比赛第一日 慈善2v2锦标赛大师兄对阵Uzi小狗吃手吃的真香斗鱼直播全明星赛LOL全明星LOL全明星赛	未
全明星比赛第一日 慈善2v2锦标赛李哥和船长嘿嘿嘿斗鱼直播全明星赛  LOL全明星  LOL全明星赛	未
全明星比赛第一日 慈善2v2锦标赛罗云熙与Rookie选出女警辛德拉组合对阵卡莉斯塔石头人冲啊！斗鱼直播全明星赛LOL全明星LOL全明星赛	未
全明星比赛第三日 1v1半决赛Caps赢下第一局后手抖得厉害，应该是太兴奋了斗鱼直播全明星赛  LOL全明星  LOL全明星赛	未
全明星比赛第二日 极限闪击模式Rookie阿卡丽1v2 点燃反杀一人斗鱼直播全明星赛  LOL全明星  LOL全明星赛	未
全明星第一日：faker牛头成功洗白，女装大佬双霞登场	未
全明星篮球与三分球大赛决赛	未
全明星赛DAY1 极限闪击模式第一场阿木木帽子进场瞬间爆炸，随之蓝色方取得了三场决斗的胜利，蓝色方取得了第二场任务的胜利斗鱼直播全明星赛  LOL全明星  LOL全明星赛	未
全明星赛程出炉！	未
全明星赛要来了！必须给罗斯投一票！	未
全是乡村题材 都在彭州采风	未
全是套路！刷爆万荣朋友圈的老北京文化庙会真相曝光！	未
全是小可爱哈哈哈哈哈奶萌//@系红领巾的猴子:后面六个应该都认识，安利下前面三个1p歌舞伎高丽屋市川染五郎，当时两岁，还叫着本名藤间斋2p是歌舞伎中村屋中村长三郎，3p是他哥哥中村堪太郎，当时弟弟正困呢就被抓起来穿衣服崩溃大哭，哥哥在后面冷漠吃冰淇淋	未
全是表情包，小千相关合集。链接:网页链接提取码:pa94	未
全景图解！高铁网正在改变中国	未
全景图解高铁网，正在改变中国格局	未
全景展示2018清洁供暖大型报道	未
全景观世界 到南非旅游，这里是个热门打卡地曼德拉广场，南非约翰内斯堡的地标之一。广场不大，但聚集了大量商店餐厅。广场上树立着一尊6米高的曼德拉铜像，以纪念南非国父曼德拉。 微博全景图片	未
全景观世界 带你去阿根廷的街头走一走布宜诺斯艾利斯方尖碑，阿根廷首都的地标建筑，为了庆祝布宜诺斯艾利斯建城400年，于1936年建造 微博全景图片	未
全景视频｜千年壁画难得一见，莫高窟讲解员带你看“特窟”	未
全景视频｜敦煌莫高窟数字化保护工程，逐行逐格采集壁画	未
全景视频｜跟随专家上玉珠峰，在冰川上科考采集样本	未
全景龙江教育界旅行界出版界的跨界联合，打造中国研学教育的新奇观！	未
全有事业编！中山这些好岗位正在招人，快来投简历吧！	未
全村人最后的希望来了！！//@改名字很_凡: 终于等到了！啊！！！！！受不了了//@爱土豆的树: ！！！！期待！！//@m1n2ha0:全村人最后的希望！	未
全村的希望，很有梗	未
全村的希望 [米奇比心]	未
全校老师18年来下班后坚持做一件事，为常州这所小学点赞	未
全桂寿到我县太平东荣等乡镇督导环境卫生和脱贫攻坚工作	未
全桂寿看望慰问勇闯火场救人的快递小哥唐基木	未
全桥阴天，风力3-4级，限速80KM/H，上海方向南服服务区加油站改造，暂停加油。另11月13日至12月28日应大桥主线治超站施工需要，杭州湾新区西（庵东）收费站往上海方向匝道仅允许车身高度2米以下车辆通行，其余车辆请从杭州湾新区东收费站上高速，造成的不便敬请谅解！五大队03	未
全椒：多措施进一步完善饮用水源地生态保护补偿机制	未
全椒这家企业被列为安徽省制造业单项冠军重点培育对象	未
全款也有盆友收到啦[米奇比心]	未
全民健身文化推广巡展北京站举办	未
全民健身条例将让体育产业成新经济增长点	未
全民健身，燃动全城12月4号中奖名单来啦！	未
全民公益：全民悦读每周教你一首诗（第三期 ）	未
全民关注！这条总投资106亿高速公路，途经高要水南禄步，有最新进展！	未
全民参与，答题赢奖品！还等什么戳进来立即开始122交通安全知识线上竞赛！	未
全民参与 谢谢。//@来强哥快点配合:现在每人草稿箱准备十条，七点一起参与，每两分钟发一条，两条之间就去搜索点赞广场	未
全民参与 防治火灾！笕桥街道开展社区消防站业务技能大比武！	未
全民回忆杀来了！500余张照片 200余件老物  讲述川人40年记忆故事	未
全民国防教育宣传图片巡展走进公园西小学	未
＂全民悦读游诵中国＂首站游诵咸宁正式启动	未
全民悦读湖北阅读会成立 兴读书学习之风	未
全民才艺秀 或许你们需要这样的小技术()今天是技术米美食大V秀 V影响力峰会 @鲜城微博视频 全民才艺秀	未
全民才艺秀琪琪alina 微博视频 全民才艺秀	未
全民打卡地！宁波市图书馆新馆竣工！先睹为快	未
全民找龙猫 龙猫电影暖心归来，想在百度地图也遇见龙猫吗！快打开百度地图，使用实时公交，找到龙猫一起出发吧带话题转发本微博@ 1位好伙伴，12月24号随机抽取3位好盆友，每人送1000元京东礼品卡！	未
全民携手，筑起反毒防毒拒毒的铜墙铁壁  博湖县开展职工拒绝毒品零计划活动	未
全民春晚第一批入围名单公布！舞美设计图曝光报名倒计时！	未
全民治水护家园！这些乡镇干得热火朝天	未
全民消防 有你有我看湖南消防的小哥哥们救援大演练119全国消防宣传月@湖南消防 开展景区山岳（高空）救援大演练。在张家界天子山的孤峰崖底，看消防小哥哥们如何高空飞索紧急救援，来一起为湖南消防的小哥哥们加油吧！！@中国消防新浪湖南的微博直播 .	未
全民禁毒志愿同行在路上	未
全民禁毒 志愿同行 广东省百万禁毒志愿者服务联盟正式启动	未
全民禁毒 志愿同行广东省（肇庆市分会场）百万禁毒志愿者服务联盟正式启动	未
全民禁毒志愿同行 肇庆同步启动广东省百万禁毒志愿者服务联盟暨公益行活动！	未
全民都要参与！湖东街道什么事这么热闹	未
全民防火 有你有我湖南消防宣传进校园全国消防宣传月为加大校园消防宣传力度，普及消防安全常识和安全技能，@湖南消防 在株洲市二中开展校园消防安全体验活动。通过VR消防沉浸式体验，模拟烟道逃生体验等，提高师生火灾防范意识和自护自救能力@中国消防 新浪湖南的微博直播 .	未
全民领现金红包，当然你也不要错过哦！	未
全民齐参与，共创文明城	未
全法陷入混乱时一段感人视频走红	未
全活儿！	未
全港中小学生庆祝改革开放40周年知识竞赛总决赛在港举行	未
全港第2个自助图书站位于尖沙咀 提供24小时服务	未
全灌南寻找160人！符合条件的快来！	未
全球12个能改变你拉屎观的茅厕，夹紧菊花跟我上！	未
全球15大军事强国美国商业内幕网综合各国武器人口国防预算等数据拟定了一份全球军事强国榜单。俄罗斯卫星通讯社带您了解相关统计数据 (信息图形) 网页链接	未
全球300多位权威水务专家齐聚重庆  探讨水生态文明建设	未
全球72小时达再提速 俄最大货运航空与菜鸟共建智能骨干网	未
全球MEMS传感器产业链！	未
全球PPP50人论坛首届年会今天举办，国内首个综合反映中国PPP发展指数报告发布由财政部北京大学指导，北京大学PPP研究中心主办的全球PPP50人论坛首届年会今天在北京大学举办。北京大学PPP研究中心四大研究成果《北京大学中国PPP市场蓝皮书》《北京大学中国PPP指数》《PPP示范项目案例选 ...全文	未
全球九大露天卧室酒店 之一，大名鼎鼎的芬兰玻璃屋Kakslauttanen，可以躺着看极光！简直太棒了！	未
全球二维码代码中国区发行正式启动	未
全球二维码代码发行工作中国区域正式启动	未
全球五个城市获广州国际城市创新奖	未
全球五大军事要塞：第一个掌握着亚洲国家航运生命线!	未
全球仅存3000只的“鸟界国宝”东方白鹳现身浙江玉环	未
全球仅此一艘！世界唯一极地凝析油轮命名（附独家视频）	未
全球企业品牌价值百强排行榜发布科迪乳业董事长称将择机再收购科迪速冻...	未
全球企业搭乘“中国快车” 进口博览会“热潮”不退	未
全球传感器和连接器巨头之一TE：自动驾驶传感技术如何演进	未
全球低轨卫星移动通信与空间互联网项目在渝启动	未
全球作家富豪榜揭晓！哈利·波特作者罗琳不是第一？	未
全球健康论坛将于2019年6月在青岛举办首届大会	未
全球免费wifi在重庆建设的这个项目更厉害！能让你全天候全时段	未
全球军售报告：百强名单美俄制造商分列一二	未
全球军工百强介绍（四十一）：印度军械工厂组织（Ordnance Factory Board）	未
全球军火销售百强名单 美俄制造商分列一二	未
全球创新大会登陆北京大兴北京身边事	未
全球前5！对话冀东水泥总经理：从满足基本需求，到贴合高端需求	未
全球化智库发布“改革开放四十年系列新书”	未
全球化智库新书揭华为开拓海外市场策略：“农村包围城市”	未
全球化智库理事长：中国是国际秩序的受益者	未
全球化背景下的新主角！独家解读F系仕荐	未
全球化遭遇逆流 G20阿根廷峰会承载何种期待？	未
全球化遭遇逆流，G20阿根廷峰会承载何种期待？	未
全球华人的干妈居然玩起了潮牌，好辣！视频	未
全球发展走到新十字路口，G20肩负更大使命和责任	未
全球可持续蓝色经济会议中国边会于内罗毕举办 中国望与各国共谋蓝色发展之路	未
全球唯一建在火山口里的寺庙 供奉罕见肉身菩萨 门票0元少有人知！	未
全球城市观察︱科技大公司的扩张能给城市带来什么	未
全球城市观察︱苹果将建得州园区，奥斯汀会是下一个硅谷吗	未
全球“外派人员收入榜”出炉：中国吸引力增强	未
//@全球大百科: //@美食和旅行:	未
全球头号核战舰出港，警告美航母必须绕道，俄迎来关键援军	未
全球学界震动：中国诞生世界首例基因编辑婴儿！HIV免疫与生俱来	未
《全球工程前沿2018》报告发布	未
全球工资哪国强？最高超4万元/月 最低仅400元/月	未
全球工资报告出炉:最高超4万元/月 最低仅400元/月	未
全球工资排行榜出炉 垫底的和冠军差了近100倍！	未
全球工资排行榜出炉，垫底的和冠军差了近100倍！	未
全球工资排行榜出炉，垫底的和冠军差了近100倍！通过统计136个国家2006-2017年间剔除了通胀的真实报酬数据，《报告》指出，按实际价值计算，全球工资增幅从2016年的2.4降至2017年的1.8。 国际劳工组织总干事盖伊赖德表示，初步迹象表明，2018年全球工资增长将继续放缓，这种工资增长停滞不前的状况是推动全球经济增长和提高各国人民生活水平的障碍。 在分析工资增长时，《报告》指出，在G20发达国家中，实际工资增幅从2016年的0.9降至2017年的0.4。相比之下，在G20新兴和发	未
全球已建548所孔子学院 遍布154个国家和地区	未
全球市值No.1变天 这家巨头以8512亿美元超过苹果	未
全球市长论坛在广州开幕 发布《广州宣言》	未
全球市长论坛将在广州举办	未
全球市长论坛暨第四届广州国际城市创新奖系列活动12月将在广州举办	未
全球市长论坛暨第四届广州国际城市创新奖系列活动将在广州举行	未
全球年度50佳封面设计，都在这里了！	未
全球性制度危机下，更好的出路在哪里	未
全球房价指数发布！北京上海广州涨幅跌出前50位	未
全球护照指数香港特区排13 内地排名58加拿大金融顾问公司Arton Capital公布2018年护照指数，中国香港特区护照有115个免签国家或地区，排名全球第13，比去年上升5位中国内地护照及中国台湾地区护照，则分别排名58及28位全球排名首位的则为阿拉伯联合酋长国护照，击败去年排列榜首的德国及新 ...全文	未
全球指数基金三巨头之一道富集团在华设立外商独资公司财联社12月17日讯，金融巨头道富集团12月6日在华设立外商独资公司卓思投资管理（上海）有限公司根据公示信息，卓思投资管理（上海）有限公司由道富环球投资管理亚洲有限公司100控股该独资公司注册于上海自贸区，认缴出资额为200万美元 ...全文	未
全球攻关 探究乙肝治疗路径	未
全球智造名企汇聚广东智博会 凸显智能制造元素	未
全球最可怕的景点楼梯，你们感受下	未
全球最大核电建造商中广核：去年接待公众参观者25万余人	未
全球最大独立集装箱船东如何打造海上Fedex	未
全球最大环保展子展落户成都 为西部科技治污提供全球方案今日上午，德国慕尼黑博览集团在成都召开新闻发布会，宣布全球最大环保展IFAT的中国西部子展落户成都，首届中国环博会成都展将于2019年6月27-29日在中国西部国际博览城举办现场，慕尼黑博览集团与中国西部国际博览城签署了长期战略合作协 ...全文	未
全球最大环保展明年6月落户成都 为西部科技治污提供全球方案	未
全球最大连锁便利店7-ELEVEn进军陕西  签约仪式西安举行（记者于忠虎吕聪）12月18日，7-ELEVEn陕西省特许经营项目签约仪式在西安市举行，这标志着全球最大连锁便利店7-ELEVEn正式进军陕西，将为大西安加速打造新零售之城，进一步促进宜居环境建设提升市民生活品质提供有力支撑。据了 ...全文	未
全球最大连锁便利店7-ELEVEn进军陕西签约仪式西安举行（记者于忠虎吕聪）12月18日，7-ELEVEn陕西省特许经营项目签约仪式在西安市举行，这标志着全球最大连锁便利店7-ELEVEn正式进军陕西，将为大西安加速打造新零售之城，进一步促进宜居环境建设提升市民生活品质提供有力支撑。据了解，根据协议，柒一拾壹（中国）投资有限公司将与陕西赛文提客便利连锁有限公司合作，并授权该公司在陕西省7-ELEVEn特许经营权，此授权具有唯一性，该公司注册地在西咸新区。陕西赛文提客便利连锁有限公司	未
全球最大连锁便利店要来陕西了12月18日，7-ELEVEn陕西省特许经营项目签约仪式和陕西赛文提客入驻西咸新区签约仪式成功举行。这标志着全球最大连锁便利店7-ELEVEn正式进军陕西，将为大西安加速打造新零售之城，进一步促进宜居环境建设提升市民生活品质提供了有力支撑网页链接	未
全球最有气氛的圣诞旅行地，看看你去过几个	未
全球最权威选美比赛之一的环球小姐大赛拉开序幕！几十个国家的佳丽身穿各具特色的民族服饰登场展示，看得人简直眼花缭乱	未
全球最浪漫的9件事也许你厌倦了生活中单调的色彩，那么这9个地方正好可以契合你无限的遐想，让你有立刻动身的冲动！	未
全球最牛大地艺术节的操盘手，首个中国项目将落地杭州	未
全球最牛的植物园，看完惊呆了！	未
全球最猛的男人“下海”	未
全球最贵商业街，竟是这条250米的小路！	未
全球最贵的晚宴	未
全球最贵的豪宅为何在公园旁?	未
全球最长的3D打印桥苏州造 打印35天可以使用30年11月29日，全球首座3D打印树脂景观桥亮相上海，这座桥梁长约15米，为目前全球最长的3D打印桥。值得一提的是，为这座3D打印桥提供打印原料的是咱们常熟的一家企业。据了解，这座3D打印景观桥完全按照普通景观桥的标准设计，每平方米可以承受250公斤的重量，使用寿命在30年左右，它所使用的ASA材料具有高屈服强度高耐候性高弹性模量和高抗冲击强度的特点。小伙伴是不是也被这黑科技折服	未
全球楼价指数  香港年升幅全球领先 预期明年放缓2018年第三季《全球楼价指数》今日（6日）发布，报告指出至2018年9月的过去12个月，中国香港一般住宅楼价年度升幅全球领先。报告亦预测，由于恒生指数的下跌，加上全球贸易战加剧货币走强及拟订实施针对发展商的空置税，明年香港住宅楼价升幅将放缓。全球樓價指數  香港年升幅全球領先 預期明年放緩	未
全球汽车零部件供应商麦格纳在华产业布局2018版	未
全球热点：“洞察”号登陆火星　首次“交心”意义深	未
全球爆火的YSL快闪酒店来魔都啦！限时7天！！席卷巴黎，纽约，东京！YSL美妆快闪酒店，终于来上海了！时博们都来打卡！暗黑系主题房，唇形霓虹灯隧道，YSL美妆图书馆，摇滚音乐廊，水疗房.炫酷好拍到起飞！各种新品彩妆随便试！还能看到马伯骞鬼卞等idol的演出！现在不花钱就能预约打卡！姐妹们，冲鸭！小资君资讯上海生活 时间：12月14日-12月20日地点：上海市滨江大道4777号艺仓美术馆	未
全球独一份的“雷达全家桶”，这家企业的“黑科技”大军一次看个够	未
全球独此一家，不仅能反坦克还能打空战，直10直升机有何独到之处	未
全球甬商 宁波又添一个国家级示范区！要打造一体二湾多岛	未
全球电信设备：华为力压诺基亚拿第一 5G专利领先近日，市场调研机构数据显示，2018年前三季度全球电信设备市场份额中，华为市场份额已经逼近30，处于第一，中兴位列第五名。专利数量方面，截至目前，华为排在第一，专利数据达到了49.5，高通排在第四位。全球电信设备:华为力压诺基亚拿第一 5G专利业界领先	未
全球碳排放峰值何时到来联合国环境规划署报告指出，全球温室气体排放在2017年再次攀升。中国碳排放趋势对全球气候至关重要。全球碳排放峰值何时到来查看图片	未
全球碳排放量反弹 联合国秘书长呼吁落实《巴黎协定》行动框架	未
全球碳排放量增速达七年来最快水平联合国展开年度气候谈判之际，数据显示2018年全球碳排放量增加2.7，主要是由于中国印度和美国排放反弹。网页链接	未
《全球碳预算》报告：预计今年全球二氧化碳排放量将再创新高	未
全球第1000块IMAX银幕太原正式谢幕	未
全球第一部数权著作《数权法1.0》在京首发	未
全球第三大原油期货交易品种诞生，欧美列强都知道这一天将会到来	未
全球精锐部队有他们，我相信离世界和平不远了	未
全球经济新特征与政策新热点	未
全球美食专家扬州纵论淮扬菜	未
全球老年艾滋病患者比例逐年上升，細看背後被忽視的原因	未
全球股市哀鸿一片 竟是因为美联储做了这件事美联储12月决议宣布今年的第四度升息，符合市场预期。美联储亦预测2019年旳升息次数较少，但继续收紧政策的核心计划，打击了对于该行在全球增长疲弱背景下将采取温和立场的希望，引发周四（12月20日）全球股市遭抛。全球股市哀鸿一片 竟是因为美联储做了这件事	未
全球能源互联网促进《巴黎协定》实施行动计划公布	未
全球航空业重心正在加速东移	未
全球规模第一的水果连锁企业，它的哲学是什么？	未
全球财富报告泰贫富悬殊最大	未
全球贸易观察大数据系统大连上线	未
全球超大的冰雪圣诞村来太原了！430万太原人都将涌往这里！	未
全球超过35亿人收看2018年世界杯足球赛	未
全球跨境包裹网络：用区块链驱动包裹网络	未
全球逾400名嘉宾在港共话未来教育	未
全球顶级联赛知名赞助商在本场英雄联盟全明星赛LPL（含嘉宾）vsLCK（含嘉宾）的比赛开出全场独赢盘1.88-1.88，众所皆知今年韩国赛区队伍在世界赛上的频频爆冷，这也预示着其他世界赛区的崛起，特别是中国赛区队伍的不断进步，所以这一场更看好今年世界赛表现超好LPL！	未
全球领先的早教连锁美吉姆大型公益讲座，我的《婴幼儿情商智商培养》全国巡回讲座，第97站：大庆站，《婴幼儿智商发展标志行为及诱导方法》，圆满完成。	未
全球领先跨国公司总部集聚上海折射中国经济感召度增强	未
全球风投2019年最看好A股，球基金跟踪机构EPFR于12月7日发布的报告显示，11月30日至12月5日一周，中国股票型基金买入是过去8周以来，中国股票型基金第五次实现资金净流入。11月29日至12月5日一周，有5亿美元净流入	未
全球首个14米宽三星Onyx影厅揭幕 影院LED时代到来？	未
全球首个5G移动套餐：每月400元流量任用不限速	未
全球首个5G移动套餐：每月4百块流量任用不限速	未
全球首个！卢森堡明年夏天起公共交通全部免费	未
全球首个国家！卢森堡公共交通将全免费	未
全球首个国家！卢森堡明夏起公共交通全免费	未
全球首个大熊猫友好型认证标准发布会召开大熊猫友好型认证标准的设计初衷：为保护大熊猫，群众生计活动或多或少受到限制，居民缺乏其他方式补充收入大熊猫友好型认证所认可的产品就具备这样的特征品质突出，而且产品具有公益附加值我们相信它的推出，有效找到了解决大熊猫保护和 ...全文	未
全球首个藏文搜索引擎“云藏”PC端全面实现支付功能	未
全球首个！西欧“十字路口”卢森堡境内公交全部免费	未
全球首份移民协议《移民问题全球契约》获得通过	未
全球首例！大陆赠台大熊猫quot团团quot 装上quot牙套quot大陆赠台大熊猫团团创纪录了。日前，团团的犬齿断裂流血，台湾医疗团队进行紧急治疗后，为它装上了银色牙套。台媒称，这是全球大熊猫装牙套的首例。12月9日，保育员在帮大熊猫团团实施例行动物训练课程时，发现它的左上犬齿断裂流血。动物园随即联系医疗团队为团团紧急进行牙齿检查及处理。检查发现，团团的左上犬齿牙冠发生断裂，牙髓腔暴露，医疗团队先对它进行局部的根管治疗及补牙，同时为它打模型制作齿模，预备订制	未
全球首例！巴西妇移植死者子宫成功产下健康女婴巴西一名妇女接受已死亡捐赠者的子宫移植后，成功生下一名健康女婴，创下全球首例主治医师艾赞伯格（Dani Ejzenberg）表示，这项技术成功后可望扩大捐赠者的捐赠范围，造福更多不孕症妇女 ETtoday新闻云 报导：网页链接 (rosi ...全文	未
全球首创！中建三局最新黑科技循环施工电梯	未
全球首创！新型高端输电设备在津正式投运天津石各庄220千伏静止同步串联补偿器（简称SSSC）科技示范工程近日顺利完成168小时试运行，标志着全球首个静止同步串联补偿器正式投入运行。该工程位于天津石各庄220千伏变电站，容量30兆伏安，实现了输电线路及输电断面功率均衡限流等灵活调节功能，解决了高场石各庄双线潮流分布不均电力输送能力受限的问题，增加了南蔡北郊供电分区内10供电能力，大幅提高系统安全稳定裕度。与现有潮流控制装置相比，此次投运的自励型SSSC装置造价和工程占地面积节省了67，	未
全球首创稻米血清有望2022年进入医院	未
​全球首创肾性贫血新药获批 预计明年二季度上市	未
全球首家智能机器人超市在汉开业	未
全球首幅写真大连诞生	未
全球首艘极地凝析油轮在广州南沙命名	未
全球高参为上海城市建设与国际传播建言献策：讲好上海故事	未
全球高校上海校友联盟走进上海嘉定，青年企业家代表获颁聘书	未
全球高空作业设备峰会暨中国租赁商百强大会召开	未
全球高铁建设：中国是新建高铁主战场。你见过拐弯的柱状图吗中国高铁告诉你什么是硬实力！时代成就了中国制造的崛起，也见证着中国速度的发展。中国铁路在强国之路上锐意前行，树起一张张中国名牌。油油有幸与中国高铁一起成长，未来继续加油吧！	未
全球高铁建设图	未
全画幅微单解析！零基础大师班第四季速度篇	未
全盲人乐队“地狱天使”的星光大道	未
全省15个唐诗之路地方项目，在台州邂逅4个	未
全省中国社会扶贫网电商扶贫与会嘉宾观摩我市工作开展情况	未
全省中国社会扶贫网电商扶贫工作培训会在我市举行	未
全省乡村振兴巾帼行动现场推进会与会人员来湄观摩	未
全省交通运输系统思想政治工作现场会在武汉召开	未
全省人力资源服务业发展工作座谈会在杭召开	未
全省仅一部！这群学生拍摄“冷暴力”捧回国际大奖	未
全省公示！六安这些乡镇社区村超赞！快看看，有你的家乡吗	未
全省农村改厕暨卫生创建现场经验交流会在黄龙召开	未
全省农田水利基本建设现场会在南部召开	未
全省县（市区）妇联主席培训班在济南举办	未
全省只建100个！咱大名丽君小镇榜上有名！	未
全省各地的小伙伴，让我们一起干了这杯霾！（拍摄时间：11月30日14:00-16:30，感谢各地气象同仁及时供图！）	未
全省唯一！嵊州这个人入围全国20佳榜单，你认识吗	未
全省地下建筑灭火救援跨区域实战拉动演练在凯里市举行	未
全省天气低温报告今天全省晴到多云，全省偏北风3-4级，今天最高温度：本省东南部地区78，淮北地区12，其它地区45，明晨最低温度：淮北地区-6-7，本省东南部地区0-1，其它地区-4左右，沿江及以北地区有冰冻详情戳图	未
全省天气降温报告北方有一股较强冷空气正在东移南下，今天08时它的前锋已达德州兰考神农架一线，预计11日下午起自北向南影响本省。受其影响，11日至13日全省大部分地区最低气温将下降68，13日最低气温：淮北地区-7-8，苏南地区0-1，其它地区-4左右，11日下午至夜里将伴有陆上45级阵风6级江河湖海面67级阵风8级的偏北大风。	未
全省天气降温报告北方有一股较强冷空气正在东移南下，今天14时它的前锋已达济南商丘南阳一线，目前正自北向南影响本省受其影响，11日至13日全省大部分地区最低气温将下降68，13日最低气温：淮北地区-7-8，苏南地区0-1，其它地区-4左右，11日夜里将伴有陆上45级阵风6级江 ...全文	未
全省天气降温报告北方有一股较强冷空气正在东移南下，今天14时它的前锋已达济南商丘南阳一线，目前正自北向南影响本省。受其影响，11日至13日全省大部分地区最低气温将下降68，13日最低气温：淮北地区-7-8，苏南地区0-1，其它地区-4左右，11日夜里将伴有陆上45级阵风6级江河湖海面67级阵风8级的偏北大风。	未
全省妇联系统家庭与儿童工作培训班来我区观摩母亲素质提升工程建设情况	未
全省安全生产工作视频会议召开  公主岭市领导在分会场收听收看	未
全省宣传思想工作会议召开 奋力谱写新时代宣传思想工作新篇章	未
全省宣传思想文化系统学习贯彻十八届六中全会精神	未
全省市县机构改革推进会召开，重点内容看这里！	未
全省抓党建促脱贫攻坚交流会上康县2人受表彰	未
全省抓党建促脱贫攻坚致富带头人龙台镇董庄村党支部书记陈晓军	未
全省推进新旧动能转换项目落地现场观摩会观摩团走进海阳核电	未
全省推进新旧动能转换项目落地第一次现场观摩会举行	未
全省政协优化营商环境三级联动专题民主监督视频会议召开	未
全省政协庆祝建军90周年书画展开幕	未
全省文明交通工作组深入盈江验收文明交通单位创建工作	未
全省旅行社规范经营优质旅游培训会在南充召开12月10日至12日，四川省文化和旅游厅在南充举办2018年全省旅行社规范经营优质旅游培训会， 全省各市州文化和旅游行政部门领导及行管科（处）执法支队主要负责人，相关旅行社协会负责人，部分旅游社总经理共计200余人参加培训。通过培训，全省旅行社企业优质服务意识进一步增强，规范经营合法经营诚信经营能力进一步提高，为深化四川旅游供给侧结构性改革促进四川旅行社行业高质量发展，更好地满足人民日益增长的旅游美好生活需要奠定了良好基础。（四川发布客户端消息）	未
全省旅行社规范经营优质旅游培训会在南充召开12月10日至12日，四川省文化和旅游厅在南充举办2018年全省旅行社规范经营优质旅游培训会， 全省各市州文化和旅游行政部门领导及行管科（处）执法支队主要负责人，相关旅行社协会负责人，部分旅游社总经理共计200余人参加培训通过培训，全省旅行社企 ...全文	未
全省易地扶贫搬迁工作现场会与会代表来白河参观	未
全省法院扫黑除恶专项斗争推进会暨调研座谈会在大冶召开	未
全省率先！换领驾驶证，厦门邮局跑一趟就能办！还有这些业务可以就近办	未
全省现场会点赞扬州项目推进	未
全省生态资源检察工作现场会在霞浦召开	未
全省百佳：随州7个单位2个人上榜！快看有你认识的吗	未
全省监狱文化改造推进座谈会在白云监狱召开	未
全省省管干部专题研讨班圆满结束，2391名省管干部参训	未
全省第11名！茂名这个名次倍有牌面！	未
全省第一，不是南昌九江，而是咱们广丰！	未
全省第一！这次是谁上榜啦据说99的泰州人都认识	未
全省自然保护区专项整治督查培训会在济南召开近年来，省委省政府高度重视生态环境保护工作，做出了一系列部署，把自然保护区生态环境问题整治作为全省打好污染防治攻坚战8场重要战役之一，陆续开展了绿盾2017绿盾2018自然保护区监督检查专项行动，集中解决了一批突出环境问题，但仍然存在自然保护区工作基础薄弱规范化管理不到位突出问题解决不彻底等问题对此省委省政府决定对全省自然保护区全面认真彻底排查，集中时间对自然保护区存在的突出问题进行一次专项整治督查，全面认真彻底排查突出问题。网页链接	未
全省艾滋病疫情 继续控制在低流行水平当前，全省艾滋病疫情上升态势趋缓。近年来，报告艾滋病病毒感染者人数增幅呈下降趋势，截至2018年10月31日，报告现存活艾滋病病毒感染者和艾滋病病人13129例，全省艾滋病疫情继续控制在低流行水平。网页链接	未
全省见义勇为人员精准帮扶工作座谈会召开  助推见义勇为人员脱贫解困	未
全省试点 南通汽运启动“党旗飘扬平安车”创建活动	未
全省跆拳道小将即将齐聚荆州，只为	未
全省隆重举行122全国交通安全日主题宣传活动	未
全省首个，三门为河流量身定制保护线！	未
全省首个区块链技术研究院，滨江这家企业参与	未
