广州南沙承办多个高端论坛	未
广州又恢复夏天了20多度	未
广州及周边十大温泉度假圣地指南泰日欧样样齐周末走起	未
广州哪些有海不错而又不 贵的餐厅	未
广州国企领导平均年薪曝光！市政府首向人大报告国资家底，信息量满满	未
广州国际友城大学联盟成立	未
广州国际灯光节下周一开幕！公交地铁将有不少变化，请特别注意！	未
广州国际灯光节今天开幕，这份交通出行攻略请收好	未
广州国际灯光节今天开幕！首次试行预约参观！详细攻略戳文	未
广州国际灯光节今晚开幕！交通及观看攻略，请收好！	未
广州国际灯光节明天开幕！黄埔萝岗街坊，这些交通指南请收好！	未
广州国际灯光节明日开幕，交通出行全攻略get一下	未
广州国际灯光节昨天开幕啦！摩地卡总部欢迎大家来广州观赏和考察！	未
广州国际纪录片节：24个国家和地区43部影片入围终评	未
广州国际纪录片节启动“守护者”计划	未
广州国际纪录片节开票，《电影眼漫游中国》修复版难得一见	未
广州城事只剩7天！2019年度城乡居民医保缴费即将截止小伙伴们注意啦！2019年度城乡居民医保参保缴费登记工作将于12月20日截止！个人缴费标准是288元/人，成功参保后，就可从2019年1月1日起享受2019年度普通门诊门诊特定项目指定门诊慢性病住院及大病保险待遇。	未
广州城事只剩一天！50家世界500强有1800个岗位抢人！今天，2018海交会开幕啦！大会设置3个招聘专区和3个专场招聘会，其中，百城同台海外英才招聘会有超过50家世界500强，携1800岗位上演抢人大战！一大波好岗位向你袭来！准备好了想参会小伙伴可以到现场凭身份证和简历，扫码注册入场明天10点-16点琶洲见！	未
广州城事哇偶！广州这些建筑打破了世界纪录近日，广东科学中心通过吉尼斯世界纪录认证，被授予最大的科技馆/科学中心称号，这是我国科技场馆首次获得吉尼斯世界纪录认证，也是目前唯一一个。你造吗在广州，打破世界纪录的建筑远不止这一个，长得最快的摩天大楼最长的砂岩深浮雕	未
广州城事广州中山狂组cp！广州地铁18号线要延长到中山，广中珠澳高铁连接广州中山珠海澳门，南沙还有直通中山的新高速！哇！去中山这么方便，评论区赶紧介绍中山有哪些好吃好玩的，我赶紧马克一下！	未
广州城事广州大道要新建8座天桥！住在附近的街坊注意啦，广州大道准备新建8座天桥，交通建设大提升！快来看看有没有你家附近	未
广州城事广深未来可乘动车到达汕头市区啦！最快下个月！汕头的小伙伴看过来！预计于2019年1月5日，大家就能乘动车直达汕头市区啦近日，汕头火车站首次迎来高铁动车组停靠，标志着厦深铁路汕头联络线已经具备通车条件。届时，将会有多趟由广州东深圳北始发前往潮汕站的动车组，将直接延长至汕头站。再也不用转1个小时大巴才到家！	未
广州城事快！从化到嘉禾望岗38分钟可达即将开通试运营的十四号线一期在常规运营模式的基础上，首次开行快车运营模式。开通初期，常规运营列车行车间隔约8分钟，快车行车间隔大约半小时。嘉禾望岗至东风的快车单程旅行时间大约38分钟嘉禾望岗至镇龙的快车只停靠嘉禾望岗新和与镇龙三座车站，单程旅行时间大约40分钟。	未
广州城事未来广州去东莞有望15分钟抵达喜报小达人上线！[米奇爱你]你关注的佛莞城轨又有了新进展！狮子洋隧道11月30日完成1800米中段掘进，标志着佛莞城际铁路全线控制性工程取得重要阶段性施工成果。预计狮子洋隧道将于2019年底贯通，佛莞城轨将于2020年底通车。未来广州至东莞最快预计15分钟左右	未
广州城事点赞！广州获评国家公交都市建设示范城市2018年全国城市交通工作暨公交都市建设推进会在广州召开。会议通报了2018年第三批公交都市建设督导情况，并授予广州在内的12个城市国家公交都市建设示范城市称号。广州全市轨道交通运营线路14条，总里程近400公里，2018年底将接近500公里公交线路1200多条，车辆14000多台，公共交通已成为市民出行的主要选择。你平时大多选择哪种交通方式出行呢	未
广州城事西关美食节即将杀到！逛吃逛喝组队走起！元旦不远游的街坊又有好去处！还有5天，西关美食节就要开幕啦！荔湾艇仔粥泮塘马蹄糕德昌咸煎饼银记布拉肠粉......吃货们彻底放飞吧！	未
广州城事超快！大学城或可十分钟到机场！珠三角城际铁路琶洲支线正式开工建设啦！建成后，从大学城东站直达白云机场，只需十分钟。同时，镇龙站综合交通枢纽一体化工程项目也开始动工建设，集合1城际2地铁3主干公路多种交通方式，计划于2020年建成使用。	未
广州城事重要！海心沙亚运公园今天起闭园！想去海心沙玩要注意！海心沙亚运公园今天起至12月8日闭园施工。在此期间，APM线海心沙站全天停止对外服务。顺便再次提醒，根据灯光节全市交通安排，11月26日12月4日，每日18:00至22:00，APM线大剧院站花城大道站妇儿中心站停止对外服务。	未
广州塔灯光节中餐厅兼职 90元/天	未
广州夜景，你喜欢吗	未
广州大学城创客节即将开幕：众创视界，智汇未来	未
广州：大湾区超级门户的新想象	未
广州将度过近10年来最冷的12月一天！常年12月广州的最高气温20.6，下周一只有12	未
广州小众拍照圣地，0元出美式乡村大片	未
//@广州小微企业梁超:这个角度还真是很有道理。	未
广州巴士迷乘坐老巴士 回忆上世纪公交车时光弥漫着汽油味道的铝皮车厢连接两节车厢的圆形大转盘12月1日，一辆已退役并有30年历史的14米通道公交车展示在广州民众面前，吸引一众巴士迷乘坐广州交通集团还专门安排售票员，再现当年公交车厢内的情景14米通道车巴士是1992年出厂的 ...全文	未
广州巴士迷乘坐老巴士 回忆上世纪公交车时光弥漫着汽油味道的铝皮车厢连接两节车厢的圆形大转盘12月1日，一辆已退役并有30年历史的14米通道公交车展示在广州民众面前，吸引一众巴士迷乘坐。广州交通集团还专门安排售票员，再现当年公交车厢内的情景。14米通道车巴士是1992年出厂的广州牌通道车，由两节车厢组成，发动机安置在司机旁边，为了散热，前车窗可打开。由于南方潮湿容易生锈，广州客车厂运用铝皮生产车厢，广州牌巴士便成为当时国内唯一不会生锈的巴士。（蔡敏婕 黄明亮）	未
广州市交委提醒：观赏灯光节，请优先选择公共交通广州市交通部门发布提醒：已成功预约灯光节当天任一场次的观众均可携带身份证等有效证件从花城广场北黄埔大道入口处进场观看。请合理安排时间，尽早入场观展。交通部门提醒，请前往观赏灯光节的观众，尽量选用公共交通工具出行。地铁方面：附近设有APM线黄埔大道站，三号线五号线珠江新城站公交方面：附近设有公共汽车天河站人民日报华南分社站（西行），途经261 266 283 284 293 517 542 54550 668 777813 8	未
广州市代表团考察宣传巫山旅游工作	未
广州市公安局招聘25人！大专可报！	未
广州市公安局透露了近期养犬执法行动的成果，8月以来，救助收治流浪犬278只。对于流浪犬产生的原因，广州市公安局治安管理支队五大队副大队长江巍表示，有近80是由于养犬人不负责任遗弃。	未
广州市旅游商务职业学校—— 上学如上班 上课如上岗（庆祝改革开放40年基层行·学校篇）	未
广州市面积最大的装配式建筑迎来“首装”	未
广州市首次发布技能人才分职业技能等级工资指导价位	未
广州拍照新去处，打卡了吗	未
广州提出打造“大湾区‘菜篮子’”构想	未
广州：提高环卫工人待遇 月基础工资标准不低于2520元	未
广州攻略广州塔广州大剧院花城汇红砖厂太古仓圣心石大教堂沙面地王广场点都德陈添记鱼皮黄埔牛杂大王濑粉各类西关小吃景点推荐和交通攻略，想去广州的朋友可收藏哦！	未
广州放开公积金缴存提取政策，新政释放啥信号？	未
广州旅游大讲堂开讲，雪松文旅副总裁刘宏娟畅谈文旅投资六字金律	未
广州旅游支援重庆巫山 三峡包船大型团队启程	未
广州日报在中国报业黄金十年里是广告最赚钱的十大报纸之一，家底厚呀！即使在纸媒式微的今天，广州报业集团也是中国最有钱的五家报业集团之一。	未
广州旧改荔湾领先！新增40万人口 87大项目提速建设！即将卖到5万！	未
广州早晨多云，11-18天气慢慢慢慢在回暖，感受到了吗今天你挣扎了多久才起得来	未
广州早晨多云，早晚有轻雾，17C24C早晨周四都到了周五还会远吗！今天也要努力工作鸭！图@地图在我心中	未
广州早晨多云间晴，12-20今天会暖暖的是个出去玩的好天气啊朋友们！赶紧告诉我你们去哪些地方打卡我就羡慕一下图@alantsaifotoboy	未
广州早晨阴天，有分散小雨，812阴阴的，冷冷的，很适合________。(图by@一柱摄影 )	未
广州是繁华的，她有着维港般璀璨的夜景，她高楼林立，她行色匆匆，但繁华之余，广州也并不缺少宁静。距离广州市区70多公里，因珍稀温泉闻名于世，被称为 quot广州后花园quot的从化区，就是繁华中的温柔乡，来到从化，只想让时光暂停，静静地留恋这种闲适宁静的美好。	未
广州最新爆出的圣诞游乐园！限量版原装进口扭蛋机集体空降，限时1个月！	未
“广州朋友圈——中外名人漫像展”在广州开展	未
广州毕节扶贫协作工作座谈会在广州召开	未
广州民企“雪松控股”拿下中江信托，持股比例71.3%	未
广州求脱团 投稿ID：@光之咸鱼白 男，94年，170/69，收入中等，工作朝九晚五，痛车，详见长微博(本平台所有征友，未经投稿人同意前，禁止一切抄袭/复制原文作为直发的行为，谢谢配合)	未
广州求脱团 投稿ID：@铁佬糖 女，28岁，169cm，硕士，编辑，老年社畜佛系圈地自萌，详见长微博(本平台所有征友，未经投稿人同意前，禁止一切抄袭/复制原文作为直发的行为，谢谢配合)	未
广州港出资5亿元控股中山港集团 大湾区港口整合提速	未
广州港股份出资5亿控股中山港航集团	未
广州：，灯光都准备好了，我和仙境之间就差一层雾了	未
广州番禺500多名环保人士徒步大夫山 倡导保护生态环境12月22日，由广东省环保志愿者指导委员会等单位联合举办的2018番禺区环保公益徒步行活动在大夫山森林公园举行，近500多人参加。据主办方介绍，绿色徒步活动至今已连续举办9年，今年在番禺区组织环保公益徒步活动，既是为了纪念改革开放40周年，也为了响应政府生态文明建设的核心主张，展现番禺热衷环保人士的风采。（记者 陈引 摄影报道）	未
广州番禺最近有点红！他说：番禺有实力成为大湾区的三个中心	未
广州白云国际机场启动三期扩建工程前期工作	未
广州的小伙伴快看	未
广州的小伙伴马了去看看吧	未
广州的狗主人们，今起在支付宝小程序里刷脸认证即可领取狗证啦，狗子们有专属身份证了，广州公安的小哥哥们棒棒哒，给你们午餐加鸡腿儿！	未
广州石门国家森林公园3000亩红叶迎寒生姿	未
「广州社工」  熟面孔社区安全倡导 社工服务拓展新天地	未
广州站项目经理资质模型全方位解析实战课程	未
广州第7期粤菜师傅培训结束，抖音记录南沙40名厨子出师全过程	未
广州签售现场的我来接着画这位美美的小姐姐画了三条线于是罗罗布简笔画 微博视频 Angel	未
广州纪录片节掀“首映”风潮	未
广州芭蕾舞团25岁生日 中国芭蕾花开羊城	未
广州茶饮咖啡节3.0  N特色咖啡店，分分钟治愈你的上班综合症！	未
广州街拍 来一场说走就走的旅行，是多少人的梦想啊！	未
广州要闻广州直通清远！广清永高铁来了！走！搭高铁去清远漂流！广清永高铁技术方案发布显示，广清永高铁南北走向，起于广州北站，向北经过广州花都清远，北至湖南洛湛铁路永州站，将在清远清新英德阳山连州设站，线路全长401.7km，时速350km/h。嗖 地一下就到清远超级期待！	未
广州警方发布主人刷脸，狗狗领证，三步即可轻松办理！不用出门，无需上传身份证，主人刷个脸填几个信息就能给狗狗办户口没错，就是这么便利！12月6日，首张通过支付宝刷脸办理的电子犬证在广州诞生。即天起，市民只要打开支付宝APP，搜索小程序广州养犬服务通，按照提示刷脸认证，就可以进行缴费登记续签注销等多种操作。无需上传身份证明，足不出户走完全部流程。戳下图教你简单操作@支付宝	未
广州：让文化品牌闪耀世界	未
广州足球发源地 “海上明珠”人才辈出	未
广州身边事出行更方便了！2021年城轨可直达白云机场航站楼，广州北站到白云机场仅需7分钟2021年，珠三角多地城市旅客可搭乘城轨直达白云机场T1T2航站楼，从广州北站到白云机场仅需7分钟！11月26日上午，白云机场与珠三角城际公司宣布，新白广城际轨道在白云机场的T1站全面施工，至2021年9月完工。据介绍，施工总体不影响机场运行，从11月30日零时开始，T1航站楼AB到达区社会车辆接客通道关闭，机场方面将做好停车场上客指引增加免费穿梭巴士服务。 （新快报记者 李佳文）2021年城轨直达白	未
广州身边事城市V聚力赶紧收藏起来，周末过去打卡！	未
广州身边事大型撒狗粮现场：20对新人集体大婚，法国新郎一身大红迎新娘昨日，从化西和风情小镇举办集体婚礼，20对新婚夫妇身穿凤冠霞帔传统中式礼服集体登台，按照传统的中式婚礼礼仪，新郎为新娘揭开红盖头，新郎新娘相互抚摸发梢夫妻对拜，随后共同宣誓20对金婚银婚夫妇现场见 ...全文	未
广州身边事大型撒狗粮现场：20对新人集体大婚，法国新郎一身大红迎新娘昨日，从化西和风情小镇举办集体婚礼，20对新婚夫妇身穿凤冠霞帔传统中式礼服集体登台，按照传统的中式婚礼礼仪，新郎为新娘揭开红盖头，新郎新娘相互抚摸发梢夫妻对拜，随后共同宣誓。20对金婚银婚夫妇现场见证。花都新娘毕小姐，去年旅游时认识了法国的关豆先生。一场跨越欧亚大陆的异国情缘，终于修成正果。（新快报记者 麦婉诗）大型撒狗粮：20 对新人举行集体婚礼，法国先生一身大红迎新娘	未
广州身边事海珠广场及周边地区将大变样珠江岸边又有大动作！日前，《海珠广场及周边地区环境品质提升工作报告》进行审议，将对以海珠广场海珠南广场为核心，包括起义路沿江路等八条路为重点的地区进行改造提升，涉及景观道路街区及建筑夜景灯光四大类22项工程，工程拟于明年9月完成。 ...全文	未
//@广州边锋谢俊辉:幻想撞击现实//@江南大野花:感谢科技//@禽兽叔叔://@Cillianlian柿: //@咸鱼王_歪://@海凝Haining:我愛科幻//@神龙独步绿洛客:忽然间热泪盈眶//@开花的糕://@深海巨苟://@斯迪奥夫曼斯基://@超烦豆先森: 呜哇	未
广州这个区又一好消息！就在明天！还有这些要知道...	未
广州：金秋来黄花岗赏菊 专家现场手把手传授养花知识趣横生的悬崖菊挺拔而立的菊树妖娆多姿的地被菊11月23日，黄花岗公园第四届黄花文化节开幕，展出200多个品种总计近3万盆菊花。除了大型花景和平鸽之外，用菊花造型的小猪佩奇也格外吸睛。据悉，黄花文化节将持续至12月16日，期间还将有园林专家现场讲解菊花的栽培方法。（记者 郭苏莹 叶伟报） 广州：金秋来黄花岗赏菊 专家现场手把手传授养花知识	未
广州队情报小组（gzfc_information）也为其点赞！ 查看图片	未
广州队球员动态黄博文更新Instagram动态：收拾比赛服看到这几件还是挺多美好回忆。	未
广州阿里游戏招聘运营市场等	未
广州附近的山野花田秘境，包下一座森林和星空！带娃泡汤住木屋看花海玩滑草	未
广州首届乡村美食汇启动	未
广州马拉松 2018广马即将开锣，BRT绕行线路话你知据@广州交通 一年一度的城中盛事，2018广州马拉松赛将于12月9日上午7:30在天河体育中心鸣枪开跑为保障赛事的顺利进行，根据交管部门的安排，届时比赛路段将分时分段进行滚动交通管制广州BRT通道沿线的天河路体育东路及部分BRT线路途经路 ...全文	未
广州马拉松 2018广马即将开锣，BRT绕行线路话你知据@广州交通 一年一度的城中盛事，2018广州马拉松赛将于12月9日上午7:30在天河体育中心鸣枪开跑。为保障赛事的顺利进行，根据交管部门的安排，届时比赛路段将分时分段进行滚动交通管制。广州BRT通道沿线的天河路体育东路及部分BRT线路途经路段将实施临时交通管制。为做好应对工作，12月9日5：30分至8：30分，BRT体育中心站石牌桥站双向站台岗顶站北侧站台暂停营运，途经上述站点的BRT线路临时绕行（站台线路恢复正常运营将视现场管制	未
广州马拉松 冲鸭！风里雨里，广州公安陪着您	未
广州马拉松 各位街坊出行记得带上雨具哦	未
广州马拉松广州警方通报 2018广州马拉松安保工作圆满结束广州市公安局新闻办公室今天（12月9日）下午通报：2018广州马拉松赛今天在广州圆满顺利举办广州警方贯彻落实市委市政府关于确保广州马拉松赛安全有序进行的指示精神，成立安保指挥部，采取了一系列强有力的安保措施比赛期 ...全文	未
广州马拉松广州警方通报 2018广州马拉松安保工作圆满结束广州市公安局新闻办公室今天（12月9日）下午通报：2018广州马拉松赛今天在广州圆满顺利举办。广州警方贯彻落实市委市政府关于确保广州马拉松赛安全有序进行的指示精神，成立安保指挥部，采取了一系列强有力的安保措施。比赛期间，广州警方组织各种安保力量共1.1万余人，全力保障赛事的安全进行，参战的民警履职尽责，文明执勤，会同组委会工作人员和志愿者科学有序地疏导各赛段沿线群众和车辆，维持好现场秩序。为确保广大市民广泛实时知晓有关交通管制措施	未
广平县234省道景观节点建设实现土不见天	未
《广府春秋·璀璨明珠》：一部影像版“粤港澳变革史”	未
广式生活一站玩转6种style！广州最新网红打卡地曝光周末做个最酷的仔！拒绝在冬日寒风中四处奔波换片场，就这一站就能拍出6种style的大片！彩虹少女风酷炫宇宙风科技金属风红砖质朴风简约ins风江景自然风想get就get！重点是免！费！景！美！人！少！ @广州潮生活	未
广式生活亲爱哒，咱们结婚吧12月1516日，广州市民政局市妇联从化区政府将举办2018年广州市婚姻家庭文化系列活动，其中重头戏是12月16日的集体婚礼。想拥有一个与众不同的婚礼从即日起，面向全市招募40对参加活动金婚银婚和新婚夫妇，其中金婚和银婚夫妇各10对新婚夫妇20对，具体请戳	未
广式生活从化石门国家森林公园的红叶开始变红！周末，走起！	未
广式生活元旦不知道去哪里玩呢一起去森林吧！看漫山的枫叶气势恢宏的瀑布去湿地公园坐船看日落，美哉	未
广式生活哇！就这两天！广州11区近百种乡村纯手工美食等你来！2018广州市乡村美食汇在增城正果启动！濑粉传统砵仔糕芋丝糕煎酿豆腐糖不甩龟苓膏蛋散油炸鬼虾堆艾糍豆糠糍吃不饱你算我输！活动到明天就结束了哦！大家抓紧时间去呀！	未
广式生活满园尽带黄金甲！黄花岗公园美到认不出[米奇比心]菊花都开好啦！一进入黄花岗公园，沿途就能看到低调的菊花，黄的绿的红的菊花都能在这里找到，满足了小布对菊花的一切好奇。这里竟然还有叮当和小猪佩奇造型的菊花，这么可爱的菊花造型你见过了吗P.S.本次的菊花展将持续到12月16日哦。	未
广式生活花间学堂 一笼二笼七八笼，五道六道道道鲜@中国广州发布 @微博读城    广州陶然轩（二沙岛店）	未
广式生活 花间学堂 作为改革开放40年最有代表性的城市之一，广州在改革开放的历史进程中扮演者重要角色，创造过很多第一读懂了广州，就能更好读懂改革开放	未
广式生活 花间学堂 小蛮腰的夜景 微博视频	未
广式生活谁说猪脚姜是黑暗料理的，给我出来！等冷一点，这道好吃到抖腿的广州街头著名小食上线，实力称霸广州的街头巷尾！[给你小心心][米奇比心]一人推荐一个吃的地方	未
广报晨汇丨2018年广州国际灯光节今晚开幕！这个时间去要预约进场，这份攻略请收好！	未
广播电视节目收视综合评价大数据系统开通试运行12月26日，国家广播电视总局在北京举行新闻发布会，宣布国家广播电视总局广播电视节目收视综合评价大数据系统基本建成并开通试运行。此次开通试运行的广播电视节目收视综合评价大数据系统，主要通过建立与网络传输机构之间的安全通道，汇聚大样本用户收视行为数据，经清洗转换分析与挖掘，输出开机用户数观看用户数收视率市场占有率等30项核心指标。广播电视节目收视综合评价大数据系统开通试运行	未
广昌人速看！巡视组来啦，附联系方式及地址！	未
广昌县莲乡爱心联谊会穿上红马甲，开展乡村志愿者服务活动！	未
广昌太极拳协会年会协办：莲城影视传媒今日广昌	未
广昌太极拳协会年会特邀协办：南广商贸（国平酒业）	未
广昌太极拳协会年会特邀协办：踏浪电讯	未
广昌这条古道风景如画，你去过吗	未
广水这个镇村获评湖北省森林城镇和绿色乡村	未
广汉文庙轻触千年文脉	未
广汽丰田：多元化发展推进企业社会责任建设	未
广汽传祺2019赴美销售计划不变，集团转型移动出行服务商	未
广汽传祺与日本爱信的合资企业广汽爱信自动变速器有限公司在广州举行揭牌奠基活动，其中广汽持股40。项目建成后将达成40万台/年的自动变速箱生产规模，主力产品爱信6AT变速箱将于2020年底前实现量产。	未
广汽传祺“诞生在三江源 — 国家公园创行”项目(图)	未
广汽新能源智能生态工厂竣工先于时代 智领未来 今天，广汽新能源智能生态工厂迎来竣工仪式，借助新生态工厂广汽新能源的发展也将提速，产品矩阵更加丰富，那么这个新工厂究竟如何智能生态，广汽新能源的未来规划又如何，接下来我们拭目以待！	未
广汽新能源汽车产业园首期竣工	未
广汽智联新能源汽车产业园首期工程竣工 新能源汽车产业发展加速	未
广汽本田加速迈入新能源汽车时代(图)	未
广汽本田新款缤智申报图，换上新的前格栅造型，加入大镀铬饰条。保留1.5L自然吸气车型，同时新增1.5T发动机取代1.8L自然吸气发动机。	未
广汽本田新款缤智申报图曝光，新车换上了新的前格栅造型长宽高为4340/1790/1605mm，轴距为2610mm动力方面，保留了1.5L自然吸气车型，同时新增1.5T发动机取代1.8L自然吸气发动机新车公社	未
广汽菲克新款自由光正式上市，新车共推出了7款车型，售价19.68-31.98万新车外观进行重新设计，取消了个性的分体式大灯，同时推出高性能版Trailhawk车型动力方面新车搭载2.0T发动机，最大功率195kW，峰值扭矩400Nm，官方零百加速7.49S，匹配9AT变速箱新车公社	未
广汽集团公布11月产销数据：11月份汽车产量为212，502辆，同比增加11.721-11月累计产量达1，992，383辆，同比增长8.52而汽车销量为204，135辆，同比增加13.091-11月累计销量为1，961，203辆，累计同比增幅达7.59其中，广汽自主乘用车11月销量44，166辆，同比增长1.941-11月累计销售新车484，92 ...全文	未
广汽集团：拟4亿元投资西北商贸中心项目	未
广河县团委联合县文明办县民政局举行2018年广河县壹基金温暖包发放仪式活动	未
广河县院开展脱贫攻坚回头看工作	未
广深港高铁一票难求就在武汉，请你吃最地道香港美食！	未
广深港高铁开通这么久，终于有机会坐坐了。 深圳深圳北站	未
广深港高铁香港段开通两个月　日均乘客量逾5万人次	未
广渠路快速公交2020年投入使用	未
广渠路快速公交有望2020年开通	未
广湛高铁定址霞山，你觉得选址在哪里最合适	未
广湛高铁投资840亿，获国家发改委正式批准！这次广湛高铁真的要来了！	未
广湛高铁来了！阳春即将开启高铁时代，计划2019年1月开工......	未
广湛高铁来了！阳江将开启真正的高铁时代！	未
广源化工江西省工业节能与清洁生产培训在南昌开班	未
广源化工迎着初冬的暖阳，放飞自我	未
广电将参与5G建设 或与运营商合作	未
广电小记者走进市热力公司，探寻供暖秘密	未
广电总局公示剧本扶持名单：《大江大河》等入围	未
广电总局局长聂辰席：坚持政治家办台办网办节目	未
广电总局：文艺作品和节目的主角应更多是群众而非明星	未
广电总局：文艺作品的主角应更多是群众	未
广电报特别策划：西部温暖 感恩有你	未
广电报特别策划：西部温暖 感恩有你 //跨越千里的温暖	未
广而告之！	未
广联达独家防水材料项目工程信息（11.21-11.27）	未
广船国际获南京油运2艘49700吨成品油船订单	未
广药董事长：王老吉战略目标要超可口可乐，混改引互补投资者	未
广西12城坐公交得现金红包12月18日至31日，柳州来宾北海钦州防城港贵港百色贺州梧州崇左河池南宁启动坐公交得现金红包活动。使用广西一卡通乘车码坐公交，每天可领取一次随机金额现金红包，在腾讯乘车码公众号刷码乘车后，公众号将自动下发现金红包，最高 ...全文	未
广西：2020年高铁里程将达2000公里	未
广西26岁小伙挥刀自宫，医生4小时手术帮其再植成功！	未
广西60周年大庆12月，广西壮族自治区迎来60华诞！未来，@南宁消防 仍将不忘初心，继续砥砺前行！	未
广西60周年大庆今天，广西壮族自治区迎来60华诞！60年来，八桂大地从荒凉走向繁荣，从贫瘠走向富裕，从封闭走向开放，从落后走向进步。60年来，广西前行的道路上，踩满了你我的脚印，或深或浅。我是@南宁吃货王热烈祝贺广西壮族自治区成立60周年！	未
广西60周年大庆今天 广西壮族自治区迎来60华诞60年来 八桂大地从荒凉走向繁荣 从贫瘠走向富裕 从封闭走向开放 从落后走向进步[加油]60年来 广西前行的道路上 踩满了你我的脚印 或深或浅 祝福广西越来越好	未
广西60周年大庆今天，广西壮族自治区迎来60华诞！我是@新浪广东 ，热烈祝贺广西壮族自治区成立60周年！	未
广西60周年大庆从街边摊到50亿身家，来看螺蛳粉的网红之路	未
广西60周年大庆 巾帼不让须眉的三八女子带电作业班新时代亮生活	未
广西60周年大庆我为家乡点赞为迎接自治区60周岁生日，百度特别推出我为家乡点赞活动，一起为家乡点赞，让大家了解广西，爱上广西。点击链接即刻参与，还有机会赢取百度豪礼哦。网页链接	未
广西60周年大庆放假温馨提示wuli广西的胖友萌，离广西60周年大庆放假仅剩1周啦！4天小长假，都想好要去哪玩了吗不如来@长隆野生动物世界 提前过圣诞12月1-29日期间，长隆野生动物世界双人门票平日价格仅需480元/套！特定日价格仅需560元/套！[给你小心心]戳惊喜  省140元！到长隆野生动物世界，领取圣诞礼物 了解具体购票及优惠信息吧欢乐长隆乐游长隆卡卡推荐	未
广西60周年大庆 有序推进自治区成立60周年各项保电工作 在广西壮族自治区成立60周年大庆即将到来之际，12月8日，南方电网广西南宁供电局按照一级保电要求有序推进各项工作，全面保障大庆系列庆祝活动场点用电万无一失 @南网50Hz @南宁日报 @广西新闻网  @南国早报 @广西电网	未
广西60周年大庆 用一组翼下的南宁和邕江来庆祝下广西壮族自治区成立60周年。至于小语A和小语B，就继续去掐老友粉到底哪家强了	未
广西60大庆南宁下雪预祝2018年12月10日广西举行60大庆的活动，想不到12月9日晚，首府南宁飘起了雪花提前庆祝。 微博视频	未
广西60大庆！涠洲岛出行低至0元！这份超详细的游览攻略一定要收藏！	未
广西60年大庆 靓！广西一句桂林山水甲天下让广西桂林享誉世界。广西壮族自治区成立60周年之际，从山水桂林到壶城柳州，从水果小镇凭祥到庆祝会场所在地南宁央视新闻微直播带你领略壮美广西！央视新闻的微博直播 .	未
广西60年大庆 靓！广西一句桂林山水甲天下让广西桂林享誉世界广西壮族自治区成立60周年之际，从山水桂林到壶城柳州，从水果小镇凭祥到庆祝会场所在地南宁央视新闻微直播带你领略壮美广西！央视新闻的微博直播 .	未
广西70家农家乐等级评定公示！凌云这家入选	未
广西，“一带一路”上连通中外的桥梁	未
广西，不止有桂林。不止旅行 V影响力峰会 @微博旅游	未
广西与东盟水果贸易从竞争走向融合发展	未
广西与福建首次实现高铁直达！南宁至福州需10小时左右2019年1月5日，全国铁路将迎来新一轮的列车运行图调整。记者从中国铁路南宁局集团公司了解到，南宁东至福州高速动车组列车将于新图实施后开通，这也是广西与福建两省区首次实现高铁直通。	未
广西与福建首次实现高铁直达！南宁至福州需10小时左右2019年1月5日，全国铁路将迎来新一轮的列车运行图调整记者从中国铁路南宁局集团公司了解到，南宁东至福州高速动车组列车将于新图实施后开通，这也是广西与福建两省区首次实现高铁直通	未
广西专项治理超限超载，年底消除百吨王！	未
广西东兴建设沿边跨境孵化基地 加强与东盟产业合作	未
广西人民防空和边海防办公室挂牌成立12月3日上午，广西壮族自治区人民防空和边海防办公室举行揭牌仪式，宣告正式成立自治区人民防空和边海防办公室作为自治区政府的直属机构，在本次机构改革中，将自治区人民防空办公室改为自治区人民防空和边海防办公室，并将自治区人民防空办公室的职责原来 ...全文	未
广西人民防空和边海防办公室挂牌成立12月3日上午，广西壮族自治区人民防空和边海防办公室举行揭牌仪式，宣告正式成立。自治区人民防空和边海防办公室作为自治区政府的直属机构，在本次机构改革中，将自治区人民防空办公室改为自治区人民防空和边海防办公室，并将自治区人民防空办公室的职责原来设在自治区政府办公厅的边海防委员会办公室职责及自治区交通备战办公室的职责，整合划入自治区人民防空和边海防办公室。该机构是突出广西特色因地制宜调整设置的机构。广西人民防空和边海防办公室挂牌成立！	未
@广西人：留意这个信息，你们年末还能赚一笔！	未
广西人的专属表情包来啦！世界那么大，只有广西在放小长假！如今混迹江湖的小伙伴们，如果没有几个私藏的表情包，都不好意思跟别人在网上斗图。8日，专属广西人的壮美新广西表情包正式上线啦！该系列表情包以广西壮族自治区60周年大庆吉祥物欢欢喜喜为原型，结合时下受欢迎的流行语，充分融入广西元素，做成微信表情包，向全区网友推广！	未
@广西人，见到这126人请立即报警，最高奖励5万元！	未
广西仔撩女，真系高手！	未
广西仔撩妹，真是高手！	未
广西仔请客，真才是真正的高消费啊！	未
广西仫佬山乡念好“三字经” 探路石山地区产业发展	未
广西体育节12月7日，贵港市体育中心第二届篮球嘉年华即将开幕	未
广西做足“边”文章  将沿边地区打造成开发开放的高地	未
广西健康产业发展示范县（2017年度）名单公示桂平市玉林市玉州区容县灵山县平南县北海市海城区扶绥县南宁市西乡塘区田东县昭平县获评广西健康产业发展示范县（2017年度）。广西医改详情链接网页链接	未
广西公安一甲子60年风雨兼程，首府公安初心不改护平安	未
广西公安一甲子66年老所，惊叹了时光	未
广西公安一甲子 广西公安圆满完成自治区成立60周年庆祝活动安全保卫工作	未
广西公安一甲子 改革开放看广西 我们是北海公安自治区成立60周年	未
广西公安一甲子无问西东，只问初心！钦州交警打造交管新亮点	未
广西公安一甲子 边关有我！靖西公安铸忠诚改革开放看广西自治区成立60周年	未
广西公安一甲子 隆林公安一村一警务助理显神威改革开放看广西自治区成立60周年	未
广西公安一甲子 高科技护航大庆安保，织密首府平安网	未
广西六大体系构建智慧公安破看不见防不了僵局	未
广西农民工同台竞技 争做高速公路建设工匠大师	未
广西凭祥综保区十载：助中国—东盟经贸合作“加速跑”	未
广西凭祥铁路口岸物流中心启用	未
广西出台稻谷目标价格补贴方案  最高补贴0.38元/公斤	未
广西列车上一男子2年没洗澡，有人要赶他下车结局太感人	未
广西力推“兴边富民” 边境八县GDP五年增67%	未
广西区庆4天假去哪玩桂林自驾游港珠澳大桥全攻略	未
广西千年古陶复兴 再闯海上丝绸之路	未
广西南宁举办体育产业博览会  打造“一站式、多元化”体育产业品牌	未
广西南宁全民健身成时尚 体育经济“动”起来	未
@广西卫视 正在并机中央广播电视总台，直播《广西壮族自治区成立60周年庆祝大会》，敬请收看。广西壮族自治区成立60周年	未
@广西卫视 正并机中央广播电视总台，直播《广西壮族自治区成立60周年庆祝大会》实况。//@央视新闻: 正直播！广西60年大庆，一起看庆祝大会今天，广西壮族自治区成立60周年庆祝大会在南宁举行。壮族大歌天琴弹唱以及独弦琴钱鞭舞狮子舞铜鼓黄泥鼓央视新闻微直播带你看！	未
广西又一新机场即将启用！将辐射桂东和粤西地区	未
广西又多一座拥有世界之最的网红大桥，你还不来打卡	未
广西又新增19个生态旅游示范区，崇左这处景区也有份！	未
广西又添一条高速路，靖西至龙邦高速公路建成通车！风景优美广西又一条风景优美的高速路开通了。12月19日，靖西至龙邦高速公路（简称靖龙高速公路）建成通车。该高速公路是国家高速公路网规划中银川至百色（G69）高速公路的重要路段，起点位于靖西市新靖镇旧州村，与百色至靖西高速公路相接，与靖西至那坡高速公路崇左至靖西高速公路相交，终点位于靖西市龙邦口岸海关大楼附近，主线全长28.30公里。全线采用双向四车道高速公路标准建设，为沥青混凝土路面，设计行车速度100公里/小时。南国早报网防火墙安全检测	未
广西召开民企法治体检专项活动动员会苏州赴南京学习四好商会创建经验广州举办企业融资并购推介会工商联商会	未
@广西各族人民 这里有一封慰问信请查收！	未
广西各族各界庆祝自治区成立60周年	未
广西各族各界隆重庆祝自治区成立60周年	未
广西各族各界隆重庆祝自治区成立60周年 汪洋出席大会并讲话	未
广西各族各界隆重庆祝自治区成立60周年，汪洋出席并讲话	未
广西向13个省(自治区、直辖市)送上旅游"大礼包"	未
广西启动“保护濒危物种宣传边境行”，将创建“无走私村庄”	未
广西启动冬季旅游促销 13省份游客可享门票等优惠	未
广西吴圩国际机场至大塘高速建成通车 连接海港和边境	未
广西四星级以上乡村旅游区拟评定名单出炉，桂平有3家哦....	未
广西四星级以上乡村旅游区拟评定名单出炉，桂平这几家上榜！	未
广西壮族自治区成立60周年今天举行，北部湾港 sz000582 利好落地直接见光死，快跌停了	未
广西壮族自治区成立60周年 南宁民众这样说(视频)	未
广西壮族自治区成立60周年大会今天在南宁举行 中央广播电视总台将现场直播	未
广西壮族自治区成立60周年大会今天在南宁举行受益股：民营：ST国发 ST银河广陆数测 彭朋 莱茵生物 恒逸石化 阳光股份 中恒集团 许淑清 ST索芙桂林三金 国企15家贵糖股份 柳钢股份国海证券北海港 五洲交通 桂林旅游 桂冠电力 ST河化柳化股份 两面针南宁百货 ST南化 南宁糖业	未
广西壮族自治区成立60周年宣传片	未
广西壮族自治区成立60周年庆祝大会举行 文艺表演展示多彩文化	未
广西壮族自治区成立60周年庆祝大会侧记	未
广西壮族自治区成立60周年庆祝大会及群众文艺表演节目单广西壮族自治区成立60周年庆祝及群众文艺表演正在直播中，快马住这份广西云制作的节目单！广西壮族自治区成立60周年广西60周年大庆via@广西日报	未
广西壮族自治区成立60周年庆祝大会明日举行，多家媒体直播	未
广西壮族自治区成立60周年庆祝大会隆重举行	未
广西壮族自治区成立60周年庆祝活动筹备工作基本就绪	未
广西壮族自治区成立60周年庆祝活动筹备工作已准备就绪12月3日，自治区成立60周年庆祝活动筹备委员会办公室在南宁举行第三场新闻发布会，介绍自治区成立60年来经济社会发展情况民族团结进步事业和广西壮族自治区成立60周年庆祝活动筹备工作的情况记者从新闻发布会上获悉，自治区60大庆筹备工作 ...全文	未
广西壮族自治区成立60周年庆祝活动筹备工作已准备就绪12月3日，自治区成立60周年庆祝活动筹备委员会办公室在南宁举行第三场新闻发布会，介绍自治区成立60年来经济社会发展情况民族团结进步事业和广西壮族自治区成立60周年庆祝活动筹备工作的情况。记者从新闻发布会上获悉，自治区60大庆筹备工作已准备就绪，将举办庆祝大会群众文艺表演文艺晚会成就展等一系列具有浓郁壮乡特色的庆祝活动。（广西新闻网）	未
广西壮族自治区成立60周年，放假期间必看！玉林侬需要注意的是这些！	未
广西壮族自治区成立60周年文艺晚会庆祝大会播前抢先看啦！	未
广西壮族自治区成立60周年  生日快乐！12月11日是广西壮族自治区成立60周年纪念日当天中越边境的广西友谊关城楼前举行升旗仪式，在雄壮的国歌声中，鲜艳的五星红旗迎着晨曦，在大家的注目礼中徐徐升起友谊关国旗护卫队与周围民众一道为祖国祝福，为自治区成立60周年欢庆1949年12月11日，中 ...全文	未
广西壮族自治区成立60周年生日快乐！12月11日是广西壮族自治区成立60周年纪念日。当天中越边境的广西友谊关城楼前举行升旗仪式，在雄壮的国歌声中，鲜艳的五星红旗迎着晨曦，在大家的注目礼中徐徐升起。友谊关国旗护卫队与周围民众一道为祖国祝福，为自治区成立60周年欢庆。1949年12月11日，中国人民解放军将红旗插上镇南关，宣告广西全境解放。（杨陈 梁箫）	未
广西壮族自治区财政厅积极支持滇桂黔石漠化片区广西片区发展	未
广西多地惊现雾凇景观，这些地方已美成了仙境！受强冷空气影响，全区气温骤降。兴安猫儿山资源隘门界融水杆洞乡等广西桂北高寒山区出现了冰凌或雾凇等自然景观。广西的小伙伴们，有没有很惊喜呀详情请戳：推荐广西多地惊现雾凇景观，这些地方已美成了仙境！ （广西自治区文化与旅游厅）	未
广西多地惊现雾凇景观，这些地方已美成了仙境！受强冷空气影响，全区气温骤降兴安猫儿山资源隘门界融水杆洞乡等广西桂北高寒山区出现了冰凌或雾凇等自然景观广西的小伙伴们，有没有很惊喜呀详情请戳：推荐广西多地惊现雾凇景观，这些地方已美成了仙境！ （广西自治区文化与旅游厅）	未
广西多景区将实行政府定价，这100个地方免费玩！	未
广西大学迎建校90周年 培养51万各类专业人才	未
广西安排3亿专项资金重点发展国际陆海贸易新通道项目	未
广西安排3亿资金重点发展国际陆海贸易新通道项目	未
广西实践：增进“五个认同”，铸牢中华民族共同体意识	未
广西将实施离境退税政策，利好旅游板块	未
广西将实行景区分级管理南宁市25个景区免费开放11月24日，记者从自治区发改委获悉，广西壮族自治区景区门票价格分级管理目录（以下简称管理目录）近日正式印发明年1月1日起，景区门票价格实行政府定价或政府指导价管理，各设区市可根据当地实际情况，提出调整景区门票价格分级管理目录方 ...全文	未
广西将添出境新通道目前，靖西至龙邦高速公路建设工程已进入收尾阶段，预计年底通车这段高速路通车后，将完善广西出境高速公路网，为我国西南地区通往东南亚各国打开一条新的陆路通道该高速路起于靖西市新靖镇旧州村，终于龙邦口岸海关大楼处，总里程28.3公里，全线双向四车道	未
广西将首开福建方向高铁	未
广西小学上演千人多耶舞 “非遗”传承走入城市校园	未
广西山歌手歌圩对唱 张口就来逗乐民众	未
广西巴马迎全国首个以健康为主题的徒步大会	未
广西恭城:畅通渠道 扎实做好信访举报工作	未
广西成立60周年文物博物馆事业成果展举行	未
广西打通路网促脱贫	未
广西打造中国—东盟跨境电子商务基地	未
广西扩大对外开放力度 充分利用中越劳务合作政策	未
广西招警20人，大专可报，有年终奖	未
广西拟新增24家国家4A级旅游景区，有你想去的吗	未
广西政府发文：专项治理超限超载，年底消除百吨王！	未
广西救护车司机比车技 展救援能力	未
广西新品种水果：牛油果（油梨）园参观考察情况	未
广西新增一批四五星级农家乐，南宁这5家上榜！约吗	未
广西新媒体中心大楼竣工了，并在楼顶最高处喷放烟花，网友赞叹：雄伟壮观，一柱擎天	未
广西新媒体中心烟火秀	未
广西新闻发布2018年广西发展生态经济工作推进会：地铁3号线明年6月开通试运营自治区政府新闻办于2018年12月27日（星期四）上午10时在广西新闻发布厅举行2018年广西发展生态经济工作推进情况新闻发布会，提到今年以来，全区大力推进绿色交通工作，南宁地铁3号线基础设施建设已经基本完成，预计2019年6月将开通试运营。网页链接	未
广西日报传媒集团 鲁花社区服务大篷车 来到广西气象局植物路生活小区啦！ 我要上热门  早安@南国早报 的一直播（下载App-gt网页链接）	未
广西是一个来了，就不想走的地方广西欢迎您！	未
广西“智慧警务”惠民生(图)	未
广西柳州火车站77年6次改造 新站房使用成西南重要枢纽	未
广西桂林上演空中太极 爱好者高空过招11月24日，太极爱好者在广西桂林千古情景区的湖面上演了一场惊险的空中太极秀，爱好者脚踏水上飞人装备高空中过招，并展示螺旋升空连续空翻等高难度动作，吸引众多游人围观	未
广西梧州立体交通网络加速完善 桂粤“时空”距离更短	未
广西民族区域自治60年 民族事务步入法治化轨道	未
广西永福：修缮古民居 吸引八方客(图)	未
广西河池宜州区福龙瑶族乡板江小学给孩子加个菜公益项目，2018年11月28日星期三加菜:包菜炒肉豆腐汤                                            ...全文	未
广西海景看房团，3天2晚吃住玩全免费！有山有海，没有雾霾！	未
广西消防60年丨望火楼，南宁消防的传承	未
广西消防60年丨柳州消防：60年风雨，60年守护	未
广西热评 多元观点碰撞出善治火花	未
广西热评 大学生抚养费确有需求	未
广西版布达拉宫豪掷20亿建成 供奉600吨世界最大室内佛像11月26日，广西玉林市，南流江畔有一座规模雄伟气势恢宏的建筑，名为云天宫。该建筑占地70亩，建筑面积14万，主体建筑为一座21层高达108米的高楼，供奉有一座高30米，重约600吨的全世界最大室内佛像。广西版布达拉宫：花费20亿佛像重600吨 东方网	未
广西率先出台稻谷目标价格补贴方案 优普稻谷实行差异化补贴	未
广西环江万亩草甸出现难得一见雾凇景观	未
广西“电灯泡”楼 网友直呼“魔性”	未
广西的好地方也不少咧	未
广西神秘蛇村，家家户户都有成千上百条蛇！	未
广西神秘蛇村，家家户户都有成百上千条蛇，男女老少都玩蛇！	未
广西第一条光伏发电的高速公路正式通车	未
广西统一战线扶贫见成效	未
广西“菜篮子”为粤港澳大湾区提供“放心菜”	未
广西蒙山四川洪雅等45地获颁“国家生态文明建设示范市县”	未
广西西林举办文化节展示句町古老文化	未
广西贺州：全力打造“东融先行示范区”	未
广西贺州青少年足球锦标赛鸣哨 两广球队竞逐绿茵场	未
广西赴黑龙江推介：引寒地游客过“山水暖冬”	未
广西身边事网曝了一份广西各地区的气象形容，你觉得符合吗(中国天气网)	未
广西身边事钦州：2518人同时吃大蚝，破世界纪录了11月24日上午，2018年钦州蚝情节开幕，吸引了不少群众。其中，2518人同时吃大蚝和2400多人的人体多米诺骨牌创两项世界纪录。据悉，活动将持续到12月2日。感兴趣的朋友，现在去还来得及(南国早报)	未
广西这条铁路拟年底开建！还有一批重大铁路项目获国家支持	未
广西金字岭旭日初升云雾缭绕 美如仙境	未
广西钦州“无偿献血达人”病逝捐献眼角膜	未
广西钦州蚝王争霸 10年大蚝称王	未
广西防艾宣传现场，两名男子被检出HIV呈阳性！这些真相值得你关注！	未
广西靖西市党委政府携企业脱贫攻坚记	未
广西首家实战型教育集团诞生 桂特教育发力	未
广西首开福建方向高铁！武夷山福州...柳州人可以坐动车直达啦	未
“广谱”抗癌药获美国FDA加速审批 癌症患者将迎来春天？	未
广连高速英德段开建，浛洸镇召开公路征地拆迁工作会议！	未
广通镇最古老的铁索桥，在禄丰盐运史上占有重要地位！	未
广铁2019年春运外来工团体订票28日启动！！	未
广铁2019年春运外来工团体订票28日启动	未
广饶新增一家国家AAA级旅游景区	未
广饶终于迎来第一个滑雪场！对不起，让你们久等了！	未
广马周日开跑！公交避让交通管制...出行地图请收好！	未
广马当天除了三条地铁线路提前运营，还有这些调整了解一下吧	未
广马明天7：30开跑！广州地铁三条线路本周日将提前至5:30运营广马将于9日7:30在天河体育中心开跑为方便参赛选手和工作人员出行，广州地铁1号线3号线(含3号线北延段)以及APM线首班车提前至5:30投入运营服务，提前运营服务期间1号线和3号线的行车间隔约10分钟，APM线行车间隔约6分钟，并且将视客 ...全文	未
//@庄夫人_:莲池每年年底都会经历一遍 过后你会恍然大悟这一切都是因为他太优秀了	未
庄木弟主持召开东方美谷园中园建设汇报会	未
庄木弟慰问2018东方美谷国际化妆品大会指挥部工作人员	未
庄浪县在天津河西区召开招商引资暨文化旅游项目推介会	未
庄浪县林业局被国家夸赞！授予三北防护林体系建设工程先进集体	未
庄浪发放1500万创业贷款公告，每人最高10万！	未
庄浪:生态与富民的双赢之路	未
庄浪紫荆广场的群众上电视啦	未
庄浪老乡救救南湖这个14岁孩子的父亲吧！爱心接力扩散！	未
庄股多喜爱 sz002761 朗迪集团，趁着大盘拉升偷偷出货。大家不要贪图单日的便宜去接飞刀。	未
庄警提示丨后天（12月2日），蜀黍与你相约北国优客城市奥莱门前广场！	未
庄警提示丨市区新增多个电子警察！高速公路多个加油站施工，注意提前加满油！	未
庄里的老北京味道---隆云兴@河北音乐广播 的一直播（下载App-gt网页链接）	未
庆云人注意：2019年度城乡居民医疗保险开始缴费啦！附各居委会名单	未
庆云建起3个爱心驿站，环卫工人有了休憩所！	未
庆云高速匝道口：小轿车突然转向，扣3分，罚200元！	未
庆安招聘庆安县招聘求职信息1206期	未
庆安积极开展基层谈心谈话活动	未
庆广西壮族自治区60华诞之改革开放：潮起八桂海天阔	未
庆改开40周年文艺晚会举行 习近平等中央领导人观看	未
庆改革开放40周年支队成立30周年新余公安交警开展登山活动	未
庆盛高铁有望增加班次，南沙人坐高铁将更方便了！	未
庆祝12.12！ 瓜分15亿，人人有份！红包翻倍，按图一搜：608180290	未
庆祝中国－东盟中心成立七周年招待会在京举行	未
庆祝中国共产党成立95周年大会将于7月1日在京举行	未
庆祝中国共产党成立95周年音乐会《信念永恒》在京举行	未
庆祝中柬建交60周年特别活动——中柬青年友好会见主题会议在京举行	未
庆祝中美建交联合公报发表40周年跟着老毛子只能喝西北风	未
庆祝农村改革40周年座谈会在京召开，胡春华出席并讲话	未
庆祝农村改革40年20个中央一号文件概要（1982-2018）	未
庆祝农村改革四十年特别报道丨十大时代人物	未
庆祝厚街改革开放40周年路网建设织就八方通途	未
庆祝厚街改革开放40年公园广场打造市民欢笑乐园	未
庆祝双12，开始每天领取超大现金红包。，瓜分15亿	未
庆祝广西壮族自治区60华诞特别报道之改革开放篇：潮起八桂海天阔	未
庆祝广西壮族自治区成立60周年，心连心艺术团慰问演出12月1日央视首播	未
庆祝广西壮族自治区成立60周年文艺晚会侧记	未
庆祝广西壮族自治区成立60周年 网络主题活动启动	未
庆祝广西壮族自治区成立60周年群众文艺表演综述	未
庆祝建党95周年大会7月1日举行，习近平将发表重要讲话	未
庆祝德清机场启用	未
庆祝改开40周年大会 演奏的这曲子打破惯例	未
庆祝改开40周年文艺晚会现场	未
庆祝改革开放40周年，不能忘记离开的他们！	未
【庆祝改革开放40周年】专访73届联大主席埃斯皮诺萨：中国成为多边主义的表率	未
【庆祝改革开放40周年】专访麦克法兰：中国正经历世界文明史上伟大变革	未
庆祝改革开放40周年，世纪出版集团为时代巨变探源解密	未
庆祝改革开放40周年丨俄专家：改革开放利好全球	未
庆祝改革开放40周年丨听追风者说	未
庆祝改革开放40周年主题活动灌口街道太平社区学习乡村振兴经验，携手并肩再谋社区新发展	未
庆祝改革开放40周年之永定区文体广电新篇永定区妇幼篇桑植县交通篇	未
【庆祝改革开放40周年·习总书记重要讲话】在知识分子青年学生中引发热议	未
庆祝改革开放40周年 习近平讲话3分钟要点版来了	未
庆祝改革开放40周年，习近平讲话3分钟要点版来了	未
庆祝改革开放40周年，习近平讲话要点版来了	未
【庆祝改革开放40周年】伊朗人士：中国模式值得世界借鉴	未
【庆祝改革开放40周年】俄专家：改革开放利好全球	未
庆祝改革开放40周年 俄专家：改革开放利好全球	未
庆祝改革开放40周年全国书法大展开展	未
庆祝改革开放40周年北京亦庄大型纪录片一条条科学规划的道路，蔓延出北京经济技术开发区的轮廓一座座高低错落的楼宇，支撑着探索科技和生活未知的梦想一片片简约时尚的厂区，蕴藏着颠覆高精尖产业格局的能量为什么这里催生改革为什么这里引领创新为什么这里把未来变成现实 ...全文	未
【庆祝改革开放40周年】南非学者：中国改革开放惠及世界	未
【庆祝改革开放40周年】印度人士：中国发展提供世界经验	未
【庆祝改革开放40周年】哥伦比亚前驻华大使：共享中国发展红利	未
【庆祝改革开放40周年】四川彭州乡村题材曲艺作品进京展演	未
【庆祝改革开放40周年·四海之声】借鉴中国经验已成多国共识	未
【庆祝改革开放40周年·四海之声】改革开放不止步让世界期待	未
【庆祝改革开放40周年·四海之声】这五年 见证中国新巨变	未
【庆祝改革开放40周年】在法华人：我们是改革开放受益者	未
庆祝改革开放40周年基层行	未
【庆祝改革开放40周年基层行】东莞长安镇大力发展智能手机产业 逐步发展成广东智能手机特色小镇	未
【庆祝改革开放40周年基层行·乡镇篇】一个外国人眼中的古镇变迁	未
【庆祝改革开放40周年基层行·乡镇篇】江苏沙集：一条网线带来的巨变	未
庆祝改革开放40周年基层行：千年古镇杨柳青	未
【庆祝改革开放40周年基层行】山东平邑县：立足自身特点 打造特色产业强村	未
庆祝改革开放40周年基层行 山乡巨变下姜村	未
【庆祝改革开放40周年基层行·村庄篇】山乡巨变下姜村	未
【庆祝改革开放40周年基层行-村庄篇】皇城村的小康路	未
【庆祝改革开放40周年基层行·村庄篇】皇城村的小康路	未
庆祝改革开放40周年基层行·村庄篇︱皇城村的小康路	未
[庆祝改革开放40周年基层行]浙江龙港镇：“每一步都烙刻着改革印记”	未
【庆祝改革开放40周年基层行】湖南浏阳大瑶镇：让中国烟花走向世界	未
[庆祝改革开放40周年基层行]陕西礼泉县袁家村：穷山村成为休闲金招牌	未
【庆祝改革开放40周年基层行】青海门源县第一小学：百年老校的40年变迁	未
【庆祝改革开放40周年】塞尔维亚文化部长：中国经验对世界发展有重要意义	未
【庆祝改革开放40周年】多国前政要：中国为世界经济作出巨大贡献	未
庆祝改革开放40周年大会	未
庆祝改革开放40周年大会12月18日上午在京举行 	未
庆祝改革开放40周年大会12月18日上午在京举行	未
庆祝改革开放40周年大会12月18日上午在京举行 习近平将出席大会并发表重要讲话	未
庆祝改革开放40周年大会12月18日上午在京举行 习近平将出席大会并发表重要讲话	未
庆祝改革开放40周年大会18日上午举行	未
庆祝改革开放40周年大会18日上午举行 习近平将出席大会并发表重要讲话	未
庆祝改革开放40周年大会18日举行	未
庆祝改革开放40周年大会18日举行 习近平将出席	未
庆祝改革开放40周年大会18日举行，习近平将发表重要讲话	未
庆祝改革开放40周年大会上，习近平讲话用了哪些名句	未
庆祝改革开放40周年大会上的4个细节，你注意到了吗	未
【庆祝改革开放40周年大会】中共中央总书记、国家主席、中央军委主席习近平同志发表重要讲话	未
庆祝改革开放40周年大会 习近平发表讲话	未
庆祝改革开放40周年大会 习近平讲话	未
庆祝改革开放40周年大会侧记	未
庆祝改革开放40周年大会侧记：中国改革再扬帆	未
庆祝改革开放40周年大会即将举行	未
庆祝改革开放40周年大会即将举行，各界代表正陆续进入会场	未
庆祝改革开放40周年大会在京举行	未
【庆祝改革开放40周年大会在京举行】干部群众热议习近平总书记讲话	未
庆祝改革开放40周年大会在京隆重举行	未
庆祝改革开放40周年大会在京隆重举行 习近平发表重要讲话(图)	未
庆祝改革开放40周年大会在京隆重举行 习近平发表重要讲话	未
庆祝改革开放40周年大会在京隆重举行，习近平发表重要讲话	未
庆祝改革开放40周年大会在京隆重举行(图)	未
庆祝改革开放40周年大会在北京隆重举行(组图)	未
庆祝改革开放40周年大会宣读获得改革先锋称号人员名单	未
庆祝改革开放40周年大会引发热议 32位大学书记校长这样说	未
庆祝改革开放40周年大会 演奏的这首曲子打破惯例	未
庆祝改革开放40周年大会讲话中的高频词	未
庆祝改革开放40周年大会隆重举行 习近平发表重要讲话	未
庆祝改革开放40周年大型展览	未
庆祝改革开放40周年大型展览丨“大美中国”影像长廊	未
庆祝改革开放40周年大型展览|中国制造：从大国重器到智能科技	未
“庆祝改革开放40周年大型展览”中榜上有名的群体讲述亲历	未
庆祝改革开放40周年大型展览中的军队英模记忆	未
庆祝改革开放40周年大型展览之二十三	未
庆祝改革开放40周年大型展览之二十六	未
庆祝改革开放40周年大型展览之十	未
庆祝改革开放40周年大型展览之十一	未
庆祝改革开放40周年大型展览 从小物件看大变化	未
庆祝改革开放40周年大型展览 从小物件看生活大变化	未
庆祝改革开放40周年大型展览 从车轮上的变化看国家的发展	未
庆祝改革开放40周年大型展览：体味舌尖上的历史变迁	未
庆祝改革开放40周年大型展览 参观人数近150万	未
庆祝改革开放40周年大型展览 参观人数近150万每天留言万字	未
庆祝改革开放40周年大型展览国防和军队展区引关注	未
庆祝改革开放40周年大型展览国防和军队展区引发关注	未
【庆祝改革开放40周年大型展览】小小厨房见证历史跨越	未
“庆祝改革开放40周年大型展览”已开放11天 共48万余人次参观	未
“庆祝改革开放40周年大型展览”开放11天 共48万余人次参观	未
庆祝改革开放40周年大型展览开放11天共48万余人次参观	未
庆祝改革开放40周年大型展览新华社展项扫描	未
庆祝改革开放40周年大型展览日均参观人数约4.5万人次	未
庆祝改革开放40周年大型展览：《清明上河图》穹幕影院	未
庆祝改革开放40周年大型展览 《清明上河图》穹幕影院成焦点	未
庆祝改革开放40周年大型展览：百姓文化获得感不断增强	未
庆祝改革开放40周年大型展览：笔墨书峥嵘，光影绘壮美	未
庆祝改革开放40周年大型展览筹备工作有序推进	未
庆祝改革开放40周年大型展览网上展馆	未
庆祝改革开放40周年大型展览：行政体制改革 简政放权便民利商	未
【庆祝改革开放40周年大型展览】衣食住行见证巨变	未
庆祝改革开放40周年大型展览︱衣食住行见证巨变	未
“庆祝改革开放40周年大型展览”迎参观高峰 	未
《庆祝改革开放40周年》大方县六龙镇小荆州的新面貌	未
《庆祝改革开放40周年》大方县黄泥塘镇变化日新月异	未
庆祝改革开放40周年 天津高新区举行图片展和专题片首映	未
【庆祝改革开放40周年 奋进强军路】履行使命 做党和人民的忠诚卫士	未
庆祝改革开放40周年 宿城区举办太极拳展演活动	未
庆祝改革开放40周年展览	未
庆祝改革开放40周年展览 150万人参观每天留言数万字	未
庆祝改革开放40周年展览展出月余反响强烈	未
庆祝改革开放40周年展览：行政体制改革，简政放权便民利商	未
【庆祝改革开放40周年】巴西学者：中国给发展中国家更多可能	未
【庆祝改革开放40周年微电影】张波的鞋	未
庆祝改革开放40周年快手再登央视《焦点访谈》	未
庆祝改革开放40周年：“我们的幸福写在脸上”	未
【庆祝改革开放40周年】“我是普通人，赶上了好时代”	未
庆祝改革开放40周年文艺晚会举行 习近平等出席观看	未
庆祝改革开放40周年文艺晚会侧记(图)	未
庆祝改革开放40周年文艺晚会在京举行	未
庆祝改革开放40周年文艺晚会在京举行 习近平等出席观看	未
庆祝改革开放40周年文艺晚会在京举行 习近平等观看	未
庆祝改革开放40周年文艺晚会在京举行，习近平等观看演出	未
庆祝改革开放40周年文艺晚会《我们的四十年》举行	未
庆祝改革开放40周年文艺晚会《我们的四十年》在京举行 	未
庆祝改革开放40周年文艺晚会《我们的四十年》在京举行	未
庆祝改革开放40周年文艺晚会《我们的四十年》在京举行 (图)	未
庆祝改革开放40周年文艺晚会《我们的四十年》在京举行 习近平李克强栗战书汪...	未
庆祝改革开放40周年文艺晚会《我们的四十年》在京举行 习近平李克强栗战书汪洋王沪...	未
庆祝改革开放40周年文艺晚会《我们的四十年》在京举行 习近平李克强栗战书汪洋王沪宁韩正王岐山出席观看	未
庆祝改革开放40周年文艺晚会《我们的四十年》在京举行(图)	未
庆祝改革开放40周年文艺晚会《我们的四十年》在北京举行	未
庆祝改革开放40周年暨检察机关恢复重建40周年从马背检察官到草原检察直通车，40年风雨，不忘初心，让法治的光芒照亮草原的每一个角落，是他们不变的使命。今天，让我们走进内蒙古自治区检察院，一起感受他们维护公平正义的初心。	未
庆祝改革开放40周年 柯文思：用光影记录中国	未
庆祝改革开放40周年，江苏出版界的翘楚端出了这份“厚礼”	未
庆祝改革开放40周年江苏致公书画展开幕	未
庆祝改革开放40周年活动密集举行，湖南召开高规格纪念大会	未
【庆祝改革开放40周年】澳门青年：为祖国发展贡献力量	未
庆祝改革开放40周年特刊：改革图志	未
【庆祝改革开放40周年特刊·改革记忆】40年，那些人那些事	未
庆祝改革开放40周年特刊：波澜壮阔的中国法治40年	未
【庆祝改革开放40周年·理论之声】张占斌：在更高起点上推进改革开放	未
庆祝改革开放40周年理论研讨会举行 王沪宁出席并讲话	未
庆祝改革开放40周年理论研讨会举行，王沪宁出席并讲话	未
庆祝改革开放40周年：百名外国摄影师眼中的北京	未
庆祝改革开放40周年 百城百企调研行汉中：从包产到户第一村到不断壮大的集体经济	未
庆祝改革开放40周年“百城百县百企”调研丛书出版发行	未
庆祝改革开放40周年第一个环保法庭在这里诞生，贵州清镇探索环境司法专门化之路	未
【庆祝改革开放40周年系列微电影】第一部：四十年奋斗	未
【庆祝改革开放40周年系列微电影】第三部：印记	未
【庆祝改革开放40周年系列微电影】第二部：最高点的合影	未
庆祝改革开放40周年系列微视频三：文化兴国运兴 文化强民族强	未
庆祝改革开放40周年系列微视频(四)：绿水青山就是金山银山	未
【庆祝改革开放40周年】老挝华人：继续支持祖国建设	未
庆祝改革开放40周年——舌尖上的如烟岁月	未
【庆祝改革开放40周年】英国摄影师布鲁斯·康诺利：乘着火车看中国	未
庆祝改革开放40周年 讲话3分钟要点版来了	未
庆祝改革开放40周年重点影片推介会举办	未
庆祝改革开放40周年高铁呼啸而至 南京发展提速40年里，不断提速的列车，让南京踩上了风火轮，发展一路加速。南京站到南京南站，一字形到米字形，交通辐射力越来越强庆祝改革开放40周年丨南京印记：高铁呼啸而至 南京发展提速查看图片	未
【庆祝改革开放40年】一名“复兴号”司机的三个梦想	未
庆祝改革开放40年：一名“复兴号”司机的三个梦想	未
庆祝改革开放40年  云浮首条高速公路通车回眸	未
“庆祝改革开放40年”全媒体实景党课开播	未
庆祝改革开放40年  勇立潮头，逐浪前行，双飞燕飞向全球	未
庆祝改革开放40年基层行｜乌镇80岁老奶奶用手机直播越剧	未
庆祝改革开放40年基层行乡镇篇一方小餐桌 见证大变化	未
【庆祝改革开放40年·基层行】创新土地经营 成都战旗村实现振兴	未
【庆祝改革开放40年·基层行】叶尔兰：天山脚下新渔民	未
庆祝改革开放40年·基层行 后池村：用“愚公精神”凿出致富路	未
庆祝改革开放40年基层行｜“孟楼经验”唤醒农村沉睡资源	未
庆祝改革开放40年基层行·学校篇｜两位龚老师，传承话今昔	未
庆祝改革开放40年基层行·村庄篇︱宝山村里叙今昔	未
庆祝改革开放40年基层行·村庄篇 进顺村里蛮顺心	未
庆祝改革开放40年基层行｜杨柳青：年画年销售额五千余万元	未
【庆祝改革开放40年·基层行】​江西永新：脱贫新法宝 老区人用上高科技	未
庆祝改革开放40年基层行｜沪浙边界小镇如何变身交通走廊	未
【庆祝改革开放40年·基层行】畹町：“太阳当顶”的边关重镇	未
庆祝改革开放40年基层行｜蚶江：从小渔村到全国百强乡镇	未
庆祝改革开放40年基层行 设计第一本加工贸易登记册	未
【庆祝改革开放40年·基层行】贵州凯棠：贫困乡镇的教育逆袭之路	未
庆祝改革开放40年基层行｜这所海岛中学学生有不少自主研究	未
庆祝改革开放40年基层行｜进顺村里蛮顺心	未
庆祝改革开放40年 大V走进广安看巨变采风活动花絮12月7日-9日，麻辣社区小编及摄影大V受邀参加庆祝改革开放40年大V走进广安看巨变采风活动。三天时间里，深入参观了邓小平故里景区广安（深圳）产业园宝箴塞武胜朝门华蓥山石林景区等地，感受改革开放40年广安经济社会发生的巨大变化，见证广安乡村振兴和脱贫攻坚的美丽嬗变。	未
庆祝改革开放40年大会[加油] //@洛阳交警支队检测监管大队: //@中警安徽: 改革开放40周年 基层民警观后感！	未
庆祝改革开放40年大会 机场分局	未
庆祝改革开放40年 安徽：从麦客到飞客 见证中国农村改革	未
庆祝改革开放40年展览上的“四川印记”	未
【庆祝改革开放40年·我和中国的故事】罗杰斯：我与中国同行	未
庆祝改革开放40年暨建市40年|六盘水：与改革开放同行	未
庆祝改革开放40年 正定：找准定位 接续奋斗	未
【庆祝改革开放40年】民航机长：再远都要把同胞接回家	未
庆祝改革开放40年 畹町：“太阳当顶”的边关重镇	未
【庆祝改革开放40年·百城百县百企调研行】中远海运：“走出去 引进来”的前锋	未
【庆祝改革开放40年·百城百县百企调研行】守住青山绿水 打造脱贫致富之路	未
【庆祝改革开放40年 百城百县百企调研行】广东东莞：为企业撒一把种子开一片天地	未
庆祝改革开放40年·百城百县百企调研行 广东顺德：小腾挪换来发展大空间	未
【庆祝改革开放40年·百城百县百企调研行】张家界：守住青山绿水 打造脱贫致富之路	未
【庆祝改革开放40年·百城百县百企调研行】徐工集团：高端制造铸就大国重器	未
（庆祝改革开放40年·百城百县百企调研行）比亚迪 创新为本走出去	未
庆祝改革开放40年·百城百县百企调研行 比亚迪：技术为王 创新为本	未
【庆祝改革开放40年·百城百县百企调研行】陕西富平：红柿子 绿色路	未
【庆祝改革开放40年 百城百县百企调研行】青海海东互助土族自治县：山川美了 农民富了	未
【庆祝改革开放40年】美国学者哈维·佐丁:中国走近世界舞台中央	未
【庆祝改革开放40年】蓄力改革开放再出发	未
庆祝改革开放40年｜蚶江：从小渔村到全国百强乡镇	未
【庆祝改革开放40年】行进：张大爷的账本	未
庆祝改革开放40年：贵阳公交驶进生态文明新时代	未
庆祝改革开放40年：这所海岛中学学生有不少自主研究	未
【庆祝改革开放40年】马利：和中国航天共同成长	未
庆祝改革开放40年！马寨：从工业老镇到产业新城	未
庆祝改革开放40年｜马怀德：行政法治建设的建言者	未
庆祝改革开放四十周年UIBE校友论坛在京召开	未
庆祝改革开放四十周年全媒体采访团走进天水(图文视频航拍)	未
【庆祝改革开放四十周年】平原淤泥质海岸建港：“滩涂	未
庆祝改革开放四十周年 正在直播：改革开放  与世界共赢40年风雨砥砺，40年昂首奋进，中国人民用勤劳和汗水在人类发展史上书写了国家和民族发展的壮丽史诗本次 视点直播 ，新华社将启动国内外多个地区直播点位，并邀请两位专家做客演播室，为你在线解读一起来看 新华视点的微博直播 .	未
【庆祝改革开放四十周年】江苏通州“建筑铁军”：从“	未
庆祝改革开放四十周年系列微电影陆续上映	未
庆祝改革开放四十周年系列微电影陆续上映——“记得来时路，继续向远方”	未
庆祝改革开放四十周年 重庆推行家庭联产承包责任制第一人： 葛兰包产到户背后的故事40年前，徐明虎在黄金庐家竹林前的院坝中，鼓励黄金庐大胆推行包产到户，让葛兰南中村走在了重庆的最前面20年前，徐明虎专程回到这里，与老友一起畅谈回顾改革的经历10年前，他再次回来时，黄金庐已去世 ...全文	未
庆祝改革开放四十年	未
“庆祝改革开放四十年·2018多彩贵州有多彩”网络主题文化传播活动在贵阳启动	未
庆祝改革开放四十年 两部大型北京商业纪录片明日首播	未
庆祝改革开放四十年从编鸡笼子的窘迫到生产歼-20的豪气中国战机逆风崛起上世纪80年代，在经济工作的调整中，国家计划任务陡降，对长期靠计划吃饭以军品生产为主的成飞，是极为严峻的挑战。上一年还生产了100多架飞机，第二年就只有几架飞机了，1.8万余名职工的饭碗端不稳了。为了求生存，全厂上下揽回了2000多个合同，生产洗衣机旱冰鞋烟灰盒鸡笼子什么都有，但只有不到1000万元的合同金额。厂长侯建武心里清楚，这不到1000万元的合同，根本养不活全厂职工。更令他忧心的是：这么大的企业，没	未
庆祝改革开放四十年四十年回归路：从竞技之小到体育之大1979年10月25日，国际奥委会执委会通过《名古屋决议》，恢复了中国奥委会在国际奥林匹克大家庭的合法席位。这是一个百废待兴的起点，是中国体育乘着改革开放的东风，就此拉开40年壮丽长卷的开始。而体育一词，在过去40年间被不断丰富扩大的内涵和外延，恰恰见证了中国体育在不同历史时期所承载的责任和使命。从竞技之小到体育之大，中国社会用40年完成了对体育的理解和超越。四十年回归路：从竞技之小到体育之大	未
庆祝改革开放四十年特别系列策划《我的幸福车生活》第二集 父亲与他的汽车故事	未
庆祝改革开放四十年邓小军：青春追梦挑战高速亮出中国高铁名片仅3年时间，邓小军和团队就完成了所有原始图纸资料和技术标准的消化吸收，打破了外方最初16年才能完成的预言现在，CRH380A型列车的安全性舒适性经济性等指标达到世界先进水平，创造了时速486.1公里的世界最高运营速度 ...全文	未
庆祝澳门回归祖国19周年	未
庆祝祖国生日 漳州市举行升旗仪式	未
庆祝自治区成立60周年，龙潭一大批村民搬新居	未
庆阳4岁萌娃飙秦腔 萌萌哒引众围观	未
庆阳农村白事唢呐，电子琴伴奏。	未
庆阳合水县招聘乡村卫生专业技术人员25名	未
庆阳市长写给  镇原帮扶干部的一封信，请查收！	未
庆阳新闻三分钟来啦！11月26日（星期一）语音播报	未
庆阳新闻三分钟来啦！11月27日（星期二）语音播报	未
庆阳新闻三分钟来啦！11月28日（星期三）语音播报	未
庆阳新闻三分钟来啦！11月29日（星期四）语音播报	未
庆阳新闻三分钟来啦！11月30日（星期五）语音播报	未
庆阳新闻三分钟来啦！12月3日（星期一）语音播报	未
庆阳新闻三分钟来啦！12月5日（星期三）语音播报	未
庆阳最长玻璃桥开放，惊险刺激你敢不敢去走一趟	未
庆阳最长玻璃桥惊险刺激敢去吗	未
床不离七棺不离八桌不离九，什么讲究	未
床单父亲为女儿筹钱治病夜宿街头，锦州市民爱心接力刷屏朋友圈	未
床！快放开我！！我是要起来工作的人！！！	未
床铺二楼，哈哈	未
庐山今冬首次冰冻天气现雨凇景观 预计冻雨将转雨夹雪(图)	未
庐山冰雪达人试睡转发报名征集7位酒店试睡体验官@庐山嘉豪淮海国际豪生酒店征集7位冰雪试睡官，参与夜不归宿的疯狂趴体，感受面朝雪原林海，春暖花开。想滚床单：转发微博@ 3位好友 ，并戳网页链接 报名（点击中间图，了解试睡详情），去庐山看最美雪景住五星级豪生酒店。	未
庐山 雪 庐山下雪了，还没到圣诞节，第一场雪，真的美哭了，白色庐山，白色圣诞	未
庐江县人民政府令（第37号）	未
库兹马：即便是背靠背，我们也需要在场上充满能量今天是湖人背靠背的第二场，昨日湖人客场不敌马刺。你需要忘掉失利继续前进，你不能任由失利困扰着你，即便我们昨天在圣安东尼奥的前三节打得非常棒。你必须为下一场比赛做好准备，这正是我们今天所做的。詹姆斯说道。库兹马表示：归根结底，我们都是职业球员，我们需要踏上赛场，无论是背靠背还是出场40分钟，你都需要在场上充满能量。	未
库兹马晒图，浓眉底下互动我没有认真起跳，不是这就开始了吗	未
库兹马！！！神仙球！！！！	未
库兹马篮板抢下后打进！今天表现也超棒的裤子，三节没打完也25分了 GoLakers	未
库兹马赛后合影，这帽子可以啊。	未
库嫂带着宝贝佳能来工作，小孩子就是好，到哪儿都能呼呼睡 库里微博视频	未
库尔勒旅游攻略之十大景区！太详细了，赶紧收藏！千万不要错过！	未
库尔图瓦的女儿真的好好看啊！	未
库布其治沙带头人王文彪获绿色长城奖章	未
库布其脱贫农牧民组团进京观看改革开放40年展(图)	未
库布其脱贫牧民组团进京参观庆祝改革开放40周年大型展览	未
库德洛:种锅对美国汽车，农业和能源商品的关税下调将是对种美贸易谈判是否有望取得成功的试金石。	未
库班：欧洲孩子学习如何打球，我们孩子学习怎么扣篮如果我们让我们最好的孩子在参加全美高中篮球比赛之前去欧洲待7年，然后送他们去斯洛文尼亚接受教育那这样NBA的情况会比现在好很多。（欧洲的）孩子在学习如何打球，而我们的孩子学习怎么扣篮，混合各种招式的扣篮。我可能会送我9岁的儿子 ...全文	未
库里4297 勇士大胜骑士NBA 常规赛继续进行，勇士 在客场以129-105击败骑士 ，取得对骑士的四连胜。勇士也取得两连胜，库里 投中9个三分球拿到42分9个篮板和7次助攻，杜兰特 拿到25分10个篮板和9次助攻。勇士VS骑士 库里9个三分	未
库里42分杜兰特35分 勇士主场129:127逆转快船	未
库里三分！勇士12:10独行侠。	未
库里上篮绝杀 勇士险胜快船勇士主场和快船上演对攻大战，快船上半场一度领先两位数，勇士第三节实现反超，末节快船也曾领先，但勇士一波9-0再次拉开分差。最后2分半，快船一波7-0将分差追平！最后22秒，勇士最后一攻，库里在还剩0.5秒的情况下顶着哈雷尔的防守上篮打进，勇士最终129-127险胜快船！库里42分，杜兰特35分12篮板。快船本场三分23投18中，哈里斯32分9篮板，加里纳利25分11篮板，路威25分9助攻。	未
库里今天得到4297，三分命中率今天从48.97（145中71）到50（159中80），命中率重回50.31，常规赛三分球命中总数从2200到2209个，位列NBA历史第5，距离第4的凯尔科沃尔的2246个三分球还差37个克莱本赛季三分球中命中率今天从35.03（197中69）到34.98（203中71），三分球总数1628个，位列历史第21，距离第20詹姆斯的1665个还差37个。	未
库里关键三分再进	未
库里命中9记三分，全场轰下42分9板7助攻！杜兰特得到25分10板9助攻，勇士129-105大胜骑士！	未
库里命中第四个三分！54平。	未
库里和同班同学玩的真开心，果然同龄人比较能玩到一起去 库里微博视频	未
库里打趣：为了让我达到里程碑，他们非常有压力勇士在昨日的比赛中以110-93击败了灰熊，赛后，库里接受了采访。当被问及在他达到15000分的里程碑后全队是否松了口气时，库里表示：在比赛前期，为了让我得到那10分，他们非常非常有压力，你可以感受到更衣室中的紧张氛围，那真的是，哇喔，我们打过抢七大战，客场打过，主场也打过，但我从未感受到过那样的紧张情绪。所以，我很高兴我们熬了过去，我们会将这件事抛在脑后，继续追逐胜利，所以，感谢我的队友今晚推着我前进，让我克服了低迷。本场比赛，库里得到20分7篮板。	未
库里第9个三分了，目前已经拿到39分7助攻7篮板了	未
库里第二个三分！	未
库里赠9岁女孩球鞋门票：她的建议让我受益匪浅一位名为莱利-莫里森的9岁小女孩想购买一双库里球鞋，但却没有找到适合小女孩的相应尺寸。在父亲的鼓励下，莫里森手写了一封信，向库里提出意见，由她父亲发在了网上。库里看到后，同样手写了一封信，并拍下照片，发在了自己的个人社交媒体上。库里承诺将会送给莫里森一双库里5代以及尚未上市的库里6代签名鞋。另外，他还会邀请莫里森在当地时间3月8日国际妇女节这天来甲骨文球馆，观看勇士与掘金的比赛。库里说道：当听到别人购买球鞋的经历时，我会从中去找到灵感，而莫里森的建议是	未
库里连续两个三分啦	未
库里遭遇车祸，现场竟然一片欢乐	未
应了采购小哥的要求，微店新增专柜免税店模块，上了几款礼盒，过年送礼再合适不过了。评论有入口	未
应勇：上海明年重点抓好这八方面工作！	未
应勇与外国驻沪领团见面：上海热忱欢迎拥抱国际企业国际资本	未
应勇为地中海邮轮、奢侈品牌蔻驰、洲际酒店等跨国公司颁证书	未
应勇：全力支持战略性新兴产业领域的重大项目建设	未
应勇调研世博文化公园建设：建成市民欢聚共享的城市中心公园	未
“应博会”广州开幕 超200家海内外企业和机构参展	未
应县木塔，也叫佛宫寺释迦塔它和埃菲尔铁塔，意大利比萨斜塔并称世界三大奇塔位于山西省朔州市应县城西北佛宫寺内建于辽清宁二年（宋至和三年公元1056年），金明昌六年（南宋庆元一年公元1195年）增修完毕，是中国现存最高最古的一座木构塔式建筑，全国重点文物保护单位	未
应城便民12月最新消息，招聘，转让，出售，二手交易，不可错过	未
应城市上调城乡居民基本养老保险基础养老金	未
应城很黄很黄，但是很漂亮！！！	未
应城最新便民消息：找工作找房子找二手戳这里	未
应城确保726户倒房户11月底喜迁新居	未
应城这里即将被挤爆，价值328元一双的百丽鞋免费送！还狂送礼品	未
应天大街高架路灯完成节能改造 至少节电30%	未
应天大街高架路灯完成节能改造 至少节电30明年我市计划实施模范马路江东快速路的路灯节能改造。届时，我市井字内环快速路将全部亮起LED节能灯，照明设施提档升级节能降耗的同时，也与周边景观亮化环境更加和谐统一。（南报网）应天大街高架路灯完成节能改造 至少节电30	未
应对暴雪寒潮 交警支招：冰雪天出行攻略要记牢	未
应对气候变化 世界各国应做出更大努力	未
应对气候变化取得积极进展  我国碳强度提前三年实现目标(图)	未
应对美加息 央行出招释放长期流动性	未
应届博士年薪80万元 AI行业工作真这么好找吗？	未
应届往届都可报！吉林省水务投资集团招聘工作人员	未
应届毕业生期望月薪5331元，北京为最期望就业城市	未
应届毕业生能领1万元补助！赶紧来看，教你去申请！	未
应届生就业景气指数高于去年 这个行业最容易就业 	未
应届生就业景气指数高于去年 这个行业最容易就业	未
应届生平均月薪期望8431元6日，《第十六届中国大学生最佳雇主调研综合报告》发布，报告显示，国内应届生平均期望薪资8431元/月。在求职热度最高的15个城市中，大学生期望薪资排名前三位的依次是北京上海南京，平均期望薪资分别为12992元/月12070元/月9771元/月。这次你拖后腿了吗	未
应届生平均月薪期望8431元 女生找工作偏爱这座城	未
应届生平均期望薪资要求太高，理想很丰满，现实很骨感！你期望多少，实际多少呢	未
应届生：毕业后怎么在北上广深落户户口指标最新政策19年落户指南曝光！	未
@应届生：首都医科大学附属北京友谊医院招聘411人！岗位详情点开看	未
应急神器户外车用必不可少：车用安全锤手电筒	未
应急管理部与中央广播电视总台签署战略合作备忘录	未
应急管理部：优化危化品和烟花爆竹安全许可审批流程	未
应急管理部：大型连锁企业要推动下属企业落实消防安全主体责任	未
应急管理部批准闫亚隆同志为烈士英雄人民不会忘记你！祖国更不会忘记你！英雄浩气千秋在，烈士忠魂万古存！闫亚隆，一路走好！愿所有消防员！都能平安归来！	未
应急管理部消防救援局：大型连锁企业要推动下属企业落实消防安全主体责任	未
应急管理部科技和信息化司到南航总站调研指导工作	未
应急管理部、财政部安排部署全国冬春救助工作 要求妥善保障受灾群众今...	未
应急管理部、财政部安排部署全国冬春救助工作 要求妥善保障受灾群众今冬明春基本生活	未
应救尽救！滁州16岁以下残疾儿童将人人享有康复服务	未
应救尽救！陕西省残疾儿童免费康复救助不限名额，快来戳重点	未
应设法正确理解，佛法的深奥胜义	未
应该了解这些知识	未
应该会武功 微博视频	未
应该写在办公桌上的话送给在奋斗路上的你！！！	未
应该如何保护与发展江南古典园林？专家们献计献策	未
应该是女婿的钱好赚//@o大龄子o:王健林首富 说丈母娘的钱好挣	未
应该是蜜蜂，看起来挺甜的	未
应该用积极的眼光看待药品带量采购	未
应该鼓励翠芬们积极打赏//@南柯梦里吐心声: 查看话题详情	未
底特律影评人协会奖《蜘蛛侠：平行宇宙》上榜	未
底盘稳	未
底薪6000元，每个月涨薪500元！	未
店哥优选  唐山开启仙境模式，雾霾来袭，你还需要注意这些...	未
店小却香了一条街，这绝对是宁海人必吃的暖胃神器！	未
「庙会招商」2019开封万岁山春节大庙会临时摊位公开招标啦！	未
庙山一社区建老年人服务中心！可免费下棋打牌看报...	未
庙山竟然还有这么美的地方很多人没进去过！	未
府藏人生千般悦--许昌第二贵的艺术中心，免费对市民开放	未
府谷人保财险负责人带领员工去王家墩，村民各个都称赞，原来是.....	未
府谷县召开入河排污和河湖清四乱专项整治工作推进会	未
府谷县召开基准地价制订与更新调整工作成果听证会	未
府谷县追赶超越暨年度目标责任考核任务交办会召开	未
府谷大沙沟石盘路人人皆知的大孝子赵宇，用行动践行孝老爱亲！	未
府谷开展免费国民体质监测活动，符合条件的需带身份证即可免费检测！	未
府谷这10个村获得福彩公益金，看看有你村吗	未
废旧银行卡改造大全，这下可以省下好多钱了！	未
//@废柴小狐狸:暴富	未
废比寻常环保比赛科幻青年之星培训讲座......你想知道的都在这里	未
废气排气筒专项整治启动，高度应符合环评规定	未
废物“重生”变宝  去年江苏固废销售收入达734亿元	未
废纸7日纸厂调价汇总：最高上调80元/吨！	未
废话就不说了，肯德基星巴克必胜客汉堡王COSTA良品铺子歌帝梵小龙坎小杨生煎满记甜品真功夫来伊份鲜丰水果（此处省略一万个字），全部双12五折开抢，要不是微博字数有限，我真的可以给你们用一封万字家书报齐菜名！！！口碑1212吃喝玩乐节，@口碑 ，这力度杠杠的！网页链接	未
度假首选广州后花园，大家抢着去！499元入住美林湖美胜酒店！高逼格的住房泡美人温泉双人自助早餐	未
度小满张旭阳：建议完善小贷公司监管制度	未
度小满联手金融机构发力消费金融市场	未
度小满金融与天津银行达成战略合作 获200亿授信额度	未
度小满金融区块链总经理李丰：企业间的区块链应用将是区块链最先成熟落地的场景	未
度小满金融立足场景优势深耕市场	未
　　座谈会上的讲话》单行本出版	未
庭审文章是否为人工智能创作 能否享有著作权	未
庭院京韵实验剧《闻一多》昆明公演 再现西南联大精神	未
庭院如诗，寂静盛开。	未
康乐保护水源，我是行动者线下水源地探访活动	未
康乐县关于残疾人当前可享受的主要优惠政策告知书	未
康乐县召开民族政策暨清真食品管理工作培训会	未
康乐县景古镇易地搬迁点扶贫车间 启动仪式	未
康乐县项目建设遍地开花	未
康乐：城市建设成效显著	未
康乐飞虎队竹子沟里跳美了	未
康保二人台《暗访》 在全市扶贫小戏比赛中喜获一等奖	未
康复神器训练神器这玩意在家就能玩速降！	未
康复进程接近尾声 奈特已完成火箭队完整训练	未
康奈尔笔记法最有效的记笔记大法这个方法很适合做阅读笔记听课笔记，英语考试笔记等各种需要做笔记的场合！以后在雅思听力中遇到讲座类长音频轻松概括框架归纳整合！网页链接	未
康定市公安局折多山交通警务站：云端上的警务站，风雪中的平安驿站	未
康定木格措自驾游玩攻略！ 康定木格措自驾游玩攻略！	未
康尔馨旗舰店，699-200，全店通用双十二老客最后一波网页链接点击链接，再选择浏览器咑閞或復制这段描述rwFnbNGnMqG后咑閞淘寳，叠加购物津贴-60元，叠加品类券-30元，等于699-290，可以买床品毛巾什么的	未
康尼机电获设国家博士后科研工作站	未
“康巴石锅”诞生记	未
康师傅控股有限公司获第十三届人民企业社会责任奖年度扶贫奖	未
康师傅控股有限公司获第十三届人民企业社会责任奖年度扶贫奖(图)	未
康庄大道40年｜襟江滨海得风气 筚路蓝缕创新篇	未
康总最A	未
康明凯其人：2014年到加拿大驻华使馆工作，熟练使用汉语	未
康明凯其人：曾在加拿大驻华使馆工作，熟练使用汉语	未
康熙五十一年中朝定界：朝鲜如何融入大清“天下”	未
康美健康城：项目建设奋力推进 和谐拆迁暖民心	未
康美浪川蚕意小镇  古镇麻酥糖纸作，这样浪川你怎能不爱	未
康辰药业：公司坚持创新药研发 产品不在本次带量采购范围内	未
康雅医院开展急救演练  提升医院急救能力	未
廉价酒装进高档酒瓶 利润达40倍	未
廉志飞入选中国好人榜，市领导点赞并颁发奖金	未
廉播恩阳《条例》大廉考，恩阳区纪委监委邀您来答题	未
廉政微课堂八项规定六周年，实实在在获得感	未
《廉政风云》大年初一上映 张家辉刘青云再合作	未
廉江人，你妈喊你回家割禾啦！	未
廉江安铺的特色小镇建得怎么样了呢跟书记一起来看看！	未
廉江红橙开园暨赏绿摘果生态游正式启动！给廉江带来的是...	未
廉洁川剧《草鞋县令》成都首演	未
廊坊2018年12月份限行日历！车主们赶紧收藏！	未
廊坊2019年计划改造45个小区！	未
廊坊一棚改拆迁村，又传来好消息！	未
廊坊北旺乡改造5000多个火坑！	未
廊坊各村 煤改气 的，都看看吧！	未
廊坊将新增这些跨铁路桥梁与道路！	未
廊坊市人民政府新闻办召开	未
廊坊市安次区医院迁建项目最新消息来啦	未
廊坊市安次区龙河高新区第一小学又有新进展，附近的孩子上学更方便啦！	未
廊坊市的农民工赶紧看，重要消息！	未
廊坊广阳区这些村街，启动搬迁安置！	未
廊坊永兴路南延工程，即将贯通！	未
廊坊永兴路古县路隆福路，正式通车了！	未
廊坊油价又有新变化，速看！	未
廊坊这5个村征迁入户工作，正式启动！	未
廊坊这个村占地49.5亩，又一大工程！	未
廊坊这些县上榜全国百强县！	未
廊坊隆福寺戊戌年启建《祈福报恩水陆大斋法会》通启	未
廖昌永担任艺术总监 原创音乐剧《我是川军》让他直呼感动	未
廖桂生与九三学社代表人士联谊交友	未
廣州朋友明晚海心沙早點進場希望準時開場！	未
延中 沁樱 330ml12瓶/箱 樱花可乐型饮料 每个id限拍一份12.12  2元运费宝贝详情	未
//@延参法师: 世间所有，慈悲第一。	未
//@延参法师: 人间清朗，大众福祉。	未
//@延参法师: 吉祥，转发。	未
延吉男子洗浴成瘾！从西头跑到东头吸引他的竟然是	未
延大学生坐不住了！！饼店开成这样，必须曝光它！	未
延大这个男孩的背影，温暖了整个延吉市！	未
延安12345  重要！年末将至，请认真核对这些单据，影响明年生活！	未
延安万人围观黄河壶口瀑布，气势磅礴	未
延安人加衣服，本周最低温度将达到零下16度	未
延安供电段狠抓冬季安全关键 全力冲刺安全年目标(图)	未
延安保障房小区内一栋楼成燃气公司家属楼 知情人士：有人卖廉租房，称房主是科级干部近日，有知情人士反映，杨庄科保障房小区是志丹县为低收入困难群众修建的安置小区，入住者必须符合相关条件且通过资格审批。自今年5月份以来，该小区2号楼整栋楼却被陕西城市燃气产业发展有限公司志丹分公司所占，入住的该公司职工未通过志丹县房管局的资格审批，引发群众不满。对此，志丹县房管局局长郭兆丰表示：随后进行资格审核，不符合条件的，再进行调整。延安保障房小区内一栋楼成燃气公司家属楼	未
延安市残联多措并举  助残疾人有家有业	未
延安政务服务手机APP宝塔大厅为您服务	未
延安组建全省首支人民防空志愿者队伍	未
延崇高速北京平原段全线贯通	未
延平城区新增多个电子监控点 12月5日启用！都分布在哪呢	未
延庆60岁奶奶又上BTV新闻啦！	未
延庆新闻市政协领导来延调研世园会建设情况	未
延庆新闻延庆区举办2018年疏解整治促提升政务开放日活动	未
延庆新闻延庆区城乡环境办召开2018年第八次工作会	未
延庆环保奶奶：捡垃圾这件小事，她坚持了20年	未
延庆石京龙滑雪场试营业！5000平儿童大乐园等你来撒欢儿！	未
延庆等16地入选环境部“两山”基地名单	未
延庆金帆在行动！	未
延时视频在北京，我们共享雾霭流岚虹霓	未
延特伟：金秋十月我在黄龙摄影采风	未
《延禧攻略》姐妹篇？于正将拍新剧《盛唐攻略》	未
《延禧攻略》幕后BOSS现身《创意中国》 为情怀站台	未
《延禧攻略》成全球第一热搜剧，“文化输出”成功了？	未
延续支持农村金融发展有关税收政策	未
延续香火，冻卵代孕是禁止还是放开今天上海专家讨论热烈	未
延边人都在关注的，超全面同城信息，找房子，找家政，找工作！	未
延边州举行互联网业联合会暨联合会党委成立大会	未
建专业律师服务团队，贵州重点民企将享免费法治体检！	未
建交40周年，新任中国驻阿曼大使正式就任	未
建信金租董事长胡昌苗：建议完善租赁专业立法	未
建党95周年，主题图书让红色基因融入上海城市血脉	未
【建党95周年·学党章】为何要年满18周岁才能入党	未
【建党95周年·纪律】一口米缸，见证铁的纪律	未
【建党95周年·纪律】一块瑞士怀表	未
【建党95周年·纪律】陈列在博物馆里的几枚银毫子	未
建兴海鲜苏拉旺店的服务员捡到了我丢的照相机，替我保管了一夜，也不肯收我的感恩红包。唯一要求是合影。非常感激。	未
建兴老乡微信群建立了，请大家迅速进群	未
建功新时代  非典来袭，他主动请缨	未
建国后工资分25级，主席才拿第4级，什么样的人才能拿最高一级	未
建在水上的村庄 东方威尼斯闽南埭美村在福建省龙海市东园镇九龙江南溪下游的埭美村，那里有一个保存完整的闽南古建筑群整个村落四面环水，水道有二三十米宽，蜿蜒绕村而过，被称为水上古村落村庄始建于明朝，至今有560多年的历史整个村落由族人统一规划，统一建筑，全村260余座建筑 ...全文	未
建场馆办赛事甘肃省推出体育扶贫工程三年行动计划	未
建城先建绿！扬州 由城市中园林迈向园林中城市	未
建始榨木水游乐城稻草人恐龙乐园盛大开园啦！免费门票无限送！	未
建始街头惊现行走的橙子！更有橙礼感恩免费送	未
建始这位80后美女，怎么靠1000元发家致富	未
建川博物馆，最重要的一站，五个小时只看了一半	未
建川博物馆，父亲看到曾经开过的加农炮，认真参观@樊建川 重庆  谢家湾街区	未
//@建川博物馆聚落:重庆建川博物馆。兵工旧址，别有洞天。[可愛]	未
//@建川博物馆聚落:重庆建川博物馆。鹅公岩下，兵工旧址。别开生面的防空洞穴博物馆群。	未
建川博物馆辉煌巨变：1978-2018主题展之悬崖村 悬崖与天梯	未
建工学院消防安全知识开始啦！	未
建平气温回升！11月26日建平天气和便民信息  建平超火一站式信息大全网站，建平人都在看的城市APP！	未
建德面孔他是新安集团掌门人！他将打造新安新园区，拥抱家乡高铁时代！	未
建成后桥下至巽宅只用半小时，这项工程正在稳步推进	未
建昌营镇一万斤酸梨滞销欢迎采购！	未
建昌马上要换公交车啦！新能源公交车上线试运行！	未
建模大赛一场鲁班们的角逐 请验收	未
建模定位、无人机航拍 南京启动城墙本体砖文信息采集工程	未
建水火车站开始扩能施工，这些设施将有大改造	未
@建湖人，好消息！江阴大桥苏通大桥等5座收费站即将拆除！	未
建湖：公益助学让爱传递	未
建湖各界爱心人士联合开展： 衣旧真情在 情暖千万家	未
建湖在深圳推介新特产业 10大项目集中签约	未
建湖惊现一张百元大钞，据说价值连城！赶紧看看你家有吗	未
建湖这些服务业将获现金补助！有你认识的吗	未
建环161团结一心 支部大放光芒	未
建瓯医养结合生态养老中心开工，建成后将新增床位1000张	未
建瓯市太守街（水南二路）西段将在年底建成通车	未
建瓯平民英雄张宝立被授予南平市见义勇为模范荣誉称号	未
建瓯辖区新增雷达测速点	未
建立一支忠诚爱民担当奉献的公安队伍 市局举行让典型说话 助百日会战 先进事迹报告会暨集中授奖仪式	未
建立健全“四梁八柱”，做强做优做大国有金融资本——财政部负责人就...	未
建立基层站点51万余个 巩固基层宣传思想阵地——“扫黄打非”进基层取得积极成效	未
建立基础衣橱	未
建立更加公正合理世界经济秩序	未
建立正面的信念系统	未
建筑与人｜小剧场，大赢家：艺术介入社区改造	未
建筑劳务走清包工合同最划算！	未
建筑工地也可以很美这座文明城市还有很多地方让你意想不到	未
建筑工地实名制信息化管理，住建率先行动！	未
建筑工地改毛病 有成效！	未
建筑工地标准化 施工创文两不误西青在行动为全力做好创建全国文明城区迎检工作，西青开发区环境管理中队赛达伟业有限公司等检查单位，针对建筑工地开展新一轮整改工作，全力以赴打好创文攻坚战。检查组先后走访了艾丝碧西中芯国际鼎峰中心等10余个建筑工地，严格要求各方按照相关规定规范施工，落实建筑工地六个百分百要求，并当场指出存在问题，要求施工单位立即整改。	未
建筑师为这座酒店的空间赋予了不同的文化色彩，给每位到访者一种造梦的感官体验	未
建筑师的养成实录(图)	未
建筑幕墙知识，2018超全汇总	未
建筑施工安全生产大检查启动 集中4个月时间重点检查全国房屋建筑和市政基础设施工程	未
建筑模型分析	未
建筑水电安装线盒与二次配管规范，值得学习！	未
建筑的细节表现	未
建筑结构丨听亲历者回忆中国C位高楼建造史...	未
建筑结构艺术	未
建胡耀邦塑像展示官方改革开放决心邓聿文：有些事情的处理虽然表面具有很强象征意义，但仔细分析，实际并没有政策转向含义，也不是要昭示某种姿态。网页链接	未
建自由贸易账户体系 海南营商环境“40条”重大突破	未
建行之蓝，生活之光	未
“建行大学”成立 举办538期惠民培训班 培训人员近5万人	未
建行：拟与发改委共同发起设立战略性新兴产业发展基金	未
建行改革开放纪念币建行预约入口全攻略，4号晚12点开始！	未
建行畅行卡便利市民坐地铁	未
建行篇70周年纪念钞建行预约入口全攻略，30号0点开始！	未
建行篇改革开放纪念币建行预约入口大全，今晚12点开抢！	未
建行董事长田国立：现在买房赚不了钱 租房是新生活方式	未
建议关于有轨电车充电桩漂流书亭......献一计精选点子出炉	未
建议大家有空都去体验一下哦	未
建议 @平安南粤 责成 @深圳公安 查一下。	未
建议收藏！办理公证带齐这些，只跑一次就够了！	未
建议第二位小朋友用巨型零食上的广告词来凑字数 要不我们一起来玩一个装小学生夸零食大赛 谁装得像就奖励一箱国民好面包，超柔乳酸菌小伴侣怎么样 记得发微博艾特我	未
建议长护险宅基地奉贤黄桃南桥源....献一计精选点子出炉	未
建议驱离流浪狗遭信息曝光中国人刚刚吃饱肚皮，就学起优雅来了。可土豪就是土豪，别以外怀里抱着一个宠物，手里牵着一个宠物就是绅士。中国养狗人的文明程度个人素养，中国地方政府对犬只的管理能力，与那些为宠物权益立法的国家，还相差甚远。中国城市狗患问题其实已经相当严重。不仅仅狗屎遍地影响环境，也不仅仅因狗咬人导致几千人死亡，不计其数的人受伤，更为严重的是导致邻里关系紧张，不养狗人的权益受到了严重的损害，养狗人与不养狗人撕裂，明显影响社会和谐，影响居民生活质量。畅先生建议物业驱离也是没有办法的办法，因	未
建设凤阳这里的变化真大，有前后对比图哦！快来看看吧！	未
建设动态 11月21日，8号线一期工程最长暗挖区间隧道（东湖公园站东光站右线）顺利贯通。@成都地铁建设	未
建设动态 11月25日11月27日，8号线杉板桥站东郊记忆站区间左线与东郊记忆站理工大学站区间右线顺利贯通。@成都地铁建设	未
建设动态 11月25日，随着盾构机刀盘旋转破壳而出，8号线一期工程土建4标芳草街站倪家桥站左线盾构顺利在倪家桥站出洞，左线隧道胜利贯通。@成都地铁建设	未
建设动态 11月26日， 5号线高架段环网送电成功，拉开了5号线站后工程机电安装调试攻坚战的序幕。@成都地铁建设	未
建设动态 11月29日，6号线三期天府商务区站(原天府CBD东站)松林站（原芦角村站）主体结构如期封顶，至此6号线三期共18个车站已顺利完成13个车站封顶，为完成全线工程建设年度目标冲刺吹响了冲锋号！@成都地铁建设	未
建设动态 11月30日，5号线一二期工程正线南段实现轨通。5号线一二期工程北起新都区，南至天府新区，线路全长约49km，设车站41座，其中换乘站14座1座车辆段2座停车场，铺轨总计137.8公里，该工程是实现南拓北改，优化城市空间结构的重要线路。@成都地铁建设	未
建设动态 11月30日，6号线三期沈阳路站昌公堰站主体结构实现封顶，至此共18个车站已顺利完成15个车站封顶。@成都地铁建设	未
建设动态 12月16日，随着5号线第一列电客车在高架段分别以低中高速完成往复行驶，为期两天的大丰停车场及高架段热滑试验完满结束。[加油]@成都地铁建设	未
建设动态 12月17日，8号线一期工程永丰站首段完成土方开挖，进入主体结构施工阶段，为后期主体结构封顶盾构过站奠定基础。@成都地铁建设	未
建设动态 12月18日，18号线二期工程天府国际机场T3T4车站机场一期边线明挖区间主体结构顺利封顶。至此，18号线二期工程明挖区间主体结构实现全线封顶。@成都地铁建设	未
建设动态 12月3日，9号线机投桥站-培风站盾构区间右线盾构机顺利下穿成蒲铁路，至此，机培区间左右线均已成功穿越成蒲铁路。[加油]@成都地铁建设	未
建设动态 12月6日傍晚，6号线一二期土建4标兴业北街站犀浦站盾构区间左线盾构安全顺利完成接收，这也是6号线首个钢套筒接收盾构区间。@成都地铁建设	未
建设动态 17号线一期开始铺轨啦！温江迈入双地铁时代就靠它了12月12日，随着轨排龙门吊的缓缓提升，17号线一期铺轨施工第一片轨排准确就位，标志着该线正式开始铺轨施工。[加油]17号线串联了武侯双流东升温江，开通后将进一步加强各区域之间的快速联系。@成都地铁建设	未
建设动态 5号线回龙停车场运用库综合楼顺利完成封顶目标。@成都地铁建设	未
建设动态6号线三期首台盾构顺利完成掘进任务6号线三期盾构机从蒲草塘站破桩出洞，实现了6号线三期工程龙灯山站蒲草塘站区间右线贯通，至此土建1标盾构区间右线全部实现贯通。目前6号线三期盾构掘进已完成总量的64.11。@成都地铁建设	未
建设动态再传捷报！11月28日， 6号线三期工程麓山大道站主体结构顺利封顶。@成都地铁建设	未
建设动态 建设加速发力 同日双喜临门今天，9号线一期工程实现国内首次盾构小净距小夹角长距离穿越高铁隧道。同一天，成都轨道交通一次性开建最长线路5号线一二期工程，41个车站全部实现主体结构封顶。@成都地铁建设	未
建设县级融媒体中心，广安日报传媒集团联合小伙伴们这样做	未
建设坚强战斗堡垒的制度保证	未
建设壮美广西 共圆复兴梦想 习近平总书记题词贺匾揭幕 (图)	未
建设壮美广西 共圆复兴梦想(图)	未
建设壮美广西 共圆复兴梦想！热烈庆祝广西壮族自治区成立60周年 。	未
建设小吃创业基地 秦淮出台小吃发展三年行动计划	未
建设川渝合作先行示范区 四川距重庆主城最近的县定下五年计划	未
建设快速充电站，服务新旧动能转换敷设电缆架设导线12月1日，在锦东大街，@国网平阴县供电公司 副楼营业厅楼前西侧施工现场，施工人员加快充电站建设速度，目前在建2个，待建1个充电站，规划建成城区内10公里，乡镇内15公里的充电服务网络。	未
建设收尾！北京世园会筹办进入冲刺阶段	未
建设智慧社会要把握三大要素	未
建设杨镇这个地方新建4000余平米幼儿园，可提供300个学位	未
建设海洋强国  我国将构建陆海一体保护利用新格局	未
建设清廉浙江大家谈全力打造清廉浙江示范区	未
建设清廉温岭，台州市纪委书记强调了六个聚焦	未
建设现代净化水厂 改善市民生活质量(图)	未
建设畅引畅排工程 形成高效网络体系 太湖重现万顷碧波(图)	未
建设质量强国 弘扬新时代的“工匠精神”(图)	未
建设银行APP - 悦享生活 - 定位改成衡阳市- 优惠充值中心 - 影视会员 腾讯视频VIP/爱奇艺/优酷/芒果TV会员 可1元买1个月，3次机会（挺卡的..）	未
建设银行与海尔集团达成普惠金融战略合作	未
建设银行北京市分行金科部总经理郭光阳：通过平台建设共建行业生态圈	未
建设银行：子公司拟对战略性新兴产业发展基金出资53亿元	未
建设银行：拟与发改委共同发起设立战略性新兴产业发展基金	未
建设银行董事长田国立：住房租赁是解决房地产未来出路的有效途径	未
建设高素质干部队伍：德才兼备，方堪重任	未
建设高素质干部队伍：拓宽视野 广聚贤才	未
建造一个“音乐橱窗” 《见面吧！电台》开启音乐宣发2.0时代	未
建邺八小时  这个社区来了一位洋社工！社区是城市最基本的生活单元，也是展示城市形象的重要窗口。听说双闸街道青奥社区为了更好地服务社区居民，引进了一位洋社工。叶子好奇地来到青奥社区，想看看这位洋社工的一天是怎么工作的网页链接	未
建邺区人大代表为沙洲园区企业发展出谋划策	未
“建邺区法治文化节文艺展演”活动在中城社区开展	未
建邺区营造“人人都是主人翁”文明创建氛围	未
建邺向新力南京眼是长江上首座观光步行桥，于2014年6月建成开放。它架在长江之上，也架在了时间的长河之上，连接着建邺的今天与明天，成为了整个南京的新地标新景点，将河西建邺青春飞扬时尚现代的风采展现无遗，是建邺名副其实的造型担当！	未
建邺向新力改革开放40年，建邺迅速发展，左手尽揽商业繁华，右手产业高地雄筑，平地之上诞生了各式各样的新景观，展示出建邺的兴荣面貌。今天，建邺的颜值担当国际担当活力担当文艺担当......9个网红地标集体C位出道你最Pick谁?	未
建邺教育 丁婷婷：全国高中语文教学展评一等奖第七届全国高中语文教学基本功展评暨教学观摩研讨会上传来消息，建邺高级中学丁婷婷老师的《咬文嚼字》授课实录从全国参评作品中脱颖而出，荣获第七届全国高中语文教师教学基本功展评一等奖。会议期间，丁婷婷老师就授课的教学设计教学过程教学反思多媒体作用教学效果等内容作大会现场说课展示，受到与会专家和同行的一致肯定。丁婷婷：全国高中语文教学展评一等奖 @建邺教育	未
建邺试点"四治融合" 构建城市社区治理新模式	未
建邺这一刻今天是国际志愿人员日，一大早，南京市城市治理志愿者协会建邺分会的志愿者们就走上了街头，进入了公园。他们佩戴袖标，通过各种方式参与到城市治理工作中来，为构建文明和谐整洁靓丽的城市环境贡献出自己的力量。@南京建邺城管	未
建邺这一刻 周六或迎今冬第一场雪！建邺已经准备好了！江苏省气象台预报：12月7日傍晚到夜里，沿江苏南地区逐渐转雨夹雪或雪。7日苏南地区阴有时有小雨夹雪或小雪。扫雪防冻工作直接关系到群众的生活出行，关系到企业的生产经营，关系到城市的运行安全和正常秩序，建邺高度重视扫雪防冻工作。快跟叶子一起来看看我们是怎样行动的吧周六或迎今冬第一场雪！建邺已经准备好了！	未
建邺这一刻 有你有爱，建邺暖心关爱惠残助残12月3 日是国际残疾人日。昨天下午，建邺区举办了一场公益文艺演出活动，向残疾人朋友送去温暖和问候。南京建邺喇叭花关爱儿童服务中心团队宣德堂一家亲巾帼宣讲队等用丰富多彩的演出，向台下的观众传递欢笑，呼吁大家手拉手齐努力，关心爱护尊重身边需要帮助的人，让他们生活更加温暖。有你有爱，建邺暖心关爱惠残助残	未
建邺这一刻 表白建邺互动区，来合影的叶粉络绎不绝，在现场的不要错过哟。戳下图，找找叶子在哪里	未
建邺这一刻近日，一场冬雨伴随着大风降临了南京，大小道路街巷积满了金黄的落叶，一时成为刷爆市民朋友圈的美图，不过大量的落叶堆积也忙坏了环卫工人，为他们点！道一声辛苦了，你有落叶的美图吗欢迎分享。@南京建邺城管	未
开一家日韩系小店能抢过娇兰佳人的生意	未
开业仅一年多就成包头孩子最爱去的玩处，创建人张雪峰揭秘包头市青少年发展中心速成奥秘	未
开业倒计时6天11.30，南平万达餐饮美食5折，吃遍万达超低价	未
开业特惠冬天玩水也不冷，益贝水趣大型室内水上乐园68元买一送一！全天畅玩不限时！	未
开了！全球最大极地海洋世界就在魔都，遛娃新去处走起	未
开什么重卡能月入10万这位20多年老司机告诉你秘诀！	未
开仓送送送！大兴人家门口的低价风暴！羊绒衫全场买一送一	未
开仓送送送！密云家门口的低价风暴！羊绒衫全场买一送一	未
开仓送送送！怀来家门口的低价风暴！羊绒衫全场买一送一	未
开元酒店陈妙林：上市融资将用于发展中高端品牌	未
开元酒店集团放大招，长兴城市新名片长什么样	未
开创体验式安全培训 撑起生命“保护伞”	未
开创先例 中国钢铁生产商成功降低美国补偿性关税	未
开化又上人民日报！向全国展示整治乡村环境的妙招	未
开化早新闻全市森林消防比武演练在开化举行南孔书屋试运行衢州市党团知识竞赛决赛在开化举行...	未
开化早新闻 衢州之声《作风建设零距离》走进开化《钱江源国家公园建设和管理规范》通过审定...	未
开化早新闻黄衢南高速钱江源景区互通通车婺剧进校园打造多彩公路...	未
开化第二水源茅岗水库引水工程稳步推进，这个项目将影响你我	未
开化这个新景点即将全国爆红！想在5A景区工作吗数十个岗位等你来	未
开卷有益│译者何雨珈：我为什么会翻译这部畅销女性文学作品	未
开发区德欧中小企业中心揭牌 全力布局国际化产业 打造“一带一路”合作金名片	未
开发区智慧环保平台启用 实时区域空气质量一目了然滨海资讯 今天，在开发区举办的区域智慧环保平台研讨会上了解到，日前，开发区环保局智慧环保平台启用，实现了区域空气质量实时监控及溯源的功能。智慧环保平台上，实时的污染物数据，全区的空气质量排名，污染事件等信息一目了然。会议上，技术提供单位汇报了两个月以来的数据分析结果，与会专家针对汇报内容进行了探讨，并结合开发区的规划布局地理位置等具体特点，为接下来如何更好的开展大气污染防治工作，有效改善空气质量提出了措施或建议。	未
开发区演进史	未
开发区积极落实环保督察反馈意见整改	未
开发区（英国）投资推介会招商引资硕果累累	未
开发商跑路业主可自办不动产权证！ 先决条件很重要！	未
开发性金融支持广西沿边金融改革试验区建设	未
开发新产品超7成为化妆品食品等	未
