穆里尼奥下课 体育V势力 专业向，双红会渣叔如何胜过鸟叔	未
穆里尼奥下课后，博格巴2场2球3助攻。 英国老特拉福德球场	未
穆里尼奥下课 穆帅的曼联记忆图集版：简单的纪念送给从来都不简单的你	未
穆里尼奥下课 穆里尼奥下课后博格巴迅速更新Ins，表情太亮了	未
穆里尼奥下课 《骆明：穆里尼奥，一个杠精的倒掉》 穆里尼奥的杠精本色得罪了很多人，却也收获了大量粉丝。拥趸会说，狂正是穆帅成功的原因，但我并不这么觉得。安切洛蒂为人宽厚，齐达内机锋暗藏，都没耽误他们各拿三个欧冠。穆里尼奥的成功，在于他对细节的把握镇定的临场指挥对球员的激励绝不是因为他在嘴上胜过了谁。@骆明微博骆明：穆里尼奥，一个杠精的倒掉	未
穆里尼奥：利物浦是一支很强的球队，他们是排名联赛第一的球队，我认为我们真正困难的时刻是在开场的前20分钟，我们无法应对利物浦的强度与身体对抗，我们有些不适应。但场上的球员们已经付出了一切，他们努力做得最好。之后，我认为我们逐渐冷静下来，开始慢慢地进入状态，对局面也控制的不错，很好的限制的他们。当利物浦的后卫前压，并将球直接射向看台时，他们肯定是非常失望的。那段时间我们对局面的控制做得更好了。沙奇里的两粒进球很轻松，因为这是折射，他没有机会。如果你们要说运气，你们是在说利物浦的第二球以及第三球。	未
穆里尼奥发布声明：为执教曼联感到骄傲 会永远尊重老东家在被曼联解雇后，穆里尼奥发布了一则声明，全文如下：从第一天到曼联，我就对胸前的曼联队徽感到无比骄傲。我也相信所有支持曼联的球迷都认可这一点。如同我执教过往的俱乐部一样，我在这里也和许多出色的人一起共事，并相信他们当中的一些 ...全文	未
穆里尼奥将在当地时间10点30分出席曼联对阵利物浦的赛前发布会	未
穆里尼奥：我对我的球员有所期待，特别是那些出场机会不稳定的球员，你们问我为什么挑选这名球员出场，为什么那名球员没有首发这场比赛其实是个好机会，因为大家都没有压力，这也是人人都想要参加的赛事不过到最后，我的球队是在我做出了调整之后表现才有所改善，而那原本是我不打算做出的换人调 ...全文	未
穆里尼奥：我认为我们依然有希望在联赛结束时进入前4名。这并不容易，我们能够取得最好的排名也许就是第4名了。但我们肯定会以联赛前6结束这个赛季。现在我们需要追赶的是第5名，然后才是第4名。	未
穆里尼奥：我认为我们依然有希望在联赛结束时进入前4名这并不容易，我们能够取得最好的排名也许就是第4名了但我们肯定会以联赛前6结束这个赛季现在我们需要追赶的是第5名，然后才是第4名	未
穆里尼奥是个好人富勒姆主帅拉涅利：穆里尼奥是第一个欢迎我回来的人，他非常友好。他给我发的短信是欢迎回来，祝你一切顺利。我们谈了很多事情。他人很好。我们认识很久了，当他在切尔西和意大利执教时就是如此，他非常彬彬有礼。穆里尼奥是一个伟大的教练。	未
穆里尼奥是个好人富勒姆主帅拉涅利：穆里尼奥是第一个欢迎我回来的人，他非常友好他给我发的短信是欢迎回来，祝你一切顺利我们谈了很多事情他人很好我们认识很久了，当他在切尔西和意大利执教时就是如此，他非常彬彬有礼穆里尼奥是一个伟大的教练	未
穆里尼奥：曼联肯定能进入英超前四	未
穆里尼奥赛后谈卢卡库：我一点不觉得他表现差，我觉得他很拼，而且跑动积极，林加德的进球他也有贡献比起上赛季和利物浦的比赛，卢卡库这一次给对手制造了更多麻烦，他充满活力，和其他队友也频繁互动之前的比赛，卢卡库第一脚触球有时候不太好，并且丢了很多球权，但今天他没有出现这种情况，他 ...全文	未
穆雷最重要的一场比赛体育V势力	未
穆雷穿运动胸罩训练体坛百咖秀	未
穗港签署香港科技大学(广州)合作办学协议	未
穗港签署香港科技大学（广州）合作办学协议	未
究极奢华！18K 纯金造 G-Shock DW-5000 即将量产，计划全球限定生产 35 枚。	未
究竟什么事是最有意义的	未
究竟是什么神仙水，比SK-II还神奇，让人驱车2小时只为一口水	未
究竟是什么让德国PM脱颖而出	未
究竟谁才是成都排名前十的烧烤究竟哪家烧烤店才是成都人民心中的深夜食堂做为成都站唯一的KOL评委，转发微博告诉我你们心中成都最好吃的烧烤，我去品尝品尝@美团收银 @大众点评出境游 @美团骑手	未
穷人变富人必需的十大黄金法则，你知道几条	未
「穷则独善其身，达则兼济天下」我们还有广大贫困山区和留守儿童，大家一起努力吧，能帮一点是一点//@isavedeagal:确实很感动感动到我差点忘了我们有一个世界第二大经济体的祖国，却让我们这么多孩子过着这样的日子。	未
穷成那样居然养活了我和我弟//@龙珊Ryosan:不过我爸也说他们年代工作有保障不像我们打拼全靠自己还苦90好艰难//@清茗:我们小区邻居群里讲说孩子幼儿园一学期四个多月，学费五六千了，一年得上万。。。好贵啊！还只是超小孩子的学费而已啊！//@溪初阳关:他们究竟哪儿来的钱养孩子	未
穷游TOP50年度旅行者大会谢谢穷游给了我唯一一个女生祝羽捷 文化大触称号，能跟奚志农等老师一起领奖太荣幸了。今天还提前去为穷游旅行美术馆暖房，很快大家就可以去玩了。	未
穷游体验馆第21期  冬日漫游体验官招募	未
穷游体验馆第22期  穿越时空的旅行者 猫王旅行体验官招募	未
穷游沙龙免费看片会：邀你聆听海洋的「真」声音	未
穷游网线上线下融合策略再下一城 首家旅行美术馆在上海开业	未
穷游网进军民宿行业，在线旅游行业战线转至线下	未
空6旅的旅徽...... 军事集结号 V影响力峰会	未
空中加油	未
空中加油 差不多就这个意思	未
空中加油背后有何道理？看似非常繁复，其实答案非常简单	未
空中劲旅飞出新航迹（改革开放40年·印记）	未
空中城市重庆	未
空中客车与柔宇科技联合探索柔性电子技术在飞机客舱的应用	未
空中救援不是梦！龙溪源来帮解决！	未
空中救援落地中国供销，超级英雄为万千业主保驾护航！	未
空中有神器架线so easy！12月13日上午，在邹城市10千伏铁山线43基杆塔处，@国网邹城市供电公司 工作人员正在架设新建电缆线路。施工过程中，工作人员首次采用无人机牵引导线，确保架设更加精准与便捷，在舒缓城区的交通压力的同时，提高了工作效率，确保了新建工程早日投运。	未
空中有雾霾，心中有晴天这一次我们聚力而行，能量大爆发！	未
空中漫步只是漫步233米的高空尖叫拍照指南，N种姿势随心拍拍拍！	未
//@空中的士马宏:《韩路体验之恐怖游轮》//@韩路:这种事还真发生了，设备完好非常豪华但空无一人，自己跟海上漂......那不就是《恐怖邮轮》么.....	未
空中花园餐厅，吃晚餐送霓虹夜景	未
空中课堂小思：尤里米流通的重要性及实战经验！2-1	未
空中道德讲堂刘家义：坚定文化自信，当好两创的探路者先行者	未
空中道德讲堂孝行天下 德润郑山郑山街道创建全县孝心村纪实	未
空中飞人保验收12月9日，国网江苏检修公司连云港运维站对田湾核电站二期送出线路田芦线开展全线走线验收工作，保质保量完成线路投运前期准备工作。	未
空乘海底世界庆中秋 推出“上天入海闹中秋”活动	未
空军八一飞行表演队6架歼-10飞机飞越长城	未
空军八一飞行表演队6架歼-10飞越长城被誉为中国蓝天仪仗队的空军八一飞行表演队，12月6日开展任务拓展飞行训练，6架歼-10飞机编队飞越燕山深处的黄崖关长城，开展山谷飞行训练提升复杂环境特技表演能力，用壮美航迹记录改革开放中的大美中国改革开放铸铁翼，我为空天织祥云崇山峻岭间，巍 ...全文	未
空军八一飞行表演队6架歼-10飞越长城被誉为中国蓝天仪仗队的空军八一飞行表演队，12月6日开展任务拓展飞行训练，6架歼-10飞机编队飞越燕山深处的黄崖关长城，开展山谷飞行训练提升复杂环境特技表演能力，用壮美航迹记录改革开放中的大美中国。空军八一飞行表演队6架歼-10飞越长城	未
空军八一飞行表演队6架歼-10飞越长城被誉为中国蓝天仪仗队的空军八一飞行表演队，12月6日开展任务拓展飞行训练，6架歼-10飞机编队飞越燕山深处的黄崖关长城，开展山谷飞行训练提升复杂环境特技表演能力，用壮美航迹记录改革开放中的大美中国空军八一飞行表演队6架歼-10飞越长城	未
空军八一飞行表演队：多彩航迹书写国家形象“闪亮名片”	未
空军密集香港，下周港股又一番腥风血雨，大A挺住！！！	未
空军歼-10B夜间空中加油，锤炼全天候远程作战能力	未
空军歼-10B夜间空中加油锤炼全天候远程作战能力	未
空军歼-10B战机进行夜间空中加油（来源：空军发布）	未
空军的运9医疗救护机，具备重症监护能力，能保证30多名伤员的后送	未
空地互联 智慧出行……互联网时代让东航“飞”得更高(图)	未
空姐十大隐藏服务！你主动开口才会有	未
空姐和机长在飞机上拍到的！太饱眼福了！	未
空姐招聘东方航空乘务员招聘（2018年12月最新）	未
空姐招聘中国国际航空乘务员招聘（2018年11月最新）	未
空姐招聘亚联公务机客舱乘务员招聘（2018年12月最新）	未
空姐招聘吉祥航空乘务员/安全员招聘（2018年12月最新2站）	未
空姐招聘吉祥航空乘务员/安全员招聘（2018年12月最新3站）	未
空姐招聘山东航空乘务员招聘/双证安全员（2018年12月最新）	未
空姐招聘河北航空乘务员招聘（2018年12月最新）	未
空姐招聘海南航空及海航集团旗下航空公司乘务员/专职安全员联合招聘（2018年12月最新7站15场）	未
空姐招聘海南航空及海航集团旗下航空公司乘务员联合招聘（2018年12月最新）	未
空姐招聘重庆航空乘务(安全)员招聘（2018年11月最新）	未
空姐招聘青岛航空乘务员安全员安全学员招聘（2018年12月最新）	未
空姐真的都很美啊//@Alice-兔纸:这辈子我估计也变不成美丽的空姐了，毕竟，我身高是硬伤	未
空客在深圳建创新中心，千万欧元级别的投入要做什么	未
空客客舱将应用柔性电子技术	未
空客深圳创新中心初期投入千万欧元级别，计划兼容北斗系统	未
空想造物的新动作：由@极危物种  原创，我本人建模的球球啾之中国的雀类盲盒终于开始上线众筹啦每次支持，就有十分之一的钱捐赠给@勺嘴鹬在中国  用于极危物种勺嘴鹬的保护还请大家不吝转发，谢谢支持摩点网众筹链接：网页链接	未
空手白文的战绩：1 我有一座恐怖屋 2 民国谍影 3	未
空投冰城丨酷！这个机场上空，运12F顺利完成假人空投试飞	未
空气优良达206天 武汉治理雾霾再添新举措	未
空气刘海//@旅游小锦囊://@魅力辽宁://@魅力澳门://@北京城的那些新鲜事://@广州美食大全://@珠海零距离:戴假发方便//@魅丽广东:值一根1000，大妈应该是预算不够了[捂脸]//@九哥信箱:这几根头发，不请十个保镖，估计都保不住哟！	未
空气源热泵 vs 地源 vs 水源 谁是真正的省钱王	未
空气质量不升反降  河南通报4地大气污染突出问题	未
空气质量不升反降 河南通报4地大气污染突出问题	未
空气质量不升反降 河南通报4地大气污染突出问题财联社12月16日讯，近日，驻马店济源许昌安阳4地被河南省污染防治攻坚战领导小组办公室通报通报指出，截至12月12日，驻马店市PM10PM2.5两项指标年均浓度同比不降反升，污染管控存在盲区许昌市PM10反弹幅度全省第一安阳市环境空气质量在 ...全文	未
空气质量实时播报	未
空气质量新办学校轨交建设......闵行区亮出十三五期中成绩单！	未
空气质量预报	未
空气质量预报11-13日全省空气质量良	未
空气质量预报  2018年12月09日全省良为主，2018年12月10日全省优到良，2018年12月11日东南部优为主，其它地区良为主	未
空气质量预报8-9日全省空气质量优到良，10日全省空气质量优为主	未
空气质量预报明天淮北地区良为主，其它地区优	未
空气重污染再度来袭！房山区严防死守，合力迎战	未
空气重污染 请佩戴过滤功能优秀的口罩	未
《空洞骑士》美服eShop 66折，优惠价9.90美金，墨西哥服约35RMB。	未
空港700余平方公里双城绿色森林屏障正式启动滨海资讯 从天津港保税区获悉，空港经济区二期生态防护林（城市绿廊）项目一期工程日前正式启动，该工程绿化面积约为262万（其中水面面积约26万平米），投资额共计约为3.7亿元。据了解，项目位置由两部分组成。一处为位于宁静高速穿越空港经济区的沿线两侧，北自津汉公路，南至京津塘高速，共计约6公里，最窄处约280米，最宽处约640米。另一处为沿空港经济区二期外围河道周圈布置，含纬一道经五路纬十道沿线河道共计约10公里，最宽处约30米，最窄处3米，为无	未
@空港人，这里有一份非洲猪瘟防治科普知识，请查收！	未
空港新城召开保税航油工作专题会	未
空港新城召开生态环境强化督查工作专题会	未
空港经济区发展指数在沪发布(图)	未
空竹特技-沈阳76岁张老虎旋风夹闪电	未
空缺4个月沈阳迎来新任市委书记 前任是易炼红	未
空缺近11个月 山东财经大学迎来新校长(图)	未
空警行动 济南身边事 空警11号已启动！不走最右侧车道也抓拍！	未
空调反季抢苏宁东北四大区联合“破冰” 长春人这个时候买空调最划算！	未
空调多联机安装维修培训案例分析（上）！附视频培训课程	未
空调暖气硬抗贵阳9所民办学校取暖方式大公开！	未
空载试运行！地铁6号线西延8号线南段年底开通	未
空载试运行！地铁8号线南段亦庄线亦庄火车站月底开通	未
空载试运行结束！西海岸首条地铁线开通在即	未
空間陳設丨簡約並不簡單。	未
空间翻新的房屋 永恒的阳光	未
//@空间酱://@全国美帅代表://@马赛克时间: //@电视儿童苏三三:哈哈哈哈哈哈哈哈哈哈莫名萌啊//@这是一个很高冷的ID:哈哈哈哈哈哈哈哈哈哈哈	未
//@空间酱:哈哈哈哈哈哈哈哈//@我宇太阳肩并肩:哈哈哈哈哈哈哈哈哈哈哈哈哈	未
穿上吉利服，我就是你们看不见的仔	未
穿上这一身你最靓	未
穿上这个衣服后还方便吗	未
穿上这件衣服，你就是风景  拍下你眼中的秋色	未
穿上马卡龙色羽绒服，我最甜！	未
穿云见 快来个小姐姐帮我纠正一下游泳的体位！吴哥窟游记微博视频	未
穿云见 早呀。吴哥窟游记微博视频	未
穿便服也能展现你和恋人的甜蜜哦，专业摄影师会在一旁不经意的捕捉你在旅行中得每个时刻，为你和恋人拍出旅行中最自然的美好回忆 台北便服旅拍让你选好想去的景点就出发推荐路线与价 格@台湾自由行_婚纱旅拍	未
穿出高级感的莫兰迪色系	未
穿山甲片的主要成分是角蛋白，类似人类的头发和指甲和我一起为它们发声：我承诺不用穿山甲通乳为环保点赞@微公益 @野生救援WildAid	未
穿梭在爵士与古典的热潮中吧 陈大叔与小乐迷	未
穿梭空间  沉浸式戏剧即将创造性地登陆凤凰汇，7周年VIP DAY我们玩艺术！	未
穿汉服旗袍诵中华古典 外国留学生中国诗文诵读大会决赛	未
穿白宇同款仿佛与他为伴	未
穿着omma 去旅行图三的鱼儿对着你们在微笑图六姐姐表达一下她的快乐 三亚三亚亚特兰蒂斯酒店	未
穿着沾满颜料的雨靴，孩子们绘出一道校园风景	未
穿礼服打乒乓球 感慨一下，丁宁真的好高啊	未
穿羽绒服卫衣的你简直时髦炸了！	未
穿越600年，衡阳县这个古戏台大修之后，重返明清模样	未
穿越上海梧桐落叶的新惊喜，我发现巴黎最大菜市场，跟上海小菜场不一样！	未
穿越丝绸之路 随长春真人一起西行	未
穿越了！湖口新城最繁华的地方，十几年前竟然是这样的！（老照片为证）	未
穿越六百余米山体！仙来西大道天然气管道工程竣工通气	未
穿越千年的开放“强音”	未
穿越千年的金黄，随州千年银杏谷藏着人间最后一抹秋	未
穿越千年，走进《雁塔故事》12月8日大学生大唐文化交流公益活动	未
穿越千里的爱当暖流遇上红领巾200件冬衣温暖喀什多乡小学孩子心	未
“穿”越四十年：见证改革开放巨变	未
穿越回40年前上海老百姓的生活直播带你重回张家宅！	未
穿越回童年 宫崎骏《龙猫》时隔30年登上大银幕	未
穿越太和仙 征服攸县最高峰	未
穿越峡谷喜洋洋诵读	未
穿越巫山昨晚举行最古老的婚礼，你一定没有见过	未
穿越“旧时光” 宁波镇海棚改老物件见证40年变迁	未
穿越时光，一眼千年曲阜孔庙	未
穿越时光隧道不是梦假如可以穿越时空隧道，你想不想回到过去想不想邂逅儿时的自行车照相馆，还有家里的黑白老电视机会来了！为纪念改革开放40周年，华润怡宝携手人民日报新媒体一起打造的怡宝时光纪念AR限量瓶，可以重现40年来中国的时代变迁，让你重拾过往记忆，穿越时光不是梦！收好这份穿越攻略，可以让你穿越顺利一点哦	未
穿越时空的合影中铁大桥局老桥工与南京长江大桥再聚首	未
“穿”越时空，芳华绽放———“品味我们的40年”之三	未
穿越时间的鼓励	未
“穿越林海雪原”国际马拉松赛鸣枪 5000运动员参赛	未
穿越水乡的千年时光，轻声流淌在水巷古桥之上	未
穿越江山红叶酒店今日举行最古老的婚礼	未
穿越火线雷霆行动第五战代练行为打击科普关于 代练的一些常见问题和解答。内含第四关奖励名单哟发布了头条文章：《干货！雷霆行动代练行为大讲解》干货！雷霆行动代练行为大讲解	未
穿越热带雨林的高速！云南出发，自驾去老挝和泰国	未
穿越而来美食与文化交互，视觉和味觉的碰撞，这场盛宴怎能缺席	未
穿越葛洲坝畅游三峡万人共享年猪宴！	未
穿过仁寿视高镇，这一条新的快速通道正在加紧建设	未
穿过小径就是海	未
穿过金黄的银杏，这座充满设计感的大院里，满是成都人的悠哉	未
穿过镜头望桑梓丽水醉美小城镇之桃源东书	未
穿长款大衣的时候，你搭配什么鞋好看	未
突发！两大A股新规细则出炉！（11月26日操盘必读）	未
突发丨中午时分，幸福二区一居民楼房盖被风掀翻！殃及楼下20台车辆！	未
突发！人民桥下捞上来1个人！衡水要建超高层建筑，新地标将拔地而起！	未
突发！休假途中遇乘客突发心脏病，平安好医生心内科医生紧急施救，助其脱险！12月19日，平安好医生心内科医生董庆医生在乘坐G114高铁返回老家河南开封的途中，遇到一位乘客突发阵发性室上性心动过速，他凭借专业的医学知识和丰富的临床经验，对患者进行紧急救治，使其转危为安。真棒为董医生点赞平安好医生 一直在你身边	未
突发！夫妇返乡途中坠入黄河河滩，灵宝最暖心营救！	未
突发心 梗有办法了，太有效了，给需要的朋友	未
突发心梗有办法了，太有效了，给需要的朋友	未
突发意外，每人都应学会的急救技能！关键时刻甚至救人一命。更多精彩内容，可以进我微博看！	未
突发！朝阳老人5楼坠下，菩萨保佑，奇迹出现了！	未
突发！沈海高速上一大客车自燃！烧得面目全非，只剩框架	未
突发！郑州南四环郑蔚路一仓库起火 现场黑烟滚滚爱心车友乔先生：郑州南四环郑尉路南500米左右，一处仓库黑烟滚滚疑似着火目前消防已经赶到现场救援，请进过这里的车友不要围观为消防车辆让出一条救援通道（记者：冰霜）	未
突发！重大信号释放！新政策的东风已然来袭...	未
突如其来的关怀，司机感动不感动。	未
突尼斯总理沙赫德接见公共外交代表团一行(图)	未
突然发现家里墙上贴的便签是文艺风象的赠品 那时候就是为了这本赠品便签去买了杂志昨天看到停刊了 觉得时间过的真快啊 微博视频 La La Land	未
突然发现醋瓶子上有美国专供的字样，感觉是好消息，我们也吃上特供了。	未
突然变鲜艳，街头五色草雕塑返老还童了?丨南岗园林：特殊工艺彩喷装点冬日街道	未
突然想到你落东西了！你把我落下了哈哈哈哈哈哈哈哈哈哈哈哈哈哈哈哈//@205号居民:时分 时秒 开心（x	未
突然想邀请好朋友来我家庆祝我的31岁生日。	未
突然感动，忍不住为这个妈妈点一百个赞网页链接	未
突然来的双旦活动把我搞懵了不过话说东西都还是蛮划算，跟双幺幺 双幺二一样价的很多，小可爱你们都抢到了什么呢	未
突然火了！一首《我陪你》句句穿透你的心！	未
突然被感动到了	未
突破口与来时路中国茶叶2019之问（上）	未
突破场景限制，搜狗直击企业营销痛点	未
突破封杀！华为干了一件大事——	未
突破封杀！华为干了一件大事	未
突破封杀!华为频传捷报 最近还干了一件大事	未
突破技术瓶颈，办法在技术之外	未
突破限价？南京江北一楼盘欲涨价2500元/㎡ 官方这样神回复	未
突突突	未
窍门！煤气灶有个小秘门！用针戳一下，每月就能省下不少钱！	未
窑店镇开展推进移风易俗 倡树文明新风宣传活动	未
窗口多形式新有温度...现在到医大一院看病变得如此方便！	未
窗外雾蒙蒙，但空气质量却良好？	未
窗边闲聊蠢萌蠢萌的鳄鱼先生又来啦	未
窝趣“刷新”长租概念 10店布局深圳租房市场	未
窥探浙江民营经济发展 50余名浙商重启“时光胶囊”	未
《立下愚公移山志 筑就脱贫攻坚梦》--- 金寨县人民医院2018年帮扶工作纪实！	未
立交桥上男子要轻生，小两口上前一顿唠这么赞的操作，很哈尔滨！	未
立体督办 严肃考核 安徽大力推动水源地环境问题整治水源地保护攻坚2018由于整治工作很多涉及保护区调整工程设施建设等等，治理周期普遍较长近一段时期以来，安徽省克服困难，在省委省政府高位推动下，对水源地保护专项行动各项工作的时间节点进行了重新梳理，倒排工期，并行推进，化被动为 ...全文	未
立冬之后这样吃.蔍.茸 让你温暖一冬季	未
立冬后 ，这样喝白开水更健康，为了家人一定要看完	未
立减300！799住德国小镇巴伐利亚喜来登，自助早晚国药温泉	未
立刻拥有//@空白111:心动了	未
立刻赞！明天赞里抽一人送TF口红！记得关注秘姐哦	未
立即放人！	未
立历史之潮头，发时代之强音——看，开放合作的壮美画卷	未
立报国志，圆蓝天梦！精中学子踊跃参加空军招飞选拔	未
立方体房子太酷啦想知道里面的样子@旅游约吗	未
立本生道明德志 《恩施建郡于氏族谱》之《家承赋》精神文化价值释析	未
立杆架线，保供电居民心暖12月7日，@国网临朐县供电公司 员工在东城街道王家沟村立杆架线。12月3日开始，供电员工为王家沟村新上100千伏安变压器1台，组立电杆32基，新架0.4千伏线路3.4千米，解决了原有配变容量小负荷不够用的问题，群众温暖过冬有了保障。	未
立正，稍息！指挥长同志，警务礼仪考核整队完毕，请您指示	未
立法，为了全民健康——全国人大常委会赴云南立法调研综述	未
立法会九龙西补选 截至26日2:28，还剩最后一个点票区。5号陈凯欣领先3号李卓人13200余票，基本已提前锁定胜局。	未
立白威王 洁厕液500g4瓶洁厕宝4件 20.9到手薰衣草味的，家里的马桶一定要清洁干净哈	未
立足南国边疆 不辱使命担当――写在广西大学建校90周年之际	未
立足本地，练好内功温州民营经济健康发展的基石	未
立足沈巷工业园区，安徽鸿腾住工科技有限公司扬帆起航！	未
立足澳门，面向亚太——李明信的“电竞大赛梦”	未
立项目引资金纳人才 海南改革开放“加速跑”	未
立顿出周边了！可以喝茶也可以发现生活的乐趣	未
立马就见到了//@微微女友:人美心善的小妹妹，你在哪里好想见见你	未
竖版微视频丨中阿电视人跨越半个地球的邂逅	未
竖起来的社区如何党建？上海让楼宇党建与楼宇高度同样醒目	未
站内外同步施工 打造坚强主配网12月14日，@国网昌邑市供电公司 110千伏文山变电站停电检修，检修人员在开关室内更换10千伏文北线023开关的保护装置，站外配电运维人员同步对10千伏城阳II线05号环网柜进行拆旧换新，提升主配网供电可靠性，为电网迎峰度冬打好基础。	未
站内检修消缺 冬季供电可靠11月25日，@国网济阳县供电公司 员工对35千伏曲堤变电站进行检修维护，更换主变锈蚀线夹和连接引线，轮换1组站用变熔断器，并消除主变控制箱故障，进一步提高变电设备的健康水平和运行能力，保障冬季供电正常可靠。	未
站内检修热情高，拒绝设备老龄化12月12日，在35千伏柘山站施工现场，@国网安丘市供电公司 工作人员对10千伏于家河线站内CT刀闸及相关引线线夹等设备进行更换，及时消除电网安全隐患，提升供电设备健康水平，为电网安全平稳度冬提供有力保障。	未
站务司机技术岗等招聘208人！昆明地铁招聘公告	未
站在世界看世界 来京东白条，选择一种不一样的生活方式。 关注@京东白条官方微博 和@华为云 ，并转评本微博，说说你用京东白条买过最贵的东西是什么12月28日抽一位小可爱送出荣耀音乐小巨蛋1个！	未
站在潮头看振兴  人才带动，红花镇中国结红遍中国红花镇，被称为山东省的南大门，随处可见的中国结图标，给当地笼罩上了浓厚的喜庆氛围这里是全国最大的中国结生产基地，有36个中国结编制专业村，全镇7万多人口当中，有大约三分之一的人在从事中国结加工制作和销售，实现年产值约18亿元 ...全文	未
站在潮头看振兴党建引领 桥营村走出脱贫新路子走进陕西省华阴市桥营村，第一眼看到的是一处宽阔的文化广场水泥铺就的地面，大约有几百个平方在村里穿行，道路干净整洁，两边院墙上画着各式各样的宣传画各家各户的门楼高高大大，张扬着西北地方特色门上贴着红色对联，透露出浓浓的喜庆劲儿 ...全文	未
站在高原盼高峰 动漫重镇广州发出时代之声	未
站好首检最后一班岗11月29日，国网江苏检修公司变电检修中心修试四班员工奔赴500千伏钟吾变进行首检工作。这是钟吾变首检的第四次轮停，也是今年最后一次，工作人员以更严谨的态度对待检修全过程，咬定安全不放松，切实保障人身电网设备的安全。	未
站得高才能望的远，我们只有我们自己！	未
站毛小慧一下	未
站长已经做好万全准备去北京参加微博媒体峰会了@V影响力峰会	未
竞彩来料伯恩利 VS 利物浦，快船 VS 灰熊	未
竞彩篮球10场美职篮 76人三巨勇闯龙穴	未
「竞无止境」EDG战队与李宁的联名合作本周末上海发售！	未
竞猜币又要上线了！！赛事竞猜系统将于冬季冠军杯期间重新上线，大家可通过游戏内赛事获取竞猜币进行竞猜翻滚吧！毒奶之力们！！！本刀口要去发家致富了王者荣耀冬冠杯KPL	未
竞猜系统上线啦！！游戏内点击赛事可以开始你的毒奶之旅了KPL王者荣耀	未
竞相发力全面屏 国产手机欲破高端市场天花板	未
竞赛开始啦！2018年全国青少年禁毒知识竞赛！！	未
竞选直播为区块链生态赋能的他们，将如何为GXChain治理创造最大价值	未
竞逐7000亿职业年金业务 公募研究能力临考日前，首个省级职业年金计划揭晓了基金投资管理人名单，多家基金公司赫然在列其中，部分基金公司此前刚刚竞标成为中央国家机关事业单位职业年金投资管理人与此同时，根据机构测算，截至10月底，职业年金实账积累的规模约7488亿元，未来每年的新增规模 ...全文	未
竟然就藏在深圳！这个闻名世界的小村子，不仅有油画，还有百年老墙.....	未
竟然有些心动	未
竟然还能这么用	未
竟然这么快就周末啦！	未
竟然都跟我一年多了，你们这些家伙，真让我感动！	未
章丘绣水果品市场正式搬迁啦！位置在这里...	未
章华妹:第一张个体工商业营业执照的诞生	未
章子怡力挺《狗十三》  张雪迎有没有戳中你	未
章子怡晒照感慨时光流逝 醒醒与小苹果乖巧有爱	未
章子怡给女儿看的英文绘本，吴敏兰力荐，确实不简单	未
章泽天折价抛售澳洲近600平米豪宅 售价超1.1亿元	未
章熙春接棒华南理工大学党委书记	未
章贡交警机动车尾气污染整治每日快报（2018年11月25日）	未
 章龄之俏皮回应陈龙陈立农上热搜：挺好的	未
竢实文苑 如果你爱上了某个星球的一朵花那么，只要在夜晚仰望星空，就会觉得漫天的繁星就像一朵朵盛开的花            安东尼德圣-埃克苏佩里小王子 via@地道风物	未
竢实文苑  活着就意味着必须要做点什么，请好好努力村上春树图via：@DF11-0076	未
《童增书简》故事：张永强为抗战历史留下宝贵资料	未
童寯：他用一生把中国园林的情趣传递给了世界	未
童年催泪弹浦饭幽助配色现身！桑原18刀还会远吗	未
童年回忆啊	未
童年回忆“路”：时光杂货	未
童年的回忆。	未
童年的回忆	未
童年的回忆杀！看到这两款拳皇，你还记得当年的连招吗	未
童年趣事，捕鱼的那些快乐往事我的家在东北（三十三）	未
童心未泯的父亲（内附中奖名单）	未
《童心欢歌新时代》2019年河南卫视少儿春晚 正式启动	未
童心童行圆梦为你这群人自发为孩子们送温暖，过程暖人心扉	未
“童心读，共分享”——倡导科学有效家庭教育理念	未
童心飞扬，亲情荡漾顾庄博爱幼儿园举办亲子运动会	未
童星江宗阳主持央视《大手牵小手》字正腔圆游刃有余	未
童梦空间正式启幕，首家一站式儿童主题街区落户青岛新业广场！	未
童瑶为演年代剧翻出家中老照片：所有人眼中透着清澈	未
童瑶：所有人的眼中都透着清澈	未
童相明邻里和事佬   产业带路人	未
"童聚大路·粽情端午" 5.21我们相约琼海大路	未
童装  双面穿儿童羽绒服，90白鸭绒，国家A类安全标准，终于谈来团啦！	未
童诗来啦做一只春天的毛毛虫 慢慢地旅行	未
童诗来啦我希望有一种叫微笑的空气	未
童话世界	未
童话世界。 微博视频	未
童话世界等你打卡！今年的哈尔滨冰雪大世界开始兴建了凛冬驾临冰城，哈尔滨冰雪大世界这座世界上最大的冰雪主题乐园也开启了园区兴建，虽然正式开园还需等待，但各项工作都在有条不紊地推进，局部效果图已出炉。一起先从图中窥得冰雪王国的璀璨一角，先睹为快！（记者 田雪绯 周慧颖）	未
童话中的婚礼诶！！	未
童话乐园	未
童话双龙湖：只亲近，竟温暖	未
童话故事真的很写实啊搞笑	未
童话里的世界优秀作品展播丨《奇奇水果店》	未
童话镇联名款加绒卫衣，粉丝专享20元优惠券 转发关注我微博并进店收藏12月31号抽1名送污龙随机款1件（不一定是图款）天 猫 售:网页链接点击领取20元优惠券（限时3天）网页链接	未
童话风的森林小木屋会有精灵住进去吧（作者：@饲猫小Yuan ）	未
童趣无限哈瑞宝 马上年底啦，大爱的节日敲多，圣诞啊，元旦啊，新年啊！各种节日当道，为大家安利一款又好吃有好玩又好看性价比又超级超级高的节日送礼必备礼盒噢 @HARIBO哈瑞宝 年终大赏金熊糖果礼盒！ 铁皮金熊盒子敲可爱，可以把买来的7连包糖果都存进去，打开来全是缤纷的糖果，看到心情敲好的而且天猫买全套的话才199，里面送我最爱的小熊布偶，就喜欢这种童趣玩偶，各种美照拍起来！重点是，包袋是透明的哦，今年超级流行的单肩包，节日出街我最可爱！ 反正每年过年的时候我都会囤最爱的小熊糖和可乐糖，吃	未
童道明契诃夫成为我的研究对象，是我一生的幸运	未
童道驰调研三亚菜篮子工程：让市民吃上平价菜放心菜！	未
童鞋们在锻炼身体的同时，也要把绿色环保的理念传递给身边的人哦	未
童鞋们来和鸟酱玩个小游戏吧 看图，猜猜双十二福袋里都有什么呢 转发关注@飞乐鸟 ，12月11日，鸟酱抽1位小阔爱送出双十二所有福袋礼包哦！12元随单福袋69元心意福袋99元定制福袋嘻嘻拿走福袋，双十二最棒幸运鹅就是你啦	未
竭力服务光伏企业12月20日，国网海安市供电公司工作人员来到江苏海东光伏发电有限公司，帮助该公司员工对光伏站内的线路表箱进行巡视检查，消除安全隐患，确保冬季光伏发电设备安全稳定运行。	未
端午节高速不免费！附出行避堵攻略	未
端州公安分局召开创文工作推进会议	未
@端州市民，端州区第二届文明的力量系列活动全面启动了，诚邀您参与！	未
端木郎低调转型唱作人 新歌首发在即	未
竹下清欢  五峰山里的一场轻奢竹笋宴，约吗	未
竹产业国际工业设计大赛启动	未
//@竹外听音:去年假期心血来潮回小学门口的小卖部转了转，小卖部的阿姨喊我小姑娘，当时感觉好开心//@秦芦花:我的小朋友们在哪里过来阿姨抱抱	未
竹屿湾生态整治与修复项目完成85，预计明年4月前完成竣工验收	未
竹峪中学这个活动办得好！	未
竹林掘金好去处！安吉人对吃笋这件事从来不马虎	未
竹林文摘  佛教漫画法华经7个故事之《化城堡处》	未
竹溪全境降雪！速看今日路况！	未
竹溪城区居民，这封信对您很重要！	未
竹溪酒驾醉驾的注意啦！！！	未
竹炭包50g维达抽纸3包 5.1到手拍后一个选项！快速发挥效用，无二次污染，让你生活环境更健康！	未
竹王vs药导	未
竹笋虽然柔嫩，但它不怕重压，敢于奋斗敢于冒尖。	未
竹间智能完成B轮3000万美元融资	未
笋嘢！商铺办公住宅用地高明公有物业最新招租来啦！	未
笑声传奇	未
笑星郑宰亨将于本月步入婚姻殿堂，新娘为同龄女白领	未
笑死我了！	未
笑死我了，哈哈哈哈哈	未
笑看花开，是一种宁静的喜悦静赏花落，是一份随缘的自在。	未
笑笑好可爱，全程吐槽xswl //@笑爷-Zoe: 转原博，啾一人送300零花赞原博，啾1支Mac chili。周日开！	未
笑谈：XTScore利物浦1-0埃弗顿渣叔，敢不敢让奥里吉重回一线轮换阵容	未
笔下生花菊会皂河	未
笔墨书峥嵘 光影绘壮美	未
笔墨书峥嵘 光影绘壮美——庆祝改革开放40周年大型展览新华社展项扫描	未
笔墨勾勒出的，都是最向往的生活。透过晨起的微光里向整个东八区说声早安，以午后两点为分界线，再顺着落日西沉的云翳里迎来一餐可口的晚饭，最后在四下无人的夜里向明天祈祷。 投稿各地景色超话大神评选	未
笔者文风很幽默，值得一读//@来去之间://@NuclearEngineer:明天就是以色列往事完结篇了，结果这倒数第二篇没人看和转发啊预告一下结尾，用一份乡音说一段异国书，以一颗赤子心聊天下事。八千里路云月，三十功名烟尘，且去听歌饮酒。	未
笔芯！	未
笔芯！谢谢小伙伴给 斯芬克斯 送来的 斯芬克斯 帆布包，确实是挂住他了	未
《符合政府安排工作条件退役士兵服役表现量化评分暂行办法》政策解读	未
符合条件的哈密人这里集合！！每人每年4000元！速去领取这项补贴！！！	未
符合条件的大厂人，每人每年4000块钱！	未
符合条件的大块人，请领取这项补贴！	未
符合条件的汉中人快来领！每人每年4000元！	未
笨鸟不能先飞曾国藩用行动向世人展示坚持才是真理！  疏敏钩沉	未
第04集 了解中国，从了解北京开始	未
第09集 北京，转身遇见世界	未
第100架“四川造”翼龙系列无人机完成交付	未
第100架“翼龙”无人机交付 创中国无人机出口新纪录	未
第10集 双创 我们也有份	未
第10集 捷报，海丰公安2018！	未
第11届中国上市公司「卓越董事会」评选结果公布，这些公司值得关注（名单）！	未
第11届中国企业社会责任报告国际研讨会在京举行	未
第11届亚洲国际青少年电影节在湖北枣阳开幕	未
第11届粤港澳台盆景艺术博览会回顾	未
第11轮叙利亚问题阿斯塔纳和谈结束 年底有望交换战俘	未
第11集将于2019年1月初回归！度盘 链接:网页链接 （wqvm）	未
第1202期  送给16级在单位实习的君宝	未
第1203期  征集彩云之南，需要你的衣份温暖	未
第1211胜 波波维奇执教常规赛胜场数超“神算子”	未
第12届腾讯杯青少年VEX机器人亚洲锦标赛决赛在澳门举行	未
第12届腾讯杯青少年VEX机器人亚洲锦标赛在澳门举行	未
第12期重庆青创训练营正式开班 高校学子集体学习	未
第12集 千里姻缘书法牵	未
第135期勤廉榜样，前行力量	未
第139期桂花园二室出租，汇金3楼店面28万，求购城南商品房  .....更多信息点这里	未
第139集：农村穷大叔住的房子都漏雨，终于靠搞发明成功逆袭	未
第13届2018爱心奖颁奖典礼启动爱心奖终审委员会主席梁爱诗台塑企业总裁王文渊凤凰卫视执行董事/凤凰公益基金会执行理事长王纪言凤凰卫视资讯台副台长吴小莉吴修齐文教公益基金会董事长林苍生壹基金理事长马蔚华国际公益学院院长王振耀台湾综合研究院董事长黄辉珍，法鼓山人文社会基金会秘书长李伸一出席本届「爱心奖」颁奖典礼并参与启动仪式。	未
第13届2018爱心奖颁奖典礼启动爱心奖终审委员会主席梁爱诗台塑企业总裁王文渊凤凰卫视执行董事/凤凰公益基金会执行理事长王纪言凤凰卫视资讯台副台长吴小莉吴修齐文教公益基金会董事长林苍生壹基金理事长马蔚华国际公益学院院长王振耀台湾综合研究院董事长黄辉珍，法鼓山人文社 ...全文	未
第13届中国户外金犀牛奖颁奖典礼明年1月举行	未
第13届政府/行业信息化安全年会在京召开	未
“第13届政府/行业信息化安全年会”在京召开(图)	未
第144期  上海戏剧预告	未
第14届中国人日语作文大赛在北京举行	未
第14届全国野生动物生态与资源保护学术研讨会召开	未
第14轮积分表更新	未
第15个国际反腐败日，带您了解反腐败国际追逃追赃的N个"第一"	未
第15个国际反腐败日，带您了解国际反腐败追逃追赃的N个"第一"	未
第15届中国国际金融论坛开幕 上海将加强更高层次金融市场开放	未
第15届精瑞人居奖在北京颁发 未来更加关注科技和消费	未
第15批赴苏丹达尔富尔维和工兵分队出征旌旗猎猎，军歌嘹亮12月5日上午9时许，中国第15批赴苏丹达尔富尔维和工兵分队成立暨出征誓师动员大会在陆军第81集团军某旅驻地隆重举行，该旅官兵及家属代表齐聚一堂，为即将出征的全体维和官兵壮行（杜锦波   杨邦照  解放军报记者部解放军新闻 ...全文	未
第16分钟，德乌洛费乌带球突入禁区，冷静打门得手。	未
第179期触电夜话实战微商课程时间12月13日周四晚21:00开始红包接龙，100元8个，抢到最佳发下一个，严禁开挂！务必遵守规则九点半开始分享，在本群触电会群分享主题：微商模式如何避免涉传分享内容：1传销的特点及法律责任2传销的认定标准（案例）3微商模式如何避免涉及传销 ...全文	未
第179期触电夜话实战微商课程时间12月13日周四晚21:00开始红包接龙，100元8个，抢到最佳发下一个，严禁开挂！务必遵守规则。九点半开始分享，在本群触电会群。分享主题：微商模式如何避免涉传分享内容：1传销的特点及法律责任2传销的认定标准（案例）3微商模式如何避免涉及传销嘉宾介绍：张伟东，深圳市政府专职法律顾问，现任深圳市市场监管委公职律师，处理涉传案件微商律师陈成均，广东经天律师事务所执业律师，曾为深圳市政府机构金融机构等单位提供法律服务。	未
第17届中国国际人才交流大会主宾国(英国)启动仪式伦敦举行	未
第17届中缅边交会将于12月12日在缅甸木姐开幕	未
第17届华表奖黄金阵容公开 近300位电影人出席	未
第18届日中友好中国大学生本科毕业论文大赛评委感言	未
第19期跟读：只有生活，才是唯一真实的东西《头号玩家》	未
第19集 俄罗斯大爷的幸福生活	未
第1个春节放假通知，放假时间超乎你的想像！	未
第1视点丨习主席G20高光时刻	未
第1视点|习主席G20高光时刻	未
第1视点|习近平G20高光时刻	未
第211期佛山政务微信影响力排行榜	未
（第2144例）30年漫漫寻儿路 一个脚印一步期盼冯林回家	未
（第2149例）迟来24年的幸福余小亮（袁晓亮）回家	未
第21届苏州乐园国际啤酒节下周开幕	未
第21集 我用3D打印北京美食	未
第23届三星杯世界围棋大师赛决赛将在韩国举行	未
第23集 一杯红酒里的北京缩影	未
第240期文以载道方致远 成风化人好扬帆 鄂尔多斯市东胜区人民检察院推动文化育检工作纪实	未
第24届中国吉林国际雾凇冰雪节将于12月28日在北大壶开幕	未
第26届全国副省级城市党报评论理论宣传研讨会在杭举行	未
第26届李时珍中药材交易会开幕 千名医院院长汇聚蕲春	未
第26集 北京欢迎我	未
第27个国际残疾人日：声活受邀参加深圳市无障碍环境宣传（促进）日第二届深圳市特殊文化节	未
第27届“食博会”:香港参展规模历届最大	未
第27期全球乡村产业科技康养文旅考察-欧洲（荷兰德国）站	未
第28期全球乡村产业文旅考察-台湾站	未
第28集 胡同里的城市“梦想家”	未
第29届重庆市青少年科技模型大赛（下半年）落幕	未
第29届金曲奖揭晓，陈奕迅徐佳莹成新一届歌王歌后	未
第2期50张300元大润发购物卡免费送！先到先得	未
第309期合山市人民检察院同群众牵手， 剑指黑恶	未
第30届全国水利系统工会主席联席会议在三门峡举行	未
第30届小青蛙讲故事比赛今日开赛！	未
第313期我们始终捍卫，你的宪法权利！	未
第31个世界艾滋病日，乐山在行动	未
第31个世界艾滋病日从企业高管到艾滋病人的生死考验！	未
第31个世界艾滋病日！关于艾滋病，你该知道	未
第31个世界艾滋病日！在芜湖，传播的主要途径是	未
第31个世界艾滋病日！巫山疾控中心呼吁您主动检测！	未
第31个世界艾滋病日防艾公益健康跑鸣枪启程	未
第33个国际志愿者日：“人人3小时志愿服务月”正式开启	未
第36个海外中国文化中心在摩洛哥首都拉巴特正式启用	未
第38次重返乌蒙山区，这位老人让苗寨尽飘镇海书香	未
第3个创城日：  阿牙社区开展清洁家园活动	未
第3届澳门国际影展暨颁奖典礼即将拉开帷幕	未
第40届拉美新电影节在哈瓦那开幕	未
第43颗北斗卫星上天组网，全球导航时代即将来临	未
第44分钟，坎特接阿扎尔的传球跟进推射破门。	未
第44分钟，贝尔进球打破僵局，鹿岛鹿角0-1皇家马德里！FIFA世俱杯	未
第46测试联队的F-15C加油训练。第46测试联队（46 TW）驻地佛罗里达州埃格林基地， 拥有A-10F-15F-16C-130UH-1等机型。第46试验大队来自佛罗里达州的埃格林空军基地（Eglin Air Force Base）的第46试验联队下属的第46试验大队（46th Test Group，简称46th TG）与第49战斗机联队一样以霍洛曼为基地。第46试验大队是一个隶属空军装备司令部（Air Force Materiel Command）的单位，该大队下属的中队包括：第586飞行	未
第47届洲际小姐中国大赛总决赛在京举行	未
第493期扫黑除恶致全区各族人民的一封信	未
第496期松检动态秘密武器打造公益诉讼新亮点	未
第4日全程直播：（共6场）谷饶文化节	未
第51分钟，马图伊迪与坎塞洛作出精彩配合，前者顺势将球传入小禁区附近，皮球被对方解围出底线！	未
第55分钟，贝尔左脚抽射进球，完成帽子戏法，鹿岛鹿角0-3皇家马德里！FIFA世俱杯	未
第56分钟，林加德点球命中，曼联再下一城。	未
第5季的马来西亚紫盟羽球联赛将于12月21日挥拍，日本男单世界冠军桃田贤斗披安邦再也俱乐部战袍，桃田贤斗在社交媒体宣布，将会前往马来西亚与球迷共度圣诞。除了出赛，桃田也会参与圣诞节当天在马来西亚泰莱国际学校举行羽球慈善活动，化身教练，主持训练班，同场亮相的还有在本届紫盟同为安邦再也效 ...全文	未
第61届格莱美提名揭晓 德雷克Gaga等入围大奖	未
第63届斯里兰卡国际摄影比赛暨2018年度摄影展在斯里兰卡中国文化中心举行	未
第66分钟，我们在后场直接发动长传快攻，坎塞洛左路起球到门前，曼朱基奇近距离俯冲将球顶入球网！1-0！我们主场领先！	未
第69分钟，科拉希纳茨乌龙助攻，林加德闪电扳平。	未
第69届柏林电影节终身成就奖将授予英国演员兰普林	未
　　第707号	未
第73万名新西安人来啦！自从户籍新政实施以来，西安公安以打赢人才争夺战为目标，以深化行政效能革命为抓手，以实施户籍新政2.0版为契机，全面提升户籍室软硬件建设，持续转变工作作风，加强政策宣传，广纳八方人才。今天，西安迎来了第730000 新西安人：秦兴华，中国农业大学博士第四军医大学博士后，现落户碑林分局。据统计，2018年1月1日至12月3日10时：全市市外迁入共730606人。其中博士以上1198人，硕士研究生25276人，本科225438人，人才引进29981人。	未
第73万新西安人诞生了！还是个博士后昨日，西安迎来了第73万新西安人。秦兴华，男35岁，中国农业大学博士空军军医大学博士后，落户公安碑林分局，他也幸运地成为今年底第73万名新西安人。昨日上午，西安市委常委常务副市长吕健给秦兴华颁发了西安市居民户口簿。华商记者 卿荣波	未
第73届联合国大会主席：中国在实现气候目标的投入上让人印象深刻	未
第74集团军某旅着力提升新兵心理调控能力	未
第76集团军某陆航旅着力锤炼部队空地协同作战能力	未
第77集团军某旅：近千名新兵奔赴新岗位 开启专业训练模式泪别新兵营，奔赴新战场。12月18日，第77集团军某旅近千名新兵结束了为期三个月的共同课目训练，分批次分专业前往各自承训单位，开启专业训练模式。（王鹏）	未
第78分钟，经过VAR确认，土居圣真进球有效，鹿岛鹿角扳回一分，1-3皇家马德里！FIFA世俱杯	未
第7个全国交通安全日，湖北高警7地联动，为您讲述路上的那点事儿	未
第7个全国交通安全日 陆丰交警举办活动宣传细节关乎生命 安全文明出行	未
第7届中国东部（徐州）国际糖酒食品交易会明日开幕！	未
第800期[纪念检察恢复重建40年]检察父子父女兵，不忘初心检察梦	未
第82集团军：聚力改革转型  锻造新型陆战铁拳	未
第89届奥斯卡内场装饰和美食曝光 小金人变身甜品	未
第901分钟，阿里森后场策动进攻，萨拉赫助攻沙奇里破门。	未
第92届梅西百货感恩节大游行举行当地时间2018年11月22日，美国纽约，第92届梅西百货感恩节游行盛大开演，造型各异的大气球和花车亮相热闹非凡。梅西感恩节大游行是由美国梅西百货公司主办的一年一度的感恩节大游行，这一传统始于1927年。游行在感恩节上午9:00开始，持续三个小时，数万人参加，声势浩大。	未
第92届梅西百货感恩节大游行在纽约举行	未
第N次上门  走访全国第一家扶贫超市看望贫困户接待信访群众	未
第一个国家级旅游研究课题是什么听听亲历者的回忆	未
第一个祝自己生日快乐啦！[给你小心心][给你小心心][给你小心心][小仙女]今年的愿望很简单：暴富希望在接下来的每一天里都开开心心希望明年姐妹们也还在。爱你们！！！	未
第一个还愿来了 查看图片	未
第一书记  东升乡党委召开驻村第一书记座谈会	未
第一书记丨县委组织部召开第一书记代表座谈会	未
第一书记（二）担当的抉择	未
第一书记李水清：立足实际 扶真贫见实效	未
第一书记白雪原：付出真情 让村民尝到幸福的味道	未
第一书记胡玲：村民致富的领头羊	未
第一书记陈国强：带领村民大棚里刨金	未
第一代“红色文艺轻骑兵”举办精神报告演绎会	未
第一位 //@CrossDeLauren: 最近在看他的草色遥看集，讲到他翻译时的经历和感受，真的很激励人，激励到的是我从他身上看到对原著者的尊重和对内容的深意的细致入微的观察和体悟，真的很用心的去翻译，不是只注重技巧，更看重感情和对原著的爱。	未
第一创业证券推出国内首只知识产权证券化产品	未
第一名不用看也知道	未
第一名家的公关公司，不愧是中国外航中最专业的 三亚海滩	未
第一名是利物浦	未
第一啵三字净化时间到 三字净化需要大家多多点击请大家看见的都动起来以下十条链接每个最少点击十次，转发评论打卡自动刷新教程网页链接边伯贤生图 网页链接边伯贤卫衣 网页链接边伯贤小卡 网页链接边伯贤高清壁纸 网页链接边伯贤手 网页链接边伯贤学猫叫网页链接 边伯贤 直拍网页链接边伯贤表情包边伯贤表情包边伯贤万圣节网页链接边伯贤吸血鬼 网页链接	未
第一图，海口湿地之美 刚从海里捞出的生蚝！据说很壮阳	未
第一场圣诞大战就是疯狂打铁啊！	未
第一场大雪，美吧 微博视频	未
第一场雪 一座城市一个人，这个下雪的城市叫北海道！北海道下雪微博视频 第一场雪	未
第一场雪 上海下雪啦单身的小动物们，新年就要来了，接下来是情人节，快找人一起过冬哦微博视频 第一场雪 上海下雪	未
第一场雪下完了，沧州街头的这几种小吃路过必买	未
第一场雪 今冬的第一场雪，飘飘洒洒，覆盖了前一阵子留下来的温暖 微博视频 第一场雪	未
第一场雪 你的城市大雪纷飞 微博视频 第一场雪	未
第一场雪 在斯德哥尔摩老城冒险，听着那些惊悚刺激的历史故事，去发现这座城市，我的向导帅呆！！！听完就下雪了旅游约吗不止旅行 微博视频 第一场雪	未
第一场雪 小可爱！帝企鹅宝宝做啥都萌！推：BBC earth 微博视频 第一场雪	未
第一场雪 旅行新势力 幸福燕子矶没迎来南京大雪，迎来了燕子矶街道食堂美食@微博旅游@新浪旅游 微博视频 第一场雪	未
第一场雪 昨天降温啦十几度的好天气。出去晒晒太阳很舒服呀你们那边天气怎么样呢 微博视频 第一场雪	未
第一场雪来袭，暖途行动护航！	未
第一场雪 泰国不下雪但是人们对于雪的渴望非常强烈，这个圣诞要有雪。曼谷巧克力小镇Chocolate ville 人造雪。对于泰国人感觉还是非常浪漫的。 微博视频 第一场雪	未
第一夫人和猛禽......12月12日，美国第一夫人梅拉尼娅特朗普参观了位于弗吉尼亚州汉普顿兰利 - 尤斯蒂斯联合基地！军事集结号	未
第一届“两岸和平统一进程”研讨会在台北举办	未
第一届中国土壤修复大会在南京举行	未
第一届京津冀协同发展羽毛球联谊赛举行(图)	未
第一届喵喵拳世界锦标赛！	未
第一届宜春市文明家庭公示啦，万载这两户人家光荣上榜了！	未
第一届建筑设计行业人力资源管理论坛在同济大学举行	未
第一届微信群沙雕歌唱大赛，想玩的进来一起嗨！	未
第一届感恩老房表白大赛开始了吗！趁着感恩节，我真的有很多话想要跟老房家人特别是粉丝朋友们说！转发微博参与活动，我谢谢你们了！每一次回忆都是回家	未
第一届汇源品尝官招募正式启动！100箱葡萄汁等你赢	未
第一届海峡两岸儿童医教融合论坛启动杭州复旦儿童医院“复星”计划	未
第一届男子大赛！！对爱健身的男孩子没有抵抗力！！CC大赛 第一届男子大赛	未
第一届菊花展开展 宿城区人民广场等您来赏菊	未
第一届西安郴州商会成立	未
第一张图，第二张就是藏獒	未
第一所中外合作音乐学院落户天津 “音乐界哈佛”抢招天才预科生	未
第一批8大佛系旅行地，每一个都美哭！你最想去哪个	未
第一批95后的7大特征曝光，最后一条你绝对中了！	未
第一批 准备！！！	未
“第一报”牵手“第一城”！新华日报社南通分社成立	未
第一播报致力物联网全球一体化：中国联通和德国电信搞事情12月3日，中国联通与德国电信在南京签署了物联网业务合作协议，双方将在物联网全球一体化解决方案领域展开深度合作。此次与德国电信签署物联网业务合作协议，是中国联通全球连接战略的关键一环，将深化中国联通与德国电信在跨平台连接领域的合作。沃联天下遇见未来中国联通与德国电信签署物联网业务合作协议	未
第一播报领奖的季节又到了！	未
第一支甲流疫苗——流感疫苗研究世界领先	未
第一时间 12月7日晚，西安丝路国际金融中心核心区项目集中签约仪式在高新区举行。省委常委市委书记王永康出席。市委常委钟洪江中国金茂集团副总裁刘光华致辞。市领导杨晓东王欢畅参加。此次集中签约项目共22个，投资总额1437亿元，涉及现代金融智能制造总部经济生物医疗等多个领域。迈科集团董事局主席何金碧等20多位企业家代表受邀参加签约仪式。更多详细内容，请关注西安发布微信公众号。（文：肖翔 摄影：李欣）	未
第一时间带你看全2018年日内瓦表展精华	未
第一 是低三下四！第二 你给我清醒点！第三 我们更爱面子！	未
第一条高速铁路开通运营十年——京津城际开启高铁时代	未
第一杯祝你出人头地前途似锦第二杯谢你曾真心待我快乐过第三杯祭你我多年感情无论真假	未
第一次以Vlogger的身份参加微博V影响力峰会，好开心呀！12.21号主论坛有我的演讲，12.23号视频分论坛还会有个Vlogger圆桌会。估计会碰到很多熟人，我带着马女士过去热闹热闹。朋友们到时候见！视频V势力	未
第一次到唐津城，很安静的小城市。茕茕孑立在海边的城堡，很是独特。唐津没有什么游客，却和四个上海小姐姐偶遇了两回在日本被一眼认出来真是让我受到惊吓	未
第一次去个漫展仿佛扫荡了cj回来非常感谢大家送的小礼物和信(还有药噗)   马上躺好慢慢享用	未
第一次去厦门应该怎么玩鼓浪屿中山路曾厝垵厦大amp网红美食基础版的厦门旅游攻略，适合第一次去发现小清新的你。收走冬天买扇子吧！ .	未
第一次去新疆怎么玩几种不走回头路的环线游，看遍大美新疆马蜂窝攻略 新疆怎么玩丨不到新疆不知中国之大！ - 马蜂窝	未
第一次去日本，怎么玩转大阪京都和奈良马蜂窝攻略 第一次去日本，怎么玩转大阪京都和奈良	未
第一次去日本旅游，攻略可以是怎样的	未
第一次去日本旅游，攻略可以是怎样的（超全超详细）	未
第一次去日本旅行，父母从拒绝去日本，到最后爱上这个岛国这是一篇很认真的游记，有需要的朋友可以来参考	未
第一次去日本自由行，有哪些一定要知道的攻略技巧	未
第一次去越南自由行，有哪些一定要知道的攻略技巧 （超详细）	未
第一次参加跑步比赛，你需要怎么做	未
第一次发现博主开始说人话//@一直越来越可爱:楼市停滞，破主赶紧转型了。不过说的道理也都对，和他的买房成功学一样对。//@舞榭歌台-: Repost	未
第一次发现地震离我这么近也算是一次奇妙的经历了 广州  龙怡路	未
第一次告诉你佘山脚下这座公园雕塑的秘密月湖雕塑公园位于上海市松江区佘山国家旅游度假区内，环湖而建，是一座集自然风景和现代造景艺术相结合的雕塑艺术园区。园内以月湖为主题专案创作雕塑作品60余件，沿湖岸错落摆放，整体雕塑风格恬美闲适温馨，许多雕塑具有生命的意义，体现出水是生命之源的主题，希望人们爱护自然，保护自然。今天让我们走近上海月湖雕塑公园春岸的雕塑。地址：松江区佘山国家旅游度假区林荫新路1158号交通：地铁9号线佘山站换乘松青线门票：100元。	未
第一次坐高铁，头等舱哥都坐得起比飞机安逸多了玩盘格（新四川人听得懂不）为中国高铁点赞	未
第一次学着用电饭锅做蛋糕美食	未
第一次尝试写游记瑞士7天6晚超详细全自由行-P1 行前准备（签证等）P2 苏黎世P3-P5 因特拉肯及周边小镇P5-P6 琉森P7 苏黎世及购物攻略P8 旅游小记P9 图不够了瞎凑的感谢分享：小妞VVN	未
第一次报名V影响力峰会就受到邀请啦，未来继续努力做优质内容！我是@有点娱乐 ，在北京，在国家会议中心等你 V影响力峰会聚焦V视界	未
第一次来厦门这样玩，厦门旅游攻略	未
第一次来胡女士家做客。。。。。这审美呢，她喜欢就行吧。。。。。。毕生心愿完成，明年我终于可以开始做我想做的和喜欢的事情了。。。。留学支教冒险学语言学更多感兴趣的东西。。。。想到小时候和我妈经历那么多苦难，现在我娘俩面对面坐着，我说：妈，喝酒不！我妈：喝你妈逼。。。我	未
第一次求卡，姐妹们帮我卡一下吧，卡shxx，一会儿给大家发红包，谢谢了。网页链接网页链接	未
第一次用三星A9S四摄手机，聊聊拍照体验感受！	未
第一次知道穿山甲是这样走路的，好萌！	未
第一次约饭，这小伙真不错！对了，他单身，女粉们...	未
第一次跑高速，先看看这个再说！ 第一次跑高速，先看看这个再说！	未
第一波完成	未
第一眼就看上的衣服往往买不起第一眼就心动的人往往不会喜欢你真正喜欢想要的 没有一样是可以轻易得到的这就是要拼命努力的理由	未
第一眼 是概念车的感觉. V影响力峰会Speed车生活性能加颜值 @全球汽车改装资讯 @爱擎海 @Top-Cars @PS3保罗 @Mr-Arsenic @阿斯顿马丁中国  @填鸭式教育受害者 @CFang涛 @摄影师痞子东 @1111111111111111Y微信大改版	未
第一眼看到就喜欢的东西 仔细一看 会更喜欢呀	未
第一眼看成老伴儿了	未
第一眼能看到蛇的人，肾好	未
第一节比赛结束，@洛杉矶湖人 32-22黄蜂詹姆斯12分5板2助，库兹玛5分2板球哥4分2板4助，麦基8分2助湖人国度	未
第一节比赛结束，骑士25:31勇士胡德11分，汤普森5分7篮板	未
第一节结束，勇士28：31独行侠。	未
第一节结束，勇士30：24森林狼	未
第一节结束，深圳26-24领先辽宁	未
第一节结束，湖人队 27-16 灰熊队，官网文字直播：网页链接	未
第一节结束，火箭队 36-29 灰熊队，官网文字直播：网页链接	未
第一节结束，马刺队 29-32 76人队，官网文字直播：网页链接	未
第一节结束，骑士队 26-38 国王队，官网文字直播：网页链接	未
第一节结束，骑士队 28-34 猛龙队，官网文字直播：网页链接	未
第一节结束，骑士队 38-25 奇才队，官网文字直播：网页链接	未
第一节领先11分哎！	未
第一视角！专业选手带你体验自行车城市速降比赛今年12月初，哥伦比亚举行了一次城市自行车比赛，而这里拥有世界最长的自行车赛道法国选手Rmy Mtailler用第一视角，记录下在这个赛道上比赛的惊险过程看得人心发慌，为他捏一把汗！（环球时报）网页链接	未
第一视角 世界上唯美食与旅行不可辜负也，我要吃肉肉！@微博旅游 旅行灵感季微博视频 第一视角	未
第一视角 你有多久没听到这种声音了（普洱茶马古道）旅行灵感季 @微博旅游 不止旅行微博视频 第一视角	未
第一视角 去年偶遇，那时还没有火，灵魂歌手，哈哈 微博视频网页链接第一视角查看图片	未
第一视角 工作了6年，终于买了人生中第一辆车！开车上班从不堵车！微博视频 第一视角	未
第一视角 工作了6年，终于买了人生中第一辆车！开车上班从不堵车！   第一视角	未
第一视角 我想和你找个池塘，盖间平房，忘掉哀伤，给自己一个有鱼的地方！@微博旅游 旅行灵感季微博视频 第一视角	未
第一视角 打小就好奇狮子和老虎到底谁厉害，今天终于有了答案！ 微博视频 第一视角	未
第一视角 打小就好奇狮子和老虎到底谁厉害，今天终于有了答案！  第一视角	未
第一视角 有多少人曾背井离乡来过这呢这里是深圳凤凰山@微博旅游 旅行灵感季微博视频 第一视角	未
第一视角直击魔鬼周极限训练现场12月4日5时，一阵急促的紧急集合哨音打破了黎明前的宁静，数百名全副武装的特战队员迅速集结，开始长达10公里的武装奔袭至此，武警海南省总队第四季度魔鬼周极限训练正式拉开战幕 （国防在线）	未
第一视角 老大爷太厉害了！高手在民间！ 微博视频 第一视角	未
第一视角 老爸出2000，姐姐出4100，弟弟出1000，17岁的弟弟用上了iphoneX，表示很开心微博视频 第一视角	未
第一视角 见过这么大的太阳没@微博旅游 不止旅行 V影响力峰会微博视频 第一视角	未
第一财经与蚂蚁财富合作扩至短视频领域	未
第一财经总编辑杨宇东：细分新闻消费场景，探索新商业模式	未
第一财经猜涨跌，赢红包，一起来瓜分现金红包吧！猜指数涨跌，赢现金红包。参与人数越多，红包金额越大。在每个交易日的14:30之前，猜测上证综指的涨跌，并说明理由，就可以一起来瓜分支付宝口令红包。快快呼朋唤友一起来参加吧！赢红包通道：猜涨跌，赢红包20181127	未
第一运动！超35亿观众收看了今夏世界杯赛事根据2018年世界杯官方转播数据显示，有超过35.72亿观众收看了今夏的世界杯赛事，这一数字占到了地球总人口的一半以上。其中，家庭电视观众占到了32.62亿，另外，有3.097亿观众是通过数字转播平台观看世界杯，包括了在公共区域酒吧或餐厅等地方，比例 ...全文	未
第一部党章在这里诞生	未
第一阶段11胜4负排第5，北京首钢防守全联盟第一	未
第七个122全国交通安全日即将来临 看甘肃如何放大招！	未
第七个122全国交通安全日宣传活动持续发力 进村入户普法宣传	未
第七个全国交通安全日 12.2蜀黍提醒您细节关乎生命，安全文明出行	未
第七个全国交通安全日  湖南开展了这样一个主题活动	未
第七个全国交通安全日：让我们一起关注细节，安全文明出行	未
第七代天籁ALTIMA上市 东风日产发布日产智行2022计划	未
第七代天籁上市，售价17.98万-26.98万元	未
第七届“一条大河”西双版纳国际影像展在景洪举行	未
第七届上海市平安英雄评选开始啦，崇明有一位候选人！	未
第七届世军会将于2019年10月在武汉举行	未
第七届中关村大数据日专家论剑，保护数据安全有啥新招？	未
第七届中国工业发展论坛在京召开	未
第七届中国报业党建工作座谈会在长沙举行	未
第七届中国赛车金香槟奖在河南郑州揭晓	未
第七届全国九城艺术联展（南京站）恭候您的光临！	未
第七届公安新媒体伙伴大会马上就要开始啦，@湖南高速警察 正在现场参与！猜猜蜀黍会有什么收获@人民公安报 @中国警察网 海南省  澄迈县	未
第七届南京文学艺术奖评选开始申报	未
第七届唐博会开幕 136名画师同台竞技	未
第七届大腿杯今晚20点30分盛大开幕 ！上单：@eStarPro诺言 vs @WE_762 打野：@EDGM-初晨 vs @TS暖阳 中单：@RNGM暴风锐 vs @BA居居 辅助：edgmkoko vs @Ts阿豆 下路：@XQ丶Orange vs @BA一诺 左边是我邀请的选手 右边是xx邀请的选手通告各位观众本来计划我和xx各待一边 但是xx手部受伤不参加 为 ...全文	未
第七届大腿杯今晚20点30分盛大开幕 ！上单：@eStarPro诺言 vs @WE_762 打野：@EDGM-初晨 vs @TS暖阳 中单：@RNGM暴风锐 vs @YTG茶 辅助：@张文科_ koko vs @Ts阿豆 下路：@XQ丶Orange vs @TOPM逍遥 暂定阵容 本微博会实时已编辑来调整左边是我邀请的选手 右边是xx邀请的选手通告各位观众本来计划我和xx各待一边 但是xx手部受伤不参加 为保证游戏平衡我也不参加了 但我们会在语音里静音ob今晚会有征兆模式与巅峰对决与大家见面大腿杯能与你	未
第七届大艺博开幕 年青艺术家“体感”市场温度	未
第七届西藏唐卡艺术博览会在拉萨隆重开幕	未
第七届西藏唐卡艺术博览会开幕	未
第七期中奖名单公布，速来认领你的50元红包！	未
第七期吃瓜群众，请进！	未
第七轉溫養九轉還丹	未
第三代社保卡来了！退休俱乐部联合上海银行为您免费办理换新	未
第三任白宫“管家”即将上线	未
第三天，终于恢复正常了 昆明昆明植物园	未
第三届Dior迪奥护肤科技峰会于上海隆重开幕，众多蜚声国际的专家与科研人员共同探讨 Dior迪奥花秘瑰萃系列与格兰维尔玫瑰的臻美   传奇本次峰会将极大推动Dior迪奥针对格兰维尔玫瑰的专研成就diorskincarerosedegranville @Dior迪奥护肤	未
第三届两岸公益大讲堂在北京举行	未
第三届中国不动产资产管理峰会在京召开	未
第三届中国军民两用技术创新应用大赛决赛长沙举行	未
第三届中国出版印刷者大会在京举行	未
第三届中国创新挑战赛（西安）现场赛在西安举办	未
第三届中国制造 2025 高峰论坛即将盛幕开启  聚焦中国制造新时期突围	未
第三届中国医生集团联盟大会即将在京召开	未
第三届“中国文化产业学院奖”金奖颁奖典礼 南京获“未来文化城市”金奖	未
第三届中国旅游IP高峰论坛举行，驴妈妈推出先游后付产品，驴妈妈通过精选合作伙伴严选整体爆款优选旅游导服标准，3个选来做产品，确保游客获得更有保障更安心的旅游整体体验会上还发布了景区和IP大数据联合实验室的研究成果中国旅游产业IP发展年度报告2018，公布了年度美景IP ...全文	未
第三届中国旅游IP高峰论坛举行，驴妈妈推出先游后付产品，驴妈妈通过精选合作伙伴严选整体爆款优选旅游导服标准，3个选来做产品，确保游客获得更有保障更安心的旅游整体体验。会上还发布了景区和IP大数据联合实验室的研究成果《中国旅游产业IP发展年度报告2018》，公布了年度美景IP美宿IP美行IP美购IP排行榜。此外，驴妈妈与中国旅游研究院共同揭牌成立了景区和IP大数据联合实验室。联合实验室将在大数据基础上，为中国景区提供数据分析与报告研究服务。	未
第三届中国残疾人冰雪运动季中国智协主会场活动暨冬季十省（市）特奥联谊活动在吉林长春举行	未
第三届中国电商讲师大赛全国总决赛在京隆重举行(图)	未
第三届介休好人50位候选人名单出炉	未
第三届“健康中国”高峰论坛在渝开幕	未
第三届“健康中国”高峰论坛在重庆举行	未
第三届全国119消防奖提名奖先进事迹丨丹阳云天减灾救援促进中心	未
第三届全国119消防奖提名奖先进事迹丨宿城区屠园乡古山河居委会	未
第三届全国119消防奖提名奖先进事迹丨把消防故事说给全国听马伟	未
第三届全国119消防奖提名奖先进事迹丨江苏昂内斯电力科技股份有限公司	未
第三届全国119消防奖提名奖先进事迹丨燃气管道上的守护者李敬江	未
第三届全国119消防奖提名奖先进事迹丨金陵石油化工消防保卫支队	未
第三届全国119消防奖提名奖先进事迹丨镇江杨家门社区首席消防网格员田桂芳	未
第三届全国119消防奖提名奖先进事迹丨高校保卫处消防干事蔡雪辉	未
第三届全国119消防奖提名奖先进事迹  无锡市惠山区钱桥街道办事处	未
第三届全国119消防奖提名奖先进事迹  热心消防宣传的精灵主播苏汀	未
第三届全国名镇论坛暨第三批中国名镇志丛书出版座谈会在孝感召开(图)	未
第三届全球华人国学大典举行，学者杜维明获终身成就奖	未
第三届全球异种移植临床研究规范研讨会长沙开幕	未
第三届“南京安全区”和平徒步活动举行	未
第三届南沙国际邮轮旅游文化节将于12月5日启动！攻略拿走拿走别客气	未
第三届博卡拉中国电影节暨“一带一路”图片展举行	未
第三届吉林冰雪产业博览会暨第二十二届长春冰雪旅游节在长开幕	未
第三届吉林冰雪产业博览会暨第二十二届长春冰雪旅游节开幕(图)	未
第三届吉林省雪博会盛装启幕 580余项活动点燃冰雪旅游“旺火”(图)	未
第三届“国际友人看吉林”主题采风活动正式启动(组图)	未
第三届基因产业论坛暨心血管疾病跨学科研讨会在江北新区举办	未
第三届大学生文创赛动漫专场走进黄冈师范学院(图)	未
第三届大学生读书节声临其境《河南财经政法大学赋》	未
第三届学校（基础教育）创新发展研讨会暨第56期深圳教育论坛举行	未
第三届安徽省突出贡献人才奖评选表彰活动正在开展中...	未
第三届小恒饺子节开幕 发布《北京趣味饺子报告》(图)	未
第三届山东金博会金融科技产品汇聚，济南元素和青岛元素同台绽放11月23日，第三届山东金博会开幕首天，就有很多市民朋友来舜耕国际会展中心赶场，现场人气十分火爆。展馆现场，中国银联人脸识别体验区内人头攒动，刷脸就能买商品，农行客服机器人与市民趣味对话各类金融科技产品让人们切实感受到了智慧与创新对人们金融生活的改变。而参观金博会展馆中，记者发现，展区中的济南元素和青岛元素真不少。第三届山东金博会丨金融科技产品汇聚，济南元素和青岛元素同台绽放	未
第三届巴西中资企业人力资源招聘会在圣保罗举行	未
第三届平安中国“三微”比赛颁奖活动在厦举行：唱响英雄赞歌 护佑人民平安	未
第三届平安中国“三微”比赛颁奖活动在厦门举行	未
第三届广东国际青年音乐周增加粤港澳大湾区色彩	未
第三届广西区直机关书香机关 阅读圆梦朗读会今天22:30播出！	未
第三届指尖剧集榜发布 《延禧攻略》《如懿传》获评十强	未
第三届挖优狗价值投资年会在深圳召开	未
第三届旅客忠诚度中国高峰会议即将于2018年12月6日-7日在上海召开！ TBO商情通	未
第三届“民洽会”多平台支持民族地区脱贫攻坚	未
第三届河套猪宴节暨企鹅马可的冰雪乐园开业庆典12月8日在浩彤园区举办	未
第三届法律资本年度高峰论坛在深举办	未
第三届海峡两岸青少年街舞大赛在厦门举行	未
第三届清控（南通）中小企业发展论坛召开	未
第三届湖北大学生文创大赛生活创意设计类专场开赛	未
第三届湖北·麻城老米酒吊锅文化旅游节启幕	未
第三届澳门国际影展开幕	未
第三届澳门国际影展暨颁奖典礼开幕	未
第三届澳门国际影展 陈凯歌获电影精神成就奖	未
第三届“缘梦中国”才艺大赛在里加举行	未
第三届“读懂中国”国际会议在北京开幕	未
第三届“读懂中国”国际会议在北京开幕 杨洁篪宣读习近平主席贺信并致辞	未
第三届“读懂中国”国际会议将在北京举行	未
第三届“读懂中国”国际会议开幕，杨洁篪宣读习近平主席贺信	未
第三届铜官区校园足球文化节暨娃娃足球宣传月开幕(图)	未
第三届集成电路产业紧缺人才研修班在宁举办	未
第三批中国20世纪建筑遗产公布：多个项目见证改革开放四十年	未
第三批全国高新技术企业名单公示，看看靖江哪些企业上榜！	未
第三批场外期权业务交易商名单公布，7家券商入围	未
第三批重大新兴产业工程公布：众徽商企业来袭！	未
第三期尼泊尔旅游人才汉语培训班结业	未
第三期虹口小锦鲤公布啦！每位幸运网友将获得50元手机话费，具体信息以手机短信通知为准。这次没有中奖的小伙伴也不要气馁，带上这篇虹口休闲攻略，走走逛逛不停歇！你还可以关注@上海虹口 ，获取更多有趣实用的虹口资讯！	未
第三次去泰国和麻麻的旅行，游记终于难产出来啦华欣芭提雅曼谷自由行 包括网.红酒店，芭提雅跳伞攻略，绝对是别人没写的小细节 via.@_叫Sarah_	未
第三次参加边缘计算产业峰会，我的一点感受	未
第三次股指期货规则松绑，谁受益了？	未
第三版《还珠格格》正式启动选角 要求有颜值、有话题	未
第三版《还珠》筹备建组 选角要求有颜值有话题	未
第三节比赛结束，@洛杉矶湖人 88-90火箭湖人vs火箭湖人国度	未
第三节比赛结束，湖人88-90火箭。詹姆斯27分4篮板3助攻2抢断，球哥5分2篮板4助攻，哈特15分，库兹马22分2篮板5助攻2抢断，师弟6分3篮板，波普8分1篮板3助攻，麦基5分3篮板，钱德勒6篮板。	未
第三节比赛结束，湖人91-66灰熊。詹姆斯20分7篮板8助攻，哈特16分4篮板2抢断，库兹马17分7篮板6助攻，麦基2分8篮板，师弟9分2篮板2助攻，波普16分，米哈5分3篮板，钱德勒4分12篮板，球哥2分1助攻。	未
第三节结束，勇士103:94快船。	未
第三节结束，勇士80：84爵士。还有一节的时间！	未
第三节结束 湖人 83-90 篮网 老詹拿下25分10篮板	未
第三节结束！湖人99-89马刺！詹裤爷孙组合合砍56分詹姆斯31分8板8助，裤子25分8板，麦基8分10板，球哥9分11助！！！湖人加油GoLakers	未
第三节结束，湖人队 76-99 奇才队，官网文字直播：网页链接	未
第三节结束，马刺队 77-104 爵士队，官网文字直播：网页链接	未
第三节结束，马刺队 78-104 爵士队，官网文字直播：网页链接	未
第三节结束，马刺队 82-72 爵士队，官网文字直播：网页链接	未
第三节结束，马刺队 88-64 太阳队，官网文字直播：网页链接	未
第三节结束，骑士队 66-84 雄鹿队，官网文字直播：网页链接	未
第三节结束，骑士队 89-96 国王队，官网文字直播：网页链接	未
第三轮建设规划获批鱼嘴，复盛，龙兴，石船正式入网轨道4号线二期	未
第九届“一碗饺子温暖一座城”活动昨日举行 饺子热腾腾寒冬暖融融	未
第九届上海保险行业年度奖项揭晓	未
第九届上海宝马工程机械展开幕 3340家企业参展	未
第九届“中国河北高层次人才洽谈会”将于12月22日举办	未
第九届中国（阿联酋）贸易博览会在迪拜举行	未
第九届亚洲（台湾）赏鸟博览会，一场国际级的鸟人派对	未
第九届埃及大学生中国诗词朗诵大赛在开罗举行	未
第九届《激光与光电子学进展》编委会成立大会在杭州举行	未
第九次党代会 邓卫：第一个阶段极其重要，任务尤为艰巨，又可以分为两个步骤来推进：第一步，从现在到2020年，全力以赴抓好各项近期任务，实现在一流大学建设高校中赶超提升第二步，从2021年到2026年，再经过十四五的建设发展，人才培养质量和学科建设水平有较大提升，实现第一阶段的既定目标 ...全文	未
第二个航母战斗群就要来了，大批055蓄势待发！	未
第二主业落地 协鑫集成拟募资50亿进军半导体	未
第二人生从旅居云南开始	未
第二代军人保障卡应用推广工作于近日展开	未
第二代军人保障卡，知识点全在这了！（整理自北海舰队）一号哨位	未
第二件0.1！！第三件0元！！桃元帅秋梨膏3瓶拍三件/19.820斤梨才能熬出这样1瓶秋梨膏，老人小孩都能喝，秋冬养生佳品，帮你养一副中国好声音	未
第二件7.8元！！！米果夹心能量棒55支 卷后9.8拍2件110支！！吃了一条又想再吃一条，感觉会吃上瘾	未
第二件不要钱！！[给你小心心]洁婷透气双U棉柔日用组合装 36.9每月必消耗品还是屯着点好，不然突然来袭去又得去超市买贵了	未
第二件半价！！三只松鼠 西凉牛肉76g拍2件/33.45有香辣和原味，直接拍2件更划蒜！！到手一共152g，一次吃个爽！！	未
第二件只要15大洋！！拍2件44.9更划蒜啊迪凯瑞补水保湿七天小安瓶卷后29.9安瓶含高浓缩精华，计划是晚霜和营养霜的12-13倍！能够短时间内让肌肤达到水润状态！被誉为肌肤 的急救站 ！	未
第二十五届“蓝天下的至爱”在沪开幕，将办504项慈善活动	未
第二十五届“蓝天下的至爱”慈善活动周末开幕	未
第二十届中俄蒙国际冰雪节在内蒙古开幕	未
第二十届中国专利奖揭晓	未
第二十届中国专利奖轨道交通产业成果一览（公示版）	未
第二十届中国专利奖颁奖大会在北京举行	未
第二十届哈尔滨冰雪大世界冰上娱乐项目大揭秘	未
第二十届哈尔滨冰雪大世界开园	未
第二十届哈尔滨冰雪大世界开园迎客	未
第二季中老年爱情故事预定	未
第二局，林高远从5比1领先，到10平，11平，并最终15比13胜。太紧张了！	未
第二届iFENG凤凰杯 挑战赛决赛 首日战报第一名：@EDG电子竞技俱乐部 第二名：@MGB电子竞技俱乐部官博 第三名：@2004com战队 第四名：@BTRG电子竞技俱乐部 第五名：@TOPSPORTS电子竞技俱乐部 明日同一时间将开始第二日的战斗，谁能夺得第二届总冠军让我们拭目以待！	未
第二届“Visit Seoul中国人游首尔摄影大赛”颁奖典礼在京举行	未
第二届一丹奖颁奖典礼暨2018年一丹奖峰会在香港举行	未
第二届“一带一路”教育对话:“研究、决策与展望”在京开幕	未
第二届东盟地区论坛渡运安全研讨会在广州举行	未
第二届中国中东欧国家大学生冰雪嘉年华在哈尔滨开幕	未
第二届中国（临沂）国际温泉旅游文化节开幕	未
第二届"中国人游首尔摄影大赛"颁奖礼举行	未
第二届中国公司治理高峰论坛举行 用经济和法律双重视角研讨公司治理	未
第二届中国国际进口博览会悉尼推介 企业表现踊跃	未
第二届中国国际进口博览会推介会在印尼举行	未
第二届中国国际进口博览会推介活动在纽约举行	未
第二届中国建材行业经济论坛在京举行	未
第二届 中国手艺创意设计比赛结果揭晓	未
第二届中国（江苏）老字号博览会在南京开幕	未
第二届中国纺织服装职业教育发展论坛在乌鲁木齐举行	未
第二届中国进博会推介会在巴西圣保罗举行	未
第二届中国高职院校健美操舞锦标赛在武汉职业技术字院开幕	未
第二届中广核青年创新奖评选结果揭晓	未
第二届中德汽车大会将走进南京南昌	未
第二届中部湖南(国际)乐器展览会开幕	未
第二届互联网大数据与社会治理南京智库峰会成功召开(图)	未
第二届亚洲大学生女子垒球锦标赛在南工拉开战幕	未
第二届人类基因组编辑国际峰会召开 贺建奎未出席开幕礼	未
第二届人类基因组编辑国际峰会在港举行	未
第二届人类基因组编辑国际峰会开幕 贺建奎尚未现身	未
第二届人类基因组编辑国际峰会次日 贺建奎现身演讲	未
第二届人类基因组编辑国际峰会贺建奎发言及专题讨论视频	未
第二届人类基因组编辑国际峰会 贺建奎将发表演讲	未
第二届传播媒体与文化建设高端论坛在重庆大学举行	未
第二届全国大学生桨板竞速挑战赛闭幕　重庆三峡学院摘三金	未
第二届全城热织启动了，贫困山区的孩子需要你的温暖	未
第二届加亚克中国彩灯节即将开幕	未
第二届十佳大学生评选结果出炉！	未
第二届南亚东南亚大学校长论坛在昆明举行	未
第二届又忙又美大赛结束了，不知道为什么，我特别难过心里好堵得慌，我多希望大家都能获奖	未
·第二届“四川十大扶贫好人”评选启动 首次评选“十大扶贫爱心组织”	未
第二届“四川工匠杯”职业技能大赛选拔“工匠”	未
第二届“在德中资企业专场招聘会”在德国杜塞尔多夫举行	未
第二届“大使杯”中孟武术大会在达卡举行	未
第二届宁波象山柑橘文化节明日开幕天选之子会是你吗	未
第二届巴西电影展在京开幕	未
第二届新疆冰雪大世界正式开园	未
第二届“春城希望”青少年足球公益周末联赛11月5日启幕	未
第二届更路簿杯帆船赛起航	未
第二届汉仙温泉文化节活动就要开始了，你还在等什么	未
第二届海峡两岸学生棒球联赛总决赛在深圳开幕	未
第二届海峡两岸学生棒球联赛总决赛将于12月在深圳举行	未
第二届海峡两岸学生棒球联赛总决赛深圳开幕	未
第二届深圳国际体育博览会开幕	未
第二届深圳矿物珠宝展上刮起“科普风”	未
第二届溧水灯会将于明年1月28日亮灯	未
第二届“澳大利亚·中华文化节”暨茶博会和金博会在悉尼举行(图)	未
第二届福建绳武楼旅游暨芦溪红酒文化节举行	未
第二届腾讯理财通金企鹅奖暨财富高峰论坛将于明天（12月15日）13:30-17:00举行。本次论坛以洞见 2019，探财富潮向为主题，会上还将举办金企鹅颁奖典礼。全景路演天下全程视频直播，欢迎收看，网页链接。	未
第二届“费孝通田野调查奖”揭晓(图)	未
第二届进博会基本框架与首届一致 已签约展览面积超十万平米	未
第二届进博会基本框架与首届一致，已签约展览面积超十万平米	未
第二届进博会总展览面积将超首届	未
第二届“进博会”正紧锣密鼓筹备	未
第二届进博会海外路演启动：首站新西兰，多家企业现场签约	未
第二届进博会海外路演在悉尼举行，5家企业现场报名签约	未
第二届进口博览会海外路演启动 预计“一位难求”将更早出现	未
第二届进口博览会海外路演启动 首站新西兰	未
第二届“阿勒泰礼物”坡面障碍技巧挑战赛结束	未
第二届“阿勒泰礼物”坡面障碍技巧挑战赛落幕	未
第二届首都环境保护奖事迹宣传（九）	未
第二届首都环境保护奖事迹宣传（十一）	未
第二届首都环境保护奖事迹宣传（十三）	未
第二届香港青少年书法大奖赛举行颁奖典礼	未
第二张尤其赞！//@背包客慕白: 10月28日印象深刻的云霞	未
第二张第二张是KPL战队图标组成的哦！	未
第二弹来咯	未
第二批中关村标准化试点示范单位申报工作今日启动	未
第二批中央环保督察＂回头看＂进驻结束 问责逾2千人	未
第二批中央环保督察“回头看”进驻结束 问责逾两千人	未
第二批中央生态环保督察“回头看”进驻结束 10省份问责两千余人	未
第二批中央生态环保督察“回头看”进驻结束 10省份问责两千多人	未
第二批养老目标基金上市	未
第二批国家工业遗产名单公布，江苏这4家入榜	未
第二批国家工业遗产名单确定 金陵机器制造局入选	未
第二批广东省文化旅游融合发展示范区名单公布 陆河世外梅园上榜	未
第二批广东省文化旅游融合发展示范区名单出炉，澄海这个古村榜上有名！	未
第二批新政部门或于月底东迁！北三县将成为京津冀先行者！	未
第二批省级特色小镇 创建名单出炉 看有没有你家乡12月20日从省住建厅获悉，经省政府同意，十个小镇被纳入湖北省第二批特色小（城）镇创建名单。这十个小镇分别是麻城市福田河镇福白菊小镇仙桃市毛嘴镇服装小镇秭归县归州镇峡江橙香小镇竹山县麻家渡镇绿松石小镇天门市多宝镇沙滩运动休闲小镇江陵县三湖农场黄桃小镇大悟县宣化店镇红色旅游小镇赤壁市赵李桥镇砖茶小镇孝感市孝南区杨店镇桃花驿农旅小镇钟祥市石牌镇彭墩长寿小镇。（湖北日报全媒记者彭一苇）第二批省级特色小镇创建名单出炉 看有没有你家乡	未
//@第二条路还没有想过:感谢主编	未
第二条轻轨要来了！以后义乌人去周边这五个地方更方便！	未
第二棒 已经在热门了 快来稳 目标五千 快速见转	未
《第二次也很美》王子文邂逅单身父亲张鲁一	未
第二次全国地名普查验收工作完成 采集地名约1322万条	未
第二次全国地名普查验收工作完成，采集地名约1322万条	未
第二次全国污染源普查  入户调查基本完成（人民日报）环境新闻速览 第二次全国污染源普查暨全国土壤污染状况详查工作推进视频会议日前召开。记者从会上获悉：各地区在前期高标准完成清查工作基础上，整体推进污染源普查入户调查工作，相关任务已基本完成，为确定全国污染源普查对象名录库建立 ...全文	未
第二次全国污染源普查暨全国土壤污染状况详查工作推进视频会议召开2018年12月15日，第二次全国污染源普查暨全国土壤污染状况详查工作推进视频会议召开生态环境部部长李干杰出席会议并讲话他强调，要严格质量管理，凝炼调查成果，扎实推进第二次全国污染源普查和全国土壤污染状况详查，为改善生 ...全文	未
第二次全国污染源普查暨全国土壤污染状况详查工作推进视频会议召开2018年12月15日，第二次全国污染源普查暨全国土壤污染状况详查工作推进视频会议召开。生态环境部部长李干杰出席会议并讲话。他强调，要严格质量管理，凝炼调查成果，扎实推进第二次全国污染源普查和全国土壤污染状况详查，为改善生态环境质量服务管理决策打好污染防治攻坚战提供基础支撑。会前，李干杰还看望了广西壮族自治区基层污染源普查和土壤详查的工作人员代表，参观了自治区普查和详查工作初步成果展，并听取了广西污染源普查和土壤详查工作情况汇报。 第	未
第二次来清迈，上次来去匆匆，这一次终于可以细细品味这个邓丽君偏爱的小城。上午去Chamcha市场逛逛，一个很具当地特色的集市，用当地的布料彩绳装饰得非常浪漫，集市的尽头有一家Meena餐厅，泰旅局在这里安排的午宴，简直让我感觉吃了一顿花宴，这里环境太美了，食物都是健康有机无污染的酒足饭饱后还可以去逛一下清迈MAIIAM现代艺术博物馆，东南亚艺术家们的作品同样直抵人心，震撼不已。V影响力峰会不止旅行闻旅分享 @微博旅游 泰国清迈	未
第五个国家宪法日：让宪法精神照亮法治中国光辉前程	未
第五个国际宪法日，大栅栏这样做好普法宣传	未
第五人格：喜迎更新！蜘蛛疯眼终被削，冰雪节活动正式上线	未
第五人格城市挑战赛 胡桃里音乐餐吧返图，杭州的同学可以考虑去这边过圣诞哈	未
第五人格 《第五人格》2018年12月13日维护公告为保证庄园的稳定运行，第五人格将于每周四早上8:30进行停服维护，还望大家谅解并耐心等待。重点内容预览：礼包：红蝶白无垢礼包上架商城，包括稀世时装-白无垢奇珍随身物品-焚樱角色：求生者入殓师正式上架商城，可以使用线索或回声进行购买，并且可以在排位赛及联合狩猎模式中使用随身物品：入殓师奇珍随身物品-圣判上架商城，可使用碎片或回声进行购买。完整内容请戳图	未
第五人格 第五人格跨平台精英赛 今日赛事18点跨平台精英赛八强开战邀请到的解说是：@CC丶RoBu和 @B站飙黑车的司机 18:00 触手直播 XGl 战队 VS 斗鱼直播 TDD 战队19:30 战旗直播 TO 战队 VS 斗鱼直播 MFB 战队赛事专题链接：《第五人格》跨平台精英赛大家在各大平台搜索第五人格跨平台精英赛即可观看or观战直通车CC：网页链接bilibili：网页链接斗鱼：网页链接虎牙：网页链接触手：搜索房间号1214熊猫：网页链接战旗：网页链接西瓜：搜索第五人格爱奇艺：网页链接	未
第五人格 第五人格跨平台精英赛 昨日赛事回顾经过激烈的比赛，昨天最后获胜的两支队伍分别是：CC直播的CCNB战队和虎牙直播的ITC战队昨日MVP：CCNB小砍今日赛事18点开启跨平台精英赛邀请到的解说是：@零之启 和@CC丶RoBu 18:00 哔哩哔哩直播 WNW战队 VS 触手直播 XGl 战队19:30 哔哩哔哩直播 DNM 战队 VS 斗鱼直播 MFB 战队赛事专题链接：《第五人格》跨平台精英赛大家在各大平台搜索第五人格跨平台精英赛即可观看or观战直通车CC：网页链接bilibil	未
第五人格 第五人格跨平台精英赛 经过激烈的比赛，昨天（12月2日）最后获胜的两支队伍分别是 战旗直播 TO 战队 和 斗鱼直播 MFB 战队，恭喜两支战队昨日MVP：战旗丶不惑大家记得在12月7日本周五18点继续收看比赛哦戳长图看昨日详细战报	未
第五人格：赛季精华三高级时装放出，再一次证明欧皇的机会来临！	未
第五人格 跨平台精英赛关于DNM vs CCNB比赛中意外情况的说明2018年12月8日晚，跨平台精英赛胜者组第二轮DNM vs CCNB的第二局下半场比赛中，赛事服务器出现了模型显示错误的情况，致使CCNB战队求生者-先知倒地后模型丢失。该问题出现后，我们立刻对赛事服务器及本场赛事录像进行了排查与反复确认，现确认该问题为赛事服务器问题。对此，第五人格项目组及赛事组委会对各位参赛选手及广大玩家观众致以由衷的歉意。我们正紧急排查服务器并保证尽快修正该异常情况。再次向各位参赛选手及广大观赛玩家说声真	未
第五届世界“绿发会”：签约118个 投资总额超2000亿元	未
第五届世界绿色发展投资贸易博览会 向世界展示江西绿色名片 江西，坐拥中国最大的淡水湖鄱阳湖，汇聚赣抚信饶修五河，绝美的灵秀水景，赐予了江西得天独厚的生态禀赋庐山天下悠三清天下秀龙虎天下绝，江西风景独好品牌唱响海内外赣鄱以山水之美，向世界展示了一张靓丽的绿色 ...全文	未
第五届东寨港观鸟节将于12月22日启动记者11月27日从海南东寨港国家级自然保护区管理局获悉，第五届东寨港观鸟节将于12月22日至23日举行，现面向社会观鸟爱好者和保护区监测人员招募观鸟参赛队员，欢迎大家踊跃报名参与（记者计思佳）报名方式看这里网页链接	未
第五届两岸智库学术论坛在贵阳举办	未
第五届中俄工程技术论坛在遂宁举行 现场签约10个项目	未
第五届中俄工程技术论坛将于11月26至27日在遂宁举行	未
第五届中国工业大奖颁奖现场(图)	未
第五届中国杯插花花艺大赛暨2018广州国际花卉艺术展在广州开幕	未
第五届中国诗歌春晚全球设近40个会场	未
第五届中日教育交流会在日本召开	未
第五届临潼区凡星闪耀文明临潼道德模范候选人公示	未
第五届全国人文社会科学高峰论坛暨期刊评价峰会在京举行(图)	未
第五届全国大众冰雪季12月6日将在上海启动	未
第五届全国大众冰雪季6日启动	未
“第五届全国大众冰雪季”启动仪式将于12月6日举行	未
第五届全国大众冰雪季将在沪启动	未
第五届全国“好记者讲好故事”巡讲活动在渝举行	未
第五届全球中国对话论坛在伦敦举办	未
第五届北京青年影展开幕 王小帅任评委会主席	未
第五届北京高校兵棋推演大赛落幕 专家谈兵棋推演发展趋势	未
第五届“好记者讲好故事”巡讲活动走进河南	未
第五届“好记者讲好故事”首场巡讲举行	未
第五届"好记者讲好故事"首场巡讲在京举行	未
第五届“好记者讲好故事”首场巡讲活动在京举行	未
第五届“意大利语桥”在京举行 26名选手同台竞技	未
第五届江苏工业设计周开幕 2018年江苏省工业设计产品金奖揭晓	未
第五届江苏工业设计周开幕 推进工业设计产业发展，加快“江苏制造”向“江苏创造”迈进	未
第五届海峡两岸珍邮特展在台北开幕	未
第五届“海峡杯”马术邀请赛在沪举行	未
第五届深圳旅游展将于本周五开幕	未
第五届福建省文创奖在福州颁奖	未
第五届老年好声音大赛在宁举行决赛	未
第五届长春文学奖揭晓	未
第五期！请问谁最66666666666666	未
第五舰队专门负责中东地区的安全其兵力的巅峰时期是在2003年伊拉克战争期间为了解决萨达姆，美军云集5艘航空母舰6艘两栖攻击舰以及其他舰船打击伊拉克目标，另外还有超过30艘英国皇家海军舰船受第五舰队指挥伊战结束后，第五舰队实力大幅度减弱，目前辖区内兵力大约在2万多人，包括TF50航母 ...全文	未
第五舰队专门负责中东地区的安全。其兵力的巅峰时期是在2003年伊拉克战争期间。为了解决萨达姆，美军云集5艘航空母舰6艘两栖攻击舰以及其他舰船打击伊拉克目标，另外还有超过30艘英国皇家海军舰船受第五舰队指挥。伊战结束后，第五舰队实力大幅度减弱，目前辖区内兵力大约在2万多人，包括TF50航母战斗大队TF51两栖快速反应大队TF52海军陆战队登陆部队TF53驻巴林后勤司令部TF55水面作战舰艇特遣队等兵力。 美国第五舰队到底有多强?能当地中海和中东霸主么	未
第八届中国创新资本年会在京召开，投资大佬热议股权投资蜕变与重生	未
第八届中国县域现代农业发展高层会议在宿迁召开	未
第八届中欧论坛汉堡峰会聚焦深化中欧合作	未
第八届中洲公园郁金香花展有哪些特别之处点进来告诉你！	未
第八届中美司法与人权研讨会在北京举行	未
第八届全国海选赛宝大会盛大启动！专家鉴评更靠谱，家中有宝您就来！	未
第八届全德博士研究与事业启航论坛聚焦改革开放四十周年	未
第八届国际潮商大会今日在海口隆重开幕	未
第八届广州国际海事贸易展览会开幕	未
第八届“汉堡峰会”开幕 德国前总理呼吁中德加强合作	未
第八届江苏书展将在苏州开幕 曹文轩现场为首届“曹文轩儿童文学奖”颁奖	未
第八届艾景大会在厦启幕 聚焦“未来乡村与文化传承”	未
第八届首都旅游发展论坛举行：聚焦“旅游消费”	未
第八集速览	未
第六交易日1215丨2018年战略建仓 2019年逆风飞扬 网页链接	未
第六代导演章明推出新作《冥王星时刻》	未
第六十一期博雅读书会预告：文化适应中国化本地化对中国天主教会本地化发展的回顾及展望	未
第六名了，争取第一。让我们一起为@风吟天下 攻下V力榜！冲鸭！V影响力峰会和我去见大V吧	未
第六届Hiiibrand国际品牌标志设计大赛所有奖项出炉	未
第六届两岸文化发展论坛·青年论坛福州举办	未
第六届中国-中亚合作论坛在扬举行	未
第六届中国—中亚合作论坛在扬州举行 王晨出席开幕式并致辞娄勤俭致辞	未
第六届中国企业新媒体年会在北京举行	未
第六届中国国际音乐产业大会开幕	未
第六届中国新兴媒体产业发展大会即将上线明天，天府之国，2018中国最具幸福感的城市成都，将陆续出现厉害的东西。一场大咖云集的盛宴第六届中国新兴媒体产业发展大会即将上线。引发海内外关注的全球首个AI合成主播将线下公开亮相！你可以利用大数据找到女朋友！（新华社微信公众号）更 ...全文	未
第六届中国新兴媒体产业发展大会明天即将上线明天，第六届中国新兴媒体产业发展大会即将上线。引发海内外关注的全球首个AI合成主播将线下公开亮相！你可以利用大数据找到女朋友！更多精彩内容，请戳图 （新华社微信公众号）	未
第六届中国新兴媒体产业融合发展大会召开都知道今日上午9点，第六届中国新兴媒体产业融合发展大会在成都召开，会议由新华社成都市人民政府主办，中国信息通信研究院中国电子学会工业和信息化部工业文化发展中心中国互联网协会中国人工智能产业发展联盟协办，新华社新媒体中心成都传 ...全文	未
第六届中国生态年会在京召开	未
第六届中国网络视听大会在成都开幕	未
第六届中国网络视听大会在蓉开幕	未
第六届中国网络视听大会 开展辣快来成都新会展中心2号馆找咪小咖喝恰灰	未
第六届中法血液学高峰论坛和首届中法泌尿外科学高峰论坛同时在苏州开幕	未
第六届中韩公共外交论坛在盐城举行	未
第六届全国道德模范李忠华：做核心价值观践行者	未
第六届冬之韵全国大学生比赛开始召集啦！ 我们在等雪来的日子里，也从来没有离开过雪第六届冬之韵全国大学生雪雕比赛喊你来参加！哈尔滨新闻	未
第六届北京剧本推介会在国家会议中心开幕	未
第六届国际房地产金融投资峰会在伦敦召开	未
第六届宁德世界地质公园文化旅游节开幕	未
第六届客家文博会开幕 持续4天的“文化大餐”等你来(图)	未
第六届“少年中国”应读作品发布	未
第六届岭南民俗文化节开幕 60余种传统民间艺术荟萃	未
第六届广州三年展开幕 聚焦艺术与科技的关系	未
第六届广电传媒产业论坛暨第四届中国广播电视紫金论坛在宁召开	未
第六届济宁市道德模范  靳霜立：胸怀大爱 一心扶贫助残	未
第六届螺髻山彝历新年文化旅游节开幕了（多图）	未
第六批中国梦主题歌曲展播：《幸福新起点》	未
第六次世界中西医结合大会在沪召开	未
第六次中法高级别经济财金对话举行 胡春华和法国财长勒梅尔共同主持	未
第六次中法高级别经济财金对话举行 达成68项互利共赢成果	未
第六次中法高级别经济财金对话达成多项互利共赢成果	未
第十一届中国国际航空航天博览会珠海开幕	未
第十一届中国（嵊州）电机厨具展览会上，一张张洋面孔成了另一道风景线	未
第十一届全国体育科学大会将于2019年10月在江苏南京举行(图)	未
第十一届全国体育科学大会将于南京举行	未
第十一届全国体育科学大会明年10月在南京举办	未
第十一届“深商风云人物”揭晓 麦伯良获深商领袖称号	未
第十一届金鹰节开幕，电视剧主题曲串起长征回	未
第十一届长三角城商行联席会议在沪举行 十条倡议服务民营经济、落实区域一体化发展国家战略	未
第十七届中国企业实施“走出去”战略论坛在京召开	未
第十七届中国企业实施“走出去”战略论坛平行论坛举行	未
第十七届中国电影华表奖揭晓	未
第十七届欧洲U17抽签，法国与斯洛文尼亚，塞浦路斯，直布罗陀分在第五组法国球迷俱乐部体育V势力体坛百咖秀	未
第十万辆沃尔沃S90下线，中国豪华车出口迎来新时代	未
第十三周时政检查排名	未
第十三届中英空间科学与技术合作研讨会浙江宁波举行	未
第十三届亚洲金融年会圆桌现场：家族信托华冠初成	未
第十三届人民企业社会责任奖年度人物奖名单	未
第十三届人民企业社会责任奖年度企业奖名单	未
第十三届人民企业社会责任奖年度扶贫奖名单	未
第十三届人民企业社会责任奖改革先锋奖名单	未
第十三届人民企业社会责任奖绿色发展奖名单	未
第十三届全球孔子学院大会4日成都召开 黑科技推广汉语教学第十三届全球孔子学院大会将于12月4日在成都开幕，来自150多个国家和地区的大学校长孔子学院代表近1500人参加大会，共话汉语海外教学和文化交流本次大会以改革创新促发展，携手同心创未来为主题，将举办2个专题论坛，8场中外校 ...全文	未
第十三届全球孔子学院大会今日在蓉开幕天府文化今日，第十三届全球孔子学院大会在成都开幕本次大会将举办2个专题论坛，8场中外校长论坛和20个工作坊，将围绕孔子学院办学模式和管理机制创新汉语与孔子学院特色化发展孔子学院数字化建设培育多元化合作伙伴关系等议题沟通交流 ...全文	未
第十三届孔子学院大会在成都举行，孙春兰出席并致辞	未
第十三届孔子学院大会在蓉举行	未
第十三届广东（从化）国际温泉旅游节今日开幕，为你奉上泉新指南！	未
第十三届新疆冬季旅游产业交易博览会在阿勒泰市开幕	未
第十三届新疆冬季旅游产业交易博览会将于11月27日在中国雪都阿勒泰开幕	未
第十三届新疆冬季旅游产业交易博览会开幕	未
第十三届新疆冬季旅游产业交易博览会新疆特色旅游商品展明日开展！	未
第十三届新疆冬季旅游产业交易博览会旅游推介会在乌鲁木齐举办	未
第十三届锦湖韩亚杯中国大学生韩语演讲大赛在韩举办(图)	未
第十九届中国国际投资贸易洽谈会在香港召开推介会	未
第十九届中国物博会专家策划会成功召开	未
第十九届中国绿色食品博览会启幕 57家境外企业参展	未
第十九届“西检杯”中学生思想道德法律知识竞赛决赛在京举行	未
第十二届中国（南宁）国际园林博览会在南宁开幕	未
第十二届中国（南宁）国际园林博览会将于12月6日开幕	未
第十二届中国（南宁）国际园林博览会开幕 鹿心社出席 陈武王蒙徽王小东致辞	未
第十二届中国国际园林博览会开幕 首次面向东盟国家	未
第十二届中日节能环保综合论坛举行	未
第十二届中日节能环保综合论坛共签署24个合作项目	未
第十二届园博会 12月6日开幕！ 南宁向世界发出邀请：冬季到南宁看园博园	未
第十二届园博会明天开幕，这份进园交通攻略助你c位打卡！	未
第十二届园博会门票价出炉 3类人群可免票入园！近日，在微信朋友圈出现一些传言称，好消息，南宁园博园，值得玩的地方，12月6日开园。6日到15日免费。今后年满60岁的半价，65岁免门票，票价60元，团队票30元等。11月23日，记者从第十二届中国（南宁）国际园林博览会筹备指挥部获悉，园博园开园10天免费为谣言。园博园普通票为60元，从12月7日起将正式对公众开放，开园前及开幕当天不对外开放。详情：第十二届园博会门票价出炉 3类人群可免票入园！	未
第十二届新华高峰会在宁举行 “江苏企业对外投资交流联盟”成立	未
第十二届“药明康德生命化学研究奖”在北京揭晓	未
第十五届MAHB年度先生盛典 最近营业比较频繁...	未
第十五届中国瑶族盘王节暨富川脐橙和文化旅游节隆重开幕	未
第十五届党报论坛举办	未
第十五届北京舞蹈大赛舞剧、舞蹈诗评奖集中展演优秀作品	未
第十五届武术世锦赛会徽、吉祥物在沪发布	未
第十八届中国崇礼国际滑雪节今天开幕	未
第十八届中国药师周：药学会发布《中国药学会医院用药监测报告》	未
第十八届中越（河口）边交会开幕！（附航拍视频）	未
第十八届国际华文诗人笔会在广东湛江举行	未
《第十八愿讲话》9.4 第十八愿念佛成佛表解	未
第十八批国家水利风景区名单出炉，茅台渡水利风景区榜上有名	未
第十八批国家水利风景区名单出炉，遵义也上榜	未
第十八期汽车灯光改装培训班开始招生啦！	未
第十六届中国改革论坛举行	未
第十六届内蒙古冰雪那达慕开幕	未
第十六届酒乡旅游文化节专场文艺演出预告	未
第十四届中国•企业社会责任国际论坛在京举行	未
