75岁当背包客，93岁当义工， 98岁考上硕士， 如今105岁，传奇还在继续	未
75岁的她，4年走遍了17处南京大屠杀丛葬地	未
75岁的肺癌老人，最后一刻没有插管没有急救，走得很安详	未
75岁老人追信仰	未
75岁老人银行账户多出200万，任性花完190万后，银行：请返还！	未
75岁老夫妻拖着房子去旅行，上天入海，走遍了半个地球！	未
75 岁老头组织卖淫，还有 70 岁妇女提供服务50 岁老汉拐骗 17 岁少女做情人：与正妻 3 人一起生活	未
75的吧唧全都立起来放的话只能放顶层，放下层会盖不住，还要控制一下数量。。。宽度是ok的。//@電擊壺: 这家店的查看图片	未
7.5米长的罕见大鱼惊现荣成鸡鸣岛海域	未
75%韩国女性不想结婚，真实原因竟是这个	未
76000人为天皇过任期内最后一个生日	未
76人总经理：不确定富尔茨本赛季能否回归富尔茨目前因为肩部问题处于休战状态，76人总经理布兰德谈到复出时间表，他说：我现在没有答案。富尔茨新秀赛季出场14场，而本赛季至今出场19次。	未
76人新星富尔茨为肩伤求医问诊	未
76件波兰文物首次来华	未
76岁老人拉人力三轮：白天照顾患病老伴 晚上拉人力三轮，她说：靠自己能挣一点是一点！由于老伴患病，今年76岁老人专门陪他从南充到成都来治病。白天照顾老伴，晚上出来拉车，她已经拉了三轮20年。老人没有子女，治病的钱是亲戚帮忙出的，老奶奶说虽然亲戚们都表示不用还这笔钱，自己也有社保，但她还是想用自己的方式挣一点钱。（成都晚报新媒体记者：刘成梦 摄影报道） 76岁老人白天照顾患病老伴 晚上拉人力三轮：靠自己能挣一点是一点！	未
76岁老人拉人力三轮：白天照顾患病老伴 晚上拉人力三轮，她说：靠自己能挣一点是一点！由于老伴患病，今年76岁老人专门陪他从南充到成都来治病白天照顾老伴，晚上出来拉车，她已经拉了三轮20年老人没有子女，治病的钱是亲戚帮忙出的，老奶奶说虽然亲戚们都表示不用还这笔钱，自己也有社 ...全文	未
76年前小鬼子拍下的这段视频 中国人看了都忍不住了	未
7718又要修订了。	未
7752623 大红包早到早得！路边摊超市还信用卡充水电费购物都可以用掉，3天有效期，别浪费了啊！	未
77亿股解禁大潮将至：压垮分众传媒股价的最后一根稻草？	未
//@77否极泰来:转发微博	未
77岁大爷冬天穿马褂种地健身重庆事儿	未
780亿在路上！险资纾困上市公司“第一枪”如何打到实处	未
783亿！年内11起借壳上市，最高溢价17倍2018年两市共有11家公司披露了借壳上市预案，涉及交易总价值783亿元，其中4起发生在10月20日监管层一系列重新鼓励并购重组的政策出台后。在今年披露借壳上市公告的11家企业中，天山铝业拟借壳紫光学大，交易总价值236亿元，为年内最高另一起交易价值超百亿的是中公教育借壳亚夏汽车，交易金额185亿元，已获证监会核准。783亿！年内11起借壳上市，最高溢价17倍	未
7.8入，善达屋暖贴自发热足脚贴暖宝热帖善达屋暖贴宝宝贴，女生经期宫寒可用，腰腹部暖身保暖，自发热足脚贴，暖宝热帖。正品保证，一天一片，恒温发热1012小时。	未
78入，澳诺雅澳洲内衣裤洗衣液1L2瓶两瓶装澳大利亚国民品牌，澳诺雅祛除血渍有奇效污渍通通扫光光不添加荧光剂，孕妇小孩都能用哦抓紧囤货！菜鸟广州保税6号仓发货！	未
78分钟，本泽马受伤，一瘸一拐走下场，为你写诗把他换下	未
78分钟，鹿岛鹿角破门，但是裁判吹罚越位在先。之后裁判观看了视频回放技术，吹罚进球有效，比分变成皇马3-1.	未
78岁北京人艺演员吴桂苓病逝，曾在《西游记》中饰镇元大仙	未
7-8岁的孩子，伤不起的合影了 捂嘴那个肯定是班花！	未
78年前博猪不是人//@天祥宋瑞: 人口由五亿变十亿，国家由农业社会变工业社会，国际政治由仰人鼻息变独立自主和平共处//@殆知阁2:扯几把蛋，，，//@-_沈王爷_-: //@雾隐新峰: 那么你生于改开之前，就不能算人了也不能算人生的了难怪你为日本福岛立字为据呢！	未
78 库鸟上，比达尔下	未
78栋高楼！寿光这些村又要出一批土豪了！	未
7.9万人闯过“首关” 进入2017年度国考面试	未
79个城市发布雾霾预警！据说找到带头大哥了！	未
79入，买一只送一只 皖南农家散养鸡老母鸡双12秒杀，买一只送一只，前2小时下单在减10元，再减10元！相当于79元2只，皖南农家土鸡，无激素，真正的农家土鸡，营养价值极高！泡沫箱包装，冰袋包装保鲜，！鸡肉也很新鲜，炖鸡汤也特别香	未
79岁老人怀念亡妻，5年手抄328万字四大名著：老来多健忘，唯不忘相思	未
7 Firefighters Become Dads Within 15 Months of Each Other	未
7P有锁无锁差价300左右怎么选择95新有锁 7P 32G2399 两网95新有锁 7P 128G2799 两网95新无锁 7P 32G2850 三网95新无锁 7P 128G 3100 三网直达链接：宝贝详情	未
7万5	未
7万多辆进口斯巴鲁汽车将召回	未
7万现金落在饭店里，3天没人来认领	未
7个姓组成9口之家，电视剧《那座城这家人》重现唐山大地震	未
7个小动作，跟大象腿说拜拜	未
7个意向成员获批入亚投行 成员总数扩至77个	未
7个月大婴儿被狗撞成十级伤残，狗主人拒赔玩失踪2017年12月，海南三亚的许女士与七个月大的女儿被一条没牵绳的大狗撞倒在地，严重的撞击使女儿股骨骨折，骨骺损伤，可能留下后遗症事发后，许女士曾将狗主人冯某某起诉至法院，法院判决冯某某需赔偿10万余元，但时至今日冯某某仍在玩失踪逃避 ...全文	未
7个月婴儿被狗撞成十级伤残 狗主人拒赔玩失踪近日一位海南母亲网上求助，去年抱着7个月大的女儿外出时被一只未拴绳的大狗撞到在地，造成女儿左腿严重骨折，自己也摔了一身伤狗主人一听要住院，非但不赔礼道歉，拒付赔偿，而且面对法院的裁定，居然玩起了失踪7个月大婴儿被狗撞成十级伤残 主人拒赔玩失踪	未
7个月孕妇坠井母子双亡 下沙发布12.4观澜云邸小区坠井事件调查情况12月8日11点30分左右，杭州下沙发布官方微博更新了关于12.4观澜云邸小区坠井事件的情况通报：小区物业管理公司深圳市公元物业管理有限公司杭州分公司存在对小区设施管理不到位停车管理不到位的情况。下沙发布12.4观澜云邸小区坠井事件调查情况	未
7个父母6个名字，他用15年返日却用60年归华	未
7个盘装菜3瓶饮料只要19.9元！这是今年吃马路边边最后一次欺头了！	未
7人在广南竟然干这事！	未
7人死亡4人受伤！乐山一车辆冲上人行道	未
7位同志任前公示！不少8090后！	未
7位女星见到偶像时的不同反应：杨幂脸红，赵丽颖害羞	未
7位院士为何齐聚湖北蕲春？	未
7元小吃大学生扫码付1分 老人小本生意每月亏2000	未
7分钟的改编视频，囊括2018年的重大经济事件：贸易战华为中兴民企比特币(币圈出现多次)现金贷股民新老韭菜P2P股权质押爆仓债券地雷去杠杆新财富长生疫苗。2018，全球90以上的资产为负收益！2019，再苦再累再难，我们在一起！红梅论道分享视频链接给你们。网页链接	未
7只个股解禁股占总股本比例在50以上，分别是桃李面包可立克中新科技银宝山新思维列控奇信股份万里石。//@余岳桐: 小心点吧，年底日子更不好过。	未
7号	未
7号，北京见	未
7号线和2号线临时调整行车方案	未
7号要去北京，打开手机看了下温度瞬间抖了下然后，觉得自己这么晚上新是种罪过！应该跪下说道歉明年我一定一定改！！！	未
7名海南嫌犯被带回安徽 初次见雪兴奋直摸:没见过	未
7图见真相！看跌下周钢市居然这么多	未
7场进2球32岁恒大前锋助球队逆转宣告归来，却又被担架抬离	未
7大任务！2019年经济工作将这样干	未
-7大雪寒潮！石家庄气温创入冬新低！这些事一定要注意！	未
7天3折！全株洲手机号码有2，5，8的人注意了！快带我去吃大餐！	未
7天6晚穿过西藏念青东，那些关于风雪艰难及友谊	未
7天全程陆运 重庆东盟班车直抵新加坡	未
7天，老师带你从零学艾灸，原价598元，现公益价1元，10号开班	未
7天腾讯会员，芒果TV月卡	未
7天色达稻城之旅2天成都吃吃喝喝金秋十月的川西美到无法用语言形容。一路四季。我终于看到心心念念的红房子和最好的亚丁了。P1：写在前面P23：成都（玉林路-太古里-宽窄巷子-文殊坊-人民公园）还有各种小吃P4：映秀镇-观音桥-色达（天葬台佛学院）P78：亚丁路线（洛绒牛场-牛奶海-五色海-冲古寺-珍珠海-仙乃日）P69：路上的风景（兔儿山-青杨林-尊胜塔林-折多山）@两只江少女的日常	未
7家央企聘任17名外部董事：涉兵器工业集团、航空工业集团	未
7家环保失信项目被市控尘办约谈 虏克电梯项目信用评分为32分	未
7家虚商获发商用牌照 “转正”虚商已达30家	未
7届奥运会中国志愿者今日在北京冬奥组委讲述志愿故事	未
7岁女儿来姨妈，母亲带她检查，解开她的腰带后，医生慌忙报了警	未
7岁女儿独自睡一张大床，却总喊晚上挤，妈妈查看监控后无法淡定	未
7岁女孩失联4小时，找到时伤痕累累，昏迷在香蕉地	未
7岁女孩把生锈剪刀刺进3岁妹妹眼里，爸妈第二天才发现	未
7岁女孩玩游戏刷了1万8，财商教育应从这15件小事做起	未
7岁女孩被患精神病母亲用开水烫伤：想回学校读书10月30日凌晨，湖北大悟县宣化店镇玄坛村的7岁小女孩小丽被自己的母亲用开水浇头烫伤医院检查结果显示，小丽的烫伤面积达20，属于三度烫伤小丽的父亲李太和提供的证明文件显示，他老婆阿云为二级精神类残疾人医院里，父亲拿着棉签给小 ...全文	未
7岁女孩被患精神病母亲用开水烫伤：想回学校读书10月30日凌晨，湖北省大悟县宣化店镇玄坛村的7岁小女孩小丽被自己的母亲用开水浇头烫伤。医院的检查结果显示，小丽的烫伤面积达20，属于三度烫伤。小丽的父亲李太和提供的证明文件显示，他老婆阿云为二级精神类残疾人。医院里，父亲拿着棉签给小丽涂抹药膏，疼不疼当父亲和外婆询问时，小丽话语不多，只是说疼但不哭，还说想尽快好了回学校读书。（楚天都市报）网页链接	未
7岁女童偷渡抵美被拘后离奇死亡 美边防称女童多日未曾饮食一名来自危地马拉的7岁女童月初与父亲偷渡到美国后，被美国边境巡逻队拘捕，两天后离奇死亡，当局最初表示女童随父亲偷渡途中，已经多日不吃不喝，强调她的死亡与边境执法行动无关，不过女童家属前日透过律师发表声明，反驳当局说法，并指 ...全文	未
7岁女童刚进校门被村支书的狗咬穿嘴唇 缝十多针	未
7岁女童玩蹦床，可怕的一幕瞬间发生	未
7岁女童逛街没跟紧妈妈遭人父拖到树丛性侵澳洲布里斯本一名7岁女童跟着妈妈到购物中心采买圣诞节用品，岂料遭一名26岁男子盯上，待她和妈妈分开时掳走性侵。母亲发现女儿不见急得报案，事后女童虽平安归来，但却饱受惊吓无法说话。警方10日逮捕到这名恋童癖嫌犯，发现他竟还是一对双胞胎的爸爸。	未
7岁小讲解员小时候用的iPad，用过的举手	未
7岁就长到1米42的这个南阳小男孩，你一定得认识认识！	未
7岁男孩前世是蛇湖南100多人记得前世惊呆所有人！	未
7岁男孩劝阻暴打医生的父母：我的脸都被你们丢尽。看在孩子的份上，请给他们联合惩戒！	未
7岁男孩捡到4400元现金 拾金不昧催着家人找失主	未
7岁男孩摸女老师胸部遭打：我只是想和她玩玩......	未
7岁男孩梦中离世，凶手竟是冬天常见的它！快提醒身边的人	未
7岁男童公交车上遭暴击事件，真相全在这里。这件事你怎么看 网页链接	未
7岁男童摸女教师胸被打！家有男孩，这些性规则要让孩子早知道	未
7岁男童摸女教师胸被打！家有男童，这些性规则要让孩子早知道	未
7岁男童跟妈妈躲猫猫，藏在医院厕所干这事	未
7岁的跨性别少女Kai Shappley与母亲对话	未
7年前，仅19岁的广东青年庞华新遇4名女学生溺水，他奋不顾身跳下2米多深的水中救人。7年后，庞华新不幸患白血病，情况危急。4名当年被救者及家人得知后，连夜赶来看望，并捐出自己的心意。同时上万名好心人捐助了30万元。(来源中国正能量)	未
7年前八毛门被网上翻炒， 深圳市儿童医院再次还原真相事件还原:2011年8月21日，新生儿陈某因腹胀转入市儿童医院治疗。2011年8月24日，医生向陈某家长出具病情告知书，告知孩子有肠梗阻小肠结肠炎，疑为先天性巨结肠，建议进行造瘘活检手术。2011年8月25日，患儿父亲陈先生签字拒绝手术，带患儿到广州市儿童医院就诊。2011年9月5日，陈先生向媒体爆料称，接诊医生开了八毛钱的药，治好了孩子的病，怀疑深圳市儿童医院过度医疗。2011年10月20日，患儿在武汉同济医院小儿外科被证实患先天性巨结	未
7年前在伦敦，他成为网球场上的“王中王”|日签	未
7年前的今天，联盟以篮球原因否决了保罗加盟湖人的交易冷得朝朝暮暮年轻人就是抗冻今天走红毯有多冷	未
7年后，中国虎妈和她的孩子们现在怎么样了2011年初，有位美籍华裔母亲蔡美儿（Amy Lynn Chua）出版了一部自传式作品虎妈战歌蔡美儿自称采用咒骂威胁贿赂利诱等种种高压手段，要求孩子沿着父母为其选择的道路努力七年之后，蔡美儿的大女儿Sophia本科斩获哈佛，研究生在耶鲁法学 ...全文	未
7年后，那个在美国引发轩然大波的中国虎妈和孩子们现在怎样了	未
7座面包车竟塞下28名幼儿！广西柳州一幼儿园负责人被查近日，广西柳州一幼儿园负责人驾驶7座面包车搭乘28名幼儿回家，被执勤交警拦下。司机韦某称，车里孩子是其经营的幼儿园里的学生，由于孩子们的家长忙于农活，所以她开车把孩子们送回家。韦某因涉嫌严重超员将接受相应处罚。	未
7座面包车竟塞下28名幼儿！广西柳州一幼儿园负责人被查近日，广西柳州一幼儿园负责人驾驶7座面包车搭乘28名幼儿回家，被执勤交警拦下。司机韦某称，车里孩子是其经营的幼儿园里的学生，由于孩子们的家长忙于农活，所以她开车把孩子送回家。韦某将因涉嫌严重超员接受相应处罚。广西幼儿园负责人驾驶7座车送28名幼儿回家被查	未
7张心理测试图，一眼看透你的内心！准到窒息	未
7张表格帮助你制定2019年度目标，不想实现都难！上	未
7日12时26分“大雪”：雾凇挂满枝  片片雪花飘	未
7日12时26分“大雪”：雾凇挂满枝 片片雪花飘	未
7日12时26分“大雪”：雾凇挂满枝，片片雪花飘	未
7日下午庐山下起今冬首场雪 今晨山上一些地方停水停电	未
7日中小板指跌0.08%	未
7日创业板指跌0.35%	未
7日夜里9日上午我市有明显降雪过程预计12月5日夜6日我市阴有中到大雨，7日夜里9日上午有一次明显的降雪过程，其中7日夜里阴有雨夹雪转小雪，8日北部中雪南部大雪，9日上午小雪，9日下午11日上午阴有雨，11日下午雨止转多云。请注意防范！苏州市气象台12月5日10时。	未
7日早新闻：郭树清再次提及坚持监管姓监，美股上演近800点反弹	未
7日晚间公告精选丨比亚迪：控股股东王传福拟增持100万股	未
7日计划停电！涉及肥乡这些村庄，学校卫生院公司工厂	未
7旬老人亲手埋了3个儿子，带着妻子住进养老院，真相使人哽咽	未
7旬老人等公交摔倒被碾轧 交警认定当事双方均无责	未
7时57分台湾西部海域发生6.1级地震 中南部最大震度3级台湾气象部门报告，台湾地区今天（27日）上午7时57分发生里氏6.1级有感地震，震央位于西部海域，地震深度20.5公里，属于极浅层地震，包括澎湖县金门县台南市云林县嘉义县市彰化县最大震度3级。有南部民众惊呼感受40秒的摇晃。报道说，8时15分西部海域又发生4.7级地震，地震深度18公里，澎湖县最大震度1级。	未
7月12日入伏 新疆天气“一半海水一半火焰”	未
7月12日国防部新闻局答记者问	未
7月19日起乌鲁木齐市南湖北路西三巷将改为单向通行	未
7月1日起中央行政单位严格办公标准:禁配高端设备	未
7月24日下午3点55分，华山长空栈道一男子突然解开安全绳跳下悬崖。。。	未
7月4日国防部新闻局答记者问	未
7月5日补发4月19日23.57所发的文章《套外套，套内套》	未
7月南京PM2.5均值五年来最低	未
7月去哪儿玩？看这个！	未
7月底的长春长生疫苗事件，疾控中心其实是背黑锅的，所以陶医生会站出来给山东省疾控中心说点公道话。然而，有些事，某些疾控中心做的很low，丢了全国疾控同行的脸。对于这些疾控中心，陶医生绝不会袒护，还要明确表态谴责它们，希望中国疾控中心能及时制止这种极不专业的行为。据悉上周国家卫健委给各省发文要求自查自纠了。陶医生觉得，能自纠当然好，但是如果不对相关责任人进行处罚，恐怕以后还会有类似事件。之前有假疫苗兰菌静横行中国，这次又有忽悠喷剂遍地开花，如果没有严厉的惩罚，下一个会是什么玩意呢全国覆盖，疾控推荐，成效	未
7楼楼顶现玩命驾校 网友惊呼这是用生命在练车！	未
7款iPhone能不能在中国卖？高通苹果各执一词	未
7点40发的微博从转评赞里选一位粉丝送20元现金吃夜宵，评论内容一定要与微博内容有关，此条一会删	未
7点就发了发到现在没发出去请问这条发出来了吗 一个会动的我！想跟你们打个招呼怎么这么难！ 三亚三亚艾迪逊酒店	未
7点早报  被堂姐顶替上大学！当事人接神秘电话：你要多少钱	未
7点见共享汽车途歌被曝退押难12306即将上线候补购票新功能	未
7！玉林人，冷空气真的要来了，还带着雨雨雨	未
7省市将提前一年完成“十三五”畜禽粪污资源化利用目标	未
7类人免交新农合，1类人看病不花钱，还能领补助，这是真的吗	未
7级大风来了！北京多区发布大风蓝色预警	未
7路公交线路曝光！28站14公里 ，快看过你家吗辛集那些事	未
7部门联合专项整治挂证，那么如何查挂证哪些操作算作挂证	未
7问离婚律师：新《婚姻法》，如何保护孩子的抚养权	未
8000万现金堆成山 “发霉了也不敢花”	未
8000元寻一只公蟹做种，老渔民李国雨是颠狂还是自信	未
8000元的球鞋被老爸摔破 16岁少年气到报警余杭公安运河派出所接警室匆匆走进一位少年，拎着一双运动鞋，口中说我的鞋子被砸坏了，我来报案的。经了解，少年是一名初三学生，前段时间，他和朋友每人出资一半购买了一双价值8000元的运动鞋！事发当天，因为洗鞋子花了50元和父母发生争执，父亲觉得， ...全文	未
8000元的球鞋被老爸摔破 16岁少年气到报警余杭公安运河派出所接警室匆匆走进一位少年，拎着一双运动鞋，口中说我的鞋子被砸坏了，我来报案的。经了解，少年是一名初三学生，前段时间，他和朋友每人出资一半购买了一双价值8000元的运动鞋！事发当天，因为洗鞋子花了50元和父母发生争执，父亲觉得，洗双鞋子怎么还要花50元，一气之下将鞋子砸在地上损坏了，小程气得没辙，竟然将父母反锁在家中后，来到了运河派出所里报案，还说要处理他爸爸。经过将近3个多小时的沟通和交流，小程和他父母都认识到了自己存在的问题，彼此的怨气	未
8000元的球鞋被老爸摔破 16岁少年气到报警抓人余杭公安运河派出所接警室匆匆走进一位少年，拎着一双运动鞋，口中说：我的鞋子被砸坏了，我来报案的。 少年小程是一名初三学生，他把压岁钱零花钱存起来，到了今年6月才存满4000元，和朋友每人出资一半购买了一双8000元的运动鞋。鞋子周一到周五由朋友保管，周末就小程穿。事发当天，因洗鞋子花了50元和父母发生争执，父亲觉得，洗双鞋怎么还要50元，一气之下将鞋子砸地上损坏了，小程气得将父母反锁在家，跑到派出所报案，要求处理他爸爸。经过3个多小时的沟通和交	未
8000元的球鞋被老爸摔破 16岁少年气到报警抓人余杭公安运河派出所接警室匆匆走进一位少年，拎着一双运动鞋，口中说：我的鞋子被砸坏了，我来报案的。 少年小程是一名初三学生，他把压岁钱零花钱存起来，到了今年6月才存满4000元，和朋友每人出资一半购买了一双8000元的运动鞋。鞋子周 ...全文	未
8000元的球鞋被老爸摔破 16岁少年气到报警抓人余杭公安运河派出所接警室匆匆走进一位少年，拎着一双运动鞋。经了解，他叫小程，是一名初三学生，前段时间，他和朋友每人出资一半购买了一双价值8000元的运动鞋。事发当天，因为洗鞋子花了50元和父母发生争执，父亲觉得，洗双鞋子怎么还要花50元，一 ...全文	未
8000元的球鞋被老爸摔破 16岁少年气到报警抓人余杭公安运河派出所接警室匆匆走进一位少年，拎着一双运动鞋。经了解，他叫小程，是一名初三学生，前段时间，他和朋友每人出资一半购买了一双价值8000元的运动鞋。事发当天，因为洗鞋子花了50元和父母发生争执，父亲觉得，洗双鞋子怎么还要花50元，一气之下将鞋子砸在地上损坏了，小程气得没辙，竟然将父母反锁在家中后，来到了运河派出所里报案，还说要处理他爸爸。经过将近3个多小时的沟通和交流，小程和他父母都认识到了自己存在的问题，彼此的怨气也都消了，一家人挽着手离开	未
8000元的球鞋被老爸摔破 16岁少年气到报警抓人杭州爆料余杭公安运河派出所接警室匆匆走进一位少年，拎着一双运动鞋，口中说我的鞋子被砸坏了，我来报案的。经了解，少年是一名初三学生，前段时间，他和朋友每人出资一半购买了一双价值8000元的运动鞋！事发当天，因为洗鞋子花了50元和父母发生争执，父亲觉得，洗双鞋子怎么还要花50元，一气之下将鞋子砸在地上损坏了，小程气得没辙，竟然将父母反锁在家中后，来到了运河派出所里报案，还说要处理他爸爸。杭州16岁少年气到报警抓人	未
8000元的球鞋被老爸摔破 16岁少年气到报警抓人近日，余杭公安运河派出所匆匆走进一位少年，拎着一双运动鞋，口中说我的鞋子被砸坏了，我来报案的。经了解，少年是一名初三学生，前段时间，他和朋友每人出资一半购买了一双价值8000元的运动鞋！事发当天，因为洗鞋子花了50元和父母发生争执，父 ...全文	未
8000斤茶树菇有救了，九龙山乡10余户贫困户能过个好年了！	未
8000枚导弹不要了，印度毁约如此奇葩，以色列怎能不哭？	未
8000起。不算难。//@简历义工:待遇怎么样	未
8:00-21:00限时限区遛狗！绵阳发布养犬新规，违者最高罚千元！	未
800万元扶持！乐清政府又发钱了，这些企业可领	未
800元一片！绍兴这家企业的瓦片，外国人争着买！	未
800元涨到8万元！男子手术台上被加项目 涉事医院被依法查封29岁男子在一微信美女推荐下在名为唐山现代医院的民营医院做包皮环切手术，原本手术费用仅约800元，但术中医生称发现三处囊肿，又额外添加治疗项目，共计收费8万多12月8日中午，河北省唐山市卫生和计划生育委员会称，就该医 ...全文	未
800元涨到8万元！男子手术台上被加项目 涉事医院被依法查封29岁男子在一微信美女推荐下在名为唐山现代医院的民营医院做包皮环切手术，原本手术费用仅约800元，但术中医生称发现三处囊肿，又额外添加治疗项目，共计收费8万多。12月8日中午，河北省唐山市卫生和计划生育委员会称，就该医院手术台上加价一事已做出处理，依法查封涉事医院。800元涨到8万元！男子手术台上被加项目 涉事医院被依法查封	未
800克！699公里！一场爱的接力！近日，河南一名800克的早产儿因感染了罕见病菌需转院至北京，得知消息后警方专门开辟绿色通道并一路护送，网友们也纷纷转发消息，提醒过往车辆避让。经过8个多小时，历经699公里，孩子顺利抵达医院。让人欣慰的是，目前孩子生命体征平稳，准备接受下一步治疗。安哥：生命不分轻重，感谢每一个善良的人。（人民日报）800克！699公里！8个多小时！	未
800克早产婴儿生命接力!看见这辆车请让出生命通道	未
800克早产婴儿的生命接力救命接力！车牌号陕AN3X05 看见这辆车请让出生命通道！转送车牌号陕AN3X05，暂定路线为从郑大一附院出发，走陇海快速路，直接上高速，时长约8-9个小时。看见这辆车请让出生命通道！感谢好心人！（新华网） 查看图片	未
800克早产婴儿的生命接力救命接力！车牌号陕AN3X05 看见这辆车请让出生命通道！郑州一800克早产儿感染罕见病菌，病情危急，需转入北京治疗因高铁和救护车转运存在困难无法克服，9958爱心团队经多方协调，联系到专业医疗转运车为患儿提供运输服务今天下午，患儿将启程转 ...全文	未
800克早产婴儿的生命接力新京报记者已到达北京东四十条一家医院，在门口等待接车。据9958河南救助中心雷主任介绍，小清媱在河南已经进行了90多天的治疗，截至12日，已募集善款8万多元，后续治疗费用预计在七八十万左右。 查看图片	未
800公里以下航线机票定价权放开竞争 专家:或将涨价	未
800多万元幼儿园在浏阳经开区开园了，员工带娃上班	未
800多万沈阳人请注意，关键时刻到了！	未
800多人现场成立反邪教志愿队，这里昨天举办国家安全进校园主题宣传活动	未
800多名志愿者做奉献 宿城双河庭院在嬗变	未
800多名志愿者默默奉献 宿迁项里街道红星社区在嬗变	未
800岁幼妻是仙狐 局长办案不忘撸猫动漫日资讯	未
800平方公里，年GDP抵3个老挝，这个小县城是如何做到的	未
800年古村落美得不像话，他们都说想去度假	未
800年才有一次的通告12月31日成都到时候一起跨年	未
800斤肥肉男VS肌肉壮汉，满身横肉上擂台，这体型差距简直太大了！	未
800米长无动力储油船编队进长江	未
8012年了，我们于小彤居然还处于刚上网玩QQ空间非主流那会儿，45角镜头，黑白滤镜和葬爱眼神那袙個秂榀嘗涙水，吔熋讓兩個秂都又笙路于小熊！你能不能给我睁眼看看现在的大众审美！你这无病呻吟的文字到底是怎么肥四！	未
8012年了，我还是不能看战损	未
8012年了盾佩又换个姿势捅刀，同end//@Jenloweorld: 我先end了	未
8012年了还有这种傻逼东西的存在送自己孩子去女德班，这样的父母真的很奇葩//@莱恩小狮子:魔幻世界//@-马前卒-: 2018，女德班和网游道德委员会共同存在的一年，中国向月球背面发射了探测器。	未
8012年，基因都能编辑了，女孩却还是不能穿超短裙	未
8012年都要结束了，你为什么还留在银行	未
8.02亿： 被互联网改变的中国网民	未
803期HR头条岗HR Specialist-Red Hat-北京朝阳区	未
809000后焦虑症指南，你戳中了几条	未
8090后创业黑话指南	未
80万募捐完成 巴掌宝宝家属致谢：不再接受资助	未
80万辆共享单车不堪重负！上万辆堆积坟场，政府应尽快落实管理措施目前，合肥共享单车饱和度约50万辆，而市场投放高达80万辆，有相当一部分或因违规被查扣，或因破损被淘汰，成千上万辆堆积坟场，触目惊心！政府应尽快落实相关管理措施，监控平台也要尽快启动。记者调查：打通最后一公里的共享单车还骑得动吗	未
80人！济南地铁招聘公告	未
80以上合作社是空壳亟待整治！乡村振兴莫让形式主义带歪	未
80元300元5元的硬币，50元的黄色纸钞都来了，看看眼吧！	未
80分贝执法首夜 超跑别怕你没超	未
80南宁女孩很开放南宁一公司负责人入职培训语出惊人，还对女大学生伸出咸猪手！	未
80只一次性烟嘴过滤烟嘴 15到手磁石三重过滤，磨砂外观，减少伤害，抽烟必备！！！	未
80后90后00后标签大起底，全中！	未
80后90后加入脱发大军专家：不要太担心	未
80后90后还记得当年的自己吗上网冲浪的感觉好不好 微博视频	未
“80后”任区县长 将越来越正常化	未
“80后”任区县长，将越来越正常化	未
80后医生讲宜兴老故事和桥名字的由来	未
80后医生讲宜兴老故事白鱼朝娘	未
80后博士金培元调任沧州运河区委副书记，提名区长候选人	未
“80后”吕璟履新共青团南京市委书记，前任已赴玄武区任职	未
80后女员工借老爸账户炒股，1700万亏20万，卧槽，请问有什么办法能炒成这样	未
80后女贼专偷厅级贪官，不违背良心！	未
80后小伙从酒店学徒变老板，从乐清起步，8年连开15家店！	未
80后小伙学生时代开始创业，现已是身家过亿的富豪	未
80后小伙稀里糊涂跟50岁大妈结了婚，现场笑料不断	未
80后小夫妻各开包厢 ，路易十三开两瓶，消费十万多说是要AA?	未
80后已消失于朋友圈	未
80后干部头发花白了90后博士头发都没了啊！	未
80后干部已白发苍苍，如果染发又该注意啥	未
80后干部拟破格提拔 1个多月前见了两位中央领导	未
80后干部老成这样47条标准甩给你，对照看看老没老！	未
80后拟破格提拔 1个多月前在京见了两位中央领导	未
80后村支书又搞事情！新丰这个网红村添新景	未
80后村支书逆行火海救人：如果没救他，将是一辈子最大的遗憾11月17日，大广高速河北枣强县境内，两辆油罐车追尾起火。当时，恰巧路过的河北威县孙家寨村80后村支书付宏伟，冒着生命危险救出被困火中的司机。安哥想起一首歌：做一个平凡的英雄，只要我能保护好你什么都足够！致敬中国队长！@央视新闻 @吉林政法声音 80后村支书的这次逆行，太勇敢了80后村支书的这次逆行，太勇敢了	未
80后杨欣璐拟任辽宁省地方金融监督管理局党组成员、副局长	未
80后“江南渔王”跨界拍电影，讲述水产业的幕后故事	未
80后白发书记李忠凯	未
80后白发基层干部年轻照曝光，网友：当时又瘦又嫩！	未
“80后”盲人创办 诊疗按摩所：让更多盲人走向 “光明”	未
80后“网红”牙医：对话孩童的魔法世界	未
“80后”羊倌的“创业梦”	未
80后首富的生态危局	未
80后驻外女记者在撒哈拉之南的一千零一夜	未
80堵车是这四类人造成的，交警拿他们没办法，你却每天都能见到 80堵车是这四类人造成的，交警拿他们没办法，你却每天都能见到	未
80多人被捉，新宁人，快点告知朋友家人！	未
80多年前的	未
80岁不再恐惧死亡 因为我们彼此相依	未
80岁华人神探李昌钰完婚 只在对方手上画了个钻戒	未
80岁大爷无儿无女一舞惊呆众人（内附14 个 广场舞 视频）	未
80岁奶奶舞出吉斯尼世界记录：只要你想，没有什么不可能！	未
80岁父母在家里养50岁的娃...80-50成了很多日本家庭的现实	未
80岁神探李昌钰美国完婚 竟然在对方手上画了一个钻戒	未
80岁老人租住地下室，谁害的	未
80岁老母亲晕车 4个儿子接力推轮椅走完50里山路	未
80岁老母亲晕车，4个儿子接力推轮椅 走完50里山路在湖北省长阳土家族自治县，田家四兄弟想把80多岁的父母接到身边照顾，但母亲严重晕车，吃什么药都没用。于是他们找来轮椅，接力把她从天坑湾老屋沿着乡村公路推到码头乘船前往县城新家。23.9公里（47.8里）的山路，有38道大弯，数不清的小弯，田家兄弟推着轮椅走了10多个小时。点赞！@中国新闻社	未
80岁老母亲晕车 4个儿子接力推轮椅 走完50里山路[给你小心心]在湖北省长阳土家族自治县，田家四兄弟想把90多岁的父母接到身边照顾，但是母亲严重晕车，吃什么药都没用于是他们找来轮椅，用床单作为安全带23.9公里（47.8里）的山路，有38道大弯，数不清的小弯，田家兄弟推着轮椅走了10多个小时 ...全文	未
80岁老母亲晕车，四个儿子接力推轮椅走完50里山路	未
80岁老母亲晕车，四个儿子接力推轮椅走完50里山路在湖北省长阳土家族自治县，田家四兄弟就是不折不扣的暖男他们想把80多岁的父母接到身边照顾，但母亲晕车，他们便找来轮椅，接力把她从天坑湾老屋沿着乡村公路推到码头乘船前往县城新家23.9公里（47.8里）的山路，有38道大弯，数不清的小弯，田 ...全文	未
80岁黑手党新教父上任半年被抓 意大利副总理：不容人渣	未
80年了，中国亲人你们在哪 2013年，在坦桑尼亚工作的华人小梦，无意中发现了一个葬着中国人的公墓。据一些尚存的碑文记载，埋葬于此的华人赴坦时间至少可追溯至明末清初。公墓许久无人打理，小梦心里十分难受，便联合当地华人机构和华人志愿者一起为这些逝者寻找后人坦桑尼亚华人为异乡逝者寻后人：80年了，中国亲人你们在哪里	未
80年代初，一只鸡蛋是两分钱。现在一只鸡蛋要4块多钱。物价涨了200多倍啊。潘总，您眼瞎看不见	未
80年代在香港街头巡逻的阿Sir。香港典故 身上挂着小露宝。在那个年代很多香港人喜欢日本动漫小露宝，因为卡通小露宝是拥有惊天本领且勇於助人的机械人，就像警察巡逻无线电和警队服务市民一样，所以人们把警察巡逻无线电通话器称为小露宝。我发现相片左手边那个妹子挺清纯的。。。	未
80年代奥地利向荷兰购买了退役的220辆百夫长Mk V/2，将一部分百夫长坦克炮塔拆下，作为固定抱台操作使用。	未
80年代，瑞士的GAI-BO1高炮。GAI-BO1式20毫米高射炮是瑞士厄利空-布尔勒有限公司机床厂研制的口径20毫米的轻型高射炮。20世纪60年代开始研制，20世纪70年代中期研制成功，1978年起少量生产供应出口。主要用于野战防空和射击地面目标。除装备瑞士军对外，还出口奥地利南非西班牙等国家。	未
80年代用出租车的人极少，乱不乱无所谓了。90年代的乱我是亲身体会。//@wsgj温莎: 严老师的时间点不对吧，八十年代末期比较乱，当时有位著名公知学者来上海坐出租被宰，荣基获悉后震怒，立马大规模整治，90年代开始整个出租车市场风气明显好转并涌现出了大众出租这样的行业标杆企业，最近又	未
80年代的北京中学生，我想起那时我在夕阳下的奔跑，那是我逝去的青春。（by@一条）	未
80年代的湖南衡阳算什么2007年我来北京上大学，报名第一天，各路骗子打了鸡血似的趁乱霸占了半个西直门：打工丢了钱包不认路的假装是老师来收钱的做社会调查填产品问卷的我们这些刚出家门涉世未深的善良的外地孩子就像高速公路上翻车撒出来的牛肉干，叫他们好一通哄抢！	未
80年代的美国海军VAQ-34入侵者中队的EA-7L干扰机。这八架改装自TA-7C的电子干扰机全数服役于美国海军VAQ-34中队，1984年本型机航电接升级至A-7E标准。入侵者中队始建于80年代初，旨在模拟潜在敌方战机的行动， EA-7L在美国海军服役直到1991年。	未
80年代香港的鬼叫餐事件，到底发生了什么	未
80年前，一个德国人拍下的你从没见过的中国	未
80架运输直升机	未
80死亡！告诉你刘强东亲妹妹生孩子死亡的羊水栓塞到底是什么	未
80的交通事故，源于这5个动作！ 汽车科普贴 80的交通事故，源于这5个动作！	未
80的小白都会中枪的减肥误区，看完扎心了！	未
8102 年，沙雕新闻这么多	未
814所医院近5年的药品使用情况分析，这份多维分析报告请查收！	未
81北欧风三居，只留一半电视墙，整个家竟一点光线死角都没有！	未
81名台湾青年在福建平潭实习实训	未
81岁“丑娘”照像贵妇，孙女嫁给“嘎子哥”，蜗居40平屋里	未
81岁教师穿5元布鞋助学百万 后悔未见父亲最后一面	未
81岁的简·方达，比20岁时更自信丨日签	未
81岁老奶奶走丢 家属求助公交 眼尖司机行车途中找到她	未
81年前的今天 南京保卫战打响！魏特琳日记记录：12月5日在我们刚要去鼓楼教堂时，紧急警报响了起来（现在已不再发两次警报了，因为日本的战线离我们太近了），很快就传来了轰炸的声音。后来，威尔逊医生告诉我，空袭发生在清朝修建的quot西华门quot......他说，有一户人家母亲和女儿被当场炸死。当威尔逊 ...全文	未
81年前的今天，南京告急	未
81年前的今天南京马路上尸首累累。有时要先移动尸体，汽车才能通行。《纽约时报》德丁。今年是第81年了，我们没有忘记。今天，我们共同祭奠同胞国家公祭日	未
81年前的今天南京马路上尸首累累有时要先移动尸体，汽车才能通行纽约时报德丁今年是第81年了，我们没有忘记今天，我们共同祭奠同胞国家公祭日	未
81年前的今天我听说，下关的人口已经开始疏散。成千上万的难民从四面八方涌进我们这个所谓的安全区，街道上比和平时期活跃了许多......那些还没有找到落脚处的人们，在寒冷的黑夜来临时，一家老小就躺在房子的角落里睡觉，还有些人甚至就躺在露天大马路上。拉贝日记，1937年12月8日	未
81年前血洒长空 抗日航空英烈之女带来亲手种的菊花悼念父亲	未
821公里天府绿道绘织绿色香城	未
@828216A：空军咋这厉害回复：现在是个人就会喊两句空！	未
82岁老兵的感谢信	未
82版西游记罕见细节曝光，99你不知道！	未
8:30 确定	未
834万高校毕业生涌向市场，多部委酝酿更大力度稳就业政策	未
83年前大工程怎么建？船闸职工捐献扬州邵伯船闸建造实景老照片	未
8.4亿点击量！在国外酷了几十年的潮牌Supreme，被中国大爷大妈玩坏了	未
84分钟，巴斯克斯直接被砍树，飞铲倒地.......	未
84岁夫妇开店替亡儿还医药费外债17年：债未清不能死江苏南通，儿子儿媳在17年间相继病逝，留下的10多万元医药外债。这成了两位老人活下去的信念。84岁邵老翁夫妇开店17年替儿还债。老夫妇如此信念，令人敬佩！	未
84起！山东河北外调浙江杭州猪肉检出非洲猪瘟，浙江三门县天津蓟州区解除封锁	未
85分钟，阿森西奥一个冒险的回传球，好在略伦特和奥德里奥佐拉联手将危机化解	未
@85后公职人员，这份警示必须收好	未
85后民警的发际线照他从小鲜肉成了脱发大叔安徽淮北市花园派出所副所长王强是名85后，由于长时间生活不规律和过度劳累，从小鲜肉变成了脱发大叔这些脱落的头发奉献给了人民群众的安宁，不管发际线如何变更，在老百姓心中，他都是最帅的！一直以为秃的不会是自己	未
85岁日本天皇驾照即将到期不再更新，驾龄64年未违章	未
85岁日本天皇驾龄64年没违章 一辆本田开30年(图)	未
85岁日本天皇驾龄64年没违过章 一辆本田开30年	未
85岁老人最后一年办三件事看哭了！85岁沼气专家生命最后一年，只为办成这三件事任元才，农业部成都沼气科学研究所高级工程师，被誉为中国沼气之父，曾获得多项国家级表彰荣誉捐遗体交特殊党费捐赠贫困学子在任元才生命中最后一年，虽一直被前列腺癌等10余种病症反复折磨，他仍 ...全文	未
85岁老革命甘当农民种地养活自己	未
85度c把光明告了！！原因是因为牛奶盒上标识了85	未
85 贝尔禁区内传球，阿森西奥劲射稍稍高出！	未
85面包店状告光明牛奶，二审推翻一审判定，原因居然是前两年去逛超市的时候不知道你注意过没，曾有几款光明牛奶包装盒上标识了85，85度C品牌认为光明侵犯了其注册商标专用权，但是它是否真的侵权呢二审：属于对温度标识的正当使用，光明公司不构成侵权。85告光明牛奶侵权，二审推翻一审判定查看图片	未
85面包店状告光明牛奶，二审推翻一审判定，原因居然是前两年去逛超市的时候不知道你注意过没，曾有几款光明牛奶包装盒上标识了85，85度C品牌认为光明侵犯了其注册商标专用权，但是它是否真的侵权呢二审：属于对温度标识的正当使用，光明公司不构成侵权。85度C诉光明牛奶商标侵权光明：那是巴氏杀菌温度！	未
85面包店状告光明牛奶，二审推翻一审判定，原因居然是前两年去逛超市的时候不知道你注意过没，曾有几款光明牛奶包装盒上标识了85，85度C品牌认为光明侵犯了其注册商标专用权，但是它是否真的侵权呢二审：属于对温度标识的正当使用，光明公司不构成侵权（新闻晨报） ...全文	未
85面包店状告光明牛奶，二审推翻一审判定，原因居然是前两年去逛超市的时候不知道你注意过没，曾有几款光明牛奶包装盒上标识了85，85度C品牌认为光明侵犯了其注册商标专用权，但是它是否真的侵权呢二审：属于对温度标识的正当使用，光明公司不构成侵权。网页链接	未
86元买5件棉服，商家称双十一有七八千单，亏太多无法发货	未
86分钟，曼联继续换人，马夏尔和马蒂奇下，费莱尼和佩雷拉上。	未
86名涉传人员清晨被查获，南宁开展第九次打击和清查整治传销专项行动	未
86头生猪死亡！北京房山现猪瘟疫情！这些防控提示一定要看	未
86岁的他最后一天上班，在乘坐了60年的公交车上被弄哭了...	未
86岁老党员的特殊遗嘱： 向党交最后一笔党费1000元！	未
875关注喝酒多久后能开车领证33年的职业司机懵了！满车乘客看着他当场被抓！交通情报局	未
875关注 爷爷倒车碾压一岁孙子！谁之过	未
875关注男子高速上往车外扔烟头，疑被风刮回后车厢变火车	未
875关注网友曝光！粤华西路这些地方的设计，到底是为了方便人，还是为难人	未
875围观你的双11快递还没到网友：怕是坐黑车全国旅游去了	未
875头条20多个珠海，作为珠海人，你都去过几个	未
875头条台湾海峡发生6.2级地震！珠海有震感！专家这样说...	未
875头条扩散！珠海这些公交线路有调整，不看小心坐错站	未
875提醒别了，纸质火车票！明年起全国推广凭身份证即可检票进站	未
875提醒珠海37条路车道大变化！走错可能扣光12分！还有48公里新路开通！	未
875消息注意了！这些新规，12月1日起实施！	未
875消息紧急出警丨大桥下，西江中...	未
875消息虎门二桥车辆通行费 收费标准听证会下月举行	未
87岁老太欠百万债务，摆摊卖羽绒服还债，吃顿饺子就是好饭浙江丽水87岁的陈金英，退休后的她在家闲不住，创办公司卖羽绒服，后因资金周转问题背上百万巨债。如今，耄耋之年的她在家门口摆摊还债。有人劝她申请破产规避债务，但87岁的陈老太坚持卖存货还债。为八旬老人的诚信精神点赞！	未
87岁退休村支书义务修路10余年 “九倒拐”旁开路	未
88.8元带你云南一顿游津城罕见滇味火锅，不用机票就能去云南	未
889人全部进编！南京市江宁区公开招聘教师啦	未
88岁上海最大服刑人员今出狱，住进养老院上海在押服刑人员中年龄最大的，是出生于1930年的李伟（化名）。他因犯强迫卖淫罪，被判处无期徒刑。由于改造表现好，三获减刑。今年12月14日，刑期就满了。此前，监狱干警已妥善安排了他的晚年生活：梅陇镇的一家敬老院接纳了他。闵行司法局将协助他办理身份证社保低保等手续，让他的晚年生活有所依托。新民晚报 上海年龄最大的服刑人员今出狱，88岁没有身份的他将如何安度晚年	未
88岁上海最大服刑人员今出狱，住进养老院上海在押服刑人员中年龄最大的，是出生于1930年的李伟（化名）他因犯强迫卖淫罪，被判处无期徒刑由于改造表现好，三获减刑今年12月14日，刑期就满了此前，监狱干警已妥善安排了他的晚年生活：梅陇镇的一家敬老院接纳了他闵行司法局将协助他办理身 ...全文	未
88岁中央军委原委员王瑞林逝世 曾长期担任邓小平同志秘书	未
88岁中央军委原委员王瑞林逝世，曾长期担任邓小平同志秘书	未
88岁奶奶能举80斤水缸做一字马！大多数青壮年都自愧不如	未
88岁奶奶能举80斤水缸做一字马！网友：太惭愧	未
88岁奶奶能举80斤水缸做一字马！网友直呼太惭愧	未
88岁老人当街堵路拦停公交车，只因网友吵起来了	未
88岁老人当街堵路拦停公交车！知道真相后，网友吵翻了  晨读天下	未
88岁老人当街堵路拦停公交车，称我不讲道理  你们也不讲道理，网友吵起来了	未
88岁老人着急回家当街拦下37路 硬要公交带他一程十部车子走掉！一白发老人倚在一辆37路公交车前，跟围观群众这么说这辆37路公交车后大排长龙，不少路人纷纷劝说老人，老人却扬言：我不走...88岁老人着急回家当街拦下37路 硬要公交带他一程	未
88岁老太能提80斤水缸还能一字马！网友：作为80后老阿姨，在下输了！	未
88岁老奶奶能举80斤水缸，做一字马网友直呼:太惭愧...	未
88岁院报老粉丝送来感谢信，讲述与简医的7年不了情  医患故事	未
88岁高龄诗人严阵向上海图书馆捐赠手稿	未
8900元血汗钱失而复得！区医院丢失钱袋子的失主找到了11月12日，一名热心人在自治区人民医院的走廊里捡到一个钱袋子，内有8900元，一连好几天都无人认领。22日，失主黄女士找到了！黄女士是平果县人，是一名水果摊贩。起初她以为钱是在海吉星水果批发市场丢失的，还几次查看监控。22日，当黄女士再次到海吉星时，批发店老板问她：你没有去医院领回你的钱吗报纸都报道了。黄女士一听直接赶往医院。经核实，黄女士正是失主。详情：网页链接	未
896路况 交警提醒，25日16:00-21:00，武汉市各大商圈小吃街景点酒吧教堂等人员密集场所，仍将出现交通出行高峰。24日至25日，商圈景点的临时停车需求将激增，武商广场司门口街道口光谷等商圈将出现车位不足现象，一旦停车场停满，车辆将无法进入，可能造成解放大道解放路珞喻路 ...全文	未
899期黄羊便民服务信息	未
89入，第二件半价券后拍2件133.5元欧米伽3深海鱼油软胶囊，主要作用是降血脂稳血压降三高血流更通畅，预防心血管疾病，促进血液顺畅流动，保护心脏。	未
8-9日，南方部分省市将有暴雪	未
8-9日我市有中到大雪预计我市今天阴天为主，有时有小雨夹雪或小雪。8日上午有时有小雪，下午降雪增大，傍晚到9日上午有中到大雪，宜兴南部可达暴雪。9日下午气温开始回升，降雪将转为雨夹雪，夜里转雨。10日有中雨。 11日又一股强冷空气南下，我市降水逐渐结束，气温再次下降，12-13日的最低气温降到-2-3，有冰冻。由于近期地面温度较高，这次降雪过程不会出现严重积雪，但桥面和高架路面有积雪，请有关部门提前做好各项防范工作。	未
89没见过	未
//@8giao:真的，所有事情都是这样	未
8万俄军兵临城下乌克兰开的这个玩笑，一点都不好笑	未
8万吨加电磁弹射？中国“第三艘航母”引关注	未
8万吨航母60架战机逼近，伊朗驻军出现异动，俄警告此次情况不同	未
8万块钱一夜打水漂，说不定你家人也在做，赶快阻止！	未
8万块钱一夜打水漂，说不定你老婆也在做，赶快阻止！	未
8个2040元基金大红包花落谁家	未
8个动作收腹又瘦 大腿！梨形身材的人多肥胖于臀部腹部大腿等下半身位置，对于女孩子来说可是一件令人烦恼的事。以下9动作，每个动作1分钟，休息30秒。坚持30天，让你轻松动甩走下半身肥肉	未
8个动作收腹又瘦 大腿梨形身材的人多肥胖于臀部腹部大腿等下半身位置，对于女孩子来说可是一件令人烦恼的事。以下9动作，每个动作1分钟，休息30秒。坚持30天，让你轻松动甩走下半身肥肉	未
8个国家（地区）的政府和金融机构竟同天到访，宜信总部彻底变身国际会客厅	未
8 个宠物成精的瞬间，这是什么高智商操作！	未
8个工作日后充公 台彩赴基隆找1亿新台币中奖人	未
8个年薪百万的报表竟打不过一个兵痞，这人到底有何绝技	未
8个必须要知道的便宜机票预订小窍门	未
8个真实存在怪人，其中有生吃刀片的人，网友大开眼界	未
8个超恐怖的灵异娃娃，放在国外淘宝上买卖，居然还有人重金抢购！	未
8人因它丧命，三甲医生紧急呼吁：你爱吃的它，1个就能让你肠子悔青！	未
8人被困在冰天雪地中，周围埋伏着一群狼，最终展开了人狼大战！	未
8件快递被两女子抱走，上海快递小哥无奈主动掏钱挨个赔	未
8分多钟！凤凰卫视再度聚焦东莞！这一次是因为	未
8分钟！从池州到上海！我的天啊！贫穷限制了我的想象！	未
8县市都有！这385位司机，你的驾驶证该换了，逾期将被注销！	未
8句金言，很毒！（精辟）	未
8只分级B基金跌停 多只逼近下折阈值	未
8号 找一位代发鹿角的芦 [米奇比心][米奇比心][米奇比心]	未
8名在北京救治的张家口爆炸事故伤员中 6人生命体征不平稳北京青年报记者从北京市卫健委获悉，截至目前，张家口燃烧爆炸起火事故中有8名伤员在北京市接受救治，其中在中国人民解放军总医院第四医学中心5人，北京朝阳急诊抢救中心2人，首都医科大学附属北京儿童医院1人。8名伤员中危重6人且生命体症不平稳，重伤2人男伤员6人，女伤员2人。伤员多为大面积烧伤和吸入性损伤。北京市委市政府对救治张家口燃爆事故伤员非常重视，正在组织有关方面全力救治。相关医疗机构自接诊以来积极对症治疗伤者。根据国家卫生健康委要求，北京市已	未
8名在北京救治的张家口爆炸事故伤员中 6人生命体征不平稳北京青年报记者从北京市卫健委获悉，截至目前，张家口燃烧爆炸起火事故中有8名伤员在北京市接受救治，其中在中国人民解放军总医院第四医学中心5人，北京朝阳急诊抢救中心2人，首都医科大学附属北京儿童医院1人8名伤员中危重6人且生命体症 ...全文	未
8大冬季常见病，不会预防怎么行！呼吸系统疾病心脑血管疾病胃肠道疾病这些冬季常见病最易找上哪类人群又该如何应对	未
8天建成扶贫“速成房” 形式主义比危房更危险	未
8天建成的脱贫房不是安全房，是迎检道具	未
8天打卡8市县，60余家融媒体记者用2500篇报道向全世界讲述海南故事	未
8套“电子警察”逮到近2万辆车未礼让斑马线	未
8套真正欧式风格的别墅，农村别墅都说是欧式	未
8家机构成为河南省职业年金计划受托人	未
8小时收塑料瓶近30吨 哥斯达黎加瞄准吉尼斯记录	未
8岁Grace写亲笔信告白爸爸 曹格看完“笑中带泪”	未
8岁伊朗小女孩 Mahdis 只因女儿太美 父亲做贴身保镖	未
8岁儿童身患白血病，买保险对普通家庭有多重要！	未
8岁女儿上厕所，总说里面有坏人，父亲起疑，跟去一瞧，如遭雷击	未
8岁女儿离奇怀孕，父亲坚持要打掉孩子，半年后，村子没了	未
8岁女孩一堂舞蹈课下来瘫了，医生：儿童柔韧性好也更易受损11月17日，8岁的晗晗（化名）正在舞蹈课上练习基本功其中一个动作是侧手翻，突然，练习着的晗晗腰一软，落地后感到腿脚无力之后，她的大半个身体完全失去知觉入院后，晗晗被诊断为脊髓损伤截瘫事发后，家人带她辗转了4个医 ...全文	未
8岁女孩一堂舞蹈课下来瘫了 医生：儿童柔韧性好也更易受损近日在湖南，8岁的晗晗在舞蹈课后大部分身体失去知觉，辗转四家医院后确诊为截瘫，母亲周女士正在联系北京的医院。对于晗晗的意外，老师无法解释也拒绝提供当天监控。医生表示，儿童柔韧性好但是承受压力能力差，也更易受损。（潇湘晨报）8岁女孩一堂舞蹈课下来瘫了，医生：儿童柔韧性好也更易受损	未
8岁女孩一夜长大，背后的故事让人泪目	未
8岁女孩一夜长大，背后的故事让人落泪	未
8岁女孩上完舞蹈课截瘫 医生：儿童柔韧性好也更易受损	未
8岁女孩上舞蹈课后截瘫 老师：没法解释 不给监控	未
8岁女孩上舞蹈课后截瘫 老师：没法解释不给监控(图)	未
8岁女孩头晕送医死亡，尸检真相令人震惊！家长都来看看！	未
8岁女孩红福豆寻亲后续：DNA比对结果出来了，她和露露有血缘关系下沙白杨派出所传来消息，红福豆的DNA比对结果出来了！红福豆和露露有血缘关系。一个男子从甘肃打来电话，自称是红福豆舅舅，他说露露就是孩子的亲生母亲。妹妹在广州未婚生下孩子，把孩子送回老家大哥家养了一两年，回来接走后家里便和家人失联了。知情人表示红福豆在横店知名度还挺高， 露露脾气不太好，也不大会照顾孩子，和人沟通也有些困难，孩子整天游荡没上学，但母女俩关系很好。究竟这个电话里说的这些是不是事实目前相关部门也开始调查核实	未
8岁女生选班长失利当副班长 希拉里鼓励：别放弃	未
8岁女童一堂舞蹈课下来瘫了 机构老师：无法解释 拒提供监控	未
8岁女童治肺炎输错药 护士态度恶劣:不治就滚	未
8 岁小女孩来「大姨妈」，80 的医生没有想到这个原因	未
8岁沈阳女孩一夜长大，背后的故事让人泪目	未
8岁男孩一双摧心掌重达16斤，没法自己吃饭，医生称没见过	未
8岁男孩隐私部位出血，接下来没想到……	未
8岁男童患白血病，在金钱和孩子之间，爸爸理智的很可怕！	未
8岁的小男孩Huseyin发现一只被车撞了的流浪狗。不知该怎么做，便把它抱到路边，把自己的毯子盖在它身上，陪着它等待救援人员，全程一直在安慰和鼓励痛苦的狗狗。小男孩没有家，目前暂居在一个寄养家庭中。感觉他的身上有光	未
8岁移民儿童在美拘留所死亡 系本月第二起据美联社消息，美国海关和边境保护局在一份声明中说，来自危地马拉的一名8岁男孩25日在美国政府拘留期间死亡。美国移民当局表示，此事件标志着本月被拘留的移民儿童发生第二起死亡事件。该机构称，男孩的死亡原因尚未确定。此前，7岁的危地马拉女孩杰奎琳 ...全文	未
8岁移民男童圣诞节在美拘留所死亡 系本月第二起	未
8岁那年，算命先生说我24岁能黄袍加身，餐餐都有大鱼大肉......结果：真实现了！！！	未
8年之后的莆田居然变成这样，对比之后吓一跳！	未
8年前一家不足10平米的酸辣粉店，如今竟成了沙湾人的定点饭堂	未
8年前的今天，中国举重名将陈镜开病逝|日签	未
8年前的河曲，老汉窑洞旱烟袋，你认得吗！	未
8年时光荏苒 道声珍重就此别过 天童毕业季 我们江湖再见	未
8年来首次调价！东莞生活垃圾处理费或将上调	未
8年派件20万件，师爷级快递员的派送经	未
8座黑车严重超载，塞进15名乘客从重庆主城拉往云阳奉节等地	未
8张GIF图看懂发动机原理！ 8张GIF图看懂发动机原理	未
8 张图帮你一步步看清 async/await 和 promise 的执行顺序	未
8批次食品不合格！武清这家超市也有，你买到了吗?	未
8日凌晨03:30直播：尤文主场对阵国米北京时间12月8凌晨，意甲第15轮将展开争夺，尤文将坐镇主场迎战国米C罗首次参加意大利德比战，这位大场面先生面对什克里尼亚尔德弗里等意甲明星级后卫的防守，他会交出何种答卷尤文赛季至今14战13胜1平，先后击败劲敌拉齐奥那不勒斯AC米兰，如今再遇 ...全文	未
8日早新闻丨美国三大股指集体收跌，道指重挫550点，纳指跌超3%	未
8日起 海沧海新路高速连接线孚莲路口至海新路口段将禁止车辆通行	未
8日起 重庆4条公交线路站点有调整	未
8旬老人中途要上车遭拒 逼停公交不走:我不讲道理今天，一则发布在微博上的视频引发网友热议。从视频中可以看到，老人截停公交的地点是常德路近赵家桥路上海交投静安寺枢纽站门前。十部车子走掉！一白发老人倚在一辆37路公交车前，跟围观群众这么说。这辆37路公交车后大排长龙，不少路人纷纷劝说老人，老人却扬言：我不走，我不讲道理，你们也不讲道理。我耳朵聋了，腿不好。据37路公交车相关负责人透露，事情发生于12月1日下午，当时37路公交车即将转弯进入枢纽站，涉事老人突然拦在公交车前，要求公交司机让他上车，不	未
8旬老人寿辰杀猪庆贺 被濒死的猪踢进开水锅烫伤湖北村民杨老汉在自己80岁寿辰当日，请人帮忙把一头100多公斤的猪杀掉庆贺。猪最后挣扎时，躺在地上伸出四肢一顿乱踢，此时杨老汉正在灶台边忙碌，垂死挣扎的猪一脚踢到他身上，将他踢进滚沸的开水锅中。老人全身被严重烫伤。8旬老人寿辰杀猪庆贺 被濒死的猪踢进开水锅烫伤	未
8旬老人寿辰杀猪庆贺 被濒死的猪踢进沸水锅烫伤19日是湖北省罗田县老人杨河柳80岁寿辰，当日专程请人杀猪庆贺。屠夫烧好了一锅开水，割开了猪脚，正准备给猪用打气筒充气（方便之后用开水烫再剃毛），猪突然四脚乱踢，将灶台旁的老人踢进了开水锅中。老人烫伤面积达60以上，目前正在县医院接受治疗，高昂的医药费让这个家庭举步维艰。（楚天都市报）图文：老汉八十大寿请人杀猪庆贺出意外	未
8旬老人寿辰杀猪庆贺 被濒死的猪踢进沸水锅烫伤湖北省罗田县老人杨河柳在自己80岁寿辰当日，专程请人杀猪庆贺屠夫烧好了一锅开水，割开了猪脚，正准备给猪用打气筒充气（方便之后用开水烫再剃毛），猪突然四脚乱踢，将灶台旁的老人踢进了开水锅中老人烫伤面积达60以上，目前正在县医院接受治 ...全文	未
8旬老人穿着寿衣不肯咽气，3个儿子着急，只有5岁孙子懂奶奶意思	未
8旬老人颤巍巍过马路，刚上斑马线就有人来帮忙	未
8时PM2.5浓度（微克/立方米）城六区：43西北部：30东北部：38东南部：71西南部：54受高压底部影响，全市PM2.5浓度整体处于优良水平，东南部略高网页链接	未
8月17日10时30分，裕安区固镇镇六合村路段发生交通事故，固镇派出所民警接报后立即到达现场，发现一小女孩伤势严重，头部大量出血，因现场雨势较大，民警立即脱下警服为小女孩遮风避雨，并将小女孩抱上警车与120救护车对接，经众人全力抢救，后来小女孩脱离生命危险！	未
8月份家装空气质量 免费检测开始报名	未
8月份阿宝出事后，一家多事的媒体在某个场合非正式的问了一句医师协会领导对此事的看法领导顺口说了一句：大V也要守法没想到，该媒体将这话大肆渲染报道，丁香园等也进行了转发在评论区，愤怒的医生把这位领导骂了个狗血淋头这事儿本来跟阿宝无关但被骂的领导很不高兴医疗自媒体联盟 ...全文	未
·8月四川河流轻度污染 紫坪铺水库、大洪湖为轻度污染	未
8月天气太热 重庆的全民健身月可能将设在4月	未
8条滑雪线路22项旅游活动，机票低至49元！这个冬天，就去新疆玩	未
8点30分步行者VS猛龙，步行者在经历了7连胜以后，是谁也想不到步行者要输了，他们有些意外的输给了骑士终结了连胜，猛龙23胜9负不算很稳的排在东部第一，如果步行者能赢这场比赛势必会缩小两队之间的胜场差，东部之间的强强对话。	未
8点也有一场	未
8点截止首批8点之后拍下默认第二批，第二批不保证官方赠品	未
8点，湖人打黄蜂。	未
8点钟有更新你们懂的	未
8省市10余自贸区负责人聚首！共论新时代自贸区建设	未
8种后备箱必备的应急工具！池州司机们的车上有几样	未
8类销售员永远不会有业绩，说的是你吗	未
8认识自己（张老师）上	未
8认识自己（张老师）下	未
8说了，一秒下单 查看图片	未
8路公交车现神秘字条和苹果电脑 多人认领被拒	未
8道题快速测出手机依赖症吃饭的时候该不该玩手机你有手机依赖症吗起床后第一件事是打开手机看微信边吃饭边玩手机上厕所也要拿着手机看坐公交地铁时，一路看手机聚会中，时不时玩手机看电视时，不时瞄几眼手机洗澡时，把手机带进浴室临睡前，要玩一会手机才肯入睡。全中的转	未
9000RMB的袜子！是你和巨星的距离！	未
9000元租金涨到61万丽水这些村干部联合村民敲诈勒索，结果	未
90-00后的习惯和喜好，直接决定了互联网下一个阶段的战场模式，各大巨头的布局已经暗潮涌动了	未
900万美元大战 伍兹输球成“背景”	未
900光影世界//@来自红星闪闪的爆米花:带枪出巡	未
900光影世界//@飘散的流萤Firefly:美醉了	未
900日试点探索 证券期货纠纷多元化解机制全面推开	未
900期黄羊便民服务信息	未
900欧洲行凡尔赛宫至今已有300多年历史占地111万平方米建筑面积11公顷，包括正宫和两侧的南宫和北宫，内部500多个大小厅室无不金碧辉煌，大理石镶砌，玉阶巨柱，以雕刻挂毯和巨幅油画装饰，陈设稀世珍宝，100公顷的园林也别具一格，花草排成大幅图案，树木修剪成几何形，众多的喷水池 ...全文	未
900欧洲行凡尔赛宫至今已有300多年历史。占地111万平方米。建筑面积11公顷，包括正宫和两侧的南宫和北宫，内部500多个大小厅室无不金碧辉煌，大理石镶砌，玉阶巨柱，以雕刻挂毯和巨幅油画装饰，陈设稀世珍宝，100公顷的园林也别具一格，花草排成大幅图案，树木修剪成几何形，众多的喷水池喷泉和雕像点缀其间。堪称法国古建筑的杰出代表，1833年被辟为国家历史博物馆。法国旅行900光影世界	未
900警力凌晨突击收网 ，抓获传销头目104人，扣押豪车48辆，冻结资金超亿元	未
901期黄羊便民服务信息	未
902期黄羊便民服务信息	未
903期黄羊便民服务信息	未
904期黄羊便民服务信息	未
905期黄羊便民服务信息	未
906期黄羊便民服务信息	未
907期黄羊便民服务信息	未
9095后性态度更加理性，年轻人不再谈艾色变今年和杜蕾斯一起加入红色保护 防艾有我公益活动的，还有中国石油大学的同学们，在世界艾滋病日的活动中，杜蕾斯艾滋病问题墙受到同学们的热情抢答闯关。年轻群体不再回避关于性和性传播疾病的话题。了解更多详情美好青春，为爱保护	未
909.78亿元扶贫金提前下发，比去年多了近200亿，都给了谁	未
909期黄羊便民服务信息	未
90个瞬间，带你回顾磕磕绊绊的2018年！	未
90人！德州学院2018年公开招聘工作人员	未
90后00后们都爱在商场玩儿些什么	未
90后80后70后60后，他们眼中的丽江	未
90后不愿意了解改革开放吗不！这组调查告诉你你知道以下哪些改革开放关键人物来自湖北4所高校的大学生填写专题调查问卷时，给出了五花八门的答案12月5日，湖北日报全媒记者与16名90后大学生展开对话面对有关改革开放关键人物事件的提问，16名大学生中，9名同学表示了解不多 ...全文	未
90后专属回忆杀，看到第几个你哭了	未
90后东北女孩烧死母亲！先用燃料泼头然后掏出打火机.....	未
90后中国姑娘向100个陌生人索吻，裸辞睡遍全世界，却被100万人点赞	未
“90后”乡村教师攒钱一年为全校学生买鞋	未
90后人均负债12万！借贷人一半是90后，在亚洲同龄人排第一，90后对房子没有那么执着，简单点来说，是没有80后刚！所以别指望90后接盘楼市！	未
90后，你真的很穷博士高管会：央妈发布的2018年第三季度支付体系运行总体情况，数据显示，信用卡逾期半年未偿信贷总额高达880.98亿元，环比增长16.43而8年前的2010年，这个数据还不过是76.89亿元8年之间，翻了11倍以上，相当于现在一个月的的逾期总量，就能赶上8年前一年的总量，变 ...全文	未
90后修车工不修车，专干这事	未
90后偷车团伙胆大包天 站警车上拍照炫耀(图)	未
90后北漂小伙弃30万年薪回乡卖炒饭 背后原因暖心	未
90后单车运维人员的一天：工作12小时骑行30公里	未
90后台青对话台商陈嘉雄：如果来云南种茶要怎么做？	未
90后大学生毕业回家打铁，3年摸索，终将铁锅卖到国外	未
90后夫妇扶贫路上不幸遇难	未
90后女主管2年贪46万：公司账户订机票携母多次旅游90后女孩石某，工作仅仅5个月，就从公司前台升任集团总部采购主管。但在之后的两年时间中，她利用职务便利，将公司资金用于个人消费，侵占公司46万余元。石某称，她采买东西形成的差价，就用于自己消费了。消费发票都开成办公用品再交到公司。	未
“90后”女副市长走马上任 系北大在读博士(图)	未
“90后”女大学生放弃北大保送复旦！她到底有多厉害？	未
90后女子见财起意 购物试穿间隙偷部手机被刑拘	未
90后女孩因“情”做傻事 试图喝安眠药自杀	未
“90后”女孩：我的“零浪费”生活	未
90后女孩放火烧死母亲，理由让人意想不到	未
“90后”女工特高压电线上“跳芭蕾”	未
90后女干部扶贫路上遇难，这是她生前的工作手记，看哭了	未
90后女生毕粒赢原本生活平凡安逸，但父亲因病早逝，还欠下了十多万元的外债。听说送餐收入高，小毕强忍悲痛，来到西安，成为我司的一名骑手。虽是团队里唯一的女生，她凭借自己的高效零客诉，很快成为明星女骑手。没想过什么女孩能不能干的，我就想有能力照顾好自己和妈妈。人生本多艰，且努力，且前行为风一样的女子点赞	未
90后女研究生开奔驰卖水果：做多种生意 年入百万	未
90后女配送员：努力用自己的双手改变生活没想过什么女孩能不能干的，我就想有能力照顾好自己和妈妈毕粒赢说。作为一名盒马女骑手，因为效率高，零客诉，她的排名一直很靠前，有人称她为风一样的女子，家里尚有十几万元的外债要还，是生活让她不得不快起来。毕粒赢表示，每天最轻松的时刻，她会瘫在小躺椅上和哥哥视频，互相报平安。世相90后女骑手：生活让我变成风一样的女子	未
90后如何解析被贴上的乱花钱标签	未
90后嫌犯掏空被遗忘的玛莎拉蒂妈耶！！！有钱人尊的是不一样！！玛莎拉蒂都能忘记的！！不过好像对NBA球星来说，忘记玛莎拉蒂啥的好像也是正常，因为，车太多了	未
90后小伙为练鹰爪功，每天挠墙500次，吓坏网友	未
90后小伙体重348斤 不能自己上厕所	未
90后小伙恋上65岁大妈 几经周折终成情侣 小伙：这辈子就认定她了	未
90后小伙成为莲湖区最年轻器官捐献登记者12月17日傍晚，90后小伙刘昊哲趁着下班时间，匆匆赶到莲湖区枣园第二社区卫生服务中心，办理了人体器官志愿捐献登记手续。这是该辖区内最年轻的器官捐献登记者。12月16日，刘昊哲来枣园第二社区卫生服务中心看病，无意间看到了导医台上放置的莲 ...全文	未
90后小伙成为莲湖区最年轻器官捐献登记者12月17日傍晚，90后小伙刘昊哲趁着下班时间，匆匆赶到莲湖区枣园第二社区卫生服务中心，办理了人体器官志愿捐献登记手续。这是该辖区内最年轻的器官捐献登记者。12月16日，刘昊哲来枣园第二社区卫生服务中心看病，无意间看到了导医台上放置的莲湖区红十字综合志愿服务队人体器官志愿捐献登记点的牌子。出于好奇，他便上前咨询相关事宜。志愿者告诉刘昊哲，一个人在生命的终点，如果捐献出眼角膜，至少能让三人重见光明捐献出器官，能让更多人重获新生。善良的刘昊哲当即表示	未
90后工地小伙跳霹雳舞，网友千里追到工地欲拜他为师	未
90后已经秃了专家：不要太担心	未
90后常熟女孩：为两个世界服务，6年送走数千条生命！	未
90后志愿者李浚澄世界那么大，是该去看看！	未
90后快递小哥火了，为什么你和别人有这么大的差距	未
“90后”：我们是信息时代的劳动者	未
90后战士夜晚施救被撞老人，伤者苦寻一月找到他12月18日一早，湖北陆军预备役高射炮兵师第一团收到两面锦旗，67岁的谌家矶先锋村村民吴必明和家属历经近一个月的打听，终于找到了那位做好事不留名的救命恩人90后战士宋成龙。90后战士夜晚施救被撞老人，伤者苦寻一月找到他	未
90后扶贫女干部不幸离世 朋友圈记录扶贫这一年	未
90后扶贫女干部因公殉职，朋友圈记录扶贫这一年	未
90后扶贫女干部车祸殉职 获授＂云南青年五四奖章＂	未
90后扶贫女干部遇车祸殉职 朋友圈记录扶贫这一年	未
90后扶贫干部王秋婷因公殉职 被追授云南青年五四奖章	未
90后排爆兵：每天穿70斤衣服与死神博弈葛晓宇是南京市公安局特警支队安检排爆大队的拆弹高手和其他特警略有不同的是，除了体能训练，器材室里的设备也是排爆兵们的亲密战友这些重量达70多斤的排爆服，穿戴起来特别繁琐，每天在室内和队友练习穿戴，虽然很枯燥但是还要有耐心对待在有 ...全文	未
90后排雷英雄杜富国正在康复之中12月11日，记者从解放军第926医院了解到，云南扫雷大队90后排雷英雄杜富国在两个月的精心治疗下伤情稳定。杜富国在面对记者采访时精神状态良好，身着军装的背脊挺得笔直。他告诉记者，希望自己能早点康复，为父老乡亲们做更多力所能及的事。同时他也透露给记者，以前除了想从军外也想成为一名播音员。排雷英雄杜国富事迹 抖音最新神曲诞生，100多万网友齐点赞！@云南网	未
90后教师攒钱为学生买棉鞋，别只当成暖闻	未
“90后”教授郑励志：希冀有生之年不断为改革开放鸣锣开道	未
“90后”教授郑励志：有生之年要为改革开放鸣锣开道	未
90后文科硕士西安开地铁	未
90后新型社交潜规则了解一下问题来了，别人的哪些习惯最让你受不了，都来发泄一下吧	未
90后新型社交潜规则，你做到了吗欢迎补充_____90后社交新型潜规则	未
90后新型社交潜规则 你如何跟90后95后交朋友谈事情呢	未
90后新型社交潜规则 别人的评论只赞不评，评了还要回太麻烦自己的评论，别人点赞越多越开心。所以，还愣着干什么，赶紧点赞呀！	未
90后新型社交潜规则原来不止我一个人这样。。。。	未
90后新型社交潜规则新型吗其实跟八零后七零后当年的玩法差不多，只不过新平台新工具带来了一些新意，本质就是强调自我导致的孤独与不合群轮流发作，产生了许多看似充满矛盾实际上无药可救的刺猬，既不能抱团取暖，又不甘离群索居	未
90后新型社交潜规则 点赞可能是我最大的主动了	未
90后新型社交潜规则社交恐惧症是不是你本人！很真实了。	未
90后新型社交潜规则社交潜规则之给他发红包，哪怕在小也是爱呀。	未
90后新型社交潜规则 第一批95后的7大特征曝光，你中了哪一条1秃2懒3卸妆......详情请戳：  第一批95后的7大特征曝光，你中了哪一条	未
90后新型社交潜规则这是社交恐惧症吧	未
90后新词汇今年我清楚认识到自己是个什么人了。	未
90后是如何把自己活成60后的	未
90后每个月收入多少才正常看看大家晒的工资，你的工资呢 给大家拖后腿了么	未
90后比80后更认同“门当户对” 万人相亲会上这份交友调查引关注	未
90后消防员救人负伤牺牲 县委县政府号召向他学习	未
90后独腿小伙工地咬牙干活这一幕 网友看完泪奔	未
90后男孩创业做PPT生意  称2500元一页的PPT是刚需	未
90后男孩创业做PPT生意 称2500元一页的PPT是刚需	未
90后的上海十年②｜从读研、看戏到进入上海	未
90后的上海十年①｜智能手机之前的松江大学城	未
90后的你们现在是什么状态	未
90后的你被00后叫过叔叔阿姨吗	未
90后的叔叔阿姨，再不存钱你就真的买不起房了！	未
90后的存款标准，你达标了么	未
90后的懵懂，80后的青春	未
90后的老阿姨 收了	未
90后的零食	未
“90后”税务网红“直播”培训讲政策：事半功倍	未
90后空巢老人，评论区互相牵线吧	未
90后管理者，来了！	未
90后纪检监察干部王秋婷因公殉职被追授云南青年五四奖章	未
90后绝对没见过一组对比照看古城天水40年的演变过程...	未
90后网友老了以后竟是这个样子！	未
90后美女为您揭秘：老挝北部田黄大火的真相	未
90后老阿姨写给00后女生看的话，愿你少走弯路少吃亏	未
90后考驾照用了11年 每次都挂在科目一上	未
90后胖到被叫大妈，吃食堂外卖甩掉17cm游泳圈！	未
90后脱发活成60后一网友陪闺蜜去医院看脱发	未
90后脱发活成60后 修志夫北京毛发移植中心的医生表示，来植发的90后年轻小伙子姑娘们确实变多了	未
90后脱发活成60后 修志夫北京毛发移植中心的医生表示，来植发的90后年轻小伙子姑娘们确实变多了，比如我们此前的植发体验官就是一位96年的小伙子好在做完毛发移植又是90后了	未
90后脱发活成60后 划重点：90后是青少年！	未
90后脱发活成60后 在哪个瞬间你意识到自己已不再年轻	未
90后脱发活成60后小桑有话要说	未
90后脱发活成60后当代年轻人脱发几种因素，看到没有数学的因素，我又一次放心地拿起了我的试卷...	未
90后脱发活成60后 当代青年的日常	未
90后脱发活成60后 是我本人了	未
90后脱发活成60后！网友评论亮了：老泪纵横！	未
90后脱发的原因，竟然找到了！	未
90后，负债20万亿	未
90后走上管理岗 职场“年龄倒挂”需摒弃成见	未
90后还在单身，00后已经开始当小三赚钱了如果说小三是门职业的话，那这么职业已经开始了低龄化发展！比起90后，如今的00后们更加自我和疯狂...	未
90后金马奖男主告诉你，一下子看起来老10岁的原因...	未
90后锔瓷匠人赵凤林：学艺创业都要沉心静气	未
90后防脱自救指南，这5款真的是我的生发救星！	未
90天“停火”期，对中国意味着什么？	未
90天内！商务部表态了	未
90天开车不违法，10吨油任你们抢常德的私家车主们看过来	未
90天谈判中方从这几项做起	未
90天那是川伟国自找台阶而不是最后通牒这话题都太俗了不想谈，但看到各方人等好多胡说八道，哭天抢地，不得不指出几个重要角度：先说工业，就在几天前，通用关本土4家厂裁员14000，福特也要裁员15，加上上下游相关，铁锈地带大概要丢10万以上制造业岗位气得川伟国跳脚发推大骂骂有用 ...全文	未
90岁“中国疼痛学之父”壮心不已 欲建“世界免痛天堂”	未
90岁中科院院士亲历：血管堵了，这么干，不用再去医院了！	未
90岁奶奶和6岁孙子相依为命，想孩子尽快独立，担心死后他挨饿	未
90岁奶奶寒风中蹲下捡拾东西，接下来一幕	未
90岁奶奶寒风中蹲下捡拾东西，接下来的每一幕	未
90岁拾荒奶奶怕路上玻璃碴伤人，寒风中捡拾40分钟	未
90岁拾荒老人捡拾玻璃碴 这位老太太平时拾荒为生，当时路过这里，看到了散落一地的玻璃碴，就俯身捡了起来。 90岁拾荒老人捡拾玻璃碴	未
90岁模特的“潮生活”	未
90岁清华中科院院士:3根主动脉堵了后，这么干，不用再去医院了	未
90岁清华中科院院士:3根主动脉堵了这么干，不用再去医院	未
90岁清华中科院院士亲历：血管堵了，这么干，不用再去医院了！	未
90岁登封老人在深圳生活20多年，日思月想回乡养老	未
90岁的科学家李俊贤，每天拎着白布袋步行上班。至朴至简的老人，捐出300万设立基金，真正的家国 致敬。	未
90岁的科学家李俊贤，每天拎着白布袋步行上班。至朴至简的老人，捐出300万设立基金，真正的家国 致敬	未
90岁的科学家李俊贤，每天拎着白布袋步行上班。至朴至简的老人，捐出300万设立基金， 致敬胡扯军事虾扯蛋	未
90岁的褚时健，如何确保4万亩新褚橙还是原来的味道	未
90岁老兵体内藏弹头68年后才发现 已生锈变色	未
90岁老太地窖容身？官方:系其长子接母亲卧棚摆拍	未
90岁褚时健：赚快钱的时代过去了，年轻人要先做好这4件事	未
90的人不知道，洗衣机竟然这么脏清洗洗衣机，只需这一招	未
90的人不知道自己每天要交多少税	未
90的人都误会了！原来食品添加剂背了这么多年的黑锅	未
90的家庭，最烦恼的保险计划，在这里！	未
90的深圳人都不知道，超全宜家攻略，原来我们之前都忽略了！	未
90的美国其实是乡村	未
90的颈椎病都是睡出来的！这款可软可硬的德国颈椎救命枕，3秒分散颈部压力，能用100年	未
90秒了解韩国瑜 曾当众痛打＂台独＂陈水扁住院3天	未
90秒用三个故事告诉你，不注意这些小事，后果有多可怕！	未
90.要想聪明，就要尽量法布施楞严经浅释宣化上人	未
90陷入困境的企业，究竟做错了什么	未
911 991.2 GT2RS 微博视频	未
911轮毂也混入了Carrera GT CSC 911	未
914安全提醒注意！细节关乎生命，这些事不要再做了！！	未
914新闻临夏州总工会为我市多个基层工会职工书屋配送图书和电脑	未
914新闻临夏市召开2018年精神卫生艾滋病防治工作联席会	未
914新闻临夏市组织召开2018年预算绩效管理培训班	未
914新闻市城管局城北街道联合开展天华苑南门蔬菜市场占道经营整治活动	未
914新闻市政协开展脱贫攻坚帮扶工作巡查监督	未
914新闻市直机关工委党支部与堡子村开展结对共建五联活动	未
914新闻市领导督查餐饮单位冬季大气污染防治工作	未
914新闻市领导调研西关街道党工委工作	未
914新闻我市开展12.4宪法日法治宣传教育活动	未
914新闻省总工会调研临夏市工会改革进展情况及城市困难职工解困工作	未
916警营开放日小记者走进交通广播全媒体直播间	未
91天贴现国债中标利率为2.71%	未
91年的陈村粉34年的冰室...顺德街头这4间老店，只有老顺德人才懂！	未
91歲的杉內老太太真牛逼，鬥志真旺白下方大龍陷入困境	未
9.1版本PBE更新：腥红之月新皮肤	未
9200多辆进口力狮森林人翼豹系列汽车将召回	未
9.27万变4.66万!供热空置房面积变化大 物业疑虚报	未
92万人参加2019年度国考 十九大成为试题“热词”	未
92万人参加2019年度国考 平均63人竞争1岗	未
92万人参加2019年度国考笔试 平均63人竞争1岗	未
92万人参加国考 十九大成为试题“热词”	未
92万人实际参加2019国考笔试 竞争比达63:1	未
92万人实际参加2019国考笔试 竞争比达63:1(图)	未
92分钟，巴尔韦德中场犯规吃到黄牌	未
92号汽油每升降0.1元 加满一箱油少花5元	未
92天试运行结束，青岛地铁13号线本月底前试运营随着最后一辆电客车缓缓驶回古镇口车辆段，为期92天的青岛地铁13号线空载试运行于12月1日结束，本月底将完成专家评审和试乘后开通试运营。92天试运行结束，青岛地铁13号线本月底前试运营	未
92岁参战老兵能人工置换髋关节吗能！	未
92岁英女王独自搭火车度假	未
92岁英女王独自现身伦敦火车站	未
92岁英女王独自现身伦敦火车站 搭普通列车去了这里	未
92岁英女王独自现身伦敦火车站 搭普通列车去这儿	未
92岁英女王独自现身火车站 搭普通列车去这里(图)	未
92年的夏天到北京上大学那时的北京只有二环，三环还没有全线通车，大街上跑的都是面的和夏利，寝室同学去王府井吃一顿麦当劳可以吹一星期，全聚德对我们学生来说更是遥不可及（印象中学校每月补贴我们29.5元)甘家口路边市场还在，那是我们淘文化衫的地方，年底天意市场才出现，动批还是十年后的事 ...全文	未
92.憍梵舌根毕陵身根悟圆通楞严经浅释宣化上人	未
92 梅西前场定位球稍稍高出门梁	未
92班	未
92班重聚踢踢球	未
93岁万载老人独自出门，直至深夜未归，他们跨省接回	未
93岁万载老人独自出门，直至深夜未归，没想到他们跨省	未
93岁的奶奶跟她96岁的闺蜜一时兴起就约着去海边沙滩玩。仿佛看到了多年后的自己	未
93岁的她寻找初恋77年 看见对方的灵位几乎晕厥	未
93岁老人解密！福州是全国首家引进开通万门程控电话的城市，你不了解的还有这些	未
946  关注 台湾海峡发生6.2级地震，福建多地有明显震感 柜子桌子突然开始摇晃	未
946  关注 编辑婴儿背后的基因生意：贺建奎旗下公司总注册资本过亿...	未
946  出行 别了，纸质火车票！铁路总公司宣布大消息！	未
946  出行 扩散！这种货车禁止在这些路段通行！（附停水公交调整消息）	未
946  地铁 速看！石家庄地铁1号线2号线，最新建设进展来了！	未
946  天气 周末天气早知道！	未
946  天气 霾又来了，啥时候走	未
946  感动 我可能撑不住了高速突发大火，抖音上一段视频让人泪崩	未
946  提醒 天道好轮回！男子开车时往车外扔了个烟头，把自己车烧着了......	未
946  民生 举报投诉电话已公布！石家庄开展农民工工资支付情况专项检查	未
946  民生 细思极恐！你天天喝的这种水大多不合格	未
946  社会 有人告诉你钱掉地上了，捡还是不捡！他捡了，结果后悔不已	未
946  视频 连撞3车致1人死亡车内竟无驾驶员！这个惨剧本可以避免	未
946  视频 送女友上班，骑电动车闯红灯，结果......	未
94后都月入20万了，你不会还月薪5000吧	未
94岁奶奶直播卖核桃云南94岁奶奶直播卖核桃，老人们也能赚点零花钱。云南90后女孩丁秋累不甘心当全职主妇，带动村民剥核桃还在淘宝直播，2万妇女有了就业机会。他们才应该成网红，这样的事才是正能量	未
94岁老兵挂尿袋独自从港回惠州 ，只为给战友扫墓	未
94岁老兵挂尿袋独自从港回惠州 ，只为给战友扫墓]每日笑话微博	未
94岁老布什去世，2分钟回顾他的一生和中国情缘	未
94岁老布什去世！他应该是想念芭芭拉了...	未
94年农村小伙回乡创业致富！四年时间养出会飞的鸡全村人沾光	未
94年多伦多世锦赛，黄金一代的开始中国男篮	未
94 年的她，一年拿 24 个月工资开 30 万的车，到底凭什么	未
94辆公车退役拍卖 最低起拍价500元	未
95000元失主已找到 给乘坐出租车的您提个醒	未
9:50准时拖把挂上推出飞行器，飞机慢慢滑到起飞位置，10:09准时起飞。真的太准了	未
95以上的985本硕博，也不过普通人退休。你为什么事事要争个你高我低领导对你不满意，你问我怎么办我有什么办法呢那就让他不满意吧！领导满意了又怎么样难道年年给你升职务啊你这一辈子，也就1-2次升职，最多退休前来个安慰奖。你还想怎么样难道你想当大单位的老总吃错药了吧	未
95后一到晚上，满脑子都是这些东西...	未
“95后”东干男孩逐梦陕甘：感知祖辈“乡愁”	未
95后出没，社交应用当心！	未
95后又宅又丧90后和00后之间有哪些代沟我一个95后也看不懂，请让00后背锅	未
95后女孩“与狼共舞”成网红 每天剁50斤肉喂8匹狼	未
95后女孩＂与狼共舞＂成网红 每天剁50斤肉喂8匹狼	未
95后女孩与狼共舞成网红 每天剁50斤肉喂8匹狼(图)	未
95后女孩与狼共舞成网红 每天剁50斤肉喂8匹狼近日，在内蒙古赤峰，20岁的95后养狼女孩儿给狼喂食与狼互动嬉戏的视频在网络上走红。北京青年报记者随后联系到了视频中的养狼女孩周鑫月。周鑫月表示养狼已经四年，目前养狼每月工资2800元。这些狼一般用来拍电影电视剧，也用于跟游客合照。据了解，这些狼购自专业的繁殖基地，并配有兽医定时进行免疫和驱虫。赤峰市林业局野保中心工作人员告诉北青报记者，狼属于非重点野生保护动物，目前在赤峰境内养狼只要来源合法且有合规的检疫证明就可以饲养，但是饲养方需要保证饲养的安全	未
95后女孩"与狼共舞"成网红 每天剁50斤肉喂狼	未
95后女孩“与狼共舞”成网红 每天剁50斤肉喂狼	未
95后女孩"与狼共舞"成网红 每天喂8匹狼	未
95后女孩“与狼共舞”成网红，每天景区剁50斤肉喂8匹狼	未
95后女孩与狼共舞成网红，每天景区剁50斤肉喂8匹狼近日，在内蒙古赤峰，20岁的95后养狼女孩儿周鑫月给狼喂食与狼互动嬉戏的视频在网络上走红。周鑫月表示，养狼已经四年，目前养狼每月工资2800元。这些狼一般用来拍电影电视剧，也用于跟游客合照。据了解，这些狼购自专业的繁殖基地，并配有兽医定时进行免疫和驱虫。赤峰市林业局野保中心工作人员告诉记者，狼属于非重点野生保护动物，目前在赤峰境内养狼只要来源合法且有合规的检疫证明就可以饲养，但是饲养方需要保证饲养的安全性，防止狼伤害到人。北京青年报95后女孩	未
95后女孩与狼共舞！日常剁50斤肉喂8匹狼近日，在内蒙古赤峰，20岁的95后养狼女孩儿给狼喂食与狼互动嬉戏的视频在网络上走红。记者联系到了视频中的养狼女孩周鑫月。她表示，自己养狼已有四年，给狼喂食与狼互动嬉戏，已成日常。这些狼一般用来拍电影电视剧，也用于跟游客合照。目前周鑫月工资2800元，住在旅游区的员工宿舍。周鑫月说：我每天早上七点半起床洗漱吃饭后，就开始剁肉，大概剁二十多斤，十几分钟。（北青报）95后女孩与狼共舞成网红 每天剁50斤肉喂8匹狼	未
95后女孩养8匹狼，嘴对嘴喂食“吓跑”3个男朋友	未
95后女孩跳吊环舞 4年给父母10万	未
95后娱乐社交平台玩吧，给老牌互联网上了一课	未
95后小伙脱了，这身筋肉无敌了	未
95后山村姑娘背砖劈柴扛大树走红	未
95后情侣超市开购物车练科二 男友：不希望她变成女司机近日，一小伙用特别的方式教女友学车引发热议。小伙为帮女友练车煞费苦心，连逛超市都不忘利用购物车教科二，称：担心女友练不好车，会变女司机，害人害己。网友：不接受秀恩爱请不要对女司机有偏见！	未
95后放话:乱花钱和年龄无关 能赚就不算乱花钱	未
95后新疆小伙滑板行走3000公里回家，攀爬野山坡险掉山崖	未
95后：时代变了 现在去再远的地方读书都能和家人视频	未
95后毕业生求职问懵HR：不问工资，关心有无健身房和茶歇	未
95后求职不问工资个人认为这些人只是少数吧！我想很多孩子不是富二代，官二代！再说中国还有很多孩子上学都是问题的地方呢！不问工资！难道还啃老吗我是80后！	未
95后求职不问工资 今年，正宗的95后也陆陆续续的进入这个社会，投身到建设祖国的浪潮中去了。在就业环境依然严峻的当下，95后貌似对工作有了更加详细的理解和划分，而报酬也不仅仅盯着薪酬这种硬性指标，更多的看向了工作环境等条件的软性指标。比如办公室的情况啊休息时间的长短啊，甚至还会看办公地点的周边环境如何等等等等。其实我认为，除了这些公司配套的公共设施应该关注以外，更应该关注的是自己未来有没有晋升空间，有没有发展的余地。如果只是在一个基层岗位上呆个十年八年，那么再好的下午茶也打动不了我去就职。只有未来	未
95后求职不问工资佛系这个网络流行词，说的是以一切随缘思想为精神指导，有也行，没有也行，不争不抢，不悲不喜，不求输赢，无欲无求。到了新一年火热的就业季，招聘单位也忍不住对95后的就业观冠上佛系的头衔。但是实际上，这种心态带来的是消极的求职和工作。95后的佛系，让他们只会按部就班地完成规定的工作，他们对自己的未来没有规划，对工作也没有额外的期待。有些95后对佛系好像有些误解，觉得佛系就是丧，就是无欲无求。但是佛系求职也可以这样来理解，不争不抢，不是不求上进，而是做到极致后一切随缘。不论输赢，不	未
95后求职不问工资傻哦，有健身房下午茶的工作，工资会低吗95后才是小人精。	未
“95后”求职：不问工资，关心有无健身房下午茶	未
95后求职不问工资情感依梦 不是不问，而是懒得问，问了也基本上没什么好的结果，基本上面试官和自己都知道工资的大概范围，你以为他们不想要一个高的工资吗把95后都当成廉价劳动力吗工资都是靠实力争取的，不是你问一下就能给你的，如果你有强大的实力当然有和hr谈判的资本，就勇敢去问啊 ...全文	未
95后求职不问工资，这可能吗有媒体报道说，95后是条件优渥的一代，求职时更在乎兴趣爱好职业满足感，薪酬待遇反倒不是首要考虑因素。这样的报道，把95后描述成职场新人类。但问题是，这样的说法靠谱吗我们不知道这样的报道，做了多少调查统计被调查者源自哪些城市源自什么样的家庭是否具有足够的代表性但从常识看，不能说95后们条件都足够优越。而且依现在的经济形势和产业结构，95后们的求职竞争更惨烈就业形势更严峻，可选择余地更狭小。兴趣和薪酬有时是一对矛盾。但选择和取舍的前提是，你要足够优秀，手握选择	未
95后求职为何关心下午茶	未
95后求职为何关心下午茶？媒体：追求的是更自洽的职场状态	未
95后求职问懵招聘者:不问工资 只关心健身房下午茶	未
95后求职问茶歇，这是好事！	未
95后男孩现场求婚！别人家的男朋友	未
95后的养生秘籍，竟然是多吃这几种饼！	未
95后盲生梦想“教”残疾人找工作	未
95后眼中的改革开放 来看看他们说了什么？	未
95后社交潜规则，从字母缩写开始	未
95后老阿姨都该进棺材了	未
95后被05后叫阿姨现在小孩都这么狂了吗哈哈哈哈哈哈哈	未
95后都秃了！脱发的恐怖真相都在这里	未
95岁老人，脸上无老年斑，原来靠的是这2味药	未
95岁老人，脸上无老年斑，靠的就是这2种药	未
95岁老兵坐轮椅参加老布什葬礼 被扶站起之后向灵柩敬礼	未
95开头的号码，你天天打我电话到底要干嘛！	未
95新7代 128白色又没像97新一样成色	未
95的大卷！！原价100多啊 铂瑞德国 声波软毛电动牙刷24.9到手是充电的，趁好价赶紧入吧，平时这个价是看不到的	未
961丨关注医疗行业新风暴！衡水打击定点医疗机构骗保行为！	未
961丨快看今天起，这些新规将影响衡水人的生活	未
961丨快看元旦火车票开售！这些放票时段你得知道	未
961丨快看衡水人注意！社保卡用错了麻烦可就大了......	未
961丨快看除了市车管所，衡水这些地方也可以办理这些业务啦	未
961丨身边快看！衡水多处公交站牌出现了这个...	未
961  热点衡水40年，你家的变化有多大看图	未
96995河南人请记住这个号码！关键时刻能救孩子的命我省首个儿科综合健康服务平台热线来了！平时可寻医问药，如孩子突发疾病重病，打这个电话可开启绿色通道直达医院。电话后三位995取谐音quot救救我quot，建议河南有孩子的家庭，都要记住这个电话号，扩散！96995河南人请记住这个号码！关键时刻能救孩子的命	未
96人！广州地铁校园招聘体检通知	未
96岁失恋100岁获奖的传奇女子忙的没有时间去死	未
96岁奶奶摆了一个小摊，每顿2元钱，亏本卖了55年...	未
96岁奶奶摆了一个小摊每顿2元钱，亏本卖了55年 美食	未
96年出生的4位男明星，个个都是“小鲜肉”，还有一个相声界的“新星”	未
9 6 @曼城足球俱乐部MCFC  前锋斯特林到目前为止已经直接参与15个进球，在英超联赛无人能及英超比赛日	未
9700K撑三年。	未
971朗读者《一封寄往天国的家书追忆一辈子干了三辈子活儿的父亲	未
97加满，开发票	未
97变831！哈市养老保险断缴补费在家门口就能办了！咋办，都需要啥看这	未
97岁赌王过生日，儿子何猷君去医院看望，送的礼物太有意义	未
97年的俄罗斯麻豆 Kulakova Sonya	未
9800后警察学员正式上线，看看演技如何	未
988请客地图李嘉嘉串串香火锅	未
98k已锁定 查看图片	未
98年出生的墨西哥女孩，目前臀围101cm，比卡戴珊还多出3cm	未
98年才多大//@差评菌://@滚水煮蛋小姐://@一个正直的科学爱好者://@他说她说她说他说:。//@天涯迷妹的跟贴日常:可怕//@全是干货:	未
98年是不是刚过万元户的时代啊，1万元买5个平方也挺可怕的	未
98死于脾气	未
991.2GT3RS  991.2GT2RS 这台蜥蜴绿的GT3RS当时没听我的！不舍得选装卫斯阿赫套件！可惜了！Gt2RS 小透露一下杭州第一台应该是。这两车我必须得做第一手测评！各位别管了！！给大家安排了！！ 昆明昆明长水国际机场	未
991.2RS系列，后发动机盖合下来一定要注意！红色部分要用力往按下按（行程约5mm左右），听到咔的声音后再合发动机盖一定要特别注意，坏了配件要等很久@PS3保罗 深圳深业上城	未
9  9  19（牛了）	未
992.1不用贴伪装膜了汽车V峰会 cars01豪车拍	未
992  万象石家庄警方都惊了，我们的个人信息只值2分钱！更可怕的是	未
992  万象身份证照片太丑以后可重拍3次！网友评论亮了	未
992  出行元旦火车票今起开售！这些放票时段你要知道	未
992  发布衡水发布最严禁放令！禁放区全年禁放烟花爆竹，电子烟花也不行！	未
992  实拍奶奶带9岁孙子翻护栏，自己过去后孙子被撞飞	未
992  感动我可能撑不住了高速突发大火，这段视频让人泪崩	未
992  提醒北京将新增外地车禁行区域！违者罚100元扣3分！	未
992  曝光河北这1141人被终生禁驾！名单公布！这些细节关乎生命！	未
992  气象周末雾霾再起！雪没戏！	未
992  气象明日大雪！河北大部气温将降至入冬最低值！	未
992  气象没有最冷，只有更冷！明早还有	未
992  现场可怕！越野车连撞3车致1人死亡！车里却没有司机！	未
992白车身及其细节 CSC 911	未
992  身边石家庄20个小区列入最新拆迁计划，看看都有哪儿	未
992  身边胆子真大！醉酒驾车撞护栏，找人顶包还辱警，监控还原事故过程！	未
996广播内容有点污你这是听到了黑电台！	未
996广播内容有点污你这是听到了黑电台！近日，多位中国交通广播听众反映，刚刚还在报路况的FM99.6，开车拐过一个路口就变成了卖药台。12月4日，北京公安文化执法无线电等部门联合执法，对北京市朝阳区一大厦楼顶查获的两部黑电台进行了取缔拆除，恢复了正常的广播电视秩序。 996广播内容有点污你这是听到了黑电台！	未
996广播内容有点污你这是听到了黑电台！近日，多位中国交通广播听众反映，刚刚还在报路况的FM99.6，开车拐过一个路口就变成了卖药台12月4日，北京公安文化执法无线电等部门联合执法，对北京市朝阳区一大厦楼顶查获的两部黑电台进行了取缔拆除，恢复了正常的广播电视秩序  ...全文	未
9984 狂想一下，如果将来通过无处不在的机器视觉，把每天正能量情绪比例低于80的人全部干掉，社会会不会变得更加和谐	未
99.99的人都没见过！国宝大熊猫原来是这么生孩子的！	未
99A：兄啊，你这么大岁数了还在沙地里狂奔，是因为责任么是因为爱么59：爱雷楼某，系因为穷啊！	未
99A坦克正面有多厚？官方透露防破能力超过一米	未
99会考的英语高频词，看到就是赚到！	未
99元3件！昆山2000服装仓储中心挑战价格底线，是该曝光了	未
9.9元去一次澳门！罗宾森这家澳门冰室让你一秒穿越港澳！港澳人路过都要进来落单！	未
9.9元抢购温泉门票说明/驻马店20人姓名照片住址被曝光	未
9.9元抢购车展门票！看看长沙国际车展VS别人家的车展有啥不一样！	未
9.9元疯狂抢购背后的真相来了......	未
99元终身vip，我办吗 微博视频	未
9.9包邮，你还想让我怎么样	未
99华人不知道，澳洲超市小秘密：一旦发现这个，商品可免费拿！	未
99女足国脚张欧影病逝年仅44岁 追忆铿锵玫瑰“边路快马”	未
99岁民盟中央原副主席康振黄逝世，习总书记专门嘱托悼念	未
99年的老汉路过//@曹师傅侬好:我98年的，自称老朽	未
99的丹东人都被这些话骗过！ 那些年我们信过的谣言......	未
99的人玩了这么多年扑克都不知道，方块8的中间有一个8字。	未
99的人说不清汽车转弯时，后轮究竟发生什么事！ 99的人说不清汽车转弯时，后轮究竟发生什么事	未
99的人都不知道这些卫生习惯其实不卫生	未
99的人都曾迈入的英文阅读误区，您中招了吗	未
99的北镇人都不一定知道的医巫闾山传说！	未
99的司机都会忽视的冬日出行装备	未
99的商铺不值得购买	未
99的平凉人不知道，这四种行为也算酒驾，你很可能中招！	未
99的年轻人都中招了！看看有没有你	未
99的建筑师都不知道！传统建筑和绿色建筑的本质区别	未
99的长治人都吃过这些！看完泪奔	未
99的黎城人都吃过！看完泪奔	未
9万个！汉阳共享单车停车位翻倍连日来，在武汉市汉阳区龙阳大道欧亚达国际广场旁人行道等路段，工作人员加紧施划共享单车停车位。据汉阳区城管相关负责人介绍，为缓解共享单车停车难，规范停放秩序，该区新划共享单车停车点位1218处，可停放5万辆共享单车。届时，汉阳区共享单车停车点将达到2168个，可容纳9万共享单车。武汉伢们，看完是不是炒鸡心动呢9万个汉阳共享单车停车位翻倍	未
9个多小时紧张作业，这艘沉没的钢筋水泥船被成功清理出港！	未
9个新措施！涉及到张家港落户身份证居住证个个都很重要！	未
9个月的婴儿，被遗弃在湛江某保健院！	未
9个精神状态急需调整的信号，你占几条 转	未
9个饭后的坏习惯！第一个你肯定中招	未
9！义乌又要开启雨雨雨模式还有多个镇街将停电	未
9号下午广东电台3楼见哦	未
9号线客户服务窗口有售 这样秀的天津地铁票见过吗大航母哏生活都有滨海资讯 近日，天津地铁中国改革开放40周年主题系列票卡和卡册正式发行。票卡和卡册分为中国梦篇及哏生活篇两个篇章。中国梦篇分别以航母梦航天梦高铁梦一带一路为主题，见证改革开放40年来祖国蓬勃发展的光辉岁月哏生活篇则分别以我爱自由我爱时尚我爱科技为主题，生动记录了改革开放40年新时代人民生活的活力与美好。每款主题票卡各限量发行2500张，中国梦篇及哏生活篇两款卡册各限	未
9名引航员18个小时引航 800米长无动力储油船队抵江苏	未
-9大雪寒潮！新乐 冻真格了！这些事一定要注意！	未
9套房只卖出4套 三变科技拟降价10%继续出售	未
9套房只卖出4套 三变科技拟降价10继续出售三变科技拟将估值4524万元的9套房产挂牌出售，但最终只有4套成交，余下5套房产却乏人问津。后三变科技披露拟调整部分房产出售方案，宣布原计划挂牌转让的5处房产终止挂牌，采取其他方式出售，成交价不低于评估价的90。换言之，上述5套分别位于北京上海哈尔滨的房产，可能将以折价10成交。数据显示，11月全国重点监测的67个城市二手房挂牌价环比下降0.3。其中北京深圳上海广州与上月相比均有小幅下降。（证券时报）9套房只卖出4套 三变科技拟降价1	未
9家公司竞争NASA登月合同，这有什么好抢的？	未
9家新增5A级景区公示， 5A景区你去过几个 现有5A景区名单，你去过几个	未
9岁儿童深度烫伤！这些藏在商场里的危险，你想过吗	未
9 岁女儿同学家坠亡，父母：不是同学推的就是房子有问题	未
9岁女孩墓上刻着开者即死，考古人员壮胆打开，发现	未
9岁女孩捡到手机交保洁员 失主找来保洁员却称没看到22日，西安，一9岁小女孩在商场卫生间捡到一部手机交给保洁员。但当失主和小女孩找到该保洁员时，其却坚称没看到，最终保洁员将手机还给失主。小女孩母亲说，女儿特别委屈，强忍眼泪，还说以为大人都是好人。（华商报）西安9岁小姑娘捡到手机交给保洁 失主找来保洁却说没看到	未
9岁女孩横跨两千公里找妈妈	未
9岁女童坠亡 谁之过？	未
9岁女童坠亡，谁之过9岁女孩小艳与同学小芹一起在小芹家的平房顶上玩耍，不料小艳失足从房顶上坠落跌伤，送医后经抢救无效死亡。为索赔，小艳的父母以小芹将小艳推下房顶和房顶未建防护措施为由将小芹的父母告上法庭。近日，江苏省沭阳县法院对这起生命权纠纷案进行审理，判决小芹的父母承担20的赔偿责任，赔偿小艳的父母各项损失合计9万余元。（李金宝）9岁女童坠亡，谁之过	未
9岁女童课堂上回忆阻止父亲酒驾时泣不成声	未
9岁娃肾里取出56颗结石 原来他只吃这些东西(图)	未
9岁娃肾里取出56颗结石，这2个坏习惯，你家孩子可能也有...	未
9岁孩子脖子“完了”，无法挺直，因为他天天玩这个！	未
9岁小孩300多斤，第次见！	未
9岁小孩300多斤，震惊网友，愁坏爹妈！	未
9岁男孩成功推翻小镇百年来的打雪仗禁令美媒报道，美国科罗拉多州的塞弗伦斯小镇，大约100年前定下了禁止打雪仗的法律。3日晚，9岁男孩Dane Best在镇会议上提出取消这项禁令的动议。他说：塞弗伦斯的小朋友们希望有机会像世界其他地方的孩子们一样，有机会打雪仗。这项法律是在很多年前制定的，今天，孩子们需要一个出去玩的理由。他的发言持续了3分钟，最后他的提议得到了通过，这项法令被废除。当地人都非常为Best骄傲，也开始考虑，是不是该提议，把诸如当地只承认猫和狗是宠物这样的法律也改掉。	未
9岁男孩成功推翻小镇百年来的打雪仗禁令美媒报道，美国科罗拉多州的塞弗伦斯小镇，大约100年前定下了禁止打雪仗的法律3日晚，9岁男孩Dane Best在镇会议上提出取消这项禁令的动议他说：塞弗伦斯的小朋友们希望有机会像世界其他地方的孩子们一样，有机会打雪仗这项法律是在很多年前制定的， ...全文	未
9岁男孩拒写作业破窗出走 寒风中被困19楼空调外机	未
9岁男孩被撞飞！旁边就是斑马线......	未
9岁男孩钢琴十级，靠天赋还是努力真相让所有人大跌眼镜！	未
9岁男童赌气爬上70米高压电塔 致高压电网瘫痪	未
9岁青田男孩白血病复发，寻求社会帮助！	未
9年来，这位爸爸风雨无阻到校门口干同一件事	未
9张图让你家WiFi再无死角，收了	未
9张照片：经历黄背心抗议后的巴黎今日一图法国《巴黎人报》选取了9张照片，展示8日爆发黄背心抗议活动后的巴黎。一些咖啡馆的玻璃被砸碎，有的车辆被焚烧，香榭丽舍大街的部分街道一片狼藉。	未
9张照片：经历黄背心抗议后的巴黎今日一图法国巴黎人报选取了9张照片，展示8日爆发黄背心抗议活动后的巴黎一些咖啡馆的玻璃被砸碎，有的车辆被焚烧，香榭丽舍大街的部分街道一片狼藉	未
9日早新闻丨银保监会：既要避免“一刀切”惜贷，也要避免“一哄而上”送贷	未
9日晚公告精选丨汇鸿集团：兴证资管旗下三个资管计划拟减持不超9.81%股份	未
9日，海军第31批赴索马里亚丁湾海域护航编队从湛江某军港启航。第31批护航编队由998昆仑山号船坞登陆舰536许昌号导弹护卫舰还有964骆马湖号补给舰组成，许昌舰骆马湖舰均是首次执行护航任务。海军自2008年12月26日开始进行首次护航以来，10年间共累计派出31批护航编队100艘次舰艇67架直升机26000余名官兵，远赴亚丁湾索马里海域执行护航任务，共为1191批6595艘中外船舶护航，解救接护和救助遇险船舶60余艘，持续保持着被护船舶和编队自身两个百分之百安全的纪录。	未
9日起，长春以下区域停水，有你家吗？	未
9时PM2.5浓度（微克/立方米）城六区：79西北部：65东北部：67东南部：133西南部：92网页链接	未
9月18日，随口捏造出156的假名单，黑一把国家对于烈士家属的优抚政策，半个月后，山东平度出事儿 了。	未
9月19日，美国陆军部署在韩国星州郡的第35防空炮兵旅1团2营D连进行萨德反导拦截弹的装填，11月27日美国陆军宣布该连在通过一系列测试之后取得萨德反导武器系统资格，这是美陆军防空部队首次在美本土之外获得该资格。这标志着美军部署在韩国的萨德反导系统已经具备完全作战能力。	未
9月1日胆囊健康日，胆囊结石和胆囊癌究竟什么关系？	未
9月27日9点起海棠花园停水	未
9月29日8点起 南通园博园等沿线用户要停水	未
·9月8日起 成都益州东二路机动车禁行50天	未
9月以来地方银监局开出163张罚单 农商行、农信社成“吃”罚单大户	未
9月市级食品安全抽检结果出炉 30批次不合格	未
9月推中秋，中秋推国庆，数十在校生暑期打工至今没拿到工资，老板却说	未
9款吸毒植物你最喜欢哪一款在雾霾的天气里，赶快选一盆送给给爸妈吧！！！ 别让父母做空巢老人	未
9毛钱一斤！两名瘾君子竟疯狂在成雅铁路上盗铁6000斤！	未
9点20分，你是在被窝还是在吃早餐	未
9点会在中央人民广播电台做个连线，关于火车电子客票，刷身份证刷脸可以坐火车我第一次上北京，还是纸板票，找同学的父亲拿个号，贴上面，就是有座位了，那时提前一天去买票，排队排一夜是常事今天我们要进入电子客票时代，技术的发展让社会效率大幅度提升，社会成本大幅度下降如果都刷脸刷 ...全文	未
9点会在中央人民广播电台做个连线，关于火车电子客票，刷身份证刷脸可以坐火车。我第一次上北京，还是纸板票，找同学的父亲拿个号，贴上面，就是有座位了，那时提前一天去买票，排队排一夜是常事。今天我们要进入电子客票时代，技术的发展让社会效率大幅度提升，社会成本大幅度下降。如果都刷脸刷身份证，逃犯也别指望坐火车了。 北京西土城	未
9点半火箭主场迎战开拓者，火箭赛季都现在进攻和防守都是在联盟倒数的行列，防守效率联盟第25名，68.5的防守篮板率更加糟糕排在联盟的第29位，板凳得分也是联盟垫底，开拓者这边客场战绩一般，火箭一波三连败坐稳了西部倒数第二，天天要开会的节奏，今天我觉得不能输了吧	未
9点半继续宝可梦Lets Go直播()，今天朝金黄市进发：网页链接	未
9点开始 今天可以40-20	未
9点钟雄鹿VS凯尔特人，两次赛季第一次交手，凯尔特人投出了球队历史记录的24记三分球，送给当时的雄鹿赛季首败，雄鹿目前三连胜还排在东部第二，而凯尔特人方面，遭遇伤病之后输给了太阳，凯尔特人队内伤病很多，但是我还是相信主场作战的他们能赢得这场硬战。	未
9种社保失信行为会被惩戒  骗保将限坐飞机火车	未
9种社保失信行为会被惩戒 骗保将限坐飞机火车	未
9种社保失信行为会被惩戒，骗保将限坐飞机火车！	未
9种社保失信行为会被惩戒，骗保将限坐飞机火车	未
9种社保失信行为会被惩戒 骗保将限坐飞机火车29日，国家发改委等28个部门联合发布关于对社会保险领域严重失信企业及其有关人员实施联合惩戒的合作备忘录，拒不缴纳社保费未如实申报社保缴费基数骗保等9种情形将遭到32项联合惩戒，包括限制乘坐飞机火车，不能当公务员，等等（李金磊）	未
9种社保失信行为会被惩戒 骗保将限坐飞机火车近日，国家发改委等28个部门联合发布《对社保领域严重失信企业及其有关人员实施联合惩戒的合作备忘录》，拒不缴纳社保费未如实申报社保缴费基数骗保等9种情形将遭到32项联合惩戒，包括限制乘坐飞机火车，不能当公务员等。我国将严查医疗机构等领域欺诈骗保行为	未
9种社保失信行为会被惩戒 骗保将限坐飞机火车！近日，国家发改委等28部门联合印发《关于对社会保险领域严重失信企业及其有关人员实施联合惩戒的合作备忘录》，拒不缴纳社保费骗保等9种情形将遭32项联合惩戒。社保失信行为有哪些会有怎样的惩戒措施关乎你我权益，戳图了解图/人民日报	未
9种社保失信行为会被惩戒，骗保将限坐飞机火车！近日，国家发改委等28部门联合印发《关于对社会保险领域严重失信企业及其有关人员实施联合惩戒的合作备忘录》，拒不缴纳社保费骗保等9种情形将遭到32项联合惩戒。社保失信行为有哪些会有怎样的惩戒措施戳图关乎你我权益，转发周知！	未
9种社保失信行为会被惩戒，骗保将限坐飞机火车！近日，国家发改委等28部门联合印发关于对社会保险领域严重失信企业及其有关人员实施联合惩戒的合作备忘录，拒不缴纳社保费骗保等9种情形将遭到32项联合惩戒社保失信行为有哪些会有怎样的惩戒措施戳图关乎你我权益，转发周知！	未
9种社保失信行为将面临限坐飞机火车等32项联合惩戒	未
9米长水管运不回来 热心人驾清障车帮运回	未
9级！！长春今天大风惹出老多祸了！看着都揪心！重点是：这风得刮到	未
9路206路公交车恢复原线路，23路12路线路调整	未
9部电影，40年中国	未
A02：入学挂钩住房面积，公平何在A03：济青高铁将开行45对动车组 A05：弯腰女孩没找到，找到一城温暖A06：五年内乡村教师待遇明显改善A08：守护绿水青山，打造美丽家园A08：神龙摆尾横跨铁路大动脉A12：涨涨涨，养老金热度不减A13：昔日废矿坑，如今变良田A14：认真的雪，冻人的风 ...全文	未
A16Z：熊市里的北极熊	未
A4纸，只要3.9 就最后300库存！！	未
A50被核按钮了	未
A6案例详解如何实现从人从车从汽修厂的大数据反欺诈	未
A6马上会有，其他就不好说了//@浩汉防务-菜兵:要出就把现代德军出全了，尤其是拳师犬非洲小狐象拖这样的车辆	未
AAA到底是为什么要提前这么久走红毯	未
@Aaran_2号	未
AA不只是钱的问题，家庭的责任也要共同承担，这才是真正的AA。	未
。//@AA阿晋_379：情出自愿，事过无悔	未
ABBA//@曼哈顿青蛙:ABAA//@渣蜀黍:ABAA//@张奶霞:ABAB//@锦鲤蛋:我和右边很有缘了//@别吵我我还想睡觉:ABBB终极懒?(_?	未
ABC Greenlights 'Roseanne' Spinoff Without Roseanne Barr	未
Abe预估大阪世博会接待6000万游客，现在整个大阪都沸腾起来了	未
abo爽文当一个攻遇上另一个攻会怎样来呀，互Gang啊求文推文完结新文	未
'Accidental Americans' Push Back on Paying U.S. Taxes	未
acesc艾斯臣 专区2双99元/128元拍2双立减，可以凑其他店铺用上300-30津贴，小白鞋靴子都有哒	未
AcFun工商变更：运营主体成快手全资子公司今年6月5日，快手确认完成对Acfun（A站）的整体收购，称将保持A站独立品牌。今日，来自天眼查上的数据显示，A站运营主体广州弹幕网络科技有限公司股东于24日发生变更，北京弹幕网络科技有限公司退出详情点击：AcFun工商变更：运营主体成快手全资子公司	未
Acrobatic overhead kick //@阿什伯顿北岸君: 转发微博	未
Actor So Ji-sub to meet fans in 7 Asian cities next year	未
Actress Allison Mack Negotiating Plea After Sex Trafficking Arrest	未
AC文章区的日常DAY1 道理我都懂，所以这条龙为什么这么绿	未
AC米兰 vs 佛罗伦萨自1995年起双方交手44次19 Wins for Milan ( 64 goals)12 Draws13 Wins for Fiorentina ( 51 goals)	未
AC米兰 vs 佛罗伦萨自1995年起双方交手44次19 Wins for Milan ( 64 goals)12 Draws13 Wins for Fiorentina ( 51 goals) 在圣西罗，AC米兰在过去的4次对抗中都没有输给佛罗伦萨。	未
//@AC米兰吧:原来是共享航班，实际是葡萄牙航空TP822，航显居然显示国航 查看图片 //@AC米兰吧:居然还是擦航	未
《AC米兰官宣前阿森纳巨头上任》网页链接	未
AC米兰这是怎么了想当年，我大维阿。。。	未
ADC选手Bvoy打野选手Flawless加入JDG	未
adidas Crazy BYW 新配色履程发售提醒 紫蛇皮 现已发售！发售价格：130配色信息: Core Black/Core Black/Cloud White货号: CG6780	未
adidasSkateboarding又一次和滑手Na-Kel Smith展开了合作，因担任Supreme滑手而被人们熟知的他将自己的理念带到了adidas 3ST.001中。详情请见：网页链接	未
adidas 全球娱乐营销总裁John Wexler家中的鞋柜	未
ADSS 达汇 x 天府之国四川，会场竟出现王牌特工 (内有帅哥)	未
《Adversarial Transfer Learning》G Wilson， D J. Cook [Washington State University] (2018) 网页链接 view:网页链接	未
AD有仇不报非君子，头铁二人组决定杀一个回马枪谁料刚走进对方的老家，就在身中埋伏看起来一切都无法挽回，但事情似乎又没那么简单，对方究竟是敌是友，两人的命运又将如何	未
《A Factorial Mixture Prior for Compositional Deep Generative Models》U Paquet， S K. Ghaisas， O Tieleman [DeepMind] (2018) 网页链接 view:网页链接	未
Aflie Evans, British Toddler at Center of Legal Battle, Has Died	未
Afreeca官宣两名新教练原WE教练Vinylcat加入AFsAFs官推宣布，原主教练iloveoov继续留任2019赛季，另外将有两名新教练加入AFs，原WE教练Vinylcat与教练Yeon加入AFs。英雄联盟 LCK	未
AFs新赛季名单	未
A Game of 'Think Fast!' With Amy Poehler	未
《A general reinforcement learning algorithm that masters chess， shogi， and Go through self-play  Science》 网页链接	未
'AGT' Trapeze Duo Suffer Terrifying Fall During Performance	未
//@ahopefd:华龙回回将到休宁黄山野生动物园打工	未
AHQ引入韩裔选手AHQ官宣了新赛季阵容，其中将两位韩裔选手纳入：一是上季效力于Team Afro的Rainbow，一是曾在日本职业联赛磨练过的Baby英雄联盟	未
AH溢价指数续创新低，近八成A股跑输H股，哪类A股容易反超	未
Ainimore加绒加厚光腿袜卷后49拍两条只需要89，折合一条44.5，比拍单条要划蒜！可以来两条换着穿，或者找朋友一起拼着来也可以有1200D与1900D两项可选，1200D的适合10-15度，1900D的适合5度至零下5度穿， 现在入加绒加厚的， 搭配大衣吖小裙子都很好看呢	未
Air Busan finalizes offering price for Dec. 27 IPO	未
Air Busan seeks to gather future growth momentum via IPO	未
Air Busan wins preliminary approval for IPO	未
Air Dominance Center指挥官确认在其设施内短暂停放的歼-20全尺寸模型属于美国海军陆战队，训练用，详细不明。难道是要偷机吗还是搞破坏@彩虹熊_白玮 @Armstrong的空军之翼	未
Air Jordan 1 Mid Wmns全黑漆皮版本的女子AJ1中帮版本，预计将于2018年12月发售。	未
Air Jordan 1「Not For Resale」无预警补货上架瑞典球鞋名所Sneakersnstuff在早先正式于官网无预警释出 Air Jordan 1「Not For Resale」的补货消息，虽然仅有红色版本但亦是相当难得的机会，感兴趣的读者不妨前往Sneakersnstuff开售倒数页面并详阅相关说明。详情请点击：网页链接	未
Air Jordan 1 Retro High OG Not Ls红色版本发售信息发售日期：2018年12月15日售价：160美元	未
Air Jordan 3 的30周年，到头来还是被鞋王抢尽了风头	未
Air Jordan 78910，最被低估的是哪一双	未
Air Jordan IV PE俄克拉荷马大学PE版本。	未
Air Jordan V Retro SP quotMichiganquot配色发售信息2019年秋季Jordan品牌将会发售源自密西根大学的AJ5新配色，实物尚未曝光。发售日期：2019年8月10日货号：CQ9541-704售价：225美元渲染图来自：zsneakerheadz	未
Air Jordan XI Low Orange Trance5月发售	未
Air Jordan XI Retro Low Wmns Orange Trance配色发售信息专门为女子打造的白橙配色AJ11低帮版本，实物尚未曝光。发售日期：2019年5月4日货号：AH7860-106售价：185美元渲染图来自：zsneakerheadz	未
AirPods2渲染图来了，外形上和一代没太大的区别，至于真实性鬼知道	未
airpods我之前很想买，但想明白使用场景之后就没买，因为我是真的没有在比较安静的环境中使用耳机的需求，要么就交通工具上用降噪，要么就音箱。	未
Air Pohang to suspend services next month for fleet replacement	未
//@aitsh: 所以说，有时间多看看书	未
AI主播将代替播音员？听听主持人、教授怎么说	未
AI人才年薪涨到80万元网友：现在转专业来得及吗	未
AI“写”文章 著作权到底是谁的？	未
AI前哨DeepMind 开发新 AI 工具英国警方想用 AI 预防犯罪MIT 用 AI 解决没有邮寄地址问题	未
AI助力的无人机让非法捕捞者无处遁形	未
AI博士年薪80万，网友：现在学来得及吗	未
AI博士年薪80万！网友：现在还能转专业吗	未
AI变身农业“医生” 问诊作物病虫害	未
AI可以看见人心吗一次相册分享引发的朋友圈风波黑科技分类相册中找出密友，刷脸拿回自己照片...Meet相册已成为当代新青年装机必备	未
AI基因革命降临，世界为之惊恐：霍金预言正在变成现实	未
AI学习有必要从娃娃抓起吗	未
Ai开始骗人的时代要来了。。。	未
AI影响未来生活，可以和相声演员一起说脱口秀？	未
AI打败外科医生：机器人做手术，你敢来一刀吗	未
AI护虎  海康威视工程师跟你聊聊关于看老虎的那些事	未
AI  推销电话，这波操作怎么破先生，买房吗姐，最近有学习英语的需求吗移动通信时代，相信很多人都有被推销电话骚扰过的经历。最近一段时间，不少网友发现，这类骚扰电话似乎在技术上更新换代了，自己接到的电话好像不是真人打来的网页链接	未
“AI旗手”李彦宏：创业19年，不断冒险造就百度	未
AI机器人西蒙上太空，还和宇航员耍起小脾气！	未
AI涉足中医领域，2秒鉴别中药材真伪	未
AI：爱没有重量和体积，但似乎可以亲手包起来送给对方。AI洞察报告	未
AI相机AI美颜AI处理器，都是AI了，那么你现在知道什么是AI了吗	未
AI能看“漏网鱼” 胃癌筛查有妙招	未
AI芯片公司Graphcore筹资2亿美元 估值达17亿美元英国Graphcore公司已从微软和宝马等投资者那里筹集到了1.58亿英镑（约合2亿美元）资金，该公司的业务是设计AI（人工智能）用途芯片。这个最新融资回合对Graphcore的估值为17亿美元，从而使其成为了英国创业公司中今年以来最新进阶的一家独角兽企 ...全文	未
AI芯片“火”了一年，却拉不住“狂泄”的手机市场|娜姐笔记	未
AI行业求职现状：应届博士年薪80万，半路出家的工作难寻	未
Ai：装逼走人 以后找职业队虐	未
AI这么懂了吗！	未
AI这么热，那么工作好找吗？记者调查	未
AI这么热，那么工作好找吗记者进行了调查。	未
AI进军农业low爆了？其实养猪种菜是检验技术的重要标准	未
AI都能看病了，想试试吗？	未
//@AkaReece:转发微博	未
AKB总选举队员突然宣布结婚 大岛优子爆粗回应	未
Alcohol addiction increasing among youth: report	未
Alexander Wang 邀请了一个机器人去看他的秀	未
AlexelCapso vs Captain Faker莫甘娜精准制导，Faker交出双招还是被击杀，韦鲁斯反杀掉丽桑卓。LOL全明星游戏V势力	未
@Alex小小文仔真傻瓜:敌人变朋友是从无变成有，而朋友变敌人是从有变成无，人就是这样奇怪的东西，其实这个世界上从来没有敌人，都是为了利益啊	未
Alice Johnson on Being Freed by Trump: 'It's a Miracle'	未
Alleged Golden State Killer Joseph James DeAngelo Appears in Court	未
AllenNLP Demo自然语言处理交互示例源码code for demo.allennlp.org by AI2 GitHub: 网页链接 AllenNLP Demo:网页链接	未
Allies expected to hold another round of 'working-group' talks on N. Korea this month	未
Allies in talks over renaming major combined exercises: source	未
Allies rethink combined command relocation plan: sources	未
//@Allrisesilver0：@Quasar_G 这神情像极了你昨天开的车 亏儿 我这一嘴的玻璃渣子到现在都缓不过来	未
All-Star catcher signs mega free agent deal with new club	未
AllStar  明天早上八点有大事发生，名将集结，熊猫观星！	未
[Aloha]小车骑得真6//@BesFICam:惠斯勒速降小王子Brandon Semenuk吗自行车骑得比德芙还丝滑	未
A lot of surveillance video from surrounding businesses has been recovered in Des Moines officer shootings case, says police spokesperson - @SteffiSLee	未
AlphaFold蛋白质结构预测《AlphaFoldPredicting Protein Structure》by Kiara Cuter 网页链接 pdf:网页链接	未
AlphaFold解读：DeepMind结果的意义，使用的方法，与已有方法的关系《AlphaFold @ CASP13: What just happened?》by Mohammed AlQuraishi 网页链接	未
