中央大街 打个卡吧我是不是太久没发微博了 哈尔滨哈尔滨万达影城中央店	未
中央定调2019年楼市调控政策 再次强调“房住不炒”	未
中央定调2019年楼市调控政策，再次强调“房住不炒”	未
中央宣传部司法部全国普法办公室  部署开展首个“宪法宣传周”	未
中央宣传部 司法部 全国普法办公室部署开展首个宪法宣传周活动	未
中央宣讲团赴西藏宣讲	未
中央巡视整改进行时：广东全力以赴做好巡视“后半篇文章”	未
中央广播电视总台三部大型专题片在阿播出	未
中央广播电视总台央视播音指导李修平朗诵《假如生活欺骗了你》	未
中央急电：你去做件事！52岁老人心中激动，一年拿出方案惊总参	未
中央批准：戴均良不再任北京市委常委 另有任用	未
中央批准戴均良同志职务调整	未
中央批准最高检内设机构改革方案，增设未成年人检察机构	未
中央批准：杨志斌任陕西省委委员、常委	未
中央批准王宁、殷勇任北京市委常委(图/简历)	未
中央批准王宁、殷勇同志职务调整	未
中央批准王艳勇任中共贵州省委常委	未
中央批准王艳勇同志任中共贵州省委常委	未
中央批准：马顺清任天津市委常委(图/简历)	未
中央拨付４亿元农业生产救灾资金	未
中央接连发力，开出一拨新“药方”市场利好来了?	未
中央政府驻港联络办主任王志民对许晓晖女士逝世表示哀悼12月4日，中联办主任王志民对香港民政事务局原副局长全国妇联特邀代表许晓晖女士的逝世表示哀悼，并通过中联办宣文部负责人转达对其家属的慰问12月3日，许晓晖女士因病逝世，终年44岁	未
中央政治局会议传递2019年经济工作五大信号	未
中央政治局会议传递明年政策取向:经济求稳是主基调	未
中央政治局会议定调明年经济，机构解读来了！	未
中央政治局会议首提加快经济体制改革 未提房地产	未
中央政治局会议首提加快经济体制改革，未提房地产	未
中央政治局审议的新规 意义重大	未
中央政治局审议的这个新规意义重大  有关纪委权利	未
中央政法委长安剑：又见被偷走的人生！网友想要的是什么近日媒体爆出，河南许昌女子黄海霞25年前被堂姐顶替学籍，然又有人称报道不实。真相如何，纪委已介入调查。被偷走的人生再次引发热议，网友要的是什么厘清真相，遵守规则，改善制度。人们对冒名顶替上学的关注，就是对公平正义永恒的追求。又见被偷走的人生！网友想要的是什么	未
中央文明办部署2017年工作	未
中央机关13个处级岗位遴选，基层干部怎样“进京”？	未
中央机关公开遴选选调369名公务员	未
中央机关公开遴选选调369名公务员 今起开始报名	未
中央机关公开遴选选调369名公务员 今起开始报名今日起，2019年度中央机关公开遴选和公开选调公务员正式开始报名此次中央机关计划公开遴选和公开选调369名公务员中央机关遴选选调要招哪些人又都会考些什么戳一起看看吧（记者 阚枫）中央机关公开遴选选调369名公务员 今起开始报名	未
中央机关公开遴选选调369名公务员 今起开始报名今日起，2019年度中央机关公开遴选和公开选调公务员正式开始报名此次中央机关计划遴选和选调369名公务员从职位层级来看，遴选和选调的369名公务员中，遴选处级公务员13名，主任科员及以下334名，选调处级公务员22名从部门来看，参加此次公务员 ...全文	未
中央机关公开遴选选调369名公务员 今起报名	未
中央机关公开遴选选调公务员今起报名	未
中央机关公选369名公务员，还有南海一大波笋岗正在招人！	未
中央机关遴选选调公务员今起报名 将提供这些职位	未
中央气象台12月10日06时发布暴雪蓝色预警暴雪预警	未
中央气象台12月10日10时继续发布寒潮蓝色预警寒潮预警	未
中央气象台12月10日10时继续发布暴雪蓝色预警暴雪预警	未
中央气象台12月11日06时继续发布寒潮蓝色预警 网页链接	未
中央气象台12月11日18时解除寒潮蓝色预警 网页链接	未
中央气象台12月5日10时继续发布 寒潮 蓝色预警，蓝色区域的要注意添衣保暖了！但看这温度貌似跟广东海南台湾等橙色红色区域没啥太大的影响冬天 冷空气来了 超凶的冷空气来了	未
中央气象台12月7日06时继续发布寒潮蓝色预警寒潮预警	未
中央气象台12月8日06时继续发布寒潮蓝色预警 网页链接	未
中央气象台12月8日10时继续发布暴雪蓝色预警：大家要注意添衣保暖，减少不必要的户外活动，出行注意安全。网页链接 @中央气象台 气象生活 超凶降温 年度抗寒大戏	未
中央气象台12月8日10时继续发布暴雪蓝色预警： 网页链接	未
@中央气象台 ：12月8日18时继续发布暴雪蓝色预警 （截图来源：头条热搜）	未
中央气象台12月9日18时继续发布寒潮蓝色预警：9日夜间至11日，受冷空气影响，内蒙古中西部西北地区东部华北黄淮等地有46级偏北风，气温下降46，局地有10左右降温。我国中东部地区气温仍持续偏低，最低气温0线将位于江南北部至贵州中部一带，江淮江汉贵州中北部江南北部最低气温为-3-1。江南北部江汉东部江淮黄淮等地有小到中雪或雨夹雪，黄淮中东部的部分地区有大到暴雪。天气冷，大家可要多穿衣服啊明星真的不冷吗	未
中央气象台：中东部进“速冻”模式	未
中央气象台今晨继续发布台风蓝色预警	未
中央气象台再发大雾橙色预警：河北山东等地有浓雾	未
中央气象台再发橙色预警:河北山东上海等地有浓雾	未
中央气象台：冷空气来袭 大风降温降雪沙尘齐至	未
中央气象台发布大雾橙色预警 江苏、安徽等地有浓雾	未
中央气象台发布寒潮蓝色预警	未
中央气象台发布寒潮蓝色预警：贵州湖南等地局地降温超14冷冷冷今天，@中央气象台 继续发布寒潮蓝色预警，27日至31日，西北地区东部黄淮南部等地区将先后降温610，其中贵州东部湖南西部等地的部分地区降温1214，局地超过14。注意防寒保暖！转发提醒！ 冷得都紫了你家啥颜色了...全文	未
中央气象台发布暴雨黄色预警 江苏中部和南部这几天都有大暴雨	未
中央气象台发布暴雪橙色预警：安徽江苏局地大暴雪	未
中央气象台：新疆北部将有降雪和大风降温	未
中央气象台：未来三天强冷空气再度影响我国，南方地区多阴雨	未
中央气象台：真正的降温还在后面 全员6起步中央气象台12月6日6时继续发布寒潮蓝色预警：受强冷空气影响，预计6日白天至9日，中东部大部地区气温先后下降68，其中，东北华北黄淮江淮江南华南部分地区下降810，局地降温10以上。快戳图你们家降几度注意保暖！	未
中央气象台称长江中下游将有较强降雪，超凶降温上热搜今明两天，受冷暖空气共同影响，南方大部地区还将持续这样的阴雨雪天气。中央气象台预计，今天，江苏安徽浙江江西湖北湖南等地有中到大雪。详情点击：中央气象台称长江中下游将有较强降雪，超凶降温上热搜	未
中央气象台继续发布寒潮暴雪双预警 局地积雪可达20厘米今晨5时，江苏东部浙江江西南部广东东部和沿海地区等地降温46今晨，气温0线位于苏南南部河南南部至陕西南部一带  受强冷空气影响，8日至10日我国中东部地区气温将持续偏低9日早间最低气温0线将南压到江南北部至 ...全文	未
中央气象台继续发布寒潮暴雪双预警 局地积雪可达20厘米今晨5时，江苏东部浙江江西南部广东东部和沿海地区等地降温46。今晨，气温0线位于苏南南部河南南部至陕西南部一带。受强冷空气影响，8日至10日我国中东部地区气温将持续偏低。9日早间最低气温0线将南压到江南北部至贵州中部一带，江淮江汉贵州中北部最低气温为-3-1，江南北部和湖南西北部最低气温为-20。此外，8日至10日新疆北部和东部甘肃西北部内蒙古东部等地的部分地区有45级偏北风。中央气象台今晨6时继续发布寒潮蓝色预	未
中央气象台继续发布寒潮暴雪双预警 网页链接	未
中央气象台继续发布寒潮蓝色预警	未
中央气象台继续发布寒潮蓝色预警：未来三日我国中东部地区气温仍持续偏低(图)	未
中央气象台继续发布暴雪蓝色预警 多地中到大雪(图)	未
中央气象台继续发布暴雪蓝色预警：安徽浙江部分地区有暴雪	未
中央气象台继续发布暴雪预警多地中到大雪	未
中央气象台：苏皖沪浙等地现大雾，较强冷空气将影响北方地区	未
中央气象台连续第四天发布大雾橙色预警	未
中央派专项工作组入驻陕西 秦岭违建别墅现在怎样了	未
中央派专项工作组入驻陕西 秦岭违建别墅现怎样了?	未
中央环保督察回头看丨乌当区全力整治天诚花园污染问题	未
中央环保督察回头看典型案例通报丨湖北荆州市排污囗一堵了之 造成生活污水倒灌街面 群众反映强烈	未
中央环保督察回头看典型案例通报丨责任未压实 整改打折扣 安徽芜湖中央环保督察整改落实不力	未
中央环保督察回头看，安徽36人被问责！	未
中央环保督察回头看宿松问题整改....	未
中央环保督察回头看：息烽县督促整改两家养殖场粪污环境问题	未
中央环保督察“回头看”整改进行时丨南通海门下猛药治环境沉疴	未
中央环保督察“回头看”整改进行时 | 商铺油烟噪音扰民被责令整改	未
中央环保督察“回头看”整改进行时 | 武进铁腕治河，还百姓一泓清水	未
中央环保督察“回头看”整改进行时 | 算长远账，高邮一公司主动申请停产整治	未
中央环保督察回头看 江西共问责224人	未
中央环保督察回头看洮南市关东农贸市场综合施治解顽疾	未
中央环保督察回头看：贵州已刑拘10人约谈138人问责76人	未
中央环保督察回头看：贵州已刑拘10人约谈141人问责76人	未
中央环保督察回头看：贵州已刑拘10人约谈157人问责99人	未
中央环保督察回头看进行时兴县调查处理1件涉及群众切身利益的噪声扰民问题	未
中央环保督察回头看进行时北辛武：环境整治动真格 ，整改落实顺民意	未
中央环保督察安徽“回头看”结束 已问责57人	未
中央环保督察将围填海纳入督察范畴  接下来将系统评估各地围填海问题整改成效（答问七）例行新闻发布 请问生态环境部对围填海的情况是否了解，下一步有哪些举措对此，海洋生态环境司柯昶司长表示，中央环保督察将围填海纳入了督察范畴2016年以来，中央环保督察实现了11个沿海省（区市）的 ...全文	未
中央环保督察将围填海纳入督察范畴接下来将系统评估各地围填海问题整改成效（答问七）例行新闻发布 请问生态环境部对围填海的情况是否了解，下一步有哪些举措对此，海洋生态环境司柯昶司长表示，中央环保督察将围填海纳入了督察范畴。2016年以来，中央环保督察实现了11个沿海省（区市）的全覆盖。督察发现，部分地区确实是存在未批先填边批边填，批小填大围而不填填而不用的问题。根据中央环保督察反馈的意见，沿海省（区市）也制定了整改方案，对反映出的问题进行了整改。他表示，目前，中央环保督察正在开展回头看	未
中央环保督察组：吉林四平顶风而上，触目惊心！	未
中央环保督察组：四川内江市水污染整治工作滞后	未
中央环保督察组回头看向晋城交办新一批群众反映问题清单	未
中央环保督察组：安徽芜湖融汇化工长期偷排废水污染长江	未
中央环保督察组：山东违法销售柴油问题十分突出 执法监管走过场（第一财经）中央生态环保督察回头看《大气污染防治法》明确要求，禁止向汽车和摩托车销售普通柴油以及其他非机动车用燃料。但中央第三生态环境保护督察组近日发现，山东省物流运输企业违规使用普通柴油或其他高硫分燃油问题依然十分突出，柴油货车尾气污染严重。 中央环保督察组：山东违法销售柴油问题十分突出 执法监管走过场	未
中央环保督察组：山西吕梁刘胡兰镇每天近4000吨超标废水直排	未
中央环保督察组通报吉林一水源地保护区3.7万株生态涵养林被砍伐	未
中央环保督察组通报吉林一水源地保护区3.7万株生态涵养林被砍伐（新华社）中央生态环保督察回头看中央第一生态环境保护督察组23日通报，吉林省四平市在二龙山水库饮用水水源保护区内大搞旅游开发建设，侵占水库库区，砍伐3.7万株水源涵养林，严重破坏饮用水水源保护区生态环境  ...全文	未
中央环保督察组通报：山东工商部门整改做样子2018年11月1日，中央第三生态环境保护督察组进驻山东省开展回头看。发现山东省物流运输企业违规使用普通柴油或其他高硫分燃油问题依然十分突出，柴油货车尾气污染严重。督察发现，原山东省工商局作为整改责任主体没有认真履行整改职责，未就整改工作进行部署推进，整改任务目标完全落空，全省物流运输企业违规使用普通柴油或高硫分燃油问题依然普遍存在。主要问题包括：违规售油无人管督察整改做样子执法监管走过场。详情戳链接网页链接 @生态环境部	未
中央环保督察组通报：山东工商部门整改做样子2018年11月1日，中央第三生态环境保护督察组进驻山东省开展回头看发现山东省物流运输企业违规使用普通柴油或其他高硫分燃油问题依然十分突出，柴油货车尾气污染严重督察发现，原山东省工商局作为整改责任主体没有认真履行整改职责，未就整改工 ...全文	未
中央环保督察组：陕西宝鸡部分县区一刀切关停企业中央第二生态环境保护督察组今晚（29日）通报称，宝鸡市有关部门和部分县区为应对国家大气污染防治监督检查，采取集中断水断电的做法，要求有关企业停产停工，产生了不良的社会影响。督察发现，宝鸡市有关部门和部分县区平时不作为，检查时滥作为。宝鸡市一些县区和部门平时不作为慢作为，生态环境保护责任没有压紧压实。有关县区党委政府工作不深入，将散乱污企业摸排工作直接交由各镇村开展，标准不明确，要求不具体，导致摸排工作不严不实。中央环保督察组：陕西宝鸡部分县	未
中央环保督察组：陕西宝鸡部分县区一刀切关停企业中央第二生态环境保护督察组今晚（29日）通报称，宝鸡市有关部门和部分县区为应对国家大气污染防治监督检查，采取集中断水断电的做法，要求有关企业停产停工，产生了不良的社会影响督察发现，宝鸡市有关部门和部分县区平时不作为，检查时滥 ...全文	未
中央环保督察组首次“亮剑”的样板意义	未
中央环保督察问题整改进行时丹寨县环保督察组到亢家砂石厂广秀砂石厂检查复绿情况	未
中央环保督察问题整改进行时丹寨县环保督察组到企业开展环保督察工作	未
中央环保督察问题整改进行时州环境监测中心站监测组到丹寨县污水处理厂进行环保督察	未
中央环保督查回头看：贵州已刑事拘留10人约谈129人问责65人	未
中央环保督查组：安徽亳州谯城区弄虚作假应付督察	未
中央生态环保督察下沉 四地假装整改现原形（法制日报）中央生态环保回头看 对付中央生态环保督察提出的整改要求可谓是各有各的招数山东省东营市对近20万立方米危险废物和生活垃圾仅在表层覆盖上少量建筑垃圾，即宣告完成整改湖北荆州市对生活污水企图一堵了之，结果导致散发着恶 ...全文	未
中央生态环保督察回头看 11月28日，中央第四生态环境保护督察组向湖北移交督察组11月27日受理群众来电来信举报件84件。重点交办件5件，目前已全部交办到各市州。	未
中央生态环保督察回头看在山东威海荣成：矿山生态修复绿中求金初冬时节，记者走进荣成市夏庄镇河北崖村，站在村里向东北方向望去，只见山坡上有九层台阶的大型梯田，上面覆盖着成片的黑松，梯田脚下的耕地种满了过冬的小麦，耕地旁的池塘清澈见底好一派山清水秀的美景。以前可不是这样。一位村民告诉记者，原先这山被挖出个大口子，光秃秃的，难看得很。采石场的灰尘到处飘，村里成天灰蒙蒙的，有时衣服都不敢在院子里晾。 矿山生态修复绿中求金	未
中央生态环保督察回头看在山东 //@济南环保: 中央环保督察回头看 环保工作动态	未
中央生态环保督察回头看在辽宁市林业局开展专项排查整治 维护森林生态安全	未
中央生态环保督察回头看在辽宁：抚顺群众信访举报查处情况一览表 第二十二批（15件）	未
中央生态环保督察回头看我市对二环内6家商砼企业依法进行拆除	未
中央生态环保督察回头看 截至12月5日上午，中央第五生态环境保护督察组已累计向贵州省转办共三十一批信访投诉件，合计2681件。	未
中央生态环保督察回头看昔日污染户如今变身清洁卫士 从洗煤到环保建材的转型之路	未
中央生态环保督察回头看渭南商洛对环境问题认真查改 严肃问责	未
中央生态环保督察回头看省环保督察现场督办组分赴咸阳榆林延安督办环境信访问题	未
中央生态环保督察回头看，色达县被通报批评	未
中央生态环保督察“回头看”还原四地虚假整改真相	未
中央生态环保督察回头看金城区污水直排澽河问题整改完成	未
中央生态环保督察组向安徽转办第三十批信访件92件	未
中央生态环保督察组向我省转办第三十一批信访件109件	未
中央生态环保督察组：大连这个地区整改缓慢！	未
中央生态环保督察组曝光山东东营、湖北荆州2起整改不力典型	未
中央生态环保督察组累计向山东转办4881件信访件中央生态环保督察回头看在山东 7日，中央第三生态环境保护督察组向我省转办信访举报件42件，累计转办4881件。截至12月7日，中央第三生态环境保护督察组已向我省转办32批4881件信访举报件，我省交办4894件(其中1件涉1省直部门和1个市，7件涉及2个市，1件涉及3个市，1件涉及4个市)。至此，群众信访举报件转办全部结束。中央生态环保督察组累计向山东转办4881件信访件	未
中央生态环保督察组：贵州黔西南州兴仁市敷衍整改（中新网）中央生态环保督察回头看2018年11月14日，中央第五生态环境保护督察组在贵州省黔西南州兴仁市督察发现，兴仁市及其相关部门敷衍应对群众生态环境投诉举报问题，整改工作流于表面 中央生态环保督察组：贵州黔西南州兴仁市敷衍整改	未
中央生态环保督查回头看丨耿生茂到从江现场督导中央环保督察问题整改工作	未
中央生态环境保护督察回头看在辽宁高新区解决建筑工地扬尘和噪声污染问题	未
中央生态环境保护督察回头看整改进行时 中央生态环保督察组转办湖北省环境问题信访件84件11月28日，中央第四生态环境保护督察组向湖北省配合中央生态环境保护督察回头看联络组移交督察组11月27日受理群众来电来信举报件84件，其中来电73件，来信11件重点交办件5件，目前已全部交办到各 ...全文	未
中央生态环境保护督察组向大连转办第二十七批群众信访件96件	未
中央生态环境保护督察组向大连转办第二十三批群众信访件29件	未
中央生态环境保护督察组向大连转办第二十五批群众信访件83件	未
中央生态环境保护督查回头看吴鹏涂刚到南下建材市场督察环境整改情况	未
中央电视台报道：榆次10岁男孩，究竟是为什么	未
中央电视台正面报道：不要把医院当靠山，养生保健才是根本	未
中央电视台连续报道新疆克拉玛依12级大风，武警官兵星夜驰援解救被困群众	未
中央省级媒体组团而来，向全国讲述苏州公安的故事	未
中央督察组向我省转交第31批环境信访问题131件 已累计办结1178件	未
中央第一生态环境保护督察组 23 日通报，吉林省四平市在二龙山水库饮用水水源保护区内大搞旅游开发建设，侵占水库库区，砍伐 3.7 万株水源涵养林，严重破坏饮用水水源保护区生态环境。（新文化）	未
中央第七巡视组对住房城乡建设部党组开展脱贫攻坚专项巡视工作动员会召开	未
中央第三生态环保督察组向我省转办群众信访举报件情况（第三十一批）中央生态环保督察回头看在山东 12月2日，督察组向我省转办信访举报件198件，累计转办4839件。本批转办的信访举报件，涉及17市，涉及环境问题359个，其中，中央第三生态环境保护督察组重点关注的标问题12件。当日，上述信访举报件已全部交办各市。 中央第三生态环保督察组向我省转办群众信访举报件情况(第三十一批)	未
中央第三生态环保督察组向我省转办群众信访举报件情况(第二十三批) 中央生态环保督察回头看在山东 11月24日，中央第三生态环境保护督察组向我省转办信访举报件158件，累计转办3398件。本批转办的信访举报件，涉及环境问题271个。其中，中央第三生态环境保护督察组重点关注的标问题16件。 当日，上述信访举报件已全部交办各市。 中央第三生态环保督察组向我省转办群众信访举报件情况(第二十三批)	未
中央第三生态环保督察组向我省转办群众信访举报件情况（第二十九批）中央生态环保督察回头看在山东 11月30日，督察组向我省转办信访举报件205件，累计转办4475件。本批转办的信访举报件，涉及环境问题333个，其中，中央第三生态环境保护督察组重点关注的标问题41件。当日，上述信访举报件已全部交办各市。 中央第三生态环保督察组向我省转办群众信访举报件情况(第二十九批)	未
中央第三生态环保督察组向我省转办群众信访举报件情况（第二十二批）中央生态环保督察回头看在山东11月23日，督察组向我省转办信访举报件191件，累计转办3240件。本批转办的信访举报件，涉及17市，涉及环境问题323个，其中，中央第三生态环境保护督察组重点关注的标问题20件。当日，上述信访举报件已全部交办各市。 中央第三生态环保督察组向我省转办群众信访举报件情况(第二十二批)	未
中央第三生态环保督察组向我省转办群众信访举报件情况（第二十八批）中央生态环保督察回头看在山东 11月29日，督察组向我省转办信访举报件209件，累计转办4270件。本批转办的信访举报件，涉及17市，涉及环境问题341个，其中，中央第三生态环境保护督察组重点关注的标问题16件。当日，上述信访举报件已全部交办各市。 中央第三生态环保督察组向我省转办群众信访举报件情况(第二十八批)	未
中央第三生态环境保护督察组向安徽省 转办第三十一批信访件109件	未
中央第三生态环境保护督察组向安徽省 转办第三十批信访件92件	未
中央第三生态环境保护督察组向安徽省 转办第二十七批信访件80件	未
中央第三生态环境保护督察组向安徽省 转办第二十五批信访件91件	未
中央第三生态环境保护督察组向我省转办群众信访举报件情况汇总中央生态环保督察回头看在山东 截至12月7日，中央第三生态环境保护督察组已向我省转办32批4881件信访举报件，我省交办4894件（其中1件涉1省直部门和1个市，7件涉及2个市，1件涉及3个市，1件涉及4个市），涉及环境问题8359个。4881件信访件中，督察组重点关注（标）案件738件。 中央第三生态环境保护督察组向我省转办群众信访举报件情况汇总	未
中央第三生态环境保护督察组转办信访举报件办理情况（第三十二批）中央生态环保督察回头看在山东 中央第三生态环境保护督察组转办第三十二批信访举报件共计42件（全部为来信）。截至12月12日，该批次已全部办结，现予以公开。办理情况：责令整改26家，立案处罚3家，罚款金额7.02万元。网页链接	未
中央第三生态环境保护督察组转办信访举报件办理情况（第二十一批）中央生态环保督察回头看在山东 中央第三生态环境保护督察组转办第二十一批信访举报件共计155件（来电94件来信61件）。截至12月1日，已办结143件，现予以公开正在办理12件，待办理完毕后，一并向社会公开。办理情况：责令整改249家，立案处罚17家，罚款金额159.02万元。对相关责任人员约谈2人，问责6人。网页链接	未
中央第三生态环境保护督察组转办信访举报件办理情况（第二十七批）中央生态环保督察回头看在山东 督察组转办第二十七批信访举报件共计181件（来电115件来信66件）。截至12月7日，已办结176件，现予以公开正在办理5件，待办理完毕后，一并向社会公开。办理情况：责令整改114家，立案处罚13家，罚款金额158.94万元。对相关责任人员约谈1人，问责2人。网页链接	未
中央第三生态环境保护督察组转办信访举报件办理情况（第二十三批）中央生态环保督察回头看在山东 中央第三生态环境保护督察组转办第二十三批信访举报件共计158件（来电92件来信66件）。截至12月3日，已办结142件，现予以公开正在办理16件，待办理完毕后，一并向社会公开。办理情况：责令整改141家，立案处罚9家，罚款金额70.095万元。对相关责任人员问责9人。网页链接	未
中央第三生态环境保护督察组转办信访举报件办理情况（第二十二批）中央生态环保督察回头看在山东 中央第三生态环境保护督察组转办第二十二批信访举报件共计191件（来电113件来信78件）。截至12月2日，已办结170件，现予以公开正在办理21件，待办理完毕后，一并向社会公开。办理情况：责令整改129家，立案处罚14家，罚款金额199.41万元。对相关责任人员约谈1人，问责2人。网页链接	未
中央第三生态环境保护督察组转办信访举报件办理情况（第二十八批）中央生态环保督察回头看在山东 中央第三生态环境保护督察组转办第二十八批信访举报件共计209件（来电118件来信91件）。截至12月8日，已办结204件，现予以公开正在办理5件，待办理完毕后，一并向社会公开。办理情况：责令整改146家，立案处罚22家，罚款金额312.7208万元。对相关责任人员约谈3人，问责12人。网页链接	未
中央第三生态环境保护督察组转办信访举报件办理情况（第二十四批）中央生态环保督察回头看在山东 中央第三生态环境保护督察组转办第二十四批信访举报件共计168件（来电99件来信69件）。截至12月4日，已办结154件，现予以公开正在办理14件，待办理完毕后，一并向社会公开。办理情况：责令整改124家，立案处罚12家，罚款金额73.996万元。对相关责任人员约谈1人，问责1人。网页链接	未
中央第三生态环境保护督察组转办信访举报件办理情况（第十七批）中央生态环保督察回头看在山东 中央第三生态环境保护督察组转办第十七批信访举报件共计157件（来电93件来信64件）。截至11月27日，已办结133件，现予以公开正在办理24件，待办理完毕后，一并向社会公开。办理情况：责令整改156家，立案处罚11家，罚款金额227.3万元。对相关责任人员问责6人。网页链接	未
中央第三生态环境保护督察组转办信访举报件办理情况（第十三批）中央生态环保督察回头看在山东 中央第三生态环境保护督察组转办第十三批信访举报件共计162件（来电111件来信51件）。截至11月23日，已办结135件，现予以公开正在办理27件，待办理完毕后，一并向社会公开。办理情况：责令整改119家，立案处罚19家，罚款金额161.99万元。对相关责任人员约谈6人，问责8人。网页链接	未
中央第三生态环境保护督察组转办信访举报件办理情况（第十九批）中央生态环保督察回头看在山东 中央第三生态环境保护督察组转办第十九批信访举报件共计134件（来电99件来信35件）。截至11月29日，已办结117件，现予以公开正在办理17件，待办理完毕后，一并向社会公开。办理情况：责令整改80家，立案处罚12家，罚款金额162.4万元。对相关责任人员问责8人。网页链接	未
中央第三生态环境保护督察组转办信访举报件办理情况（第十五批）中央生态环保督察回头看在山东 中央第三生态环境保护督察组转办第十五批信访举报件共计179件（来电113件来信66件）。截至11月25日，已办结151件，现予以公开正在办理28件，待办理完毕后，一并向社会公开。办理情况：责令整改96家，立案处罚8家，罚款金额29.65万元。对相关责任人员约谈2人，问责5人。中央第三生态环境保护督察组转办前批次新办结信访举报件同时予以公开。网页链接	未
中央第三生态环境保护督察组转办信访举报件办理情况（第十六批）中央生态环保督察回头看在山东 督察组转办第十六批信访举报件共计174件（来电114件来信60件）。截至11月26日，已办结148件，现予以公开正在办理26件，待办理完毕后，一并向社会公开。办理情况：责令整改129家，立案处罚17家，罚款金额227.36万元公安机关立案侦查1件，行政拘留1人。对相关责任人员约谈1人，问责9人。网页链接	未
中央第三生态环境保护督察组转办信访举报件办理情况（第十四批）中央生态环保督察回头看在山东中央第三生态环境保护督察组转办第十四批信访举报件共计167件（来电112件来信55件）。截至11月24日，已办结136件，现予以公开正在办理31件，待办理完毕后，一并向社会公开。办理情况：责令整改163家，立案处罚10家，罚款金额78.4973万元。对相关责任人员问责4人。网页链接	未
中央第二生态环境保护督察组回头看进行时我市加大力度治理柴油货车和散装物料运输车污染	未
中央第二生态环境保护督察组进驻陕西省开展环境保护督察回头看督察公告	未
中央第五生态环保督察组向贵州转办第二十三批信访件	未
中央第五生态环境保护督察组向四川移交第三十一批信访件119件 中央生态环保督察回头看 12月3日，中央第五生态环境保护督察组向四川移交第三十一批群众来信来电信访件119件，其中，来电78件，来信41件，涉及各类生态环境问题171个@四川环保	未
中央第五生态环境保护督察组向四川移交第二十九批信访件109件12月1日，中央第五生态环境保护督察组向四川移交第二十九批群众来信来电信访件109件，其中，来电57件，来信52件，涉及各类生态环境问题156个。从污染类型看，反映大气污染问题44个噪音污染问题34个水污染问题34个土壤污染问题9个生态破坏问题8个其他污染问题27个。（四川环保）	未
中央第五生态环境保护督察组向四川移交第二十五批信访件107件11月27日，中央第五生态环境保护督察组向四川移交第二十五批群众来信来电信访件107件，其中，来电71件来信36件，涉及各类生态环境问题154个。	未
中央第五生态环境保护督察组向我省移交第二十一批信访件152件11月23日晚，中央第五生态环境保护督察组向我省移交第二十一批群众来信来电信访件152件，其中，来电71件，来信81件，涉及各类生态环境问题242个。（四川环保）	未
中央第五生态环境保护督察组向毕节市转办群众信访件情况（11月24日）	未
中央第五生态环境保护督察组向毕节市转办群众信访件情况（11月25日）	未
中央第五生态环境保护督察组向毕节市转办群众信访件情况（11月29日）	未
中央第五生态环境保护督察组向毕节市转办群众信访件情况（12月1日）	未
中央第五生态环境保护督察组向贵州转办第二十一批信访件	未
中央第五生态环境保护督察组向贵州转办第二十二批信访件	未
中央第五生态环境保护督察组向贵州转办第二十八批信访件	未
中央第五生态环境保护督察组向贵州转办第二十六批信访件	未
中央第五生态环境保护督察组向贵州转办第二十批信访件	未
中央第五生态环境保护督察组：已整改完成8611个 整改完成率94.96日，省生态环境厅召开了组建以来的第一次新闻发布会，通报了全省贯彻落实《关于全面加强生态环境保护坚决打好污染防治攻坚战的实施意见》情况和今年来我省生态环境质量总体情况。记者从会上了解到，今年1-11月，全省优良天数率为85.3全省87个国考断面地表水水质优良断面占比87.4中央第五生态环境保护督察组移交信访件涉及的9070个各类环境问题已整改完成8611个，整改完成率94.9。成都日报社出版	未
中央第五生态环境保护督察组：已整改完成8611个 整改完成率94.96日，省生态环境厅召开了组建以来的第一次新闻发布会，通报了全省贯彻落实关于全面加强生态环境保护坚决打好污染防治攻坚战的实施意见情况和今年来我省生态环境质量总体情况记者从会上了解到，今年1-11月，全省优良天数率为85. ...全文	未
中央第十一巡视组向住房和城乡建设部党组反馈巡视情况	未
中央第十一巡视组巡视住房和城乡建设部党组工作动员会召开	未
中央第四环保督察组向江苏移交信访问题线索	未
中央第四环保督察组向江苏移交第十九批问题线索	未
中央累计投入农机购置补贴2000多亿	未
中央纪委下发这个通知后 各地统一行动	未
中央纪委办公厅印发《关于认真学习贯彻〈党组讨论和决定党员处分事项工作程序规定...	未
中央纪委国家监委印发管理办法 规范派驻（派出）机构措施使用	未
中央纪委国家监委印发管理办法规范派驻（派出）机构措施使用	未
中央纪委国家监委：如何追责生态环保领域形式主义官僚主义？	未
中央纪委国家监委：干部档案很重要 这些事不能搞	未
中央纪委国家监委派驻机构出台制度强化自我监督	未
中央纪委国家监委：珠海这名红通人员回国投案了	未
中央纪委国家监委转隶干部有新岗位	未
中央纪委点名的两“虎” 与一个地方有关	未
中央纪委首次举动的背后 是一项重要部署	未
中央纪委驻审计署原纪检组组长、审计署原党组成员郑振涛和广东省政协党组成员、副...	未
中央纪委驻审计署原纪检组组长、审计署原党组成员郑振涛和广东省政协党组成员、副主席邓海光...	未
中央纪委驻审计署原纪检组组长、审计署原党组成员郑振涛和广东省政协党组成员、副主席邓海光因社会救助工作领导不力被问责	未
中央组织部负责人就印发《中国共产党支部工作条例（试行）》答记者问	未
　　——中央组织部负责人就印发《中国共产党支部工作条例（试行）》答记者问（1）	未
　　——中央组织部负责人就印发《中国共产党支部工作条例（试行）》答记者问（2　全文完）	未
中央经济会议：将实施更大规模减税	未
中央经济会议：解决好民企和小微企融资难融资贵问题	未
中央经济工作会议专家看中央经济工作会议:楼市严调控不改 避免一刀切备受关注的中央经济工作会议于12月19日至12月21日在京召开。会议指出，要构建房地产市场健康发展长效机制，坚持房子是用来住的不是用来炒的定位，因城施策分类指导，夯实城市政府主体责任，完善住房市场体系和住房保障体系。网页链接	未
中央经济工作会议：中央经济工作会议明确2019年7大重点工作任务	未
中央经济工作会议：中央经济工作会议明确资本市场改革方向	未
中央经济工作会议全文发布！实施更大规模减税	未
中央经济工作会议全文发布！实施更大规模减税降费	未
中央经济工作会议决定不减税不降费？国务院回应	未
中央经济工作会议决定不减税不降费？国务院金融委：与事实相反	未
中央经济工作会议前瞻：经济增速或下调 聚焦减税降费	未
中央经济工作会议召开，明确七项重点工作任务，看看机构们怎么说	未
中央经济工作会议召开 这些“关键信息”事关你我！	未
中央经济工作会议后 这些书记省长在京“敲定”几件事	未
中央经济工作会议后，这些书记省长在京敲定几件事	未
中央经济工作会议后，这些书记省长在京“敲定”几件事儿	未
中央经济工作会议后 这些书记省长“敲定”几件事	未
中央经济工作会议后 这些书记省长＂敲定＂几件事	未
中央经济工作会议定调！向制度型开放转变，允许更多领域实行独资经营	未
中央经济工作会议定调 明年楼市三大信号	未
中央经济工作会议定调，明年楼市三大信号	未
中央经济工作会议定调楼市 明年地方政策或将更多微调	未
中央经济工作会议:实施更大规模的减税降费	未
中央经济工作会议：实施更大规模的减税降费	未
中央经济工作会议：实施更大规模的减税降费e公司快讯 e公司讯，中央经济工作会议指出，宏观政策要强化逆周期调节，继续实施积极的财政政策和稳健的货币政策，适时预调微调，稳定总需求积极的财政政策要加力提效，实施更大规模的减税降费，较大幅度增加地方政府专项债券规模稳健的货币政策要松紧适度，保持流动性合理充裕，改善货币政策传导机制，提高直接融资比重，解决好民营企业和小微企业融资难融资贵问题。 网页链接	未
中央经济工作会议：实施更大规模的减税降费(全文)	未
中央经济工作会议对货币政策表述变了，从中性变为松紧适度	未
中央经济工作会议对货币政策表述变了 从中性变为松紧适度财联社12月21日讯，中央经济工作会议对货币政策的定调发生了一些改变。对比来看，今年中央经济工作会议对货币政策的表述有了一些变化。首先，对稳健货币政策的要求变了，从要保持中性改成了要松紧适度。其次，今年中央经济工作会 ...全文	未
中央经济工作会议：必须及时回应社会关切 有针对性主动引导市场预期会议指出，一年来，我们在实践中深化了对做好新形势下经济工作的规律性认识：必须坚持党中央集中统一领导，发挥掌舵领航作用必须从长期大势认识当前形势，认清我国长期向好发展前景必须精准把握宏观调控的度，主动预调微调强化政策协同必须及时回应社会关切，有针对性主动引导市场预期必须充分调动各方面积极性，形成全局工作强大合力。	未
中央经济工作会议：我国发展仍处于并将长期处于重要战略机遇期	未
中央经济工作会议：房地产不提“调控”，强调分类指导和地方政府负主体责任	未
中央经济工作会议：把更多救命救急好药纳入医保	未
中央经济工作会议提民营银行、社区银行，城商行、农商行要回归本源	未
中央经济工作会议：明年我国将实施更大规模的减税降费	未
中央经济工作会议明确2019年7大重点工作任务	未
中央经济工作会议明确资本市场改革方向	未
中央经济工作会议：注重解决小农户生产经营困难	未
中央经济工作会议：用货币政策熨平经济周期波动，要求发展中小银行机构	未
中央经济工作会议要点版： 强调减税降费房住不炒	未
中央经济工作会议：解决好民企小微企融资难融资贵问题	未
中央经济工作会议:货币政策表述变为＂要松紧适度＂	未
中央经济工作会议：这些新表述究竟有何深意？	未
中央经济工作会议透露出的2019年经济工作信息	未
中央经济工作会议闭幕 明确供给侧结构性改革八字方针	未
中央经济工作会议首推制度性开放，允许更多领域实行独资经营	未
中央统战部捐助甘肃积石山因病返贫家庭和贫困大学生	未
中央统战部调研组到东兴市开展脱贫攻坚民主监督调研	未
中央网信办大型网络传播活动走进新洲  全国数十家网络媒体来访	未
中央网信办：正研究建立互联网领域失信黑名单制度	未
中央网信办移动网络管理局副局长卢岚任山东省委网信办主任	未
中央网媒网络名人今天去了资阳这些地方...	未
中央财政一共是13万亿，年年花光，还有财政赤字。如果减税五万亿，那要撤销多少机构，你说可能吗我再回家想想。	未
中央财政每年投入500亿元用于贫困儿童早期教育可行吗？	未
中央财经大学教授黄震：区块链可采用柔性监管、纳入式监管和包容式监管(图)	未
中央车改办发布地方车改进展	未
中央遴选选调公务员共369人 其中遴选处级公务员13名	未
中央部署对32单位开展专项巡视 对4省市“回头看”	未
中央音乐学院副院长周海宏：我为何呼吁一生至少要学一件乐器	未
《中央预算内投资补助和贴息项目管理办法》　2016年第45号令	未
中央领导为什么都高寿，去看看他们天天吃什么！怎么吃！	未
中央高层频赴新疆调研 通稿透露出这些细节	未
中央高层频赴新疆调研 通稿透露诸多细节	未
中奖公示丨全国交通安全日！网友最关注的安全细节竟是Ta！	未
中奖几率比较大，转了//@发现泰安: //@说互联网:猪浪来了狗浪就没人要了吗	未
中奖名单你们的感恩节留言把豚豚看哭了(    )！	未
中奖名单：@酱mushroom蘑菇@爱吃西瓜de猪宝宝@断翅的青叶儿梦1991@翘楚006@听闻早有人@想想想想改个不土土土土土的昵称@请给坏命运一记响亮的耳光@_酒馆听书人_@此间悠然见南山@如是花也@小哼53770@L偲_9821@婉了个霞的要看书看到128岁@wbxay@鹿与黄海。领奖链接：网页链接，截止日期11.26	未
中奖名单：@陌陌陌上寒烟@虎崽崽吃奶酪@Sqwerty2018@这星球的咩咩@若羽的夏天@benzhuheshalv@广嘉祺生@海漂风不曾离开@是雨梦呀@浅语and亦然@姈奺@callme火炉夫人@interrysta@永平街wt@沁省。领奖链接：网页链接，截止日期12.15	未
中奖名单：@青春无畏的我们@某人威@小怪兽请起立@狭隙再生@Eileen2011么么哒@布鱼娃娃--邢_800@肖娅daytoy@小灰姑娘1114@我的先生还没来这儿@空空的脚印@春天的困惑88730@爱Kun无限@彌儞薾@Kim-Ouyang@偏偏君子来。领奖链接：网页链接，截止日期12.8	未
中奥名雅居业主：我老公被物业打了  物业：相互间有推搡，没有打人	未
中字全程：小布什在父亲葬礼上致悼念演讲	未
中字全程：小布什致悼念演讲	未
中孚实业：拟停产林丰铝电并转移产能，涉电解铝产能25万吨	未
中学体育老师受贿44万 为11名学生办运动员证	未
中学女生宿舍被害：生前拒绝凶手表白	未
中学女生宿舍被害：生前曾拒绝凶手表白	未
中学宿舍杀人事件	未
中学宿舍杀人事件17岁的女生李悠悠（化名）被杀害了。凶手是同班男生20岁的袁某。2018年11月19日凌晨5时许，袁某潜入李悠悠宿舍，将其捅伤致死，后袁某自杀未遂，被送往医院救治。据警方披露的消息，当事双方均为巴中中学龙湖校区高2019届30班学生。该班是高考复读班。 四川一高考复读生表白被拒后杀死同班女生	未
中学宿舍杀人事件：男生疑求爱被拒，凌晨剪断防盗栏潜入行凶	未
中学强制学生食堂消费 校方:避免学生购买三无食品	未
中学教师开放型在线辅导 通州试点	未
中学生一个月8000零花钱孩子，当你们有点炫耀地说出自己上月花了多少零花钱时，深深地震惊！想问问你们，你们父母亲每月能挣多少钱他们每月自己会花多少零花钱你们花这么多零花钱干了什么也许你们的父母都是有钱人，不在乎这点钱，但你们是学生，主业是学习，你们还要另外平均每天花上20030 ...全文	未
中学生一个月8000零花钱对8起，我拉低了零花钱水平	未
中学生一个月8000零花钱 我当时是500，你们呢	未
中学生太痴情，单膝跪地向女老师求婚	未
中学门口垃圾桶出现弃婴爱心人士可领养网传启事是假的	未
中学“魔方课程”：300多小学师生集体露营	未
中宁12月份停电信息，请网友们相互转告！	未
中宁一半哑女子寒冬离家出走杳无音讯，望广大网友动动手指帮忙寻找	未
中宁人的朋友圈最近下起了红包雨这次你总能抢得到！	未
中宁近期以下地区要停电，请网友们相互转告！	未
中安联合煤制烯烃项目空分装置实现整体建成中交（装置多图预警）	未
中宣部冯士新：首批部分游戏已完成审核 正抓紧核发版号	未
中宣部冯士新：首批部分游戏已经完成审核 正在抓紧核发版号	未
中宣部出版局副局长：部分游戏已完成审核，正抓紧核发版号	未
中宣部司法部全国普法办联合印发通知 部署学习宣传民法总则	未
中宣部 司法部 全国普法办部署开展首个“宪法宣传周”活动	未
中宣部版权局：首批部分游戏已经完成审核，正在抓紧核发版号	未
中宣部：部分游戏正在核发版号	未
中宣部：首批部分游戏已完成审核 在抓紧核发版号2018中国游戏产业年会召开，中宣部出版局副局长冯士新在会上表示，首批送审游戏已经完成审核，正在抓紧核发版号，但申报游戏存量很大，需要时间消化，希望大家保持耐心。 网页链接	未
中宣部:首批部分游戏已完成审核 正在抓紧核发版号	未
中导条约，美国，我们不签！	未
中将谈台海局势：火山即将爆发	未
中小V快速涨粉技巧。把所有骂你的人，立即拉黑。这些喜欢骂的人，都是心胸狭隘，肯定会跳起脚，无休无止的在其他微博里给你做广告。你等于收获了无数次的免费宣传，失去的只是几个毫无价值的黑粉而已。一本万利。	未
中小企协新能源汽车服务业分会在深圳挂牌	未
中小创跌不动了！！！	未
中小券商瑟瑟发抖	未
中小学教师资格考试面试12月11日开始报名记者从四川省教育考试院网站了解到，2018年下半年国家中小学教师资格考试面试将于2019年1月5日至6日进行，考生须在2018年12月11日9：00至12月15日24:00登录中小学教师资格考试网站（网页链接）进行网上报名（四川发布客户端消息）	未
中小学有声语文第二批教材上线	未
中小学生减负调查：三成学生睡眠不足8小时，补习班年均费用12000元	未
中小板指估值创十年最低水平！机会来了这些数据不可不看离A股2018年结束仅剩3个交易日，从目前走势来看，中小板几乎不可能翻盘。近十年来，中小板指年度跌幅最大的1次出现在2011年，当年中小板指下跌37.09。截至最新收盘，中小板指今年累计跌幅36.66，距离十年来最差表现也只有一步之遥。中小板指估值创十年最低水平！机会来了这些数据不可不看	未
中小银行再迎上市潮：投资资产占比过重 资本补充“压力山大”	未
中小银行年底忙筹资 两银行相继公布上市筹备进度	未
中小银行年末流动性承压	未
中小银行数字化转型步履维艰？ 自贡银行选择借力壹企银“C位出道”	未
中小银行港股IPO后“无人问津”，九江银行上市三月股价“一条直线”	未
中层管理岗位！南宁轨道交通集团有限责任公司招聘公告	未
中山8天4宗车辆落水，5人死亡！交警一查有大发现	未
中山一小学到饶洋镇中心小学送教及帮扶活动	未
中山人明年将告别纸质高铁票！用它走天下，至于报销	未
中山人见到这2条粉肠请报警！5.5万奖金就是你的！	未
中山古镇镇收废品人员私自处理废弃油罐引爆燃 3死2伤	未
@中山司机，全国统一查酒驾时间表定了！持续至明年，每天必检！	未
中山城区89个主要交通路口红灯将允许右转！还有	未
中山城区89个交通路口行车规则有变！西区就有两个，地点在	未
中山大学微纳器件材料项目招聘百人计划副教授（有编制）	未
@中山大学 校友，罕见高清照片曝光！快看看	未
中山本周新开一条大站快线，沿途经过多处景区！还有这些调整	未
中山机构设置限额47个以内！一图带你读懂广东市县机构改革	未
中山某家酒吧，案例爆料	未
中山植物园“枫”情万种	未
中山男子刮痧后，腰背剧痛还肾出血刮痧禁忌有哪些	未
中山男子铁钉扎伤脚，差点丢了命！这些伤口一定要注意	未
@中山街坊，以后不出门也能逛遍中山这个大型连锁商场啦！开业时间	未
@中山街坊，即日起这项缴费方式调整，小心欠费被停用！	未
@中山街坊，明后天这些地方要停水！最长持续近10小时	未
中山金马中签号出炉 共2万个	未
中山金马中签结果出炉	未
中州中路在洛阳引起轰动！一大波人正在赶来的路上！	未
中州大道农业高架3车事故 北向南车行缓慢记者冰霜从交警一大队了解到：中州大道农业路高架北向南下桥口有一起3车事故正在处理，后方出现了车辆通行缓慢的情况，请下桥的车友稍加等待	未
中州的居民很有问题城毁了：打牌在废墟中看到人第一句话：打牌报复老公的方法：打牌转移资产死前最后的心愿：打牌	未
中工国际发行股份购买中国中元国际工程有限公司100%股权获国机集团批复	未
中巴空军举行“雄鹰-Ⅵ”联合训练	未
中巴经济走廊：在荆棘中延伸	未
中巴经济走廊特区将生产新战机?	未
中巴联合公报	未
中巴 “雄鹰-Ⅶ”联训明日开始  中国多型飞机参训	未
中年人有没有撒娇的权利有的但你一般不能使用这种权利	未
中年人的丧与爱这些书可以陪你度过	未
中年危机交流群	未
中年男人一开始锻炼身体，就有情况。	未
中年男子偷内裤成瘾，男式女式都不放过	未
中建一局19.45亿竞得顺义后沙峪共有产权住房地块	未
中建路桥：为改革开放铺路架桥	未
中建路桥：为改革开放铺路架桥(图)	未
中式老房	未
中弘退上演“心电图”走势，退市整理期首次触及涨停	未
中弘退只剩4个交易日 12家信托身陷其中年初以来，中弘退股价已经跌去近90，截至12月21日收盘，其收盘价为0.24元，成为首例因股价低于每股面值的退市股票。按照交易所的安排，自11月16日起进入退市整理期的中弘退，12月27日将是其在A股最后一个交易日，还有4个交易日，其在A股8年生命周期将彻底终结。踩雷的信托公司多达12家，分别为安信信托交银国际信托华融信托中建投信托山东信托光大信托吉林信托华澳信托国民信托西藏信托厦门信托陕国投。12家信托公司涉及的债务余额合计68.41	未
中弘退市警钟犹在耳上市公司高送转须谨慎	未
中弘退：新增逾期债务本息合计6.11亿元	未
中弘退正式退市！收盘市值18.5亿 数十万股东踩雷 截至今日收盘，中弘退走完最后一个退市整理日，正式退市。进入退市整理交易日以来，中弘退股价累计再跌去71.62，这也使得其持有的投资者亏损严重。此外，累计成交超过10亿元，累计换手率为47.35，接近半数筹码换手，若剔除大股东等被锁定的股份，实际流通股换手率还会更高一些。与以往一些退市公司股本规模相对较小不同，中弘股份股本规模庞大，持有其股票的投资者数量众多，截至今年三季度，公司股东户数仍高达27万户。（来源: 网易财经）中弘退正式退市！收盘市值	未
中弘退：累计逾期债务本息合计114.64亿元公司及下属控股子公司近日新增逾期债务本息合计20.37亿元，全部为各类借款截至目前，公司及下属控股子公司累计逾期债务本息合计为114.64亿元（近期公司及子公司偿还了部分借款），全部为各类借款中弘退：累计逾期债务本息合计114.64亿元	未
中弘退：预计公司股票将于12月27日后被终止上市	未
中德企业：从陌生的“二里沟先生”  到相互信任的“自家人”	未
中心化交易所的去中心化解决方案blockchain.io	未
中心城区南同蒲铁路以南人民路沿线区域供热热源切换为晋建热电公司	未
中心城这30个公共场所已实现无线覆盖具体地点见文末	未
中惠旅拟申请终止新三板挂牌	未
中意吃红番薯的阳江人注意咯！现在知道还不晚	未
中成股份：签订4776万美元项目合同	未
中房协副会长冯俊：企业家要赚钱也要承担社会责任企业家不仅仅要赚钱，在经济发展的同时，一定是要履行社会责任，让更多的老百姓来享受美好生活，这才是企业家的责任。微博正文	未
中投保以信用担保破题绿色金融	未
中投保发布首份社会责任报告	未
中投保发布首份社会责任报告七信修为，践行社会责任	未
中投副总刘珺：全球化将进入“全宇化”新阶段	未
中招没广西某酒店暗藏针孔摄像头，外出注意了！	未
中指研究院预计：2019年房地产市场规模高位回落 价格稳字当头	未
中播帮帮团 念稿件一直都一个调调	未
中文名马	未
中文在线拟1.1亿元收购全美在线8%股权 瞄准千亿在线教育市场	未
中文在线 拟收购全美在线8%股权	未
中文在线拟收购全美在线8%股权 扩大用户规模	未
中文域名已在互联网世界开拓出自己的天地	未
中文已经这么6了//@五行属二:谁愿意买个科比，我愿意买个科比//@小花唐:武大郎：滚 不卖！	未
中文教学在西班牙结硕果	未
中文明年将被纳入俄国家统一考试外语科目	未
中文明年将被纳入俄罗斯国家统一考试外语科目	未
“中文是今天的语言”——西班牙的中文热侧记	未
中文版宣传视频！	未
中新网报道称，公安部今天通报，即日起居民身份证相片「多拍优选」。如果拍的照片不满意，可申请重拍 3 次，从中优选满意相片。已办理过身份证的，2 年内再次申领居民身份证时，可使用原相片办理。	未
中新网：要想解决中国足球的顽疾，那就让球员再“穷”一点	未
中方：世行报告未提及“建议中国加大力度纠正贸易不公平行为”	未
中方二度回击美“网络窃密”无端指责：邪不压正	未
中方：各方开展对非合作时，应更多倾听非方的声音	未
中方回应两艘美国军舰通过台湾海峡：敦促美方慎重处理涉台问题	未
中方回应“中美发布声明有差别”	未
中方回应中美磋商:有信心落实	未
中方回应“孟晚舟持有几国护照”	未
中方回应孟晚舟被拘押：美、加应立即澄清立即放人	未
中方：国际社会开展对非合作应更多倾听非方声音	未
中方在东海开采油气日方提出抗议 外交部回应	未
中方在加拿大驻华使馆外增派警力?陆慷这样回答	未
中方如何看待美方从阿富汗撤军这一决定？中方回应	未
中方官员出席外事活动 集体穿中山装怎么回事？	未
中方：对在相互尊重基础上开展人权对话持开放态度	未
中方：对在相互尊重的基础上开展人权交流与对话持开放态度	未
中方：将继续本着科学的原则处理日本食品输华问题	未
中方就中印即将举行联合军演作出回应：希望有个好结果	未
中方就越共总书记访华、蔡英文“过境”美国等答问	未
中方已向美加两国进行了严正交涉，要求它们立即纠正错误做法，恢复孟晚舟女士的人身自由。微博赚钱季	未
中方已向美加两国进行了严正交涉，要求它们立即纠正错误做法，恢复孟晚舟女士的人身自由。我们将密切关注事态发展，采取一切行动坚决维护中国公民合法权益。	未
中方：希望美方忠实履行对多边贸易体制的义务	未
中方希望英欧双方最终就脱欧问题达成共识	未
中方：投资领域安全审查不应成为推行保护主义的工具	未
中方提出世贸组织改革的三个基本原则和五点主张	未
中方援助柬埔寨20台大巴“流动诊所”在金边移交	未
中方支持对WTO进行必要改革以增强其权威性	未
中方敦促有关国家切实尊重中国司法主权	未
中方敦促美加两方，立即对拘押理由作出澄清并立即释放被拘押人员！	未
中方是否同意公布中菲签署油气开发合作谅解备忘录？外交部回应	未
中方是否已恢复购买美国大豆？外交部回应	未
中方是否担心美方不遵守协议？外交部回应	未
中方是否担心美方不遵守协议或坚守承诺？外交部回应	未
中方是否欢迎特朗普介入孟晚舟案？外交部：美方清楚中方立场	未
中方用4个"严重'定性美"西藏旅行对等法"	未
中方确认美对华窃密:华为是"重点对象"	未
中方称漂越南鱼雷无任何针对性 美媒称越将仔细研究针对有外媒此前报道称越南渔民捞到中国鱼雷，中国海军21日回应称，12月初，中国海军在海南岛东部附近海域组织海上训练时丢失一枚鱼雷，可能是受海流影响漂向越方近海。该鱼雷仅为一般训练用雷，没有任何针对目标。美媒称，在越南政府捡到这枚 ...全文	未
中方称漂越南鱼雷无任何针对性 美媒称越将仔细研究针对有外媒此前报道称越南渔民捞到中国鱼雷，中国海军21日回应称，12月初，中国海军在海南岛东部附近海域组织海上训练时丢失一枚鱼雷，可能是受海流影响漂向越方近海。该鱼雷仅为一般训练用雷，没有任何针对目标。美媒称，在越南政府捡到这枚鱼雷之后，肯定会仔细研究，寻找任何有价值的信息和情报。	未
中方称漂越南鱼雷无针对性 美媒称越将仔细研究	未
中方:立即放人	未
中方：美方加方自诩遵守法治和规则是现代版“皇帝的新装”	未
中方谈习近平将访阿根廷、巴拿马：系十九大后习近平首访拉美	未
中方领导人出访拉美，为何都要到古巴看一看？	未
中方驳斥美高官“一带一路是为中国谋全球霸权”说法	未
中日两国大学生在东京举行交流会	未
中日企业争夺菲律宾LNG基地建设项目	未
中日围棋擂台赛，那个时候每一轮都是牵动了中国人的心，什么意识流宇宙流，大家都如数家珍，这些年过去，日本围棋不行了，韩国围棋也完蛋了，中国自己玩，也不如以前那么热了。	未
中日媒体智库交流会上陆慷笑了 日网友：萌萌的	未
中日韩三国合作秘书处发布报告：中日韩三国民众相互怎么看？	未
//@中日韩足球:转发微博	未
中旬一起去	未
“中暑”孔雀从天而降 警民合力送它“回家”	未
中曼石油：股东拟合计减持不超6%股份	未
中朝中尼中印新版“边民证”启用	未
中期改款奥迪A4已经有海外路试谍照，这一代整体感觉 被 低 估。详细阅读点这里网页链接这才是老司机胡说不胡说	未
中材国际全资子公司与中非水泥签署4.8亿美元的EPC总承包合同	未
中村乡峨山村36户贫困群众喜迁新居	未
中枢六转盘，小车睡在绿化带......	未
中枢往茅台方向交通路段，货车与小车相撞，司机被困......	未
中枢风情街，一男子吃早餐顺走老板一部手机......	未
中枪。。	未
中柬社会组织开展合作交流	未
中标公示山东省汶上县美和佳苑社区空气源热泵集中供暖供冷项目	未
中标快讯：中铁中交铁建电建所属单位中标！	未
中标快讯：中铁五局十五局十九局，中交一公局隧道局中建三局北京路桥...	未
中标速递：中铁三局黄黄铁路23亿中交一航局10亿...	未
中标速递：中铁四局22亿中交三公局23亿中交隧道局20亿中国电建33亿！	未
中标馆陶艾绒采购项目196万中标！	未
中核集团完成尼日利亚微堆低浓化项目	未
中核“龙鳞系统”正式发布	未
中检院：吉林迈丰长春卓谊10万瓶狂犬疫苗被拒签	未
中概股频遭做空 “新猎手”浮出水面	未
中概股频遭做空 新猎手浮出水面除了拼多多和猎豹移动，在美上市的陌陌(27.05， -4.64， -14.64)最近也遭遇做空上市并不意味着一劳永逸，面对各种空头力量，如何对抗空头成了摆在中概股企业面前的不变课题 中概股频遭做空 新猎手浮出水面	未
中欧关系1/4英国人将中国视为梦想度假目的地一项对2000名英国成年人开展的民调发现，中国是英国人最渴望到访的国度，1/4受访者将中国列入其人生目标清单里。其中，长城在最渴望前往的景点名单中高居榜首，还包括兵马俑与故宫。不少人愿意在中国品尝所有食物，包括蛇与昆虫。35的受访者说不排除吃皮蛋，41的人表示不会对鸡爪说不。另外，大多数英国人最希望从中国带回的纪念品是不起眼的冰箱贴，紧随其后的是中国小吃。	未
中欧武汉班列首开“十汉欧”国际货运班列	未
·中欧班列(蓉欧快铁)首发成都-伊斯坦布尔班列	未
中欧班列（郑州）东盟线路开行	未
中欧班列（郑州-东盟越南）国际货运线路开通	未
中欧班列（郑州）整车进口专列从德国启运	未
中欧等成员在WTO发表联合声明敦促尽快启动上诉机构成员遴选	未
中欧签署海运协定修改议定书	未
//@中正鹰:回复@刘明立2014:算你狠！//@刘明立2014:应该7年以上10年以下//@中正鹰:是不是可以再判得重一些	未
中段反导拦截技术科普好文	未
中段村里有中段村，中段村！	未
中毒已深	未
中毒还是挨冻准备装暖气过冬的长沙人注意啦！	未
//@中比特ZB:如果没这监控视频，根本都说不清	未
中民普惠董事长庄诺：社区金融“大有可为”	未
中水回用，不仅要让海东绿起来，还要把每一滴中水变成钱	未
中江人别再吃了，正在大量上市，快通知家人朋友！	未
中江人千万注意啦383人死亡！四川发布10月传染病疫情概况！	未
中江信托回应：质押国盛金控股票为解决项目流动性担保	未
中江信托说明质押国盛金控股票用途：补充流动性	未
中江信托踩雷云南贵州县级城投项目 融资文件现 “政府三件套”	未
中江县人社局关于缴纳2018年度社会保险费有关事项的通告！	未
中江小西街抓赌现场曝光，还敢去赌吗	未
中江屡破涉毒大案，成功摘掉制毒和外流贩毒重点整治地区帽子......	未
中江惯偷3秒撬开U型锁偷走电瓶车 被逮后装失忆	未
中江某店内监控拍下这一幕！偷盗全程被曝光，所有人都该来看看！	未
中江清河一黑校车竟然塞了25个娃娃！	未
中江街头发生的这一幕，好多人都没见过......	未
中江谁家有这种1角硬币回家找找值钱了！	未
中江贼娃子被抓现行，视频曝光！年底贼娃子出来冲业绩，中江人注意......	未
中汽协：中国汽车市场28年来首次负增长，明年预计零增长	未
中汽协：预测明年中国汽车市场将停止增长中国汽车工业协会在长沙举办2019中国汽车市场发展预测峰会，正式发布了关于明年中国汽车市场的相关预测数据根据中汽协的预测报告显示，明年中国汽车市场将停止增长，预计2019年全年汽车销量为2800万辆，与2018年持平，即零增长（汽车纵横杂志社） ...全文	未
中汽协：预测明年中国汽车市场将停止增长中国汽车工业协会在长沙举办2019中国汽车市场发展预测峰会，正式发布了关于明年中国汽车市场的相关预测数据。根据中汽协的预测报告显示，明年中国汽车市场将停止增长，预计2019年全年汽车销量为2800万辆，与2018年持平，即零增长。（汽车纵横杂志社）网页链接	未
中油工程：子公司拟签订31亿元EPC总承包合同	未
中法人寿年内第九次向鸿商集团借款，借款6910万元	未
中法政府间社会保障协定签署	未
中法深海微生物联合实验室联合共建协议签署  自然资源部第三海洋研究所与法国多所相关机构共建	未
中法珍宝在故宫跨时空“对话”	未
中法首颗混血海洋卫星开始工作！首批数据揭秘了啥	未
中注协负责人就2016年注册会计师全国统一考试报名相关事项答记者问	未
中注协负责人就2018年注册会计师全国统一考试报名相关事项答记者问	未
中泰一家亲。	未
中泰信用卡盗刷团伙被捕，作案5年刷中国人上千万！	未
中泰股份拟近15亿元收购山东中邑100%股权	未
中泰证券：金融数据略超预期无碍债券牛市继续	未
中泰铁路合作联合委员会第26次会议在泰国曼谷举行	未
中泰高铁  讨论新列车采购问题！解决中方对总成本规定	未
中浦悠花日电视台采访全纪录 爆料蒋劲夫施暴细节	未
中浦悠花验伤报告！经悠花律师同意后，在微博曝光了验伤报告，10月8号被同居者打伤，臼齿和后牙脱落，10月11日两颊造成伤势，左大腿被踢成皮下出血直径15cm，12日殴打造成两颊后脑左胸受伤，需要疗养一个半月才能痊愈。	未
中海信托高层变动：黄晓峰、张德荣分别履新董事长、总裁	未
中海发展总经理台湾坠亡：被曝患忧郁症留9页遗书	未
中消协：ofo客服评价垫底 转人工服务需等待超46秒	未
中消协：ofo客服评价垫底，转人工服务需等待超46秒	未
中消协：ofo小黄车客服评价垫底中消协19日发布的企业服务热线调查报告称，总体评价方面，ofo在8个行业47个企业中排名垫底转人工等待时长方面，ofo超过46秒，排名垫底。在互联网出行行业，ofo的人工客服规范表现最差在查询开发票和解决扫码故障方面，ofo也比摩拜和滴滴（小蓝）的体验差。近日 ...全文	未
中消协：ofo等客服热线体验较差	未
中消协发布100款APP测评报告 47款隐私条款内容不达标据中国消费者协会消息，中消协日前通报了100款App个人信息收集与隐私政策测评情况。《测评报告》显示，10类100款App中47款App隐私条款内容不达标，多达91款App列出的权限存在涉嫌越界，即存在过度收集用户个人信息的问题。详情戳：网页链接 （经济日报-中国经济网）	未
中消协发布100款APP测评报告，你的隐私还好吗最新今天，中消协在京发布《100款App个人信息收集与隐私政策测评报告》，报告显示，10类100款App中，多达91款App列出的权限存在涉嫌越界，即存在过度收集用户个人信息的问题。其中，出行导航金融理财拍摄美化通讯社交和影音播放等5类App中，每一款都涉嫌存在过度收集或使用用户信息的情况其次是住宿旅游网上购物新闻阅读和邮箱云盘等4类App中，32款App涉嫌存在过度收集或使用个人信息情形而交易支付类App中有7款涉嫌存在过度收	未
中消协发布100款APP测评报告，你的隐私还好吗最新今天，中消协在京发布100款App个人信息收集与隐私政策测评报告，报告显示，10类100款App中，多达91款App列出的权限存在涉嫌越界，即存在过度收集用户个人信息的问题其中，出行导航金融理财拍摄美化通讯社交和影音播放等5类App ...全文	未
中消协发布100款APP测评结果：34款APP没有隐私条款，拼多多更离谱中消协在京召开新闻发布会，通报100款App个人信息收集与隐私政策测评情况测评结果显示，100款App中47款隐私条款不达标，34款App压根没有隐私条款其中，拼多多APP甚至涉嫌直接绑架用户：用了就代表同意，不签协议也算同意 ...全文	未
中消协发布100款APP测评结果：34款APP没有隐私条款，拼多多更离谱中消协在京召开新闻发布会，通报100款App个人信息收集与隐私政策测评情况。测评结果显示，100款App中47款隐私条款不达标，34款App压根没有隐私条款。其中，拼多多APP甚至涉嫌直接绑架用户：用了就代表同意，不签协议也算同意。建议网友尽量选择正规App商店下载软件，在使用时关闭不合理的访问权限，以此来保护自己的隐私安全。（来源：经济日报）拼多多美图秀秀装了这些APP的要小心了！	未
中消协发布企业服务热线调查报告，ofo客服评价垫底服务热线人工服务转接等待时长是所有被体验环节中消费者评价最低的方面，其中保险银行证券电信等行业转接人工服务响应时间相对较短，而互联网出行行业转接人工服务响应时间较长。在8个被体验的服务行业中，快递证券行业客服人员在服务规范方面相对较差。 网页链接	未
中消协发布企业服务热线调查报告显示：ofo等企业客服体验较差	未
中消协发布服务热线体验报告：ofo总体评分最低	未
中消协发布的报告显示 近半数手机APP隐私条款不达标	未
中消协在京发布《重点服务领域部分企业服务热线体验式调查报告》	未
中消协:对名不副实的星级饭店摘星 评定非一劳永逸针对多家星级酒店使用同一块脏抹布脏浴巾或脏海绵擦拭杯子洗手台镜面等问题，中国消费者协会发表声明，建议对名不副实的星级饭店，该摘星的摘星该降级的降级。微评：该机构只说不练是光荣传统，这回能不能真练一次中消协:对名不副实的星级饭店摘星 评定非一劳永逸	未
中消协：对名不副实的星级饭店摘星降级，评定并非一劳永逸	未
中消协：对名不副实的星级饭店摘星降级，评定并非一劳永逸对媒体曝光的多家星级酒店使用同一块脏抹布脏浴巾或脏海绵擦拭杯子洗手台镜面等问题，中国消费者协会发表声明，建议对名不副实的星级饭店，该摘星的摘星该降级的降级，为消费者评选出真正名实相符的星级饭店中消协：对名不副实的星级饭店摘星降级，评定并非一劳永逸	未
中消协建议对名不副实的星级饭店摘星降级处理 星级饭店评定并非“一劳永逸”	未
中消协测百款APP：9成涉权限“越界”	未
中消协测评100款APP隐私情况：金融理财类评分低	未
中消协点名ofo广发证券申通快递：客服体验差中消协的《重点服务领域部分企业服务热线体验式调查报告》，涉及与日常生活关系较为密切的8个行业47个企业服务热线。总体来看，国家电网华泰证券中国银行中信银行携程邮储银行招商银行中国移动客服表现较好，ofo广发证券申通快递 ...全文	未
中消协点名ofo、广发证券、申通快递：服务热线评价较低(图)	未
中消协调查报告显示：超四成网购人群不知道电商法《电子商务法》即将正式实施，但仅有57.8的受访者表示知道，42.2的受访者表示不知道，普法工作有待进一步加强网页链接	未
中消协通报100款App个人信息收集与隐私政策测评情况	未
中消协通报服务领域热线电话体验式调查结果中消协今天召开新闻发布会，通报重点服务领域部分企业服务热线体验式调查结果。调查选择与消费者日常生活关系较为密切的银行保险证券电信快递交通互联网出行能源8个行业，47个企业服务热线，最终获得4，301个体验样本。结果显示，8个被体验的服务行业中，快递证券行业客服人员在服务规范方面相对较差。对不同品牌服务热线，消费者感知评价存在明显差异，其中国家电网华泰证券和中国银行评价相对较好，ofo广发证券和申通快递相对较差。（正义网） 中消协通报服务领域	未
中港通今日（12.3）资金流向	未
中澳智库专家岁末盘点 两国关系能否再次起航？	未
中煤集团与7家发电企业签署中长期煤炭协议，五年供煤1.8亿吨	未
中煤集团与七家发电企业签署五年煤炭供需协议	未
中牌楼棚改将实行原地安置 明年9月开建	未
中牟23辆公务车集中拍卖！最低500元起拍！竞拍方式在这里	未
中牟71岁老汉救人遇难，请转起！	未
中牟一女子路上捡到黑色塑料袋 打开看竟是一兜钞票12月17日7时30分左右，中牟的李女士经过邢庄村大街时，发现地上有个黑色的塑料袋，袋子里装得鼓鼓囊囊的，起初以为是有人丢弃的垃圾，捡起来打开一看，里面竟然装满了一元纸币，这让李女士惊得目瞪口呆。网页链接	未
中牟一女子路上捡到黑色塑料袋 打开看竟是一兜钞票12月17日7时30分左右，中牟的李女士经过邢庄村大街时，发现地上有个黑色的塑料袋，袋子里装得鼓鼓囊囊的，起初以为是有人丢弃的垃圾，捡起来打开一看，里面竟然装满了一元纸币，这让李女士惊得目瞪口呆。郑州一女子路上捡到黑色塑料袋 打开看竟是一兜钞票	未
@中牟人，关于限行措施的最新解释	未
@中牟人，关于限行措施的最新解释来了	未
中牟单双号限行首日，全县所有卡口开启抓违限	未
中牧马陶拉5万吨奶粉厂投产，纽瑞滋背靠央企新西兰全产业链形成	未
中环集团 扬帆踏浪敢弄潮	未
中珠医疗跨界布局无人机产业链遭“闪电”问询	未
中珠医疗跨界无人机背后	未
中田英寿这个名字足球迷们都不陌生，但在足球场上大家已经很久没有见过他。那年才29岁的中田英寿选择了离开职业足球场，放弃了过亿的年收入，他去干什么去了环游世界读哈佛下田插秧网易体育 @网易新闻客户端	未
中电信开通福建首个5G实验网，5G设备黄金期将至	未
中电兴发晚间公告：股东瞿洪桂拟增持不超过2.36%的股份	未
中留言，我去写黄历	未
中疾控回应“留学生带来艾滋病”：去年发现100例	未
中疾控回应留学生带来艾滋病：去年发现100例！你怎么看	未
中疾控回应留学生带来艾滋病：去年发现100例网传中国艾滋病病例增加是因取消对患病非洲学生入境限制，中国疾控中心艾防中心主任回应称，近年外籍入境者中艾滋病感染者数量逐年增加，去年达2154例，其中外籍学生艾滋病感染者100例，占4.6且允许艾滋病感染者入境是全球通行做法，目前约143个国家不限制艾滋病感染者入境。网页链接	未
中石化出雷了	未
中石化加油员用员工卡套现这些关于加油员的谣言一次讲清楚！中石化加油员用员工卡套现这些关于加油员的谣言一次讲清楚	未
中石化大跌5和这个有关系//@兽爷爷爷: 感觉这个短消息，一个字值好多亿。	未
中石化报告：预计2019年布伦特油价60-70美元/桶	未
中石化的2019油价预测：60-70美元/桶	未
中石化 闪崩了！ 高盛 的成功忽悠2018 真是大瓜年...	未
中石化高管陈波三个月前称：油价每桶60-80美元正常12月27日午后，中石化A股股价跳水，跌超6，H股完全回吐早盘涨幅。中国石化表示，中国国际石油化工联合有限责任公司总经理陈波和党委书记詹麒因工作原因停职，由副总经理陈岗主持行政工作。目前，联合石化公司各项工作运行正常。中国国际联合石油 ...全文	未
中石油云南加油站全部供应国VI（B）标准车用汽油	未
中石油今冬明春天然气购销协议量841亿方，国产气为主力	未
中石油华东化工销售公司：2019年大宗商品缺乏上行动力	未
中石油原四川销售公司副总次仁扎西贪腐过千万，获刑17年	未
中石油在博州全面供应国六标准车用汽柴油	未
中石油新区新领域风险勘探获重大突破	未
中石油渤海钻探总经理周宗强自杀去世	未
中石油重庆销售分公司原党委书记朱明玉被开除党籍	未
中秋前夕这些孤寡老人有了笑声 “鸡蛋壳公益”慰问独居老人	未
中秋台风夜 一群气象人的“夜生活”	未
中秋、国庆假期停办公积金业务公告	未
·中秋小长假  绵成乐城际、成渝高铁将加开动车组	未
·中秋约20万人飞出成都 到上海南京“一票难求”	未
中秋节遇台风商家促销“赌运气”　客流或超往年	未
中科大研制出自主知识产权量子计算机控制系统	未
中科建设开发总公司“16中科建设PPN002”未按期支付利息	未
中科新材澄清参与深创投基金项目的传闻	未
中科院中亚药物研发中心在乌兹别克斯坦落成	未
中科院：坚决反对开展人类胚胎基因编辑临床应用	未
中科院声明来了：坚决反对！对于免疫艾滋病基因编辑婴儿事件，中国科学院学部科学道德建设委员会27日发布声明：坚决反对任何个人任何单位在理论不确定技术不完善风险不可控伦理法规明确禁止的情况下开展人类胚胎基因编辑的临床应用。声明中也表示，愿意积极配合国家及有关部门和地区开展联合调查，核实有关情况，并呼吁相关调查机构及时向社会公布调查进展和结果。全文如图：（光明融媒记者齐芳）	未
中科院外籍院士张首晟去世 曾将区块链视为互联网拐点(图)	未
中科院学部关于免疫艾滋病基因编辑婴儿的声明	未
中科院学部发布关于免疫艾滋病基因编辑婴儿的声明	未
中科院广州生物医药与健康研究院换帅，陈新文研究员为新任院长	未
中科院微电子所所长叶甜春：中国IC产业不能自乱阵脚	未
中科院：愿意配合有关部门联合调查基因编辑婴儿事件	未
中科院新技术可实时自动监测工业废水中的重金属污染	未
中科院的22mn光刻机到底是个什么东西	未
中科院科学家在新疆利用遥感追寻湮没的古长城	未
中科院等各方发声“基因编辑婴儿”事件，科技部也表态了！	未
中科院重大专项总体部招聘办公室项目管理人员	未
中科院院士建言地方引才：不能只引“专家一人”	未
中科院院士施教耐病逝 享年98岁(图)	未
中科院院士施教耐逝世	未
中科院院士施教耐逝世 系中国著名植物生理学家	未
中移动一分公司经理受贿64万判缓刑 超讯通信等送贿近日，据裁判文书网显示，中国移动海南有限公司行政服务中心总经理陈昌强在2007年至2013年期间共计受贿64.5万元，被判处有期徒刑3年，缓行5年。恒信电讯超讯通信等7家公司负责人送贿。中移动一分公司经理受贿64万判缓刑 超讯通信等送贿	未
中移动与华为在京开通5G基站，单用户测速达2.8Gbps	未
中移铁通有限公司面向广南招聘24人，3500-7000元/月	未
中立卡才是这版本的爹听听啦啦啦岛猫怎么说主播评新卡	未
中端的价格也能搭载最新的科技，这款手机确实流弊	未
中策朝阳，被亮黄牌！	未
中篇人性亡灵会吃啼哭的小孩	未
中篇完结乡村里的饿鬼之灾	未
中篇完结抢劫犯的致命幻觉	未
中粮包装前董事会主席王金昌将任加多宝（中国）董事长	未
中粮地产重组大悦城方案二度上会获批，对价144亿元	未
中粮集团已于近期购买了两批美国大豆	未
中粮集团:按照中美元首共识 已购买两批美国大豆	未
中粮集团领导班子成员调整 于旭波、万早田任党组副书记	未
中级教师班学员来信：只要喜欢，失败我也接受	未
中纪委下发通知 扯下伪装成新式样“四风”真面目	未
中纪委下发通知 整治干部利用“名贵特产”谋私利	未
中纪委：严肃整治利用特殊资源谋取私利	未
中纪委：中国已经和48个国家签署引渡条约	未
中纪委举办派驻纪检组组长培训班 王岐山出席开班式并讲话	未
中纪委发话：举报村干部可奖励10万元！附举报方式！	未
中纪委国家监委印发管理办法，规范派驻（派出）机构措施使用	未
中纪委国家监委派驻机构出台制度：在自我约束上严之又严	未
中纪委国家监委转隶干部有了新岗位	未
中纪委官网回顾二月河专访：曾感言“腐败不致速亡但致必亡”	未
中纪委：干部档案很重要 这些事情不能搞	未
中纪委曝6起问题:这地每天限号50个 闲着也不干事	未
中纪委曝光了！这个中心每天限号50个，宁愿闲着也不干事	未
中纪委曝光：甘肃一副厅长一处长被免职！	未
中纪委曝光！这个单位每天限号50个，宁愿闲着也不干事	未
中纪委曝光：黄石部分干部漠视群众利益和疾苦	未
中纪委机关刊揭秘党史：“延安作风”如何打败了“西安作风”	未
中纪委机关刊：防“赖小民们”须让监督强而又强	未
中纪委机关报：一些干部参加警示教育，抱看戏心态当吃瓜群众	未
中纪委机关报：一干部每收一笔赃款，都要在佛龛下放段时间	未
中纪委机关报刊文：党员干部应当常补精神之“钙”	未
中纪委机关报刊文：党风廉政也要落实到基层组织和普通党员	未
中纪委机关报刊文：干部档案造假频现，需猛药去疴还原真面目	未
中纪委机关报刊文谈《博论》：为官者，窥见从政之道	未
中纪委机关报刊文：问责庸懒散拖的“太平官”是惩戒更是警示	未
中纪委机关报：在整治群众身边腐败和作风问题上抓出更大成效	未
中纪委机关报：少数干部沉迷于“抱大腿”，莫做攀附黄粱梦	未
中纪委机关报：有的干部身体进入21世纪，思想停在封建社会	未
中纪委机关报：有贫困地区领导热衷作秀 把摘帽当政绩	未
中纪委机关报：有贫困地区领导热衷作秀，把摘帽当政绩	未
中纪委机关报：织牢织密“天网”，决不让腐败分子逍遥法外	未
中纪委机关报谈为官者被“俘获”主因：为人所获，皆由贪饵	未
中纪委机关报谈年终考评乱象：材料靠编业绩靠吹现场靠演！	未
中纪委机关报释疑：受贿行为已过追诉期限，如何处理？	未
中纪委机关报：面对诬告，相信组织，坦然应对	未
“中纪委笔杆子”习骅履新体总纪检监察组组长	未
中纪委网站点赞包公家宴：村民办红白喜事菜谱，一桌花费不超300元为遏制农村红白喜事大操大办，包公故里肥东县2017年8月推出一套包公家宴菜谱，共包括2套家常菜，各12道菜。村民办宴席，从中挑10道或12道菜即可，一桌花费不超300元，每道菜都有一个廉洁吉祥的别名。中纪委网站点赞肥东包公家宴，菜谱有啥特殊含义	未
中纪委网站点赞包公家宴：村民办红白喜事菜谱，一桌花费不超300元为遏制农村红白喜事大操大办，包公故里肥东县2017年8月推出一套包公家宴菜谱，共包括2套家常菜，各12道菜村民办宴席，从中挑10道或12道菜即可，一桌花费不超300元，每道菜都有一个廉洁吉祥的别名中纪委网站点赞肥东包公家宴，菜谱有啥特殊含义	未
中纪委网站谈国际追逃追赃：对象在国外 基础在国内	未
中纪委解读党内监督条例:如何避免揭发的党员被打击报复	未
中纪委谈追逃:赃款糟蹋完了也得把人弄回来	未
中纪委通知:扯下伪装成新式样四风真面目	未
中纪委驻审计署原纪检组长郑振涛、广东政协副主席邓海光被查	未
中组部：各级党组织元旦春节走访慰问时要加大对基层干部关爱力度	未
中组部就《中国共产党支部工作条例(试行)》答记者问	未
中组部就印发《中国共产党支部工作条例（试行）》答记者问	未
中组部负责人就《中国共产党支部工作条例(试行)》答疑解惑	未
中组部负责人就制定印发《干部人事档案工作条例》答记者问	未
中组部负责人就印发《中国共产党支部工作条例（试行）》答记者问	未
中缅政府间科技合作联委会首次会议在仰光举行	未
中缅政府间科技合作联委会首次会议在仰光召开	未
中缅油气云南楚雄至四川攀枝花天然气管道工程投产通气	未
中缅边境应急扫雷行动正式启动南部战区陆军27日在云南省德宏州芒市举行中缅边境应急扫雷行动启动仪式，扫雷部队当场受领命令。中缅边境应急扫雷行动正式启动。据了解，这次扫雷行动将对中缅边境雷场进行应急扫除，为边疆人民群众生命财产和边境地区开放发展提供安全保障。针对此次扫雷区域山高坡陡谷深林密环境恶劣，任务重危险性高组织实施难度大等特点，南部战区陆军以原云南扫雷大队300余名官兵为主体组建这支扫雷部队。他们刚刚完成中越边境云南段扫雷任务，积累了丰富的排雷经验，有着顽强的战斗精神，先后涌现出扫雷时	未
中美00后社交黑话对比报告	未
中美90天磋商期限如何计算？外交部回应	未
中美90天谈判咋谈	未
中美90天谈判怎么谈？魏建国：可以分三个阶段来解决问题	未
中美90天谈判怎么谈魏建国：可以分三个阶段来解决问题中美博弈与世界变局2019环球时报年会8日在北京举办，在中国如何进一步开放这一议题的讨论中，中国国际经济交流中心副理事长 魏建国在发言时说，中国是以一个总体方向前进，建立一个透明的以法治为基础的国家为目标。这样的情况下，中美90天谈判可以分为三个阶段来解决问题：中美90天谈判怎么谈魏建国：可以分三个阶段来解决问题	未
中美下一步怎么走？这件事或说明问题	未
中美两军共识远远多于分歧高于分歧大于分歧	未
中美两军关系:望远能知风浪小,凌空始觉海波平	未
中美两军将举行联合实兵演练和研讨交流	未
中美举行经贸副部级通话 就双方关心问题沟通	未
中美举行经贸问题副部级通话	未
中美举行经贸问题副部级通话，就双方关心的问题进行沟通	未
中美举行经贸问题副部级通话 就双方关心问题沟通	未
中美之间即将进行一次访问以便推进谈判？外交部回应	未
中美之间即将进行一次访问？外交部回应	未
中美今日举行经贸问题副部级通话	未
中美俄垄断未来战机市场，歼31面临两大强敌，能否杀开一条血路	未
中美停火90天，同意不再加征新关税！传递何种信号	未
中美元首为经贸摩擦踩刹车	未
中美元首为经贸摩擦踩刹车 互利共赢仍须相向而行	未
中美元首为经贸摩擦踩刹车，互利共赢仍须相向而行	未
中美元首会晤：中美关系一定要搞好，也一定会搞好	未
中美元首会晤刚刚结束，王毅外长就点出了这些细节	未
中美元首会晤双方发布消息有差别?中方回应	未
中美元首会晤双方发布的消息有差别？外交部回应	未
中美元首会晤时提到的“芬太尼”究竟是个啥？	未
中美元首会晤时提到的“芬太尼”究竟是个啥？(图)	未
中美元首会晤达成重要共识 停止加征新关税	未
中美元首会晤里提到的芬太尼，究竟是个啥？	未
“中美关系一定要搞好，也一定会搞好”	未
中美关系修昔底德陷阱，今天红旗文稿看噢五套题第二套38题！	未
中美关系添变数？他的离开或让特朗普更加“肆无忌惮”——	未
中美关系的三种未来	未
中美关系的三种未来 最大"短板"会走向何处	未
中美关系的三种未来 最大“短板”会走向何处？	未
中美军事力量对比。网页链接	未
中美利差倒挂，会成为压倒人民币汇率的最后一根稻草吗？	未
中美双方不再新加关税，并向取消已加征关税方向努力	未
中美双方同意采取积极行动加强执法禁毒等合作，包括对芬太尼类物质的管控。	未
中美双方将在明年1月份举行会谈？商务部:确有计划	未
中美合作耐多药结核病患者关怀服务包项目落户南通	未
中美同意不再加征新关税，今年增加的饲料原料猪肉关税有望取消	未
中美同意不再加征新关税，背后角力扣人心弦	未
中美在高科技领域竞争日趋激烈，美国采取各种手段遏制中国高科技行业发展意图明显，借鉴日本韩国当年应对美国高科技遏制的经验和教训，中国可从六个方面应对 微博赚钱季	未
中美声明有差别？是否担心美再出尔反尔？外交部回应	未
中美居民资产负债对比中国城市居民房地产资产总值是美国的1.68倍，但股票基金总值只有对方的15	未
中美未达成降低汽车关税协议比亚迪正拆分汽车电池业务 2022年前上市	未
中美洲移民冲击美墨边境 美方发射催泪弹阻挡	未
中美洲移民大军压境 美关闭加州最南边境口岸(图)	未
中美洲移民大篷车②丨边境小镇蒂华纳的冷暖人生	未
中美洲移民大篷车&特写①丨洪都拉斯单亲妈妈的“美国梦”	未
中美浮梦录︱新开放时代：天子脚下的华夷剧变	未
中美研究人员开发出光响应“无痛”胶布	未
中美确有计划明年1月会谈，中美副部级通话聊了这些重点内容	未
中美科学院长联合发文，呼吁就人类基因编辑准则达成国际共识	未
中美科学院院长呼吁就人类基因编辑准则达成国际共识	未
中美科学院院长联合发文，吁就人类基因编辑准则达成国际共识	未
中美签署两个互信机制附件	未
中美经贸共识体现互利 中国节奏始终不变	未
中美绿色基金徐林：需要制订更宽泛的责任投资标准	未
中美股市被玩残，美国是耍流氓还是有大战略	未
中美肿瘤专家联合门诊 15个名额现在约起	未
中美若90天内无法达成协议将有何影响？中方回应	未
中美观念分歧深 谁能打破中美贸易僵局？	未
中美角力，日本何去何从	未
中美角力，日本何去何从拉赫曼：日本因历史原因至今与中国关系紧张，这使得日本在美中之间这场日益升级的较量中绝不是一个冷静客观的旁观者网页链接	未
中美谈判关键时刻 美官员搅局还污蔑中国	未
中美货币政策分化:美加息迷茫 中国明年降准或超2%	未
中美货币政策分化：美加息迷茫，中国明年降准或超2个百分点	未
中美货币政策分化：美加息迷茫，中国明年降准或超2个百分点 近期，美联储对加息的态度似乎一天不如一天坚定美联储主席鲍威尔先是说离中性利率还有很长一段距离，后又改口说接近中性利率通过欧洲美元期货市场推测的利率预期，2019年美联储只能加息1次，2020年还可能降息眼下，已 ...全文	未
中美货币政策轮番大动作，债券牛市还会延续吗？	未
中美贸易下一步谈判 这五个判断很重要	未
中美贸易关系缓和：人民币大幅飙升 一日暴涨600点从短期走势看，人民币汇率的变动情况，与中美贸易关系高度相关。截至16：30，在岸人民币兑美元收盘报6.8885，较上一交易日日间收盘价涨551点，创9月28日以来新高。当天，离岸人民币兑美元汇率更是一度收复6.87关口，上涨超700点。中美贸易关系缓和：人民币大幅飙升 一日暴涨600点	未
中美贸易博弈不止利益之争 还有对错与是非	未
中美贸易战休战对美国豆农来说或许来得太晚	未
中美贸易战停火，买房思路要这样调整	未
中美贸易摩擦 休战90天后会怎样？	未
中美贸易摩擦爆发近一年 休战90天后会怎样？	未
中美贸易暂休！猪粮安天下转型进口猪粮安天下	未
中美贸易谈判五个判断很重要	未
中美贸易谈判关键时刻 这个美国人出来搅局还污蔑中国	未
中美贸易谈判关键时刻 这个美国人搅局还污蔑中国	未
中美达成不升级贸易对抗共识当天 孟晚舟被捕	未
中老将加强农村发展与减贫领域合作	未
中老年10贵，10点，10养，10交	未
中老年人冬季要“正确洗澡”避免中风	未
中老年人标准作息时刻表，看你遵守不遵守	未
中老年人锻炼不注意这一点，很容易伤身！尤其是现在	未
中老年舞王	未
中老缅泰在湄公河展开联合反恐演练此次演练以盛泰198商船在湄公河老挝孟莫水域遭武装分子袭击劫持为假想。湄公河联合巡逻执法编队接到报警后，四国执法部门联合紧急启动救援预案，共同派员第一时间赶赴事发水域实施救助。经过近一小时的紧张救援，商船成功获救，武装分子被制服。中老缅泰在湄公河展开联合反恐演练	未
中老缅泰第五十一次湄公河联合巡逻执法圆满完成	未
中老铁路国内段首个隧道群贯通	未
中考9科闭卷考试 考查综合素质未必靠增加考试科目	未
中联储证实：“已分批从美国采购部分大豆”	未
中联办原主任姜恩柱回忆修建香港新机场谈判始末	未
中联部向世界宣讲“中国共产党的故事”，为何这次选在浙江？	未
中联重科发布工业互联网平台	未
中联重科收购德国威尔伯特 进击欧洲高端塔机市场	未
中肥通讯社11月26日尿素日报	未
中肥通讯社11月27日尿素日报	未
中肥通讯社11月28日尿素日报	未
中肥通讯社11月29日尿素日报	未
中肥通讯社12月5日尿素日报	未
中肥通讯社2500块钱拿的复合肥明年春天是大赚还是血亏	未
中肥通讯社一年涨价十次盐湖威武到底	未
中肥通讯社原料涨价，它不涨反降为哪般	未
中肥通讯社湖北大厂的低价货源究竟坑害了多少人	未
中//@胖子陈越:违法，可以拘留。//@巍岳钦禹:黄河上面呢//@猴晒雷宝宝:之前在新闻看到过有人电鱼被捉。不过小河小溪应该没事，农村人就经常电鱼	未
中航光电拟斥资1.3亿-2.5亿元回购公司股份	未
中航国际控股：母公司航空工业集团成为国有资本投资公司的试点企业	未
中航油巨亏案旧闻丨成败陈久霖12月9日，被保释不久的陈久霖在新加坡从互联网上看到国内有媒体对他的报道，给记者发来一则短信：我没有操盘，也不会操盘。他复又说：我没说过再给五亿就会翻身，我只要两亿五。中航油巨亏案旧闻丨成败陈久霖	未
中航科工：航空工业集团成为国有资本投资公司试点企业	未
中航系漫长退房路：收金已超百亿	未
中航资本：全资子公司中航投资拟进行增资扩股	未
中航资本及子公司拟向中航证券增资30亿元	未
中航资本：已要求中航信托落实处罚措施积极整改	未
中航资本：拟向中航证券增资30亿元	未
中船重工原党组副书记总经理孙波被双开(图/简历)	未
中船重工原总经理孙波被双开(图/简历)	未
中船重工原总经理孙波被双开:滥权致国家利益重大损失	未
中船重工原总经理孙波被双开(简历)	未
中船重工第七一八所原所长卜建杰被开除党籍	未
中船重工第七一八研究所原所长卜建杰被开除党籍	未
中船集团总部和成员单位领导人员新近调整	未
中船集团把法治融入主业经营	未
中船集团董事长雷凡培拜会香港交易所集团行政总裁李小加	未
中英人寿“安鑫传家”终身寿险：持家、旺家、传家	未
中药也有转基因吗	未
中药也能自动发放 等药只需3分钟！这样的智能药房你见过吗？	未
中药材：川楝子	未
中药材市场走一遭，热点品种早知晓！	未
中药材骗子，我劝你善良！	未
中药枕  让你躺着缓解颈椎酸痛	未
中药煎得越久越浓越好真相并非如此	未
中药煎糊了还能不能喝？	未
中药离美国上市还有多远？丹参滴丸的增补临床试验方案获批	未
中药算不算药占比//@嘿毛毛虫91: 这些部委大爷们真是不要脸啊，啥要控制药占比不是你们搞出来的吗，整的医生开药都不知道怎么开，你们现在开始说不能因为药占比限制用药，那你把这个药占比的政策就撤了啊	未
中药“送药到家”及监管探析	未
中药饮片不能“减物力”(图)	未
中葡关于加强战略伙伴关系的联合声明（全文）	未
中蒙两国跨境运输载货清单进入电子化传输时代	未
中蜂换王	未
中蜂蜂群合并新法	未
中融新大或已触发美元债交叉违约	未
中行展望2019： 人民币汇率“稳中趋贬” 银行业面临资本补充压力	未
中装建设丧失高新技术企业资格 需补税超2000万元	未
中装建设：已有一个雄安新区项目落地、施工	未
中西医发展不平衡 中药原料或成问题关键	未
中西部城市迎新一轮轨道建设 专家：地方政府需加强债务研究力度	未
中证协：18家证券公司成立20只系列资管计划 出资规模达341亿元	未
中证协、中基协：强化证券基金经营机构风控合规意识	未
中证协、中基协联合发文规范证券基金经营机构债券投资交易业务	未
中证协：已有28家证券公司共成立了31只系列资管计划和3只子计划	未
中证协：截至2018年12月14日，已有28家证券公司共成立了31只系列资管计划和3只子计划，出资规模总计417.11亿元	未
中证协联合中基协发布证券基金经营机构债券投资交易业务内控指引	未
【中证快评】丁安华：明年房地产市场可能发生结构性变化	未
【中证快评】中概股百世：底在哪里？	未
【中证快评】未来中美货币政策错位现象或趋缓	未
【中证快评】李大霄: 反弹在即 七迹象预示A股逼近拐点	未
［中证快评］李大霄：新个税条例消除中国版401K障碍  将为A股带来大量长期资金	未
【中证快评】李宇嘉：地方政府对房地产调控主导权料加大	未
【中证快评】王静文：明年房地产投资料继续放缓	未
【中证快评】王静文：财政政策被赋予更重要角色	未
【中证快评】章俊：中央经济工作会议为何提及“变中有忧”	未
【中证快评】美联储缩表“暗牌”需引起更多关注	未
【中证快评】苹果和高通为何在中国“开撕”	未
【中证快评】菏泽限售“松绑”不代表楼市调控“松绑”	未
【中证快评】鄂永健：银行“补血”缘何钟情优先股	未
中证报头版头条：改革护航 经济无失速之忧明年经济下行压力大是一个共识，但不可盲目悲观。专家表示，针对外部不确定性风险房地产市场新变化以及可能的金融风险，决策层已未雨绸缪，做好预案。经济增速虽然有所放缓，但并无失速之忧。明年将保持积极的财政政策稳健的货币政策的政策组合，预计财政政策将更加积极，更加注重与金融政策的协调，以确保中央提出的六稳。专家预计，明年经济有望保持平稳运行，经济增长目标不会大幅下调，明年GDP增速约为6.3-6.5。网页链接	未
中证报：改革护航，经济无失速之忧	未
中证报：谨慎乐观，三路增量资金可期	未
中证盘前播报又是北京文化！《无名之辈》票房已超6.66亿光一科技四连板收问询函涉违规举牌，多喜爱称实控人拟转让股权给国企	未
中证转债指数半日跌0.02% 个券跌多涨少	未
【中证锐评】刘晓光：“杀手锏”祭出 避免房地产政策过度摇摆	未
【中证锐评】尹中立：四因素影响A股估值体系重构	未
【中证锐评】李耀光：PPP项目应尽早引入基础设施REITs	未
【中证锐评】电商法落地将终结微商代购“野蛮生长”	未
【中证锐评】许保利：未来国企国资体系应由三个主体构成	未
【中证锐评】资金“抱团”猪概念股事出有因	未
中诚信国际将华谊兄弟传媒股份主体及相关债项信用等级列入观察名单	未
中诚信国际将华谊兄弟列入观察名单 提示29亿短期偿付压力	未
中财办前主任杨伟民观点：我们在未进入高收入国家之前，提前开始了制造业空心化。 税费负担重，资源环境和员工成本上升，企业赢利能力下降，实体投资意愿下降，导致中国的制造业在人均GDP只有八百美元的时候，中国的制造业已经降到GDP的29，而美国欧洲日本在制造业进入峰值的时候，人均GDP都是二万一万六七。我们在未进入高收入国家之前，提前开始了制造业空心化。这几年服务业增长速度比较快，拉动经济增长，但是你要看，服务业当中到底谁的比重在提高，谁增长过快05年到15年之间，服务业比重是提高了11，其中	未
中财办原副主任杨伟民：应允许城市人下乡购买宅基地使用权	未
中财大要闻速览，第十三周活动早知道	未
中资vc成三零一报告眼中钉，丹华元禾成目标	未
中资企业走进土耳其孤儿院送温暖	未
中资离岸债券丨12月6日  北有极光 南是异乡	未
中超-15:30播延边-国安 胡尔克事件已出报告	未
中超再添巴甲金球斯科拉里爱徒 违约金6000万欧自从2010年的巴甲金球奖得主孔卡加盟中超后，巴甲金球奖得主似乎就总是与中超有联系随着帕尔梅拉斯夺冠，以及杜杜拿到2个金球奖，杜杜到中超的可能性也在上升杜杜的违约金高达6000万欧元，帕尔梅拉斯有意用杜杜获取利润巴西媒体在帕尔梅拉斯即 ...全文	未
中超再添巴甲金球斯科拉里爱徒 违约金6000万欧自从2010年的巴甲金球奖得主孔卡加盟中超后，巴甲金球奖得主似乎就总是与中超有联系。随着帕尔梅拉斯夺冠，以及杜杜拿到2个金球奖，杜杜到中超的可能性也在上升。杜杜的违约金高达6000万欧元，帕尔梅拉斯有意用杜杜获取利润。巴西媒体在帕尔梅拉斯即将夺冠的11月，已开始炒作杜杜可能将在明年加盟中超。据说，有意杜杜的有权健恒大鲁能，但杜杜身价上升之后，恐怕鲁能受限财务政策，会放弃引进。 旅行体验师 中超再添巴甲金球斯科拉里爱徒 违约金6000万欧	未
中超四帽政策 到底要干掉谁	未
中超“土帅”只剩3人，弗洛雷斯接替吴金贵执教申花	未
中超夏季转会窗口时间调整 或与欧洲联赛统一时间据德国转会市场管理员ASAIKANA微博透露，根据FIFATMS所公布的计划安排，2019年中国足球转会窗口发生了调整，冬季（季前）转会窗口具体时间仍然为1月1日--2月28日夏季（季中）转会期由原来的6月17日--7月12日调整到了7月1日--7月31日。此次在转会期 ...全文	未
中超控股：中标8亿元国家电网项目	未
中超新政如何“拨乱反正”？	未
中超朋友圈 | 苏宁：看了新闻，感觉我们有8个外援名额	未
中超-特谢拉绝杀苏宁2-1鲁能 恒大1-0亚泰	未
中超联赛 中超球队6500万欧元报价马尔科姆。据《阿斯报》消息，巴萨收到了一份来自中超的报价，6500万欧元求购马尔科姆。目前马尔科姆及其球员团队保持沉默，他们正在等待巴萨高层的决定。	未
中超联赛 体育V势力 别误会，我真没这意思！	未
中超联赛 《实例解读四大帽：恒大若2019年想达标，需降薪四成。》 单拎出广州恒大，并非出于质疑，而是最为中超唯一的上市公司，恒大的账目是公开透明的。可即便是已经上市的广州恒大，想要达标就已经不易。其他职业俱乐部的账目在不透明的情况下，想要达标恐怕需要做的事情更多更艰难。 实例解读四大帽：恒大若2019年想达标，需降薪四成。	未
中超联赛 曝山东鲁能敲定塔神替身。塔尔德利离队后，山东鲁能会签下怎样的外援来填补这一空缺据《zerozero》等多家葡萄牙媒体消息，山东鲁能已敲定前里斯本竞技队中场佩德罗-德尔加多，他将在下月正式加盟鲁能，双方签下一份为期四年合同。	未
中超联赛 深足有意博里尼，AC米兰标价1500万欧元。据意大利《足球市场》网站记者丹尼勒-隆戈推特透露，中超升班马深圳佳兆业有意AC米兰边锋博里尼，双方已经进行了第一次接触，AC米兰为博里尼标价为1500万欧元。	未
中超联赛 认祖归宗	未
中超-苏宁2-1绝杀鲁能迎首胜 拉维奇否认辱华	未
中超-苏宁2-1鲁能迎首胜 拉维奇回应争议照	未
中超要再添巴甲金球即将年满27岁的杜杜身高只有1.66米，主要司职边锋和攻击中场。出身克鲁塞罗的杜杜曾有短暂效力基辅迪纳摩的旅欧经历，3年前加盟了帕尔梅拉斯，2016年帮助帕尔梅拉斯夺得巴甲冠军并夺得巴甲助攻王头衔。2016年他入选了巴甲最佳阵容，今年因帮助帕尔梅拉斯再度夺冠，拿下了巴甲金球奖和《射门》杂志的金球奖，后者评选的巴甲最佳阵容，杜杜连续3年入选。@媒体人寒冰	未
中超队投入12亿封顶工资上限1000万 排名方法有变12月20日，中国足协将在上海召开中超中甲中乙联赛工作会议，本次会议将对明年联赛相关工作进行安排。此前中国足协已经召开多次会议，提出在2019年出台投入帽工资帽等相关政策，而具体的金额也将在20日上午的会议上进行公布。经过讨论后得成的共识是年度总投入在9-12亿人民币，最终多数俱乐部同意，12亿人民币为投入的封顶金额。关于球员工资帽，经过俱乐部们的讨论，大家基本上认可税前工资不超过1000万人民币的标准，中国足协也希望各俱乐部能够严格	未
中超队有不少缺门将的，可以招揽叶尔杰提，比如大连队，传说在买门的恒大队。	未
中超限薪如何“拨乱反正”？要省大家都省，最怕有人搞小动作	未
中越两军将在北部湾举行联合巡逻和演练	未
中越战争爆发后的国际舆论	未
中越米轨铁路中亚班列一年开行1000货列	未
中越边境上的排雷兵：与死神扳手腕 只盼百姓安心	未
中车PK西门子：俄铁路公司宣布俄罗斯高铁制造商候选名单	未
中车制造132辆市域动车组开进文明古国埃及	未
中车长客与成都新筑分别建设中低速磁浮厂区试验线 清远磁浮车辆设计联络会召开	未
中轴之上万达旁边，这个东部新盘来势汹汹！	未
中轴线申遗最新进展 北京太庙文物腾退 居民100签约	未
中远海控：间接控股股东中国远洋海运成为国有资本投资公司试点企业	未
中远海能子公司总经理坠亡:曝患忧郁症留9页遗书	未
中远海能子公司董事总经理台湾坠亡：被曝患忧郁症留9页遗书	未
中远海运阿布扎比码头开港(图)	未
中送@愁容骑士典当记	未
“中途宿舍” 精神疾病康复者从这里“回家”	未
“中途宿舍”精神疾病康复者从这里“回家”	未
中途抬升飞跃大森林时老哥的心态，应该和啤酒喝多了着急打车回家尿尿，眼看还有两公里到家突然一路红灯差不多吧...	未
《中通快递员性侵女客户案开庭，女子曾患重度抑郁！网友喊话：严惩罪犯》 中通快递员性侵女客户案开庭，女子曾患重度抑郁！网友喊话：严惩罪犯	未
中通赖梅松：黑夜来临的时候，意味着天亮就快来了（最新专访）	未
中部战区空军司令员换将：韩胜延接替庄可柱	未
中部战区陆军某团开展夜间多课目演练挑战疲劳极限—— 睡不好是常态	未
中部战区首次向地方开放军队工程审计	未
中里巴人：求医不如求己，生命不要交给别人做主	未
中重度空气污染来袭	未
中金：债牛可能贯穿2019年全年	未
中金公司：美联储不如预期中鸽派 短期仍需关注美股波动	未
中金固收平评央行TMLF	未
中金所修订风险控制管理办法，明确结算担保金补缴上限	未
中金所将开展30年期 国债期货全市场仿真交易	未
中金所：将沪深300、上证50股指期货交易保证金标准统一调整为10%	未
中金所李海超：我国金融期货与现货市场开放还存在发展不协调、不平衡问题	未
中金所联手资本市场学院 培训风险管理人才	未
中金所调整股指期货交易保证金和手续费标准	未
中金所调整股指期货保证金安排 12月3日起执行	未
中金报告：中国实际住房空置率可能远低于国际合理水平	未
中金：明年流动性控制或更严格	未
中金梁红：市场化改革并非零和游戏	未
中钢股份欲9.47亿元清仓式转让吉林炭素股权	未
中铁二十局驻巴员工积极为牺牲巴基斯坦警察募捐	未
中铁六局赣深铁路管段第二座隧道贯通	未
中铁十一局党委召开专题民主生活会	未
中铁十六局等12家地矿单位招聘汇总！	未
中铁十四局：补齐超级工程里的资金短板	未
中铁建欲与巴拿马再续150年前中巴“基建情缘”	未
中铁特种集装箱运输公司计划申请A股IPO。（IFR）	未
中铁特货运输有限责任公司招聘90人	未
中铁系又夺地 中铁置业58.4亿夺白盆窑村一地块	未
中铁郑州局集团公司副总经理吴翠珑接受纪律审查和监察调查	未
中铝国际首次公开发行A股上市仪式	未
中铝河南铝业有限公司招聘，五险一金，本科及以上时间至12.5	未
中银五分所集体出走！北京总所有话说！	未
中银协：大力发展贸易金融 缓解民企小微融资难题	未
中银国际证券A股IPO获证监会受理	未
中银国际证券披露招股书：中石油、江西铜业、洋河股份等参股	未
中银律所年度大戏刷爆朋友圈 五大分所宣布独立怒揭黑幕没想到律师届也出瓜，今天上午，网络惊爆北京市中银律师事务所的：上海深圳济南贵阳和银川分所，揭总部黑幕。公开表示要出走：宁为玉碎不为瓦全，不惜粉身碎骨！中银律所年度大戏刷爆朋友圈五大分所宣布独立怒揭黑幕	未
中银资产基金完成备案登记 四大行落子私募市场聚焦“债转股”	未
中银香港维持港元最惠利率5.125%不变	未
中锐公益  第一次的中越边境支教，我们走进了大山深处	未
中长期铁路网规划:铁路交通基本覆盖县级以上	未
中间价大涨终结连跌 年底人民币难现单边行情	未
中间黄灯，请减速通过。	未
中集设计建造全国规模最大的液化天然气全自动充装平台	未
中雪！还连下四天！溧阳气温将速冻至冰点	未
中青报冰点周刊：请把学生的惩戒权交给老师	未
中青报刊文剖析“微信群家校矛盾”：谁的学校，谁的孩子	未
中青报刊文：拦路打老师引争议，构建健康师生关系任重道远	未
中青报刊文评妈妈配写作业考出教师资格证：提醒给家长减负
中青报：独立学院处于“漂移”状态，人才培养是“生存之道”	未
中青报调查：76%受访者支持幼儿园中小学禁手机	未
中青报调查：超七成受访者希望网游实名制普及上周，中国青年报社会调查中心对2008名受访者进行了调查，73.1受访者支持网络实名。实名既能有效防止未成年实名，还可有效保证玩家虚拟财产安全，甚至还可避免一些犯罪事件的发生，让公安破案更容易。	未
中青报调查：超九成受访青年确认“如有下辈子还愿做中国人”	未
中青旅与中国光大银行等发起人设立消费金融公司	未
中韩业余围棋交流赛在广州举行	未
中韩动摇日本“游戏大国”宝座 日媒：日企节奏慢半拍	未
中韩学者热议中国改革开放40年	未
中韩空中大通道启用 将缓解往返日韩、欧美航班空中拥堵	未
中韩空中通道启用 将缓解来往日韩、欧美航班空中拥堵	未
中韩赴黎巴嫩维和部队开展医学交流	未
中领馆：17岁中国女生在英失联3天后已返回住处	未
中频炉启动困难，看过这篇就可以了！	未
中首11月回归专辑拆卡专快递单号中首代购拆卡专现已录单，快递单号如图所示，请拍了拆卡专的亲故自行查看。请务必录制拆箱视频没有视频为证的漏发情况不予处理输入单号却查不到物流信息由于快递公司是先录单，再发货，所以暂时查不到物流信息是正常的，请耐心等待物流信息更新。找不到自己的单号如果拍了拆卡专却找不到自己的单号，请发送邮件至中首邮箱laikuanlincn0923@163.com，会在24小时内回复（请勿重复发送邮件）邮件格式-标题：拆卡专未发货-内容：owhat数字IDow	未
中骏旗下方隅与基汇资本成立长租公寓投资平台	未
丰南人注意！明天起，这些新规将影响你的生活！	未
丰南：关于11月30日纵横钢铁6号门内交通事故情况说明	未
丰南区公安局开展破追打百日攻坚行动，破获各类刑事案件319起！	未
丰南区召开2019年度重点党报党刊发行工作会议	未
丰南区委宣传部公开招聘就业见习高校毕业生20名！	未
丰南区委宣传部公开招聘高校毕业生参加就业见习的公告（附岗位信息表）	未
丰南这些区域明后日（2829日）计划停电，请大家做好准备！	未
丰南这些区域明日（12月5日）计划停电，请大家做好准备！	未
丰县乡村的大老执	未
丰县交通违法行为曝光名单，有你认识的吗	未
丰县人在上海：我那被离掉的二奶奶	未
丰县发生两起电动车交通事故！提醒大家，出行注意交通安全	未
丰县城区市民家中还有三小车辆的，趁这三天快出手！	未
丰县城南，那个挑货郎的爷爷	未
丰县大沙河红富士苹果，数量不多，欲购从速！	未
丰县小伙醉卧地上，喝酒喝到断片，事后不停的这样说	未
丰县遍地是人才，电动车竟能改成这样，但是	未
丰台两家公园设计方案获批！明年将会留白增绿57.84公顷！赶快看看，是否有你家门口的	未
丰台两村胡同里现百家毯，街巷破损流淌污水 ...	未
丰台区一建筑工地冒黑烟 无人员伤亡	未
丰台区：扫黑除恶暨禁毒专项培训走进医院	未
丰台区新村街道深入社区开展冬季家庭火灾宣传提示冬季天气寒冷，用火用电较多，为进一步扩大消防宣传工作的覆盖面影响力，扎实推进全民消防安全教育，近日，丰台区新村街道深入社区开展冬季家庭防火宣传，全力增强全社会防范火灾扑救初起火灾和逃生自救能力，有效遏制火灾事故的发生	未
丰台区马家堡街道深入平房区开展冬季消防安全宣传提示冬季天气转冷，风干物燥，人们用火用电增多，稍有不慎就容易引发火灾。为深入推进辖区平房区居民消防安全教育，有效遏制小火亡人火灾事故的发生，近日，丰台区马家堡街道深入平房区开展冬季防火宣传，进一步提高了辖区群众的消防安全的意识，全力确保辖区平安。@北京丰台消防	未
丰台消防深入辖区开展零点夜查为深入推进今冬明春火灾防控工作，有效防范遏火灾事故，确保丰台区消防安全形势持续稳定，11月29日，丰台消防支队深入辖区社会单位居民社区等场所开展消防安全夜查检查，及时消除了一批火灾隐患，切实提升了消防安全管理水平，最大限度消除了隐患风险检查过程中， ...全文	未
丰台消防深入辖区开展零点夜查为深入推进今冬明春火灾防控工作，有效防范遏火灾事故，确保丰台区消防安全形势持续稳定，11月29日，丰台消防支队深入辖区社会单位居民社区等场所开展消防安全夜查检查，及时消除了一批火灾隐患，切实提升了消防安全管理水平，最大限度消除了隐患风险。检查过程中，检查组深入辖区内宾馆饭店公共娱乐场所等人员密集场所，重点对单位是否存在彩钢板建筑违规住人是否建立健全消防安全制度和灭火疏散演练方案，并对疏散通道的畅通安全出口的设置应急照明设施的安装消防器材设施的配备进行全面细致	未
丰台白盆窑 “共转限” 地块 中铁诺德70.2亿摘得	未
