今年成都全市1.6万余名环卫工人和困难职工完成免费体检从市总工会了解到，在今年的健康体检民生工程中，全市共有1.6万余名环卫工人和工会建档困难职工参加了免费健康体检，受到职工群众的一致好评成都日报社出版	未
今年， 我距离年薪70万， 又近了一步	未
今年才改名的曲江镇这事到底怎么搞200多人已组团进村	未
今年接近尾声啦，准备最后两个新款图一这个反毛皮康康，我准备了小几十.lindy机车版200个不到	未
今年数名省级政府“一把手”履新 多人跨省调任	未
今年新农合涨到了220元，还交吗社保人和你说出心里话	未
今年新加坡食物中毒已逾903人，说好的食品最安全国家呢	未
今年新改建的运动公园 是否就在你家门口	未
今年日本出现一个怪人，有个叫公开大搜索节目，今年1月份有个失忆人士叫 和田龙人（暂称）tbs官网寻人信息 网页链接2014年6月份在爱知县某个购物中心被人发现他晕倒在厕所里，身上没有任何证件，获救醒来后不知道自己是谁......随后过了一段时间，记忆慢慢恢复，说出令人所有人恐怖的事，称被一个560岁不认识大叔监禁在家里17年，4岁的时候坐家人的车来到大叔家从此就没有离开过，1997年8月份的时候大叔对他说你5岁生日（所以推算他有25岁），监禁期间不能看任何读物广播，语言常识都是趁晚上偷看电视	未
今年春节不回家	未
今年是有史以来波动性最大一年 市场将出现剧烈波动市场将以更疯狂的12月结束2018年的疯狂标准普尔500指数本月平均日波动幅度为2，而道指除三个交易日外均收在三位数波动率指数（VIX）今年已创下13个单日波动率逾20的纪录瑞士信贷股票衍生品策略主管Mandy Xu表示，期权市场警告称，这些剧烈 ...全文	未
今年是煽情诉苦大会//@德林社:	未
今年是食品彩妆集会吗	未
今年晃悠了很多大城市，要么太热，要么太冷，共同点是雾霾太重太重，实在没有留下来的勇气。沿海城市海边的海水脏得不忍直视，大江大河入海口的水质也差得出奇，死鱼死虾成片，很难想象我们生活的环境 绿水青山才是金山银山，可惜再也回不去了	未
今年最后4个双休日，武汉长江二桥8个匝道轮流封闭12月7日22时至12月10日5时，长江二桥C匝道（中山大道上二桥）B匝道（二桥下和平大道）禁止机动车通行12月14日22时至12月17日5时，黄浦立交1号匝道（二桥下解放大道二七路）2号匝道（解放大道永清街方向上二桥）禁止机动车通行12月21日22时至12月24日5时，黄浦立交3号匝道（二桥下解放大道永清街）4号匝道（解放大道二七路方向上二桥）禁止机动车通行12月28日22时至12月31日5时，长江二桥A匝道（和平大道上二桥）D匝道（二	未
今年最后一个月，上海交通出行将发生大变化，件件影响你我的出行	未
今年最后一批记账式附息国债将于本周三发行	未
今年最重空气污染：席卷82座城市 多地启动预警	未
今年最高检对秦岭别墅事件等42件热点事件发函督办	未
今年本来可以发四篇论文，但是现在发稿周期是越来越长了，两篇推到明年了	未
今年杞县一定要留住这些人......	未
今年来，丰都服务民营企业发展，做了这些事	未
今年比较火的“开放银行”是什么样的银行？	未
今年水源地整治仍有39个问题未解决，涉太原九江等27地市	未
今年江苏已有13万余人“交通失信”	未
今年沪已查获酒后驾车8339起 将进一步加大打击力度	未
今年沪报告艾滋病病毒感染者2050例 以男性为主	未
今年，沭阳警察蛮拼的！	未
今年流感疫苗为啥一针难求上海疾控：下月初接种门诊全面到货！	未
今年流感疫苗为啥“供不应求”？上海疾控中心：12月初全面到货	未
今年流行穿长短，显高10厘米显瘦10斤	未
今年温州已整治19个交通堵点！有你常走的路段吗	未
今年温州的流感疫苗要靠抢官方回应：明年2月恢复正常供应！	未
今年滴滴全员年终奖减半高管无奖励，因表现不如预期	未
今年申购金额31.44亿元 基金公司为何出现自购热	未
今年白涨?国内油价或迎四连跌 基本回吐年内涨幅	未
今年白涨？国内油价或迎四连跌 基本回吐年内涨幅	未
今年的 twipic	未
今年的uus已经不能逛了 去年一模一样的羽绒衣980 今年1580 哄傻子呢 真的是出了名以后就开始宰客了	未
今年的冬天想去峨眉山看雪	未
今年的冬训，中超16队有可能全部赴海外拉练。由于U23联赛正在进行以及新赛季各项政策尚未确定，2019年中超各队的冬训时间与2018年相比都要短一些。目前来看，绝大多数中超球队的海外拉练都将在一地完成。山东鲁能的计划是：1月3日在广州集中，海外拉练的情况则待定	未
今年的团体世乒赛德国韩国之战 波尔VS郑荣植 德国队今年多人遭遇伤病 但依然具有很强竞争力 网页链接	未
今年的圣诞老人有点忙，忙着去实现这些人的路上了！NBA吐槽大会	未
今年的圣诞节陪着你的还是去年那个人吗私服：@LilyBrown官方微博 钟惠玲kiko	未
今年的圣诞限定又想掏空我的钱包我的钱是大风刮来的吗	未
今年的形象停滞在冠军游戏时候，因为从那往后没进步//@乔丹贝尔资讯:去年还是个铃铛，今年终于现原形了！ 查看图片 //@是胖轩呀__:@乔丹贝尔资讯 快来看老贝头	未
今年的总决赛八强，明年有哪几位还能继续出现在伦敦O2体育馆呢（明年再把这条微博捞出来看看你们的预测有多不准） ATP总决赛	未
今年的最后几天啦	未
今年的独生子女护理假 你休了吗截至目前，至少有福建广西湖北海南黑龙江重庆四川河南宁夏内蒙古山西等10余省份出台了具体规定。此外，在湖北黑龙江四川宁夏等地还规定，非独生子女也可享受这一待遇。（中新网）那么问题来了，今年的假期，你休了吗	未
今年的节假日余额为零，请假旅行可能性为零，可是还是抑制不住想浪的心，怎么办赶紧拿上这份攻略，把握好周末两天时光，来一次说走就走的澳门之旅吧！	未
今年的花市何时举办，在哪里举办你们想知道的，都在这条里面了...	未
今年监管层出手短视频之后卸载人群画像：男性用户25岁以上（尤其是41岁以上）用户三四线城市用户千元以上机型用户，都是卸载高发群体，而卸载用户流向，除了即时通讯短视频（主要为头条系和快手）两个领域，泛娱乐领域的电子书（QQ阅读快看漫画）和长视频（优酷爱奇艺腾讯视频）占比很高 ...全文	未
今年看书基本上是扫文案，感兴趣的才会从头读一遍，2018新文重刷的只有这几本:尾鱼的《三线轮回》，凝陇的《红豆生民国》，priest的《无污染无公害》，星球酥《我还没摁住她》，蒋牧童的《时光与他，恰是正好》，漫漫何其多的《AWM[绝地求生]》《AWM[绝地求生]》:现代电竞 甜度： 电竞明星大神慵懒老流氓队长攻x外硬内软孤僻新锐队员受 主角配角均无原型，谢谢大家。 AWM：PUBG游戏中伤害最高获取最难的怪物大狙，空投终极梦想，威力足伤害高，无视任何头部防具爆头一枪倒地，唯一缺点：几率产出	未
今年看烧烤摊	未
今年看起來我勢必要坐遍臺中棒球場的看臺了	未
今年真是通航多事的一年，关注的两位非常有经验的飞行员都因为飞机失事离世，实在是扼腕叹息。R.I.P.	未
今年真的是冷冬天呐我这个做电商的终于熬到一个冷冬下雪天听说东北零下20度了赶紧狐狸毛大毛领走起！！！！我只后会剧透一个战冬微博	未
今年真的是跟税杠上的一年	未
今年种菇不挣钱，责任在谁	未
今年秦安2.5万妇女接受免费检查	未
今年竟然只剩一个月了！赶紧找个工作压压惊	未
今年第一批黄年麻糍开始团购了，秒杀时刻，数量有限！	未
今年第一轮重污染天气来袭 各地迅速启动应急响应	未
今年第三次被叫王回你好 王回先生 我不好迥 迴 确实挺像（但我打赌是她不认识）	未
今年第四撞：光谷有轨电车拦腰撞上闯红灯私家车	未
今年终于不是广寒宫了	未
今年经济增速实现6.5%没有悬念	未
今年缴了220元城乡医保信宜人快看，这些事一定要知道！	未
今年缴了220元城乡医保的电白人速看，这些事情你一定要知道！	未
今年缴了220元新农合的人都来看看，这些事情要早知道！	未
今年缴了220元新农合的吴川人都来看看，这些要早知道！	未
今年缴了220元新农合的广东人都来看看，这些事情要早知道！	未
今年缴了220元新农合的梧州人速看，这些事情你不一定知道！	未
今年缴了220元新农合的泾阳人都瞅瞅	未
今年缴了220元新农合的湛江人都来看看，这些事情要早知道！	未
今年缴了220元新农合的苍梧人速看，这些事情你不一定知道！	未
今年缴了220元新农合的藤县人速看，这些事情你不一定知道！	未
今年缴了220元新农合的都来看看，这些事情要早知道！	未
今年缴了城乡医保220元的昭平人都来看看，这些事情要早知道！	未
今年缴了新农合的人都来看看，这些事情要早知道！	未
今年缴了新农合的广东人都来看看，这些事情要早知道！	未
今年缴了新农合的广西人都来看看，这些事情要早知道！	未
今年至少27＂虎＂受审 除了孙政才还有4个原中央委员	未
今年至少27虎受审 除了孙政才还有4个原中央委员	未
今年至少27“虎”受审：除孙政才 还有4个原中央委员	未
今年至少已有14名省会城市政府"一把手"履新	未
今年至少已有21名女干部履新省级政府副职	未
今年至少已有6省会城市市委书记履新	未
今年行情走下来，除了玩超短线的还得运气好的极少数人之外，剩下的，几乎无赚钱的可能，不管你买的是蓝筹还白马还是题材，到处是坑，从年初坑到年末大家怎么样	未
今年证监会共核发93家IPO批文，数量约为去年四分之一	未
今年贵州环境状况如何生态环境厅厅长这样说	未
今年起，无痛分娩全国推广！	未
今年起，无痛分娩将全国开展试点并推广！佛山这36家医院可实现	未
今年超半数国务院部委管理的国家局局长调整	未
今年跨年在深圳组织大家一起跨年你来吗！来的请扣1！不来的请说明原因！	未
今年过年不出门，出门就来花田溪！	未
今年过年就23了 还有补救的办法吗	未
今年过年计划一个	未
今年还有想去没去的地方吗我是重庆	未
今年这些电影豆瓣评分不到4，拿什么拯救你烂片	未
今年部分国家为何金融动荡	未
今年钱难挣，就像这4张图	未
今年铜陵蓝为啥特别多答案在这里	未
今年雪乡从暗宰变为明码标价来宰客，不宰客就没出路了又到了去北方看雪的季节日前，经过整改的雪乡已经开园，承诺不宰客，明码标价然而，看到雪乡的明码标价，很多人都表示不敢相信自己的眼睛住宿，普通炕位380元/天，标准间880元/天，豪华双人房1580元/天，商务套房2580元/天 ...全文	未
今年食品界是约好了一起跨界圈钱吗前有旺旺金龙鱼，现在娃哈哈也要粗营养快线彩妆盘辽	未
今年鸡头米价格在110元-150元/斤	未
今敏：在梦境与现实中穿梭	未
今日。	未
今日	未
今日12时26分，大雪！十一月节。大者，盛也，至此而雪盛矣。三候：鹖鴠不鸣虎始交荔挺出。此时节，除华南和云南南部无冬区外，我国大部地区已进入冬季，气温下降，天气寒冷，下雪的可能性更大寒从脚起，需防寒保暖，护好颈肩背。雾凇挂枝桠，万里雪花飘，期待漫天飞雪图自人民日报冷冷冷话-二十四节气大雪今日，大雪	未
今日12时，天津再启重污染黄色预警！	未
今日12时起，天津再启重污染黄色预警公告受静风高湿及强逆温等不利因素影响，预计11月30日至12月3日，京津冀及周边地区将出现区域性重污染天气过程经市政府批准，现发布重污染天气黄色预警请各区人民政府各责任单位按照责任分工，从11月30日12时起启动级应急响应措施	未
今日15时，本市空气重污染蓝色预警解除最新@上海环境 说，当前本市空气质量污染水平已好转。自11月29日15时起，本市空气重污染蓝色预警解除。	未
今日Fami通公布了最新一期的游戏评分。本周的主要游戏有：《任天堂明星大乱斗 特别版》10/9/10/9共38分《勇者斗恶龙 建造者2》9/10/9/9共37分《Gris》8/8/9/8共33分《马里奥与路易基RPG3 DX》9/8/8/8共33分。《任天堂明星大乱斗 特别版》和《勇者斗恶龙 建造者2》均以高分入选白金殿堂。	未
今日IPO审核三过二	未
今日KESPA八强赛今日下午四时开始进行C组的比赛: Afreeca Freecs vs Griffin随后是D组的比赛 : DAMWON Gaming vs SK telecom T1英雄联盟	未
今日KeSPA赛程：16:00 GEN.G vs SBG，19:00 JAG vs GCB，解说@奶弟NaiDi @解说Kris店长	未
今日killing part	未
今日MVP之间的对决！	未
今日NBA4场比赛，直播室：网页链接	未
今日P图环节，学校的银杏树黄了，各位帮我p掉旁边的下水道盖！	未
今日一图反省迎新年日本媒体报道，16日，日本鱼津市一家寺庙举行了一年一度的冬至水行祭，从3岁到83岁的男子聚集在这里，赤裸身体，反复用水浇头，以图反省自身，迎接新年	未
今日一图 有新人加入后，美国最高法院大法官们发布新版集体合影。图片右上角就是上个月才加入的大法官卡瓦诺。	未
今日一图这是一张参加老布什国葬仪式的美国现任和前任官员们的部分注释图来看看你都认识谁放心，小编觉得这道填空题不能考老布什去世	未
今日一扫	未
今日一男子翻到纪念碑台上照相，太没素质了！	未
今日七台河12月4日便民信息	未
今日七台河2019年医保缴费通知	未
今日七台河安监局招聘政府雇员10人公告	未
今日七台河寻找七台河好人于得水！	未
今日七台河青年志愿者招募公告	未
今日七台河黑龙江玩钱多多SCMA广告机的，有人投资好几十万，血本无归！	未
今日万家丽国际购物广场负一楼，希望这水不是来自下水道 微博视频	未
今日三语人性一个最特别的弱点就是，在意别人如何看待自己	未
今日三语可以要强，不要逞强	未
今日三语得饶人时且饶人，绝人之路己无路	未
今日上午十点！	未
今日上午，希望联合工会的电视工作人员支部在首尔雇佣劳动厅举行了告发SBS和电视剧《皇后的品格》制作公司SM Life Design集团的记者发布会，告发制作环境的不合理，并拒接不合理的外包劳动合同和长时间的连续工作，要求改善工作环境。希望联合工会电视工作人员金斗荣支部长表示：工作人员每次最少连续工作21小时，甚至会超过这个时间进行工作。谁都无法在现场提出抗议。工作人员会通过工会以这个证据为基础起诉SBS和制作公司。律师金洙暎表示：为了制作告发书，我们查看了《皇后的品格》的拍摄日志，这是记录工会	未
今日上午，梧州中医医院附近的恒安小区发生火警，现场不断冒出浓烟，消防车紧急出动...	未
今日上午！益阳三桥附近发现一具女尸，警方已到达现场	未
今日上午，直升机出动......	未
今日下午，济宁市微山县发生M1.7级地震，枣庄薛城区少数居民有震感	未
今日不早朝新一股冷空气来袭，你要风度还是温度寒潮降温，有人穿上秋衣秋裤，有人靠一身正气在坚持那么，究竟天冷要怎么抗寒又该预防哪些疾病阅读了解更多抗寒新动态新一股冷空气来袭，你要风度还是温度	未
今日，东台交警全警出动，只为这个细节	未
今日两个奥沙利文登场，22点看罗尼，凌晨3点30看塞尔比马叔...	未
今日中国蓝曝光了一组@俞灏明 发布会预告图@吴谨言Y 已经开始倒计时，你们准备好了么锁定浙江卫视外滩钟声 开播发布会，走起来	未
今日丰润11月23日丰润最新发生的事儿！省台曝光！丰润某小区漏水半年无人管！	未
今日丰润11月27日丰润最新发生的事儿！寻找丰润张国忠的家人！	未
今日丰润11月28日丰润最新发生的事儿！城内部分小区停电通知来了！	未
今日丰润11月29日丰润最新发生的事儿！哪个部门能让我睡个好觉?	未
今日丰润11月30日丰润最新发生的事儿！丰润这条路，通车了！	未
今日，主播龙秀莉为你读诗南方的夜	未
今日举报 13.0181125小黑在这里更新下举报投稿的格式：微博的举报链接微博的整体截图模板：请大家利用模板在评论打卡！林彦俊表情包 lyj表情包 林彦俊采访 lyj采访 林彦俊芭莎男士 lyj芭莎男士 林彦俊机场 lyj机场 林彦俊意大利 lyj意大利无特殊说明以下举报：SHXX（以下都是广场1网页链接2网页链接3网页链接4网页链接5网页链接6网页链接7网页链接8网页链接9网页链接10网页链接11网页链接12网页链接13网页	未
今日举报4.0181127 目标：1500模板：请大家利用模板在评论打卡！林彦俊you lyj you 林彦俊采访 lyj采访 林彦俊表情包 林彦俊 芭莎男士 lyj 芭莎男士 lyj表情包 林彦俊意大利 lyj意大利 lyj新歌you卡转发带模版SHXX1网页链接2网页链接3网页链接4网页链接5网页链接查看举报情况：微博社区管理中心	未
今日举报5.0181127 目标：1500模板：请大家利用模板在评论打卡！林彦俊you lyj you 林彦俊采访 lyj采访 林彦俊表情包 林彦俊 芭莎男士 lyj 芭莎男士 lyj表情包 林彦俊意大利 lyj意大利 lyj新歌you卡转发带模版SHXX1网页链接2网页链接 广场3网页链接主页1网页链接2网页链接查看举报情况：微博社区管理中心	未
今日九图交片，也不知道说什么！反正全靠你们夸呗，夸的点赞最多的那个我给你从巴厘岛带个礼物回来送给你。。。。	未
今日于都于都利村一男子家中惊现枪支今日于不文明形为继续曝光	未
今日于都直击抓赌现场！罗江一赌博窝点被捣毁红军大道长征大道又一批不文明行为曝光。。。	未
今日于都紧急救援！事发于都火车站长征公园门口逆行的人注意了！请勿抄近道逆行	未
今日互动00后酒后瘫痪，6同学被判赔20多万2016年，河南许昌某职业学院发生了这样一件事：7名00后学生在宿舍喝酒，第二天，其中一名学生小亮（化名）昏迷不醒，随后被医院诊断为脊髓炎并高位截瘫本来健健康康的儿子，喝了一晚酒就瘫痪了，小亮的家人将学校超市和一起喝酒的6名同学，都告上了 ...全文	未
今日互动00后酒后瘫痪，6同学被判赔20多万2016年，河南许昌某职业学院发生了这样一件事：7名00后学生在宿舍喝酒，第二天，其中一名学生小亮（化名）昏迷不醒，随后被医院诊断为脊髓炎并高位截瘫。本来健健康康的儿子，喝了一晚酒就瘫痪了，小亮的家人将学校超市和一起喝酒的6名同学，都告上了法庭，要求他们承担责任，并赔偿小亮的各项费用。经过一整套的法律流程，昨天，当地媒体报道了案件的判决情况：小亮自己要承担15的责任，学校因管理不到位，没有尽到对未成年人的教育监管责任，承担65（共计80多万元）	未
今日互动2018年还有什么遗憾吗	未
今日互动今天有什么负能量都来发泄一下吧。	未
今日互动百名大妈组团拦婚车，不给钱不让走最近在河南洛阳发生一起新鲜事，由近百名大妈组成的专业讨喜钱团队，她们与结婚的新人非亲非故，成群结队地拦下新人婚车，新人若是不给钱就不让走要价还不低，1000元起步，这让很多结婚的新人很头疼，那么您怎么看这事呢假如您遇上了会做何选择 ...全文	未
今日交警再次出击！渔湖乔南玉器中心等地均设点严查	未
今日京城能见度转好 周六将现本周最冷的一天	未
今日人物江西省玉山县仙岩镇退休干部梅启贵 当好土记者，乐为家乡做乡贤	未
今日任务 记得想我	未
今日份	未
今日份SJR	未
今日份一组 情侣头像 原.圖戳 图9	未
今日份乞讨7572630	未
今日份，兄弟情。	未
今日份勇气：再艰再险就当自己二皮脸，再难再苦就当自己二百五	未
今日份反常：可口可乐百事可乐合体 广东把冬至过成夏至阿森纳领先进入下半场下半厂在此前进行的17场英超比赛里，阿森纳半场战绩为13平4负。	未
今日份壁纸	未
今日份壁纸 右下角已阅	未
今日份如来神掌 微博视频	未
今日份，媒体图。	未
今日份工业风女孩	未
今日份广东蓝上线请小盆友萌为自己城市打call	未
今日份微胖女孩	未
今日份快落，不知道细心的群众有没有发现罗晋的嘴唇像中毒 请看下图，转发这个罗晋你也能拥有死亡芭比哥特色的嘴唇。	未
今日份情侣头像	未
今日份打滚 微博视频	未
今日份打滚，请查收 微博视频	未
今日份技术流请查收@鬼才阿K	未
今日份捞	未
今日份支付宝红包，大包记得用掉，抓紧时间	未
今日份教您如何处理路面人际关系	未
今日份早餐红包，领到多少评论区说一下，看谁的最大，晚上我再给最大份的同学单独发个红包	未
今日份时事热点	未
今日份旺财 微博视频	未
今日份旺财打滚旺财打滚儿微博视频	未
今日份是乖乖妍冬天来的太快已裹成熊 今天画了个十分钟快速出门妆怎么样为了发微博从上车的第一秒就开始自拍司机内心在想这个女纸是有多自恋	未
今日份是。。。速食胡辣汤。。。	未
今日份武汉	未
今日份毒鸡汤	未
今日份沙雕图	未
今日份沙雕朋友圈背景	未
今日份洗眼，来自白伟26，东京119的虎纠	未
今日份活不下去	未
今日份猪猪头像-@Picshu	未
今日份画。	未
今日份的	未
今日份的logo shot 库里微博视频	未
今日份的丧	未
今日份的乞讨 7182849	未
今日份的人生经验：以后从东海岸飞西海岸一定要买直飞航班，路上看看书睡一觉就到地方了。贪图便宜买了1stop，晚点加延误路上总共十来个小时。现在总算明白了为什么复联3的纽约大战里没有出现蚁人，灭霸师徒几个快把纽约市拆完了，蚁人还在底特律机场转机。	未
今日份的保底车。juventus 内德维德 都灵机场	未
今日份的做梦时间到如果突然给你一千万，你第一笔消费是什么	未
今日份的军事沙雕图	未
今日份的减脂早餐食谱，吃这个我愿意天天减肥。	未
今日份的单人照	未
今日份的大事件汇总	未
今日份的学大汉武立国。（每次用这个梗骗外地朋友十有八九他们真会信的）	未
今日份的工作午餐	未
今日份的我来催了 大家随手//@奶酷小夏天:手机号直接验证码登陆一个手机号一天只能投一票 这真的是好事 还有3天 希望大家努力一下加把劲	未
今日份的早餐钱你领了么	未
今日份的//@某只吃猫的狐狸:我酸 我真酸//@豆瓣说://@宋濯尘:呜呜呜呜我也想//@买买安利菌: 我靠！！！双向暗恋！让我死！！//@烤熊奶:土拨鼠尖叫！//@芷央_:双向暗恋太甜了叭！//@李却儿:今日一酸 为啥我在九年义务教育里就没有这种桌腿！	未
今日份的沙滩照	未
今日份的沙雕	未
今日份的沙雕图	未
今日份的沙雕！有毒	未
今日份的猪猪头像（CR.Picshu）	未
今日份的男模上班路自从上回的事以后，现在保安大叔都主动和库里撞拳拳了 金州勇士微博视频	未
今日份的营业 舒芙蕾  无限可能钱蓓婷钱蓓婷	未
今日份的转发，你参加了么就算不看小编的面子，也要看在钱的面子上，转发一下鸭	未
今日份的迷信	未
今日份的预览已出 别说我没告诉你哦	未
今日份睡到太阳晒奶才起床。	未
今日份红包。有多大，自己试过才知道。	未
今日份脱单女孩	未
今日份蓝	未
今日份表情包 永远不能相信的九大鬼话	未
今日份醉蟹依然10点开始，具体看微博评论。	未
//@今日份鸭鸭://@三吼君:哪个是实拍//@野比大雄:立体画！//@我的父母是个奇葩:哇哦！//@都市音酱:	未
今日体坛	未
今日体坛 KK教练会是USC的救世主吗	未
今日体坛 世界羽联巡回赛总决赛次日 李俊慧刘雨辰终止对小黄人连败	未
今日体坛 情敌出现！@棋士柯洁	未
今日体坛 现场都黑了真天昏地暗	未
今日体坛 社会炳哥！	未
今日体坛 纳豆也秃了	未
今日体坛 这个唐僧有点黑	未
今日体坛 铁血硬汉！永远不会倒下的Ryan Shazier！	未
今日你作的死都是你来日流的lui	未
今日便民信息汇总（一觉醒来，家里地上竟躺着个快断气的人！更惊人的事在后面）	未
今日便民信息汇总（六旬男骗老阿姨百万，给20多岁小女友父母每月打工资）	未
今日便民信息汇总（凌晨2点 ，泰州这个地方传来4声枪响）	未
今日便民信息汇总（张郭供电所11月27日停电公告）	未
今日便民信息汇总（张郭供电所11月30日停电公告）	未
今日便民信息汇总（戴南供电所12月3日停电公告）	未
今日便民信息汇总（戴南供电所12月9日停电公告）	未
今日信息招聘，房屋出售/转让/求租/求购（11月24日更新）	未
今日信息招聘，房屋出售/转让/求租/求购（11月25日更新）	未
今日信息招聘，房屋出售/转让/求租/求购（11月26日更新）	未
今日信息招聘，房屋出售/转让/求租/求购（11月27日更新）	未
今日信息招聘，房屋出售/转让/求租/求购（11月28日更新）	未
今日信息招聘，房屋出售/转让/求租/求购（11月29日更新）	未
今日信息招聘，房屋出售/转让/求租/求购（11月30日更新）	未
今日信息招聘，房屋出售/转让/求租/求购（12月1日更新）	未
今日信息招聘，房屋出售/转让/求租/求购（12月2日更新）	未
今日信息招聘，房屋出售/转让/求租/求购（12月3日更新）	未
今日信息招聘，房屋出售/转让/求租/求购（12月5日更新）	未
今日傍晚起东北季风增强，北部及东北部天气转凉，明(12/7)日东北季风影响，北部及东北部天气较凉，其他地区早晚亦凉台湾东北部地区有雨，并有局部较大雨势发生的机率，北部东部东南部地区及金门马祖有局部短暂雨，其他地区及澎湖为多云到晴。	未
今日八张图所以你为什么不关门	未
今日公司动态 绿城中国赎回5亿美元次级永久资本证券绿城中国赎回5亿美元次级永久资本证券上交所：朗诗集团长租公寓ABS被中止审查 曾多次被中止上交所：朗诗集团长租公寓ABS被中止审查 曾多次被中止持续加注城市更新领域 华平投资与 CREATER创邑达成战略合作持续加注城市更新领域 华平投资与 CREATER创邑达成战略合作房企如何活下去你要学学旭辉的稳房企如何活下去你要学学旭辉的稳碧桂园26年涅槃之路碧桂园26年涅槃之路	未
今日关注一宁E牌现代轿车银川街头被查，直接被罚款10000元！什么情况	未
今日关注中卫600余公斤生猪肉在阿左旗被查获并销毁，是因为......	未
今日关注中卫一名女士骑摩托车栽进水沟，结果......	未
今日关注中卫这位牛人这次捐款3万元搞这事	未
今日关注余干：严查扶贫领域腐败和作风问题	未
《今日关注》再次曝光粤西多乡镇快递辛苦费问题！	未
今日关注  南龙铁路安排动车组列车日常线16对	未
《今日关注》又曝光：乡镇快递加收费，霸王条款何时休	未
今日关注国家药监局：个人使用的医疗器械要有特别说明书	未
今日关注  地震来了，永定市民莫惊慌	未
今日关注沙坡头公安再逮6个蟊贼！年底了，请看管好自己的财物！	未
今日关注辟谣：江底河那张车，真相是这样的	未
今日兴宁文化广场人山人海，还有大量警车集结怎么了	未
今日养生堂专家出诊时间李立志：中国中医科学院西苑医院心内科，每周二五上午专家门诊，周五下午特需门诊备注：突发原因导致门诊时间出诊地点门诊类型（普通专家或特需门诊）挂号费用的改变，请以医院当日公布为准	未
今日内推  微店信永中和西门子海彼网络招聘实习生！	未
今日农村稀罕事儿视频20181106期：与邻居的故事	未
今日农村稀罕事儿视频2018110701期	未
今日农村稀罕事儿视频2018110702期	未
今日农村稀罕事儿视频2018110703期	未
今日农村稀罕事儿视频2018110801期	未
今日农村稀罕事儿视频2018110803期	未
今日农村稀罕事儿视频2018110804期	未
今日冬至 冬至，又称冬节贺冬，华夏二十四节气之一八大天象类节气之一，与夏至相对。冬至在太阳到达黄经270时开始，时于每年公历12月22日左右。据传，冬至在历史上的周代是新年元旦，曾经是个很热闹的日子。冬至这天，太阳直射地面的位置到达一年的最南端，几乎直射南回归线（南纬2326）。	未
今日冬至数九寒天开始。进入最冷时节，记得添加衣服。	未
今日冬至日照数九冬至天，清霜风高未辞岁。自古以来便有冬至大如年的说法，古时漂在外的人到了这一天都要回家过冬节。今天，你是吃饺子还是吃汤圆呢别忘了与家人团聚之余，还可以来华为视频看一部暖心的电影，温暖过冬哦。网页链接	未
今日冷暖借我借我一双慧眼吧，让我把这大雾看得清清楚楚明明白白真真切切。借我借我一对聋耳吧，让我把这闹钟听得稀里糊涂充耳不闻浑浑噩噩.....	未
今日冷暖大雪节气，深冬时节开始！为了表达小编对大家的牵挂，在这里劝你穿上秋衣秋裤！今天阴转多云，-31，星期五，早安	未
今日冷暖最近冷的那叫一个朝朝暮暮，提醒您出门千万别忘穿秋裤。不在乎星期五手机零下几度，只想着星期六向前迈步。今天-27，早安	未
今日冷暖@气象宿迁 说，宿迁有雪。昨天傍晚就真的下雪了！那么问题来了，现在外面什么情况有积雪么这是一条来自被窝的真诚的提问。天气预报说今天雨夹雪转多云，-63，是真的冷，一定一定多穿衣！早安不想起，起不来，离开被窝，哪里都是他乡，不想背井离乡	未
今日冷知识所有的象棋类游戏，有一个共同的起源。	未
今日冷知识 美元是可以定制图案的，并且官方承认流通这是由美国1967年通过的法案，可以对美元上面仅华盛顿进行覆盖打印来达到替换头像效果，法律上依然可以流通使用各种盗图大家感受一下，在美帝的朋友可以试一下	未
今日凌晨 新一街北段 停车位上五车连撞	未
今日凌晨，西外金龙大道一群出租车把堵完了！到底什么情况	未
今日出行天气据@杭州市气象局，杭州今天中雪，气温：1-3明天雨夹雪，气温：1-4。限行西湖景区单号限行。空气质量市区空气质量指数40到60，首要污染物：二氧化氮，空气质量等级：优到良。	未
今日出行天气据@杭州市气象局，杭州今天多云。气温：2-8明天阴，气温：3-10。限行限行尾号4和6。空气质量市区空气质量指数：80到100，首要污染物：PM2.5，空气质量等级：良。	未
今日出行天气据@杭州市气象局，杭州今天多云，气温：5-11明天阴，气温：7-13。限行限行尾号1和9。空气质量市区空气质量指数：70到90，首要污染物：PM2.5，空气质量等级：良。	未
今日出行天气据@杭州市气象局，杭州今天小雨，气温：10-14明天小雨转阴，气温：9-13。限行西湖景区单号限行。空气质量市区空气质量指数80到100，首要污染物：PM2.5，空气质量等级：良。	未
今日出行天气据@杭州市气象局，杭州今天小雨。气温：4-8明天晴，气温：0-10。限行错峰限行尾号2和8。空气质量市区空气质量指数：40到60，首要污染物：二氧化氮，空气质量等级：优到良。	未
今日出行天气据@杭州市气象局，杭州今天阴有小雨。气温：4-7明天阴有雨或雨夹雪，气温：1-2。限行错峰限行尾号0和5。空气质量市区空气质量指数：40到60，首要污染物：二氧化氮，空气质量等级：优到良。	未
今日创城节目直播中突发状况某单位热线服务电话无人接听	未
今日初雪， 雪天行车注意事项你get到了吗	未
今日利率债现零发行	未
今日剑阁剑阁11月23日那些事儿	未
今日剑阁剑阁11月26日那些事儿	未
今日剑阁剑阁11月27日那些事儿	未
今日剑阁剑阁11月28日那些事儿	未
今日剑阁剑阁11月29日那些事儿	未
今日剑阁剑阁11月30日那些事儿	未
今日剑阁剑阁12月4日那些事儿	未
今日动态	未
今日北京	未
今日北极星小姐姐在上海，请各位在上海的朋友注意出行安全，尽量不要携带金属物品，有条件的准备好束缚项圈和塑料子弹枪。	未
今日区领导来谷饶，发现了这些问题！	未
今日午后沙尘影响将逐渐减弱12月2日，记者从西安市铁腕治霾工作领导小组办公室获悉，2日傍晚开始有沙尘过境，各区（县）政府开发区管委会及各有关部门继续组织抓好重污染天气II级应急响应措施落实。今日午后沙尘影响将逐渐减弱	未
今日午餐贴，大家一起云吃饭吧昨天帖子里 @Miiku弥唬唬- 妈妈包的饺子	未
今日午餐贴，大家一起云吃饭昨天帖子里 @yuhankkk 童鞋的自己做的麻辣香锅	未
今日午餐贴，大家一起云吃饭昨天帖子里的@再来 自己做的大虾牛油果芒果薯片沙拉	未
今日午餐贴，大家一起云吃饭昨天帖子里的 @我是牛牛Mamma：蒸芋头！	未
今日午餐贴，大家一起云吃饭昨天帖子里的 @是阿宋阿：一起吃饺子啊	未
今日午餐贴，大家一起云吃饭昨天帖子里的 @是阿宋阿 不知道还有谁和我一样喜欢吃石锅拌饭	未
今日午餐贴，大家一起云吃饭。昨天帖子里的 @杨迪睡不醒 自己做的烤冷面	未
今日午餐贴，大家一起云吃饭昨天帖子里的 @王小吃吃吃吃吃吃吃吃吃吃：烤全羊！	未
今日午餐贴，大家一起云吃饭昨天帖子里的。@畅哥耶：铁板烧	未
今日半岛都市报A02：全面开创宣传思想工作新局面A03:6年至10年老司机交通事故最多A04：四毛四！油价创10年最大降幅A06：艾滋感染者常被拒诊别担心A07：抗癌药进医保，他一年省56万A08：幸运！选套无障碍保障房A09：垃圾就地消化，不留一点渣A10：爱心满满！俩小伙都是好样的。青岛人每早必知的信息都在这！拿走不谢12月1日	未
今日半岛都市报 A03，乡村振兴施工图来了A04A05，从拿来主义到自觉付费，知产保护落地生根A06，科学噱头四问基因编辑婴儿A07，青岛今年接待游客将超1亿人次A08，山东人才去哪了看大数据A09，一叶千年A10，新增艾滋感染者男性超九成。青岛人每早必知的信息都在这！拿走不谢11月29日	未
今日半岛都市报 A04A05，列车飞驰40年，末梢变枢纽A06A07，四名下冰海救人的战士都是95后，目前仍有一人在医院治疗A08，又见冰海急救，这次是个60后A15，强行控制台东一路夜市，李学跃等16人涉黑案昨宣判A16，辅导员诈骗58名学生51万元网页链接	未
今日半岛都市报 A04A05，夏季酷暑走了，疯狂的海参来了A06，你点我检，十大食品合格率97.2A07，岛城昨遭遇今冬首场重污染天气，今天中午空气质量将好转A10，全市严打五种骗保行为A11，李沧一小区33户跟风违建，执法人员锯断锁具后进入小区强制拆除。青岛人每早必知的信息都在这！拿走不谢11月28日	未
今日历史12月5日大事记，历史上的今天发生了什么	未
今日发呆专用	未
今日发售的黄豆粉雪见大福 微博视频	未
今日发声约翰列侬在遇害身亡（1980年12月8日）两天后被默默埋葬。歌迷聚集在列侬被害的达科塔公寓外久久不愿散去，人群扰动，悲伤的情绪笼罩各处。列侬的遗孀小野洋子因此转告人群，请他们于12月14日在中央公园为列侬举行10分钟的静默祈祷。全球乐迷自发为他举行了守夜纪念活动，12月14日当天仅中央公园就聚集了22万人：网页链接	未
今日发生在清远东城那单火灾究竟咩回事看看官方通报...	未
今日吃点  无油无面粉的披萨，上桌一扫而空	未
今日君山辗转6个重大项目建设现场，风雨里，区委副书记区长李勇提出了这些要求......	未
今日吸熊猫 大熊猫真的能听懂人类的语言吗 很多时候，我们可能都会思考一个问题:大熊猫真的能听懂人类的语言吗如果能听懂人类的言语，那就能明白人类的情感面对这一深奥问题，看看海归明星大熊猫泰山是如何为大家揭晓答案的吧！@iPanda熊猫频道 iPanda熊猫频道的微博直播	未
今日吸熊猫大相岭野化放归基地落成 大熊猫瑞雪中搬家大熊猫真正的家在野外，让大熊猫回归自然是一切努力的终极意义。12月6日下午，四川大相岭大熊猫野化放归基地投用揭牌暨大熊猫入住仪式在四川大相岭省级自然保护区举行。当日，一场降雪让整个大相岭银装素裹，成都大熊猫个体星辰和雨也在瑞雪中顺利住进了新家。这意味着成都大熊猫野化放归工作即将进入新阶段。据成都日报	未
今日吸熊猫大相岭野化放归基地落成 大熊猫瑞雪中搬家大熊猫真正的家在野外，让大熊猫回归自然是一切努力的终极意义12月6日下午，四川大相岭大熊猫野化放归基地投用揭牌暨大熊猫入住仪式在四川大相岭省级自然保护区举行当日，一场降雪让整个大相岭银装素裹，成都大熊猫个体星辰和雨 ...全文	未
今日吸裘花	未
今日周一，你是不是也像我一样日常不想上班好，我们就来谈点以毒攻毒的事身边不少朋友常常如此描述自己的工作日状态：早上醒来第一句不想上班，接下来的动作却是，穿戴整齐一脸困倦地去挤早高峰也许是想辞职又不敢辞早已成了年轻人的普遍问题，职场剧也从原来积极向上的杜拉拉， ...全文	未
今日喀左事儿 关键词下雪吧比赛交通..	未
今日喀左事儿 关键词又撞了小心地滑谁身份证丢了	未
今日喀左事儿 关键词寻物钻井交通..	未
今日喀左事儿 关键词开通条件通知结冰	未
今日喀左事儿 关键词我是谁干啥呢甜蜜的负担	未
今日喀左事儿 关键词补贴咋办到的撞了	未
今日喀左事儿 关键词高铁路灯寻物	未
今日，国务院办公厅发布了2019年部分节假日放假调休日期的具体安排，时报君据此整理了一份2019年股市放假日历，敬请收藏。2019股市放假日历，速速收藏	未
今日国王队的内线威利考利斯坦脚下穿着的Nike PG 2 Custom Naruto定制版。详情请见：网页链接	未
今日国防部网站证实越南渔民打捞的是训练弹，是的，一开始所长猜的是实弹，所以本次是猜错啦，因为外观看上去确实很像实弹。操雷是鱼雷武器中的一种特有品种。导弹深弹火炮在训练和校验中必须进行实弹考核，唯有鱼雷在训练与校验中可用操雷代替战雷。为了在战时能有效熟练地使用鱼雷武器消灭敌人，平时必须严格训练鱼雷攻击。但在射击训练时如用战雷，则鱼雷在航行完了时就会沉入海底，不易捞回，所以一般在施放鱼雷训练时，均用操雷头代替战雷头，使鱼雷走完航程后能自动上浮，便于捞回再次使用。此外，研制单位测试鱼雷性能参数也需使用操	未
今日城事： 云南一男子把老婆打死后自己也选择上吊自杀，家破人亡的原因竟是	未
今日城事：大理人注意了！城区这些道路在限行，千万别跑错了	未
今日城事：官方辟谣微信朋友圈热传楚雄市医院有弃婴寻领养	未
今日城事：昆明西山一社区凌晨突发火灾，已致多人遇难，应急处置工作正有序开展！	未
今日城事：熊孩子化身老司机，半夜偷偷开走挖掘机！	未
今日城事：看过来！12月1日起，紫云北区龙溪三个派出所的身份证办理服务将入驻大理政务服务中心	未
今日城事：货车在西北绕城高速上自燃变成火球，车上33吨大米付之一炬	未
今日填报高职专科院校征求志愿	未
今日外财经   跌！欧央行发布新出资比例美指涨/欧指跌黄金跌美股跌/欧股跌/中国股市跌原油跌/国债跌/大宗商品上涨等	未
今日夜宵	未
今日《大众日报》刊发我市稿件《给土壤洗个环保澡》	未
今日大小事 103岁老人膝下子孙100多口人	未
今日大小事20公里残疾小伙拄双拐徒步助残	未
今日大小事 24日0时27日0时忻州城区单双号限行！	未
今日大小事 680克苹果王，卖出18888元	未
今日大小事东街大队东100米路北有房屋出租	未
今日大小事丨一家儿童游乐场转让	未
今日大小事丨万荣中通快递公司正在招人！	未
今日大小事丨万荣五一东街梅花胡同一小院招租！	未
今日大小事丨万荣北大街友谊胡同小院出租出售！	未
今日大小事丨万荣县城北大街友谊胡同小院正在出租出售！	未
今日大小事丨丛林小区后面曙光家园紫色楼房门面房出租	未
今日大小事丨二中附近有一独院两间出租，水电暖齐全。	未
今日大小事丨出租县城中医院对面交电家属院二楼	未
今日大小事丨出租房屋，单间。地址：锦恒小区后面。	未
今日大小事丨华丰电机诚聘多名工作人员	未
今日大小事丨原三中后面(现在的春苗幼儿园附近)有库房出租	未
今日大小事丨在沁县招聘乡镇代理商，村级经销商 农资商品推销员	未
今日大小事丨平遥横坡大型灯展暂停开放	未
今日大小事丨平遥残联发布新申领残疾人证公示名单	未
今日大小事丨广场附近，阁楼出租	未
今日大小事丨房屋出租气象局后面，碳峪东路，两室一厅	未
今日大小事丨旺铺转让：商贸二楼莫尔服饰转让	未
今日大小事丨明日（26）停电通知	未
今日大小事丨明日停电通知	未
今日大小事丨本人急需招聘一位看小孩阿姨	未
今日大小事丨求租：想租一间单间大暖房，粮食小区到一里沟范围之内！	未
今日大小事丨物流长期招聘司机送货员客服数名	未
今日大小事丨现有房屋场地出租	未
今日大小事丨现有房屋场地出租，在交通局附近	未
今日大小事丨现有营业中的儿童乐园需转让	未
今日大小事丨盼盼食品厂需万荣渠道厂家业务一名！	未
今日大小事丨联合厂院内房屋出租	未
今日大小事丨转让：因本人忙不过来，现汇美女人街童鞋店转让	未
今日大小事丨这个检查点害了司机！万荣县公安局交警大队对此事做出回应	未
今日大小事丨铁北东街独院出售	未
今日大小事  临好心司机帮忙疏导交通！谁认识	未
今日大小事  临汾24岁脑瘫女直播刷牙吃饭	未
今日大小事  临汾一24岁脑瘫女直播刷牙吃饭！火了	未
今日大小事  临汾一夫妻街头修自行车十几年！孩子却是	未
今日大小事  临汾好心司机帮忙疏导交通！谁认识	未
今日大小事  临汾孝子每天搀八旬患病母亲锻炼	未
今日大小事 五台司机途径这些高速路段可得注意了！	未
今日大小事 五台山公安开展出入境管理便民新举措！	未
今日大小事  今后身份证相片可重拍3次	未
今日大小事 今后身份证相片可重拍3次	未
今日大小事  从武乡走出的上党梆子双杏花	未
今日大小事  低价出售小二楼	未
今日大小事便民信息	未
今日大小事 便民信息汇总	未
今日大小事  停限产！长治秋冬季实施错峰生产，涉及每个人的生活！	未
今日大小事 元旦假期火车票开售	未
今日大小事 全国道路客运军人依法优先出行	未
今日大小事公司直招男性门卫2名，55以内	未
今日大小事  出售二中东德乐小区一号楼一单元501	未
今日大小事   出售二中南昌盛园小区五楼	未
今日大小事出售十字绣（八方聚财），低价出售	未
今日大小事  出售畅和园小区8楼地上12小房	未
今日大小事  发鸠山要有新变化了，还要建项目	未
今日大小事  史回乡辿口村的石料厂变身香菇种植基地	未
今日大小事  吕梁全面开展整治货车污染的专项行动	未
今日大小事   吕梁公交公司102绕行公告	未
今日大小事  吕梁公交运行调整公告	未
今日大小事  吕梁：集中供热服务中心电话公布	未
今日大小事  咱潞城今年建了这么多项目，你知道几个	未
今日大小事  四中东门口往北20米路东街面房小二楼，急售	未
今日大小事  城南小学附近门面房出租	未
今日大小事壶关县12月3日-12月7日停电公告	未
今日大小事壶关县地名二普---西王宅村	未
今日大小事壶关县地名普查---斛市村	未
今日大小事壶关县地名普查---西王宅村	未
今日大小事大佛南路啤酒城北两间门面房出租	未
今日大小事 大同市人民政府通告！	未
今日大小事  太焦高铁武乡西站县城连接线最新进展	未
今日大小事奶茶店急招前台收银员女士1名，小吃店后台操作员2名，服务员2名	未
今日大小事 小伙捐出60肝脏为父续命	未
今日大小事山西51岁大叔成直播网红	未
今日大小事  山西孝子每天搀八旬患病母亲锻炼	未
今日大小事山西小伙徒步3000多公里去三亚	未
今日大小事  山西降低一般工商业电价	未
今日大小事  左权这些地方要停电，做好准备	未
今日大小事  左黎高速：发生的紧急一幕！	未
今日大小事  广场附近三室一厅有房出租	未
今日大小事  应百附近有两间上房出租	未
今日大小事 忻州停车收费有了新办法，1月1日起将施行！	未
今日大小事 忻州司机途径这些路段可得注意了！	未
今日大小事 忻州城区实行机动车单双号限行！	未
今日大小事 忻州小伙徒步3千多公里去三亚！	未
今日大小事 忻州市开展大气污染综合治理巡查！	未
今日大小事  我县城东片区控规及核心区城市设计方案汇报会召开	未
今日大小事 我县城市建设项目最新进展	未
今日大小事找个可以上上午班的工作，有意者电联	未
今日大小事  招聘25人！左权县招聘公益性岗位工作人员，快报名！	未
今日大小事 招聘信息房屋租赁每日一猜	未
今日大小事  招聘客车司机20名	未
今日大小事  招聘收银员3名	未
今日大小事  招聘营业员	未
今日大小事  昨天10时起，翼城启动重污染天气橙色预警（二级）	未
今日大小事曝光台：机动车不礼让斑马线	未
今日大小事曝光台逾期未检验挂车	未
今日大小事曝光台逾期未检验货车	未
今日大小事本人有十几人的装卸队，常年在祁县周边装卸	未
今日大小事某食品厂招聘女工两名，工资面议	未
今日大小事  梁家庄村有了新变化，村里人瞧瞧	未
今日大小事  武乡北良侯，一村出了两院士	未
今日大小事  民政部：全面推进婚俗改革	未
今日大小事  求职！想找份文员工作	未
今日大小事  汾西5座垃圾中转站最新情况！老乡速看	未
今日大小事  汾西县三下乡活动走进和平镇！村民们都	未
今日大小事  汾西县电商服务中心正式揭牌！	未
今日大小事  汾西这个地方要停电！是你家附近吗速做准备	未
今日大小事洪洞又见砸车窗！	未
今日大小事洪洞小伙子夜间酒后开车被临汾交警抓住了	未
今日大小事洪洞经济技术开发区规划环境影响评价第一次公示	未
今日大小事洪洞门诊大额疾病人员注意，年度复审开始了！	未
今日大小事 浑源司机途径这些路段可得注意了！	未
今日大小事 浑源退役军人注意了！	未
今日大小事 浑源郭家庄附近有一堆沥青管着火	未
今日大小事  潞城声音：潞城改区官宣......	未
今日大小事  潞城某小区反映，暖气不暖，不正常 政府回复！	未
今日大小事 男子两年没洗澡，列车长帮他搓澡	未
今日大小事祁中附近租小户型楼房	未
今日大小事祁县哪里有卖聚氨酯冷库板的	未
今日大小事  离石:关于尽快办理居民医疗和养老保险的紧急通知	未
今日大小事稷山正身医院食堂急招切菜刀工好的帮厨女工	未
今日大小事稷峰东街县政府对面两间门面房转让	未
今日大小事稷峰东街路北东苑小区有小院出售	未
今日大小事 繁峙司机途径这些高速路段可得注意了！	未
今日大小事 繁峙小伙徒步3000多公里去三亚	未
今日大小事 繁峙常走大运路这个路段的车辆一定要注意，交警要有大动作	未
今日大小事  翼城收费站往晋城方向，一重型半挂车出事了！	未
今日大小事  翼城王庄乡辛史村一男子离家出走，家人急寻！	未
今日大小事聚宝隆宾馆招收银员服务员，有意者电联	未
今日大小事 走失奶奶握着民警手躺怀里睡着	未
今日大小事  转租营业中的巴氏奶吧	未
今日大小事运宝黄河大桥即将通车	未
今日大小事 这后生骗贷120万潜逃18年，结果...	未
今日大小事酒类销售业务员3名，有经验者优先	未
今日大小事长治这小区同一牌子的燃气灶，一周炸了俩	未
今日大小事 雄安火车站开建，未来忻州将高铁直达雄安！	未
今日大小事  青海试点新规：彩礼不超6万	未
今日，大雪	未
今日大雪	未
今日大雪！1养 2多 3防 4吃，整个冬天少生病！	未
今日大雪！2018年湖南第一场雪来自怀化！真相是...	未
今日大雪 6日，房山区一库房发生火灾，现场无人员伤亡清查余火后的合影，一抹微笑让人心疼	未
今日大雪！8日苏南南部有大到暴雪！常熟	未
今日大雪一候：鹖鴠（h dn）不鸣	未
今日大雪一年阴气最重的15天里切记一定要做到这4点，特别是最后点！	未
今日大雪，一起来品读这些咏雪诗吧[给你小心心]	未
今日大雪，一首《天冷了，别冻着》送给牵挂的你，天气渐凉，注意保暖！	未
今日大雪！万州黔江奉节重庆这些地方下雪了！	未
今日大雪上海今迎高空初雪，周末或有明显降雪	未
今日大雪，不如来六枝，泡汤赏景	未
今日大雪，不懂规矩要吃亏，为了家人赶紧看看！	未
今日大雪，不懂规矩要吃亏！全家一定要这样吃，为了家人赶紧看！	未
今日大雪，不懂规矩要吃亏全家一定要这样吃，为了家人赶紧看	未
今日大雪丨如果不趁现在出发，后面的日子你将与被窝终日为伍	未
今日大雪丨愿你心中暖 驱走你冬寒	未
今日大雪丨我在等苏农的第一场雪	未
今日大雪丨棉裤预警！北方这个地方四季如春，不用穿棉裤哦！	未
今日大雪丨近期银川依旧不下雪，天气还是冷冷冷冷冷	未
今日大雪丨金寨的你除了要注意保暖，还要知道这些！	未
今日大雪丨雪纷飞，仲冬始，大雪的这些你知道吗	未
今日大雪丨鲅鱼圈入冬以来最冷的一天！接下来的天气	未
今日大雪为入冬以来最冷一天 全省天气转晴北风唱主角	未
今日大雪！今日12时26分，大雪节气。古人云：大者盛也，至此而雪盛也。此时节天气将变得更冷。北京市气象台预报，从12月6日开始一直到8日，强冷空气持续影响北京。那么，如此干燥寒冷的时节，我们该如何给孩子防寒保暖进补降噪呢赶紧点进看看吧！ 速冻模式开启！明天起，要给孩子这样防寒进补！	未
今日大雪 今日12时26分进入24节气中的大雪你穿秋裤了嘛	未
今日，大雪今日12时26分进入24节气中的大雪古说，大者盛也，至此而雪盛小雪腌菜，大雪腌肉，封河之时，冰上溜溜冬天进补，顿顿不漏，晨起服热粥，晚餐宜节食，适当多吃些牛羊肉这也是个充满诗意的节气，雾凇挂满枝桠，片片雪花飘落今日大雪，你那里的温度如何（中 ...全文	未
今日，大雪今日12时26分进入24节气中的大雪古说，大者盛也，至此而雪盛。小雪腌菜，大雪腌肉，封河之时，冰上溜溜冬天进补，顿顿不漏，晨起服热粥，晚餐宜节食，适当多吃些牛羊肉这也是个充满诗意的节气，雾凇挂满枝桠，片片雪花飘落新年不远了，你期待吗	未
今日，大雪今日12时26分进入24节气中的大雪古说，大者盛也，至此而雪盛小雪腌菜，大雪腌肉，封河之时，冰上溜溜冬天进补，顿顿不漏，晨起服热粥，晚餐宜节食，适当多吃些牛羊肉这也是个充满诗意的节气，雾凇挂满枝桠，片片雪花飘落新年不远了，你期待吗 （中国 ...全文	未
今日大雪，你们那里下雪了吗	未
今日大雪  你在的地方下雪了吗	未
今日大雪  你在的城市，下雪了吗	未
今日大雪，你家初雪何时到货	未
今日大雪  你是不是迟到了	未
今日大雪你那儿下雪了吗飞乐鸟	未
今日大雪 你那边下雪了吗大雪是二十四节气中的第21个节气，《月令七十二候集解》说：至此而雪盛也。最近江苏部分地区已迎来雪片纷飞而此时也是雾霾易发的时节。小雪腌菜，大雪腌肉，腌制咸货也正当时。另外，大雪纷飞天干物燥，莫忘进补哦！江苏新闻出品	未
今日大雪 你那边下雪了吗大雪是二十四节气中的第21个节气，月令七十二候集解说：至此而雪盛也最近江苏部分地区已迎来雪片纷飞而此时也是雾霾易发的时节小雪腌菜，大雪腌肉，腌制咸货也正当时另外，大雪纷飞天干物燥，莫忘进补哦！江苏新闻出品	未
今日大雪  你那里下雪了吗	未
今日大雪，你那里下雪了吗？	未
今日大雪，你那里下雪了吗	未
今日大雪你那里下雪了吗我这里下雪啦......	未
今日大雪你那里多少度	未
今日大雪，修水或迎初雪！还有这些小编也想说	未
今日大雪倾耳希无声，在目皓已洁	未
今日大雪  做好这七件事，安然度一冬	未
今日大雪，偷偷的暖（geng）手（bo）	未
今日大雪！兴义冷冷冷再看看兴仁安龙贞丰普安等地气温！	未
今日  大雪冬天特别不喜欢的组合：早起下雨。你起床了吗	未
今日  大雪冬天特别不喜欢的组合：早起下雨你起床了吗	未
今日大雪：冰雨开启降温周末，你穿羽绒服了吗	未
今日大雪，冷空气速冻安师，你们要的雪安排上了	未
今日大雪，冻你没商量	未
今日 大雪冻成	未
今日大雪，初雪最快今晚到货！断崖式降温，这种病高发！	未
今日大雪，利川多地下雪，你那里下雪了吗	未
今日大雪。劝君穿着秋裤走，寒潮来袭不会抖	未
今日大雪劝君穿着秋裤走，寒潮来袭不会抖伴随着入冬之后的持续降温，全国进入速冻模式，南北方人民过冬的生活差异了解一下。 via:新华网	未
今日大雪，北京还没下雪	未
今日大雪，南通今天会下雪吗	未
今日大雪，吃三白三黑三肉！不懂规矩要吃亏！为家人收好	未
今日大雪，哈尔滨继续干冷丨2019年放假安排出炉，五一小长假没了	未
今日大雪四川公安，在你身边 九巡高脊戍轮台，警徽顾望三寒开天绒皑皑无穷尽，心若江山一片白	未
今日大雪  在宜昌，这才是最正式的入冬仪式	未
今日大雪城阳美成了一幅画！接下来的天气，冻真格的了！	未
今日大雪 大雪	未
今日大雪 大雪，作为冬天的第三个节气，说白了就是天气真的很冷了所以，抓紧找对象吧，毕竟单身狗格外冷 不想一个人过圣诞节	未
今日大雪 大雪 温度降的也太快了关键是只下雨不下雪要注意保暖啊	未
今日大雪大雪至，仲冬始。	未
今日大雪  大雪至，隆冬始	未
今日大雪！大风预警来了	未
今日大雪，天寒多保重	未
今日，大雪。天气越来越冷，棉裤袄子该穿起来了	未
今日大雪，天渐冷，问候却暖你那里下雪了吗	未
今日大雪，宁波入冬！甬城的第一场雪就要发货了	未
今日大雪，宜抱团取暖你家多少度	未
今日大雪，宜昌下雪了！	未
今日大雪！寒潮席卷！冰冻模式持续！	未
今日大雪寒潮来袭 ， 你那霜落雪飞 ， 我这红枫似火 ， 差距咋这么大	未
今日大雪 ，广东每年一到这个时候就开启一周过完春夏秋冬模式，前天还31度，今天就21，还要继续降成个位数，而面对降温，我只有一句话想说：没衣服穿啊啊啊啊啊啊啊啊啊！！！	未
今日大雪康县大雪	未
今日大雪  开启冬天进补模式！	未
今日大雪，强降温！丰都最低温度只有1...可能还有会下雪！	未
今日大雪  想和你一起走到白头	未
今日大雪，成都冷惨了！你所在的地方下雪了吗	未
今日大雪我有一个小小的请求希望你能答应好不好sunny是个小太阳微博视频	未
今日大雪 据说雪后很冷，需要开空调！所以，你那里下雪了么雪后变成了什么样儿@中国天气	未
今日大雪无雪丨只有冷贼冷越来越冷！	未
今日大雪时至大雪节气，雪至此而盛，乃入仲冬，万物覆雪，捻落成泥。飘雪侯人，火炉正红，雪凝霜冻，灯火阑珊.....大雪降大雪，瑞雪兆丰年。国史古风	未
今日大雪，昭通这个地方下雪了你那里呢?	未
今日大雪：晚来天欲雪，能饮一杯无	未
今日大雪，最低-2！真正的雪已经在路上，盐城将开启速冻模式	未
今日大雪，最冷的日子来了，不懂规矩要吃亏！为了家人看看！	未
今日大雪！最冷的日子来了！不懂规矩要吃亏！全家一定要这样吃，健康过冬天！	未
今日大雪未来三天天气预报	未
今日大雪  机场除雪进行时！风雪严寒，愿君冬安！	未
今日大雪  杭州真的下雪了，还有你要的2019年节假日安排请收好！	未
今日大雪，气温速降，不会避寒要吃亏！	未
今日大雪，气温骤降，你穿秋裤了吗	未
今日大雪   注意保暖	未
今日大雪注意保暖	未
今日大雪 注意御寒	未
今日大雪，注意防寒保暖	未
今日大雪看大雪	未
今日，大雪眼下，一股强冷空气正在影响我国，大风和剧烈降温自北向南推移，速冻华北黄淮江淮等地。随着冷空气继续深入，今天，中东部大部气温还将继续走低，雨雪分界线也将南压至江汉江淮江南北部一带，安徽江苏湖北等局地或有暴雪，贵州北部则可能有冻雨。等雪来寒潮发威中东部冷如三九 苏皖局地有暴雪 科普小编说天气 鹿晗 鹿晗二巡 冬天特别不喜欢的组合	未
今日大雪节气，你们那边下雪了吗又到了南北方讨论吃什么的时候了 大雪	未
今日大雪，蓝田这些图让人瞬间落泪！	未
今日大雪，要吃三白三苦三肉，不懂规矩要吃亏哦	未
今日大雪  觅一处暖屋，候一场雪来。	未
今日大雪！赶快穿上棉毛裤！来看彭水哪些地方下了第一场雪	未
今日大雪，超凶降温来了，安全提醒来咯	未
今日大雪，转发这条下雪的微博，你所在的地方也能漫天飘雪	未
今日大雪！还有这5个坏消息，周末禹州这些地区又要停电	未
今日大雪！这些事你都知道吗	未
今日大雪：这些雪的别称，你知道吗	未
今日大雪，这几件事要做好！	未
今日大雪！遂宁人，赶快穿上棉毛裤！因为不穿会胖！	未
今日"大雪"重庆很应景 明后天低温高海拔持续飘雪	未
今日大雪！除了冷冷冷，2019年放假安排也出炉了！五一小长假没了......	未
今日大雪！除了冷冷冷，你还需要知道这些事，否则一定会吃亏！	未
今日大雪，除了要适时添衣，你还得惦记这件事	未
今日大雪雪点寒林	未
今日大雪雾凇挂满枝，片片雪花飘	未
今日大雪  食宜增苦绝咸，静摄以迎初阳，大雪进补，开春打虎	未
今日大雪，黄海只剩黑白	未
今日大雪，龙山开启雪景模式！洛塔岩口已封路，请注意绕行	未
今日大雾！今晚散宝坻城内能见度不足50大家来体会一下！大雾中的宝坻是什么样的吧！！！	未
今日大雾，宜装神弄鬼	未
今日天气12月9日，星期日，农历十一月初三，晴转多云，-3-0，相对湿度：4075，偏西风转西北风45级。今天滨城将是以晴为主的天气，并且盘踞在大连地区多日的冷空气要逐渐减弱了，气温也终于开始回升。	未
今日天气 今天晴到多云，明天白天多云到阴，夜里阴有小雨，东北风3到4级，蠡湖湖区4级，太湖无锡区域4到5级，今天白天最高气温10，明天早晨最低气温3。15日傍晚前后到夜里将有一次小雨天气过程，早晨气温明显回升。琼枝玉叶，晶莹剔透，斗山黄杨居的冬日就是这样美。你那也结冰了吗via@斗山星辰摄于 锡山区锡北镇	未
今日天气多云到晴，偏北风4级，蠡湖湖区4级，太湖无锡区域4到5级，早晨最低气温0，白天最高气温7。双十二冷空气已发货，这几天早晨的最低气温都将在冰点以下，不过好在都是多云到晴的好天气，阳台上积攒了很久的衣服终于可以一展潮气了！	未
今日天气实况这两天受雾霾的纠缠，着实让人不太喜欢，今天凌晨开始冷空气裹挟着大风进京，本市大部分地区能见度逐渐好转，跟雾霾说再见了，腾云驾雾的感觉终于告一段落可由于部分地区伴有沙尘，风沙缠绵，因此，咱们还是没见到久违的蓝天今天气温变化不大，午后最高气温7.3（13:06）	未
今日天气我市多云气温12-18，北部及山地再低1左右北风3-4级相对湿度60-80 深圳市气象台2018年12月14日05时25分发布网页链接	未
今日天气我市多云间阴天气温19-27东风2-3级相对湿度60-95 深圳市气象台2018年12月22日05时31分发布。网页链接	未
今日天气我市多云间阴天气温22-26东风2-3级相对湿度55-95 深圳市气象台2018年12月05日05时08分发布网页链接	未
今日天气我市晴天间多云气温14-20东北风3级，东部沿海和高地最大阵风7-8级相对湿度50-85 深圳市气象台2018年12月17日05时20分发布网页链接	未
今日天气我市阴天，局部有零星小雨16-22北风3-4级，沿海和高地最大阵风7-8级相对湿度60-90 深圳市气象台2018年12月07日05时33分发布网页链接	未
今日天气我市阴天，有分散阵雨气温14-19北风3-4级，沿海和高地最大阵风7级左右相对湿度70-95 深圳市气象台2018年12月08日05时27分发布网页链接	未
今日天气我市阴天，有零星小雨气温12-15偏北风3-4级，沿海和高地阵风6-7级相对湿度75-95@深圳天气	未
今日天气我市阴天转多云气温16-22东北风2-3级相对湿度65-95 深圳市气象台2018年12月25日05时21分发布。网页链接	未
今日天气我市阴天间多云，天气寒冷气温10-14北风3级，沿海和高地阵风6-7级相对湿度65-85 深圳市气象台2018年12月12日05时07分发布网页链接	未
今日天气我市阴天间多云，有零星小雨气温11-16，北部及山地再低1左右北风3级，阵风6级相对湿度75-95@深圳天气	未
今日天气我市阴天间多云，有零星小雨气温11-16，北部及山地再低1左右北风3级，阵风6级相对湿度75-95 深圳市气象台2018年12月10日05时09分发布网页链接	未
今日天气我市阴天间多云气温10-16，北部及山地最低气温再低1-2，早晨天气寒冷偏北风3-4级，沿海和高地最大阵风6-7级相对湿度60-80 深圳市气象台2018年12月13日05时28分发布网页链接	未
今日天气我市阴天间多云气温13-17北风3级，阵风6-7级相对湿度65-85 深圳市气象台2018年12月11日05时14分发布网页链接	未
今日天气我市阴天间多云气温22-25东风3级，阵风5-6级相对湿度65-95 深圳市气象台2018年12月06日05时53分发布网页链接	未
今日天气 早间天气预报今天上午阴有小雪，下午到夜里阴有中到大雪，明天阴有中雪转雨夹雪，偏北风4级，蠡湖湖区4到5级，太湖无锡区域5级，今天白天最高气温3，明天早晨最低气温-1，有薄冰。图via@五月的杨小满	未
今日天气 早间天气预报今天多云转阴有小雨，明天阴有雨，偏东风3到4级，蠡湖湖区4级，太湖无锡区域4到5级，今天白天最高气温12，明天早晨最低气温8。	未
今日天气 早间天气预报今天阴有时有小雪或雨夹雪，明天阴有雨，偏北风4级，蠡湖湖区4到5级，太湖无锡区域5级，今天白天最高气温6，明天早晨最低气温5。	未
今日头条11月24日凌晨发生一起杀人案，犯罪嫌疑人向安康方向逃窜！离奇！生下来被告知是男孩，7小时后带孩子去洗澡，变女孩了！	未
今日头条11月24日镇安县城岭南明珠二楼发生一起故意杀人案！柞水至山阳高速公路即将通车 凤凰古镇通上了新高速！	未
今日头条12.4宪法宣传日，我们在行动	未
今日头条  17家风电企业千万千瓦规划装机 海上风电小三峡不了解一下	未
今日头条三农合伙人“巧妇9妹”帮卖5万斤滞销蜜橘	未
今日头条下跪的城管，我有话对你说	未
今日头条东湖区召开2018年基层党建工作调度例会	未
今日头条东湖区召开招商引资项目调度会	未
今日头条丨口罩神偷专盯苹果直营店薅羊毛九龙坡警方迅速破案抓人	未
今日头条中共临朐县委临朐县人民政府给全县人民一封信	未
今日头条全市公安机关开展124国家宪法日宣传活动	未
今日头条关于新增道路技术监控的公告！	未
今日头条兴县又有两人去徒步三亚啦，兴县徒步可是火了！	未
今日头条兴县山炮火了，引起兴县一大批人纷纷去徒步！	未
今日头条再见，茂名沿江路狗肉档！你好，小东江酒吧街！（多图）	未
今日头条包头市迅速应对坚决果断处置猪瘟疫情	未
今日头条包茂高速镇安至西安方向的交通事故，14:38解除交通管制，内附现场视频！塔云山景区闭园通知	未
今日头条吐槽大会	未
今日头条周一发布本周汝州这些区域开始停电....	未
今日头条因发布违法医疗广告被罚超300万元日前根据国家企业信用信息公示系统显示，北京字节跳动科技有限公司旗下今日头条软件在未取得医疗广告审查证明的情况下发布医疗广告，违反了《广告法》第四十六条规定。自2016年6月起，今日头条为广告客户发布数条广告。此次违规广告中共涉及9家医疗及美容机构。根据相关法律规定，今日头条被责令停止发布违法广告，并处以没收广告费共计235971.6元，罚款707914.8元的处罚。处罚决定日期为2018年3月30日。同时，国家企业信用信息公示系统另显示，在2018年11	未
今日头条大好事！衡阳县两大民生项目开工啦	未
今日头条将上线“飞聊” 但它不会和微信“硬碰硬”	未
今日头条成都环保公众开放活动又开始了	未
今日头条  我叫理财子公司，含着金钥匙出生	未
今日头条我省污染防治三大战役重大项目昨日开工  我市61个项目投资超356亿元	未
今日头条扩大疆域：从电商到金融再到社交，疑似要搞分期贷款	未
今日头条找到啦！兴县走失的两孩子居然跑到了岚县！	未
今日头条推出谣零零反谣言计划，汇聚社会力量打击谣言11月26日，今日头条反谣言官方头条号头条辟谣宣布，推出谣零零反谣言计划，汇聚社会力量打击谣言。 这是今日头条反谣言工作的最新进展。 今日头条推出谣零零反谣言计划，汇聚社会力量打击谣言	未
今日头条检答网开通：办案遇难题，专家来答疑	未
今日头条注册分期字样商标 外界猜测在逐步铺开金融业务据新浪财经称，12月6日，今日头条母公司字节跳动（全名为北京字节跳动网络技术有限公司）在国家工商行政管理总局商标局注册了轻栗分期吾先分期字节付三个商标。不过，经济观察报记者登录中国商标网发现，目前只有轻栗分 ...全文	未
今日头条申请字节付等三商标 疑进军金融业务	未
今日头条申请字节付等三商标，疑进军金融业务今日头条母公司字节跳动在12月6日申请了吾先分期轻栗分期字节付三个商标，疑似进军金融业务详情点击：今日头条申请字节付等三商标，疑进军金融业务	未
今日头条申请字节付等三商标，疑进军金融业务近日在中国商标网查询发现，今日头条母公司字节跳动在12月6日申请了吾先分期轻栗分期字节付三个商标，疑似进军金融业务。根据系统显示，这三个商标的国际分类中，均含3642类，其中第三十六类为保险金融事务货币事务不动产事务。目前，系统显示这些商标均在等待受理，暂无法查询详细信息。（36氪）	未
"今日头条"的交锋：法律保护谁的创造力?	未
今日头条省委省政府发布《关于全面加强生态环境保护坚决打好污染防治攻坚战的实施意见》	未
今日头条系社交野心终落地 将推社交软件飞聊对标微信？	未
今日头条联合出击！我市开展重点区域大气污染防治专项督查	未
今日头条能干掉腾讯微信吗据多家媒体的报道显示，字节跳动将上线一款年度级别的社交产品飞聊，并且与抖音一样的是，这款名为飞聊的社交产品将不会被内嵌在今日头条APP内，而是以独立APP形式推出。详情点击：网页链接	未
今日头条茂名人注意：强降温即将杀到！	未
今日头条茂名向省建议湛江机场迁建后命名为湛江茂名机场	未
今日头条衡阳县民政这几个项目工程，县委书记很牵挂	未
今日头条被罚超 300 万元11月29日，国家企业信用信息公示系统显示，北京字节跳动科技有限公司旗下今日头条在未取得医疗广告审查证明的情况下发布医疗广告，违反了《广告法》第四十六条规定。北京市工商行政管理局海淀分局对今日头条违法发布同仁堂保健食品广告以及非处方药非法广告，共计罚款300万元。此前，字节跳动也曾因广告违规问题被处以707914.8元的罚款。（新浪科技）	未
今日头条要卖保险了 开价月薪20K-40K招产品负责人	未
今日头条这条微信告诉你，扶贫就要这么干	未
今日头条违法发布医疗广告，被罚超300万淘宝启动双12深圳将投超1800亿，建设8个新兴产业集聚区上科创板技术是第一位	未
今日头条邢台最网红韩秀强画出：你没见过的那些邢台古村落	未
今日头条锛重点补短板解难题，以踏石留印抓铁有痕的标准抓好问题整改落实	未
今日头条闻喜一男子村里过事图热闹，结果...	未
今日头条防止环境问题一刀切，金堂这些招能称好招！	未
今日头条雨雪天刚过，汝州市这些区域要停电了......	未
今日头条  风电毁坏林地真相是这样的...	未
今日头版	未
今日头版 3台尖峰锅炉应对强降温快板普法陈羽凡被责令社区戒毒三年这位的哥感动京城工信部：同程艺龙立即整改	未
今日头版 PM2.5浓度四年内降34.8金光穿洞东城服务群众打通最后一公里北京外来人口户籍人口双下降退役军人事务部：扎实做好部分退役军人信访工作	未
今日头版 国家公祭宣读和平宣言京张高铁最长隧道顺利贯通两名加公民被中方依法采取强制措施安卓手机上线京津冀互通卡	未
今日头版有霾的日子大家都在等雪来 23日全省大范围降温浐灞国家湿地公园1月1日起将正式免费开放西安明年新增一批公园绿地广场 打造15分钟便民圈西安：五年内实现主城区上快速路不超过20分钟西安甲醇出租车上线 起步价仍为8.5元西安今日限行尾号5和0西安咸阳国际机场年货邮吞吐量突破30万吨 今年累计增速排名保持全国十大机场首位全域旅游创建成绩凸显 陕西今年旅游收入近6000亿陕西省万人发明专利拥有量居全国第七推动月光经济发展 西安1823家商业店橱窗将亮化陕西各地各界干部群众	未
今日头版 每个街道将建养老照护中心力拼资格赛本市发布空气重污染黄色预警中国驻卡拉奇总领馆遇袭我国艾滋病输血传播基本阻断	未
今日头版西安近期气温慢慢往上爬 但面目可憎的霾又要来 14日夜间至15日中午 西安可能出现连续重污染过程西安今天限行尾号5和0陕西出台《关中平原城市群发展规划》实施方案 建设具有世界影响力的国家级城市群西安开出首张公共场所 个人吸烟罚单 男子酒店楼道内吸烟被罚10元西安：配建公租房与商品房之间不得设置围墙111月西安进出口总值突破3000亿元陕西加大推进分级诊疗制度2020年实现九成患者县域内就诊西安交警两个多月查处非机动车交通违法10万余例陕西全面整顿医疗市场 发现倒卖号源等	未
今日头版首届长三角文博会侧记：潮涌长三角，扬帆正当时公益诉讼案维权难如何破江苏首设维权资金专项账户苏州嘉兴两地跨省合作治水，58名镇村干部被聘为联合河长gtgt今日头版1203在这里读懂江苏！	未
今日好康的丨萌系宿舍鬼畜：鬼畜那都是宿舍飞机的锅	未
今日威信斑竹一货车撞断一根电线杆，差点....	未
《今日安丘》数字报丨2018年12月6日	未
今日安，巴厘岛。。nono旅图一城又一程 巴厘岛	未
今日宜昌两岁小孩玩玩具，不慎右眼刺入钢丝/宜昌城区现首例利用同城快递运输毒品案	未
今日宜昌冷冷冷，宜昌本周四起城区或飘雪/夷陵长江大桥全段将交通管制	未
今日宜昌宜昌一天内10人被拘留，这件事不要再做了/长途客运站停车场收费执行新标准	未
今日宝清2018.12.05	未
今日宝清大烟囱冒黑烟/悬赏公告/农村水利工程供水水费征缴的公告	未
今日宝清宝清小伙发明会游泳的自行车申请了专利	未
今日实锤  原来你是这样的官微君	未
今日宾川11月28至29日，这些地方要停电	未
今日宾川12月1日至2日，宾川这些地方要停电！	未
今日宾川12月6日-10日，这些地方要停电！	未
今日宾川12月7日至8日，这些地方要停电！	未
今日宾川六旬老人三天没回家，你有没有见过她求扩散！	未
今日宾川宾川气象天天报（11月27日）	未
今日宾川宾川气象天天报（12月4日）	未
今日宾川宾川气象天天报（12月5日）	未
今日宾川确定了！宾川人赶紧看，未来两个月这些行为将重罚！	未
今日宾川课堂教学哪家强宾川这地方来了场大比武	未
今日封面90后夫妻扶贫殉职 用生命抒写壮美青春痛！修水两名干部扶贫路上不幸遇难泪！他们伉俪情深，结婚还不到两个月。令人泪目事迹	未
今日封面 今天是大雪节气，猜猜看南昌会下雪吗	未
今日小片儿	未
今日小雪，清晨的观复博物馆还沉睡着，池中的水早早便铺上了一层薄冰时光定格于此，冬天终究还是来了。	未
今日小雪：走赶山去今年的十月山在西朱家庄北边	未
今日小麦面粉麸皮次粉玉米价格	未
今日《尼尔》推特正式官宣了《尼尔：机械纪元 尤尔哈版》，并表示详情将会在随后公布。根据之前评级网站上的信息，《尼尔：机械纪元 尤尔哈版》为M级（适合17岁以上玩家），登陆PS4和PC平台。	未
今日局部地区多伞记得携带云朵出门	未
今日巫医（扩展包）//@顾扯淡:233333//@殆知阁2://@寻找快哉亭://@专业戳轮胎熊律师: 这年头最怕数据//@柚柚柚柚柚柚柚子皮: 哈哈哈哈哈哈还哈	未
今日已发1400单还在发！都在加班 等等我！	未
今日巴中一三轮和一罐车相撞，两人整摆起其中一人飞出路外！	未
今日巴城一小车失控撞宝马车，一骑电瓶车的阿姨在两车中遭夹击！	未
今日，市长来里水调研，还给民营企业布置了作业！	未
今日常州市委市政府召开金融支持实体经济和民营企业发展座谈会  2批次不合格，食药监局开展面包糕点专项抽检	未
今日常州：生活就像雾里看花	未
今日平度丨平度新闻2018年11月26日 星期一	未
今日平度丨平度新闻2018年11月27日 星期二	未
今日平度丨平度新闻2018年11月28日 星期三	未
今日平度丨平度新闻2018年11月29日 星期四	未
今日平度丨平度新闻2018年11月30日 星期五	未
今日平度丨平度新闻2018年12月4日 星期二	未
今日平度丨平度新闻2018年12月5日 星期三	未
今日幼儿园测量身高体重，我把体重器搬到教室。一小男孩悄悄的放了一只脚，当他发现有数字时他马上叫来了伙伴。并激动的说:快来，你站上去就知道自己几岁了	未
今日废话东莞玖龙纸业将迎近四年最忙碌春节季	未
今日废话广东东莞建晖纸业，2台纸机最长停机31天	未
今日废话快递包装回收，不能始终无解	未
今日廊坊丨3人因任性使用微信受处分！	未
今日廊坊丨市区三条城市道路建成通车！	未
今日廊坊丨廊坊各地公安局长扫黑除恶专用举报电话及邮箱公布！	未
今日廊坊董村小区附近突发大火！现场一片狼藉！	未
今日开始，天水出租车驾驶员统一着新工作服装上岗(图)	未
今日征象延迟强化征	未
今日微信推送进攻烂，防守更烂！但他却顶着24的三分命中打出了库里哈登式的三分威胁，这小子的神奇，联盟独一份！顶着24的命中打出库里哈登式三分威胁！这人的神奇联盟独一份	未
今日微信热点 12岁男孩弑母 12岁男孩弑母后被释放 ，学生家长反对其重返学校：怕他又犯事12月2日晚9点半左右，湖南益阳沅江市泗湖山镇发生一起未成年人持刀杀害亲生母亲案件。死者陈某，34岁，被人杀死在自家卧室，凶手正是她的儿子吴某，12岁，六年级在校学生。12岁男孩弑母后被释放，学生家长反对其重返学校：怕他又犯事	未
今日微信热点 22岁女孩霸座，还向乘警叫嚣！结果成为首个被行拘的座霸 22岁女孩霸座，还向乘警叫嚣！结果成为首个被行拘的座霸	未
今日微信热点 3岁女童竟然痛风！痛得路都走不动医生一问，原来是3岁女童竟然痛风！痛得路都走不动医生一问，原来是	未
今日微信热点一图读懂！2019节假日安排，五一假期是不是看懵了12月6日，国务院办公厅公布了2019年部分节假日安排的通知：其中最引人关注的是劳动节，仅在5月1日当天放假一天其余假日安排请戳一图读懂！2019节假日安排，五一假期是不是看懵了	未
今日微信热点 上学压力太大，11岁男孩独自开着家里的小车跑了上学压力太大，11岁男孩独自开着家里的小车跑了	未
今日微信热点 上学压力太大，11岁男孩独自开着家里的小车跑了网页链接	未
今日微信热点 冻哭了！冷空气明天正式发威！广州最低7这几天有多少街坊是穿着短袖的燥热的天气，仿佛一秒钟回到夏天不要慌，降温在路上了冷空气可能迟到，但它不会缺席6日傍晚，较强冷空气前锋到达广州北部，夜间到达中南部，气温逐日下降，转为持续阴冷天气9日-10日冷空气补充 ...全文	未
今日微信热点别急！广东九价宫颈癌疫苗，明年供应将缓解九价宫颈癌疫苗供应比较紧张，预计到2019年生产量增加，情况会有所缓解12月4日，广东省卫生健康委员会上线广东民生热线，就九价HPV疫苗短缺预约挂号难自来水安全等热点问题作出回应别急！广东九价宫颈癌疫苗，明年供应将缓解	未
今日微信热点 台湾海峡连发地震，广东福建浙江都有震感！广州朋友圈亮了中国地震台网正式测定：11月26日07时57分在台湾海峡（北纬23.28度，东经118.60度）发生6.2级地震，震源深度20千米。国家地震台网官方微博表示，地震造成福建全省有感，其中厦门漳州等地震感强烈。广东和浙江等地亦有震感报告。随后，8时15分在台湾海峡（北纬23.31度，东经118.60度）发生3.6级地震，震源深度6千米。网页链接	未
今日微信热点 向死而生！一位记者的住院日记刷爆朋友圈！住院13天他看到了最近几天，一篇名为向死而生，一名记者的住院日记的文章引发热议日记撰稿人是襄阳日报首席记者严俊杰长期的工作压力和不规律的生活方式逐渐吞噬着他的健康，看似身强体壮，实则隐藏着巨大的身体隐患 ...全文	未
今日微信热点 向死而生！一位记者的住院日记刷爆朋友圈！住院13天他看到了最近几天，一篇名为《向死而生，一名记者的住院日记》的文章引发热议。日记撰稿人是襄阳日报首席记者严俊杰。长期的工作压力和不规律的生活方式逐渐吞噬着他的健康，看似身强体壮，实则隐藏着巨大的身体隐患向死而生！一位记者的住院日记刷爆朋友圈！住院13天他看到了	未
今日微信热点@女士们，要打宫颈癌疫苗，广州这家三甲公立医院也可以了！九价宫颈癌疫苗目前依旧缺货，不过广州又增加了一家可以打宫颈癌疫苗的医院了记者今日从中山肿瘤防治中心了解到，该院体验中心开始提供宫颈癌疫苗接种服务，费用与在广州社区卫生服务中心一致。二价疫苗是580元/针次， 四价疫苗是798元/针次，九价疫苗是1298元/针次，每种疫苗均需要接种三针次。据中山大学肿瘤防治中心体检中心副主任刘宇英表示，广州目前大概每个区每个月能分配到800支九价宫颈癌疫苗，而二价四价的数量则相对充足，即来即打。	未
今日微信热点@ 广东人，准备抛弃诊疗卡！明年起，一人一个专属二维码，全省医院看病通用！到医院看病，还分不清一堆卡哪张是哪个医院的，忘了带卡还能顺利看病吗平常去医院看病，是不是手忙脚乱的要收拾一大堆资料和卡片好消息来了！记者获悉，2019年，广东将逐步推进建设居民电子健 ...全文	未
今日微信热点@ 广东人，准备抛弃诊疗卡！明年起，一人一个专属二维码，全省医院看病通用！到医院看病，还分不清一堆卡哪张是哪个医院的，忘了带卡还能顺利看病吗平常去医院看病，是不是手忙脚乱的要收拾一大堆资料和卡片好消息来了！记者获悉，2019年，广东将逐步推进建设居民电子健康码，作为全省居民医疗健康服务的唯一标识，贯穿于居民全生命周期，一人一码，一次认证，全省通用。居民使用电子健康码可在全省任一医疗卫生机构预约挂号就诊检查检验取药支付信息查询，实现一码通用！以后再也不用烦看病	未
今日微信热点广东发生首例非洲猪瘟疫情，上千头猪被扑杀！还能放心吃猪肉吗官方回应来了农业农村部新闻办公室12月19日发布消息称，广东省珠海市香洲区排查出一起非洲猪瘟疫情，截至目前，同批待宰生猪50头，发病11头，死亡11头。目前，疫情已得到有效处置，全省未接到其他疫情报告，港澳生猪及生猪产品供给稳定。广东发生首例非洲猪瘟疫情，上千头猪被扑杀！还能放心吃猪肉吗官方回应来了	未
今日微信热点 广州灯光节 别再去！广州塔和花城广场被人从众挤爆！灯光秀无人机表演点进来看灯光节来了！就在刚刚过去的19时，广州塔上斑斓的华彩和300架飞临珠江上空的无人机编队联动演绎，第八届广州国际灯光节正式亮灯！不过，今晚的灯光节开幕式活动已结束，目前灯光节周边景区已进入人从众状态。别再去！广州塔和花城广场被人从众挤爆！灯光秀无人机表演点进来看	未
今日微信热点 怀孕后被渣男抛弃这位美女的套路深还记得前段时间的这个新闻吗：微信中有名叫思X（化名）的美女发朋友圈，说怀孕后，前男友扔下50万元堕胎费抛弃了她。为了气气渣男，只要男性朋友肯转账520元或者1314元给她，并备注我爱你，她就十倍返钱。不过，多名男子转账帮忙后，就被该美女直接删除微信好友。近日，广州天河警方抓获该美女，让被骗事主转账的这位美女，其实是三名已婚男怀孕后被渣男抛弃这位美女的套路深	未
今日微信热点我可能撑不住了高速突发大火，一段视频让人泪崩我可能撑不住了高速突发大火，一段视频让人泪崩	未
今日微信热点手术做一半，医生停下来加价！病人被拉起来去缴费今年10月23日，来自云南省的姚先生在甘肃旅游途中，到兰州某男科医院做包皮切割手术，他交了538元然而令人震惊的是，手术过程中医生竟然停了下来，说必须再缴纳15300元手术费才能继续姚先生无奈之下只能拖着伤口缴了12000， ...全文	未
今日微信热点手术做一半，医生停下来加价！病人被拉起来去缴费今年10月23日，来自云南省的姚先生在甘肃旅游途中，到兰州某男科医院做包皮切割手术，他交了538元。然而令人震惊的是，手术过程中医生竟然停了下来，说必须再缴纳15300元手术费才能继续。姚先生无奈之下只能拖着伤口缴了12000，并在术后又网上借贷3300元缴了费手术做一半，医生停下来加价！病人被拉起来去缴费	未
今日微信热点 捡到疑似高中生手机，归还时却发现机主已31岁！背后真相温暖又心酸捡到疑似高中生手机，归还时却发现机主已31岁！背后真相温暖又心酸	未
今日微信热点 捡到疑似高中生手机，归还时却发现机主已31岁！背后真相温暖又心酸网页链接	未
今日微信热点 揪心！珠江夜游17岁少年落水，同一艘船，3年前曾有2岁女童落水12月1日晚20时40分许，在珠江航道海印桥附近水域，一名当天从深圳随亲戚到广州游玩的17岁少年李某，在乘坐金舫珠江夜游船时落水。据广州水警发布通告称，1日晚已组织警力迅速赶到现场救助。截至记者发稿时，水警和海事部门仍未发现落水者，目前水上搜救和相关调查工作仍在紧张进行中。对此，涉事的广州金航游轮股份有限公司相关负责人表示，涉事游船符合相关部门的安全标准。目前涉事游船已经暂停运营。2015年9月，同样在金舫号上，	未
今日微信热点 明早上班留意！广州黄村立交南引桥出现险情，明起全封闭！天河区黄村立交南引桥出现险情，为确保交通安全，自2018年11月26日（周一）上午10:00起，全封闭黄村立交南引桥双向交通，过往车辆请绕行车陂路大观南路珠吉路茅岗路等道路。另外，龙溪立交将于11月26日0时起进行双向封闭施工，封闭时间约55天。详细绕行攻略请网页链接 广州身边事	未
今日微信热点 春运首日，广州到这两地火车票基本卖完！抢票注意这两个时间段昨天起，春运首日（2019年1月21日）火车票开售，开售后一小时，部分如广州去湖南贵州方向的热门车票基本售罄。本周四（27日）开始，12306网站将选取2019年春运能力部分紧张方向列车的长途区段，开展候补购票服务试 ...全文	未
今日微信热点智商呢为拍抖音，他竟端起热腾腾的火锅，就往邻桌人头上泼过去...深夜在火锅店宵夜，突然端起热腾腾的火锅就往邻桌人头上泼，致人双手及头面部二度烫伤，而这一切竟是为了拍抖音段视频近日，广州越秀区法院审理了该案，被告人不顾劝阻将火锅泼向他人导致二度烫伤，最终在赔偿被害人3万元后还被判有期徒刑6个月网页链接	未
今日微信热点 注意！周一广州这些地方的街坊，要提前做好储水准备！广州市自来水公司将于12月10日（星期一）0时至12月13日（星期四）8时，对北部水厂管网进行施工工程届时，荔湾越秀白云等多个地方的供水压力将受影响街坊要提前做好储水准备！住在高层的居民务必要开启二次供水加压设施 ...全文	未
今日微信热点 注意！周一广州这些地方的街坊，要提前做好储水准备！广州市自来水公司将于12月10日（星期一）0时至12月13日（星期四）8时，对北部水厂管网进行施工工程。届时，荔湾越秀白云等多个地方的供水压力将受影响。街坊要提前做好储水准备！住在高层的居民务必要开启二次供水加压设施，确保用水稳定。具体受影响地址请点：注意！周一广州这些地方的街坊，要提前做好储水准备！ 信息时报 记者 李丹 广州身边事	未
今日微信热点网恋一个月，男子发出红包8万6，谁知女友红娘丈母娘竟是杭州的木先生经同时曹某介绍在网上认识了小菲，两人在微信上聊得火热，很快到了要谈婚论嫁的地步，木先生前后共给小菲转了八万多元，可小菲始终不愿见面，曹某还把小菲妈妈介绍给木先生进行调解，最终木先生起了疑心并报 ...全文	未
今日微信热点 足球巨星齐达内围观中国大妈打麻将！试图搭话，酣战中的大妈没抬眼看他足球巨星齐达内围观中国大妈打麻将！试图搭话，酣战中的大妈没抬眼看他	未
今日微信热点身背5条人命！广东警方悬赏20万，见到此人马上报警！身背5条人命！广东警方悬赏20万，见到此人马上报警！	未
今日微博，一个接一个的瓜 长春微视点	未
今日微博 吃瓜群众请注意！一大波瓜已经来袭	未
今日微博吃瓜群众都忙不过来了	未
今日微讯每天三分钟，知晓天下事（2018.11.23新闻资讯）	未
今日微讯每天三分钟，知晓天下事（2018.11.25新闻资讯）	未
今日微讯每天三分钟，知晓天下事（2018.11.26新闻资讯）	未
今日微讯每天三分钟，知晓天下事（2018.11.27新闻资讯）	未
今日微讯每天三分钟，知晓天下事（2018.11.28新闻资讯）	未
今日微讯每天三分钟，知晓天下事（2018.12.6新闻资讯）	未
今日德阳这些地方迎来初雪！但是还有这些地方要停电！	未
今日心语	未
今日快报南京长江大桥过江公交方案可能再调整南京长江大桥即将恢复通车，过江公交线路如何回归成为市民关注焦点日前，南京市客管处首次发布了过江公交调整方案，12月5日意见征集结束据悉，目前交通部门已经着手根据市民反馈的意见进行修改，后期方案或将有一定幅度的调整 ...全文	未
今日快报南京长江大桥过江公交方案可能再调整南京长江大桥即将恢复通车，过江公交线路如何回归成为市民关注焦点。日前，南京市客管处首次发布了过江公交调整方案，12月5日意见征集结束。据悉，目前交通部门已经着手根据市民反馈的意见进行修改，后期方案或将有一定幅度的调整。南京过江公交方案可能再调整，建议试点大桥公交专用道	未
今日思考 在海底捞工作会不会很压抑啊	未
今日情感博主我是个很贪心的人全世界的好东西我全部都想要但有时候我也可以不贪心比如如果全世界的好东西我都得不到有你我也觉得足够好	未
今日，我们走进广州黄埔城中村，发现很多比3线城市的消费都低，尤其是......	未
今日我只关心人类，不关心你	未
今日我在岗丨法制宣传日安排起来！警察蜀黍走进社区宣传法律法规	未
今日我在岗丨车辆到处乱停乱放，交警蜀黍开启拖车模式！	未
今日我市一大桥上发生一起车祸，车头变形严重！	未
今日我市空气质量重度污染 外出做好健康防护 出行尽量乘坐公交11月24日，记者从市政府新闻办获悉，我市空气质量持续处于中度甚至重度污染，西安市重污染天气应急指挥部办公室提示公众做好重污染天气健康防护。提醒 今日我市空气质量重度污染 外出做好健康防护 出行尽量乘坐公交	未
今日房评 里昂证券捅破了一个小秘密	未
今日打卡看过来 ，评论说说你今天晚饭吃了啥吧，给还没吃晚饭的放放毒	未
今日打卡网红民宿窑洞宾馆	未
今日打开微博时的我	未
今日报名冬季太冷，训练困难这些比赛带给你不一样的体验。	未
今日报纸最新一期社区报 石景山发生的事儿都在这里	未
今日招590，好多正式工，待遇还好！	未
今日招900，税务局医院中学，部分入编...	未
今日招聘年薪20-30万丨招聘全国专业技术人员57位！	未
今日招聘广东碧桂园物业服务股份有限公司泗阳分公司	未
今日招聘快看，赣州这两个地方招148人，有编制，大专可报！	未
今日招聘招5819人，民政局公安局司法局水利局等	未
今日招聘招7030人！银行公安局机关单位等	未
今日招聘招7600人！公安局国企教育局等	未
今日持续低温，出行注意防风保暖今天白天晴，北风四五级（阵风七级左右）转三级左右，最高气温零下1夜间晴，北风二级左右，最低气温零下10。持续低温蓝色和大风蓝色预警中，今天北风较大，气温较低，风寒效应明显，外出时请注意防风保暖风干物燥，请注意用火用电安全，谨防火灾。市气象台11日6时发布 @气象北京	未
今日捣蛋早早的睡了我开始工作生活的模样大柱小花	未
今日推送1.癌症村毒气臭水国外的蓝天白云，是中国人的命给的.2.为什么年轻时要多赚钱这是我听过最好的回答。3.去了珠峰才知道，这里的路标是尸体去了泸沽湖才知道，女儿国是真的存在	未
今日提神醒脑的短视频简直忍不住要循环播放，感觉以后每一次听到Zippo打火机开盖的click声音都会哼出这段BGM。强推！我也就听了三五十遍吧	未
今日播报  市区-大朗-万江网点上下线通知	未
今日播报  艾莱美医疗美容网点临时下线通知	未
今日播报@金昌公务员，公务员加班补助要来了	未
今日文娱  杨伟东涉经济问题配合警方调查京东推出IoT平台小京鱼好未来全资收购CodeMonkey	未
今日，新兴惠能广场报告厅座无虚席！原来这关系到...	未
今日新词汇get一下过劳回现象	未
今日新词汇  自杀式单身是你吗	未
今日新闻简讯丨巴育直播同性婚姻打捞水灯	未
今日新闻简讯丨补助蔗农王权促销	未
今日新闻莘县观城镇：治理涉农收费行为，莘县朝城镇.....	未
今日方知尧舜之事：公元220年正月，曹操病死，其子曹丕继位为魏王，同年十月十三日，汉献帝刘协宣布退位禅让曹丕。曹丕按例三让之后于同月二十九日升坛受禅，在禅让台上，看着手捧玉玺的汉献帝，不由叹到:quot今日方知尧舜之事quot.1789年法国大革命，教科书上说权贵不贵底层人民疾苦，巴黎人民饭都吃不起了，国王还要加税，伟大的巴黎人民攻占巴士底狱，解放了关在里面的劳苦人民，其实里面也就四个卖假证贩子，两个精神病患者，还有一个同性恋者，是人民被忽悠了以为巴士底狱有武器弹药。看了12月3日法国街头那事，	未
今日无利率债发行	未
今日早报 导读1.南宁将向空中蜘蛛网开刀2.园博园开园10天免费系谣言，12月7日起正式对公众开放3.乘客久未洗澡被投诉，列车长做出暖心举动4.记者暗访后举报，走私冻品被一锅端5.南湖水质正改善，建议市民别放生更多请看南国早报网，南国微生活	未
今日早报 导读1.南宁正式入冬，65年来最早2.为防房屋被拍卖，老赖将母亲锁房中3.男子路边停车睡觉，一查竟是酒驾4.鱼竿碰上高压线，钓鱼男子被电死更多请点击：南国早报网，南国微生活	未
今日早报 导读1.广西台办原主任刘侃被控受贿460万元2.广西食品安全条例草案进行立法听证，不同观点进行碰撞3.两男子卖公租房指标，骗了数十人上百万4.银行卡明明在身上，8000元却被境外盗刷5.一男生在宿舍喝醉后高位截瘫。更多请点击：南国早报网，南国微生活	未
今日早报 导读1.广西台办原主任刘侃被控受贿460万元2.广西食品安全条例草案进行立法听证，不同观点进行碰撞3.两男子卖公租房指标，骗了数十人上百万4.银行卡明明在身上，8000元却被境外盗刷5.一男生在宿舍喝醉后高位截瘫更多请点击：南国早报网，南国微生活	未
今日早报导读1.广西已有46万退役军人完成信息采集，尚未登记的请抓紧2.女大学生贷款5000元创业，借新还旧借出10万元债务3.南宁两窃贼用衣物遮面，连撬八家店铺4.因鸣笛起纷争，多名男子打砸车辆泄愤更多请关注南国早报网，南国微生活	未
今日早报导读1.第十二届园博会在南宁开幕2.大庆期间，南宁多条道路将限行3.国办公布2019年放假安排4.空气重污染时，南宁或将全面禁放鞭炮。更多请关注南国早报网，南国微生活	未
今日早报导读1.第十二届园博会在南宁开幕2.大庆期间，南宁多条道路将限行3.国办公布2019年放假安排4.空气重污染时，南宁或将全面禁放鞭炮更多请关注南国早报网，南国微生活	未
今日早报 导读1.陪伴南宁人23年，五里亭蔬菜批发市场要说再见了2.桂林开庭审理永福县李佳团伙涉黑案，39名被告受审3.县政协原主席受贿包庇，涉黑人员当选政协委员4.广西今年扫黄打非成绩单出炉，706名组织卖淫犯罪嫌疑人被捕5.广西荔浦正式撤县设市6.男子非法捕捞杀虫被判刑，还需 ...全文	未
今日早间，好看视频在官方微博发布声明称，从好看视频分享到朋友圈的内容，被全面封杀，只有自己可以看到。对此，腾讯方面表示，好看视频的外链存在网赚行为，这是违反微信外链规范的，所以对其分享链接处理为了在朋友圈分享仅自己可见，建议整体自查，改掉所有相关问题后，可以发邮件进行申诉。（via：新浪科技）	未
今日早间有浮尘 北京8条高速临时封闭	未
今日时讯2018年公安工作考核进行时	未
今日时讯宣传活动有声有色	未
今日时讯龙山派出所开展专题教育宣传活动	未
今日是大雪节气哦，你们那边下雪了吗昨天看到朋友圈好像山东那边下雪啦	未
今日晚安，摄于印度尼西亚珀尼达岛。。。nono旅图一城又一程 巴厘岛	未
今日普法第76期：狗从天降被砸瘫，她把整栋楼的人都告了！	未
今日普法第78期：邻居竟跑进我家服毒自杀，怎么判	未
今日普法第79期：@霸州业主，有这些理由可以拒交物业费！	未
今日普法第80期：扔个烟头，把自己车烧了，怎么赔	未
今日普法第82期：这4种车祸车主不承担民事赔偿责任	未
今日普法第85期：劳动合同多写了一句话，公司赔了150万！	未
今日普法第86期：儿子年薪55万，母亲患病向他求助遭拒！	未
今日普法第87期：酒后挪车算不算酒驾不只是碰瓷这么简单	未
今日更新一大波新岗位正在招人，求职跳槽的你准备好了吗	未
今日更新彩虹桥附近求租毛坯门面转让人才招聘等信息	未
今日更新水果超市转让车辆转让房屋求租人才招聘等信息	未
今日最低气温，昼夜温差，24小时降水，有你出乎预料的吗	未
今日 最弱的航空 是南航	未
今日最野  中国大妈遇上智能机器人....	未
今日最高温仅-1，请大家注意保暖市气象台9日11时发布：今天下午多云转晴，北转南风二三级，最高气温零下1夜间晴间多云，南转北风一二级，最低气温零下10持续低温蓝色预警中，早晚出行时人体感觉十分寒冷，请注意防寒保暖天干物燥，请注意用火用电安全	未
今日有2860亿元MLF到期	未
今日，有网友曝光了在三亚偶遇刘涛的照片，刘涛身穿白色上衣和黑色休闲裤，在广场上逗孩子，还和大家一起跳广场舞，相当接地气了	未
今日有霾。	未
今日望京望京站附近小轿车追尾大货车望京一小区新装电瓶充电装置	未
今日未见雪(图  Tatsuro Kiuchi)	未
今日松原丨	未
今日松原丨今日15点57分松原发生4.0级地震	未
今日株洲要闻速览	未
今日栾川招聘信息，找工作的速看！	未
今日棉湖短广告版块12月4日已更新	未
今日棉湖短广告版块12月5日已更新	未
今日棉湖租赁招工信息版块12月4日已更新	未
今日棉湖租赁招工信息版块12月5日已更新	未
今日歪楼专用贴 广告转闲置拉群求群勿入，看到请@ 我，我会拉黑的。	未
今日歪楼专用贴 广告转闲置拉群求群勿入，看到请@ 我，我会拉黑的。我等下发一个专门的拼单微博，大家不要发这里哈。	未
今日毒药无论你从事什么行业，只要做好两件事就够了...	未
今日比赛第一次暂停由于现场设备出现问题正在调试请大家稍等德玛西亚杯斗鱼独播 德玛西亚杯	未
今日比赛酷图	未
今日求//@杨劳动:同求//@别叫我张涛:求求//@刘大大大大大脸:求//@鹿巻: 今日份求求了//@終日除了窮就是喪的喪昕://@查无此瑞_:球球了//@-扶苏姑娘-:赐我一个吧//@一条咸死的鱼:我什么都可以	未
今日汇率及简讯丨农产价格河中捞币节后死鱼	未
今日汇率泰铢 人民币：泰铢	未
今日江南热点新闻1冬至南昌公交开通祭扫专线 设3个发车点2个返回点2提供延时服务再添新军 省人社厅27项事项元旦起实行延时和预约服务3我省将大力开展一案双查 严打电信网络新型违法犯罪4昌南铺新绿 赣江添风景 赣江昌南外滩公园一期正式开放5省高院发布行政审判典型案例	未
今日江南热点新闻1我省184种305个抗癌药降价 预计为患者节省8000余万元22019年春运时间为1月21日至3月1日 春运首日火车票12月23日开售3南昌提出到2020年基本建立现代医院管理制度 公立医院行政级别将逐步取消4不识洪城真面目 只缘身在大雾中 我省现2013年以来范围最广大雾天气	未
今日江南热点新闻1江西市县机构改革明年3月底前完成 必须完成20项规定动作被赋予更多自主权2雪姑娘在赣鄱书写成语故事3省教育厅要求各学校做好岁末年初安全工作 对外出游玩学生要摸底登记4前方冰冻持续 赣北道路结冰和冰冻持续到12日5我省民营企业融资环境正发生明显变化	未
今日，池院就这么被霾伏啦	未
今日沙雕	未
今日法语  人生中唯一能确定的事	未
今日法语  很大的我	未
今日泰妍机场新闻两则登上naver新闻热门评论多的新闻，浏览多的新闻	未
今日测试服更新：新英雄妮蔻削弱，小炮以及韦鲁斯得到一定幅度增强，部分软辅装备得到增强，提亚马特合成费增加，怎么说下路版本又来了英雄联盟	未
今日测试：输入姓名，得到属于你的颜文字...我是(  ) 顔文字作(   )	未
今日潜江武汉企业家组团来潜考察	未
今日热搜44公里！中国南极科考史上卸运距离最远的一次冰面运输截至北京时间6日11时，中国第35次南极科考队从雪龙号卸运至南极中山站和内陆出发基地的物资达907吨。其中，冰面运输是中国南极科考史上卸运距离最远的一次，从雪龙号到中山站的冰上运输距离达44公里。据新华视点	未
今日热搜女友出门旅游像搬家 烧水壶吹风机马桶垫连床单近日，重庆的李先生要和女友出门旅行但因装行李起了争执女友准备了烧水壶床单马桶垫等一大箱生活用品李先生认为旅行不是搬家，辗转多地确实不便女友透露原因是酒店清洁门事件酒店卫生问题频发 情侣出行行李引发矛盾 你住酒店会带什 ...全文	未
今日热搜应届毕业生期望月薪5331元，比去年低78元智联招聘最新报告显示，2019届应届毕业生平均期望月薪为5331元，低于2017年的5409元期望薪酬大部分集中在2001-4000元的区间，4001-6000元6001-8000元等较高月薪的分布同比有所减少从期望就业的城市来看，排在前十的是北京上海深圳成 ...全文	未
今日热搜成都肥肠粉餐馆竖招人展板，只为招儿媳妇成都双流有家肥肠粉餐馆，开店已经14年了。最近，老板老陈在店外竖了一个招人展板，但这次招的不是墩子，也不是服务员，而是儿媳妇。原来，老陈的外甥已过而立之年，如今事业有成，想要找一位心爱的姑娘。社交圈子不广的他，想借助人流量大的舅舅餐馆，找到缘分里的那个她。老陈透露，半个月以来有十多位女孩或家属与其联系 。红星新闻这波操作太秀了！成都肥肠粉餐馆竖招人展板，只为招儿媳妇	未
今日热点：付辛博回复婚后AA制吴亦凡鹿晗同桌	未
今日热点：吴磊方否认恋爱薛之谦黄毅清互相回应......	未
今日热点在汕尾，没买房没炒股的机会来了，据说好多人还不知道	未
今日热点新闻一览1中办印发党组讨论和决定党员处分事项工作程序规定（试行），并发出通知，要求各地区各部门认真遵照执行2国家外汇管理局：防范跨境资金流动风险，维护国家经济金融安全3工信部：三家基础电信企业2019年1月1日起在全国正式提供手机卡异地销户服务4教育部：对 ...全文	未
今日热点新闻一览1农业农村部：截至14日，全国共有22个省份发生87起家猪感染非洲猪瘟疫情2起野猪感染非洲猪瘟疫情，当前全国非洲猪瘟疫情仍处于点状散发态势，没有出现大面积流行，疫情发生总体可控2国家医保局和财政部：鼓励举报欺诈骗取医疗保障基金行为，最高奖励10万元3国家能 ...全文	未
今日热点新闻一览1农业农村部：截至14日，全国共有22个省份发生87起家猪感染非洲猪瘟疫情2起野猪感染非洲猪瘟疫情，当前全国非洲猪瘟疫情仍处于点状散发态势，没有出现大面积流行，疫情发生总体可控2国家医保局和财政部：鼓励举报欺诈骗取医疗保障基金行为，最高奖励10万元3国家能源局：各地煤改气要以气定改，先落实气源再实施改造守住群众安全温暖过冬底线。各地在新清洁供暖设施落实能源供应安全稳定运行之前，决不允许拆除原有供暖设施4中国证券登记结算有限责任公司发布公告，今后办理证券质押	未
今日热点新闻一览1国务院扶贫办印发通知，明确坚决制止产业扶贫中人情送礼行为要求各地在组织扶贫观摩调研等活动中不能摆放不得赠送扶贫产品2民政部要求推进丧葬礼俗改革，通过增加公益性安葬服务供给打破垄断平抑价格3海关总署：今年前11个月，我国货物贸易进出口总值 ...全文	未
今日热点新闻一览1国家发改委消息，2019年1月10日起，新建中外合资轿车生产企业项目等不再实行核准管理，调整为备案管理2国家税务总局等部门印发通知，对易地扶贫搬迁贫困人口按规定取得的安置住房，免征契税3国务院安委会印发意见，对以袭击殴打驾驶员等方式干扰安全驾驶的犯罪行为 ...全文	未
今日热点新闻一览1国家发改委消息，2019年1月10日起，新建中外合资轿车生产企业项目等不再实行核准管理，调整为备案管理2国家税务总局等部门印发通知，对易地扶贫搬迁贫困人口按规定取得的安置住房，免征契税3国务院安委会印发意见，对以袭击殴打驾驶员等方式干扰安全驾驶的犯罪行为，明确适用刑法的具体规定，严格侦办查处4中国证券投资基金业协会发布通知，私募基金行业将首次纳入全国经济普查5国家卫生健康委近日发布文件，要求医师严格掌握用药指征，不得随意扩大用药适应证改变用药疗程剂量等。国	未
今日热点新闻一览1央行等三部委：强化监管执法，加强协同配合，建立统一的债券市场执法机制2国家税务总局：逃避追缴欠税10万元以上，便可列为重大税收违法失信案件3国家卫健委3日发布消息称，旧版出生医学证明（第五版）签发截止到12月31日，自2019年1月1日起，将启用新版出生医学证 ...全文	未
今日热点新闻一览1央行等三部委：强化监管执法，加强协同配合，建立统一的债券市场执法机制2国家税务总局：逃避追缴欠税10万元以上，便可列为重大税收违法失信案件3国家卫健委3日发布消息称，旧版出生医学证明（第五版）签发截止到12月31日，自2019年1月1日起，将启用新版出生医学证明（第六版）4多家航空公司宣布，5日（出票日期）起，800公里以上航段和800公里（含）以下航段，每位旅客分别收取30元和10元燃油附加费5北京发布新规，违规转租转借公租房家庭5年内不允许再申请。 今日	未
今日热点河北一化工厂附近爆炸致22死！化工厂称与爆炸无关	未
今日热点河北建投公司总经理被查	未
今日热点邯郸市一副县级领导被查	未
今日热门新闻：汕尾扫黑除恶专题...	未
今日热门被捕后一直被扣押的何志平，昨日出庭时继续身穿一套紫色中山装，神情紧张。闻判后在返回囚室前，他回应在场香港记者问及有何要对港人说时，只答多谢。 港前民政事务局长 贿赂非洲官员案何志平在美判罪成	未
今日热闻|孟庭苇被曝婚内出轨女助理 于正：不要再叫我死丫头	未
今日热闻  广东治霸座新规本月施行抢元旦火车票注意事项	未
今日热闻  曝锤子公司楼下有人拉横幅还我血汗钱小米手机米卡正式上线	未
今日热闻|章子怡接受黎贝卡采访 许魏洲新剧开机	未
今日焦点：深度网络对话AI综述	未
今日焦点：针对深度网络自然语言理解应用的对抗文本生成框架	未
今日照骗	未
今日版面热点新闻1南昌一环呼之欲出，长37公里，拟明年8月主线贯通2南昌正下街水厂停产32019春运机票全面开售，北上广深商务线价格走高4明年起新建小区推广智能水表。	未
今日特价居家情侣卡通棉拖鞋 券后11.99元包邮 手慢无！更多戳进来	未
今日猛料丨福特又去申请新专利了 大众还在为节能减排想办法	未
今日猛料丨进一步让员工停薪留职 法拉第未来还有未来吗	未
今日猜猜 想住一间这样的旅馆。	未
今日猜猜 楼顶有点暴露了	未
今日猜猜这里几乎是来香港必打卡的地方。	未
今日猜猜 这里是伦敦的_____?	未
今日猜猜 这里是冰岛。	未
今日猜猜 这里是刚刚对中国免签的欧洲国家。	未
今日猜猜这里是北欧。via.一人一地	未
今日猜猜 这里是巴西里约昆特	未
今日猜猜这里是度假胜地。	未
今日猜猜 这里是美国的另一大城市。	未
今日环法黄打卡今日体坛	未
今日球员私服一览	未
今日生活日报 上午好今天的新闻：山东为幼儿园办园条件定标准，幼儿园不宜超过12个班，班额上限35人。山东网警破获44起公安部督办案件，一团伙疯狂买卖300多万条信息。寒风里，袋鼠妈妈抱2岁病娃送外卖。重污染天气橙色预警解除，将迎断崖式降温。	未
今日生活日报 上午好今天的新闻：未来三年新建改扩建385所教育设施，已完工70所。基因编辑婴儿陷罗生门。和平路东延通车在即，沿途建砚泉广场。今天弱冷空气到访，气温小幅下降。	未
今日申城最低温9度，双休日或有雨雪早安上海一早醒来外面还在下雨！今天上海阴有雨，最高温度12度，最低温度9度，大家记得出门带伞哦预计，明天气温继续下降，全天气温在8以下双休日中心城区的最低气温降至3左右，郊区有可能接近冰点，而最高气温也只有6由于气温下降明显 ...全文	未
今日白水湖，夕陽未曾露臉，風很大	未
今日白露，南京昼夜温差可达10℃	未
今日白露 南通市还没有进入真正的秋天	未
今日白露：暑热渐散风乍起 昼夜温差超十度	未
今日的yanmar！	未
今日的大雁塔，感觉快要发射升空了。我们处于雾霾紫色区	未
今日的小片儿	未
今日的摄影展示不一般，看完立马让你沦陷。	未
今日看点：为什么村里环境变好后，三坑这位阿姨却更忙了	未
今日看点岚县17岁女孩为安葬养母打下欠条！知道真相后，看哭了...	未
今日看点痛心！5死18伤！所有人请为兴县学生扩散此文！！	未
今日看盘2018年已经快结束了，但是没想到市场尤其是海外市场出现了2008年非常非常惊世的情景，尤其是道琼斯指数开始了大规模的下跌，特朗普都非常担心，把火撒到了美联储主席头上，威胁要撤换鲍威尔，反过来导致华尔街市场更加恐慌。所以，美股的调整这就不可避免，确定进度熊市。这样的话指数下跌空间就被完全打开，所以我就特别担心A股会受到牵累，重演2008年的情景，2008年的时候刚开始很多人也认为A股不至于那么大跌，但是美股在杀跌的情况之下会引起全球恐慌，所以今天我们看到沪深股市的大幅低开，低开之后探底的幅度	未
今日看盘 上交所相关部门负责人表示，针对近期部分个股股价暴涨暴跌异常情形，已启动违法违规线索核查流程，发现线索将立即上报证监会查处。（中国证券网）评:刚刚反弹一点儿就搞事，几个意思另外， 别只查暴涨不查暴跌哈，股民不易啊。	未
今日看盘东边日出西边雨，道是无情却有情。西边当然是指美国，美国人的脑筋真的是挺有意思，基本上是不到黄河心不死，不见棺材不掉泪。今天凌晨美股的走势就特别有意思，刚开始的时候上涨幅度还挺大，因为总是对于鲍威尔加息抱有幻想，实际上美联储的加息基本上是确定的。一直到确定之后出现了大幅度的跳水，振幅相当大。道琼斯指数上下震荡是800点左右纳斯达克振幅达到了4，所以由上涨转成下跌，完美地淋漓尽致地体现了美股的走势。受到美股大幅度下跌走势的影响，亚太股市也是纷纷大跌，开盘的时候都没有比较好的局面。今天跌幅比	未
今日看盘 个股持续性很差，绝不可追涨。	未
今日看盘今天沪深股市出现了高开低走，最后震荡的格局。全天前面三个小时一直多次向下震荡，两点钟开始有20分钟左右的拉升，最后主力基本上就是放弃了。收盘时，上证指数上涨了0.31深成指上涨了0.16创业指上涨了0.05。成交的依然是比较清淡，跟昨天差不太多。跟昨天不太一样的是涨跌的个股，昨天涨的股票还是稍微多一点，跟跌的股票相比是3:1。今天涨跌个股基本上相当，所以从这个角度来看，今天的态势比昨天可能还有弱一点。今天高开肯定是对于孟晚舟事件有好结果的预期。因为加拿大方面也准予保释。大家把这	未
今日看盘今天的关键词恐怕就是避险两字。我们看到涨幅榜上什么涨得好，就是珠宝首饰和贵金属。说白了就是黄金作为一种避险投资，今天总算表现出来了相反其它的所谓绩优股，不管是平安万科中兴通讯格力电器招商银行，今天都是资金流出比较明显的个股。今天特别值得注意的不是市场 ...全文	未
今日看盘 《十二月第二周：反复折腾 变盘在即！》 行情走到这一步，也没啥可说的，希望市场能给个痛快，生也好，死也罢，都行！20仓位持股，爱谁谁，爱折腾去，静观其变！祝老铁下周好运！财经V峰会 微博赚钱季十二月第二周：反复折腾 变盘在即！	未
今日看盘 微博赚钱季 发布了头条文章：《警惕上市公司突击盈利现象》  警惕上市公司突击盈利现象	未
今日看盘 《收盘聊聊：凉凉（2）》 今天收评，重点和各位聊聊地量地价后的市场走势模拟这个阶段，市场基本没有人气，但也是往往一个新的机会的孕育过程。实战策略也做了更新，老铁自取！祝君晚安！财经头条文章 我的付费特权收盘聊聊：凉凉（2）	未
今日看盘 《收盘聊聊：收官之战（2）》 A股从来就是这样，你感觉它要死了，人家喘了口气又活了，你感觉它要活蹦乱跳了，它一口气没接上，又要嗝屁了。A股，玩的是人心和人性，自己去悟吧。实战策略，今天逆势加仓5，基本买在最低点，收盘6的收益，妥妥入手。明天的策略已更新，老铁务必仔细看！财经头条文章 我的付费特权收盘聊聊：收官之战（2）	未
今日看盘 早盘小结：1低开高走，缩量整理，下跌个股略多于上涨股，大阳线股和大阴线股都有所增多，弱反弹中的分化行情。2热点主要有4条线，一是超跌反弹的创投，二是汉嘉设计带动的次新，三是通产丽星和st慧球激励的泛股权，四是改革开放40年主题（雄安加粤港澳）。3无量反弹走不远，后市仍以震荡为主轻仓试错的品种，一定是主题叠加模式的，譬如早盘，能涨停的大多数都叠加了上述4个热点和超跌等元素。	未
今日看盘 早盘小结：1大盘略作冲高遇阻5日线回落，成交量依然低迷，个股普跌。2盘面仅剩两个热点，一是电气设备，二是并购重组和股权转让（含ST）。但也别指望太多，近期的热点持续性都不好，早盘涨停板就被砸得哐哐的。3死水微澜，继续保持谨慎。而一旦出现大面积跌停板杀向2540区域的情况时，则抄家伙上。轻仓试错的对象，可以抓一抓以超跌为核心的主题叠加模式。	未
今日看盘 《消费电子产业深度追踪（十七）高通怒怂苹果 群众如何看戏》 多事之秋，一起来看热闹吧 财经V峰会 微博赚钱季消费电子产业深度追踪（十七）高通怒怂苹果 群众如何看戏	未
今日看盘盘面的热点在并购重组和股权转让。	未
今日看盘股市点评发表了博文如释重负，行情要盯紧资金的变化，指数如期回补了缺口，且惯性下挫，那么明后天应该是一个反抽2600点的动作，而由于创投概念背后存在恶意炒作一事被媒体报道，妖股被点名，之前大热的龙头创投概念板块遭遇突然的冷水降温，一定程度上打压了短线投机炒作的疯狂氛围那么资金流 ...全文	未
今日看盘股市点评发表了博文网页链接，上周五市场跳水，股民可能从媒体看到了，各种理由，类似经济数据走弱啊，什么周四是诱多啊，之类的，上涨有好几种理由下跌好几种理由但实战角度，玉名认为作为股民无论什么因素，走势只有一种，我们不找理由，先找对此，控制风险如今市 ...全文	未
今日看盘股市点评发表了博文《网页链接》，上周五市场跳水，股民可能从媒体看到了，各种理由，类似经济数据走弱啊，什么周四是诱多啊，之类的，上涨有好几种理由下跌好几种理由。但实战角度，玉名认为作为股民无论什么因素，走势只有一种，我们不找理由，先找对此，控制风险。如今市场处于什么样的周期年末资金结算的压力周期，所以本身就是谨慎阶段，这种走势很平常，所以多做期权等对冲，以及严格执行风控。目前从均线系统来看，5日10日20日30日60日均线目前基本上已经比较粘合，显然短期还不会有大的方向。包括，	未
今日看盘股市点评发表了博文《网页链接》，如何判断目前的市场，沪指自今年1月29日见顶3587点以来，到目前为止持续运行在下降周期中，不管中间多少次的波段反弹，都没有扭转这个趋势，只有超跌反弹的波段而且热点结构性分化，频频切换。主力资金在年末不求有功但求无过的心态很重，因 ...全文	未
今日看盘股市点评发表了博文《网页链接》，最妖的还是泰永长征，再度天地板，实际上在此之前，自从次新股泰永长征连续换手5个涨停以来，并没有收到监管问询，游资炒作情绪升温。说明监管对交易的直接干预确实有所放松，一大批次新股开始持续异动。近期不少板块的次新股活跃成为了主流 ...全文	未
今日看盘股市点评发表了博文《网页链接》，本周是2018年最后一周了，连续阴跌后应该有一个超跌反弹，但考虑到25日前后的年底资金结算，以及A50期货交割因素，资金面不改善，行情就很难有大改变而从小的方面，超跌反弹应该还是会有的，上一周阴跌，却天天都有尾盘反抽，但这无法带来资 ...全文	未
今日看盘股市点评发表了博文《网页链接》，本周是2018年最后一周了，连续阴跌后应该有一个超跌反弹，但考虑到25日前后的年底资金结算，以及A50期货交割因素，资金面不改善，行情就很难有大改变而从小的方面，超跌反弹应该还是会有的，上一周阴跌，却天天都有尾盘反抽，但这无法带来资金的安全感，只是等待量能和热点。	未
今日看盘股市点评发表了博文网页链接，近期几天市场的振幅收窄明显，沪市分别是15点22点，13点和15点从上周五开始，连续4个交易日，上海市场成交额都在千亿以内，换手率维持在0.25-0.28之内，呈现出缩量整理拉锯格局沪市大部分时间没有涨停股，东方通信被监管之后，热点有些 ...全文	未
今日神吐槽 科比表示在美国男篮效力期间传授给詹姆斯很多篮球的知识与技巧，网友吐槽：@人间是值得的 ：蜗壳的意思是我都倾囊相授了，你还不把生儿子的秘方告诉我 邓肯给理发师理发，网友吐槽：@_____DOUGLAS_____ ：吉诺比利看到邓肯这发量：好气啊 神吐槽:詹姆斯你到底啥时候教科比生儿子秘方?	未
今日神段丨千万不要试图破解医生的鬼畜手写药方，把你折磨到头秃	未
今日祷告（一起来祷告）	未
今日空气湿度大，森林火险等级较低，但小伙伴们仍需注意家用电器的用火安全	未
今日突发！海安地板一条街一辆装载沥青的卡车发生侧翻！（附现场视频）	未
今日立秋 江苏终于开启“制冷”模式 摆脱“蒸笼模式”	未
今日，立霾！细说天津人民与霾的爱恨纠葛	未
