描調子「年瀬戦者守者」网页链接	未
描述下你喜欢的那个人。	未
描述各种天气的英文单词：Cloud云Cloudy多云Sunny晴Overcast阴Rain雨Drizzle毛毛雨Shower阵雨ThunderStorm雷雨ThunderShower雷阵雨LightRain小雨Moderaterain中雨HeavyRain大雨 Snow雪 SnowShower阵雪Sleet ...全文	未
描述各种天气的英文单词：Cloud云Cloudy多云Sunny晴Overcast阴Rain雨Drizzle毛毛雨Shower阵雨ThunderStorm雷雨ThunderShower雷阵雨LightRain小雨Moderaterain中雨HeavyRain大雨 Snow雪 SnowShower阵雪Sleet雨夹雪Hail冰雹Blizzard大风雪Snowstorm暴风雪LightSnow小雪ModerateSn	未
提一盏灯笼，迎着风雨寻你	未
提不到车，加价也得等好几个月，气。	未
提两率 树形象12340，请为新县政法干警打CALL	未
提两率 树形象提两率，新县法院在行动！	未
提两率 树形象新县法院提两率，树形象大走访活动 走进金水社区	未
提两率 树形象新县法院提两率，树形象宣传走访活动走进新城社区	未
提个醒，又有地方出事了，竹溪人冬天做这件事一定要注意！	未
提个醒呼唤有良知的司机，驾车经过学校时多留意孩子！	未
提个醒！老赖不是想帮就能帮，可别像她一样把自己搭进去	未
提个醒：这样的四版币王可值钱了，你能找到吗	未
提供特殊服务的酒店，到底想做什么	未
提供給伊朗系統裡有HP的設備（見附圖） 查看图片 //@George-瓜瓜:加拿大司法部发言人对该报说，孟晚舟因美国有引渡要求而于12月1日在温哥华被捕，定于7日举行保释听证，因孟晚舟申请的禁止报道令有效，当局此刻无法提供更多详情。	未
提供线索抓住他！坦洲一小偷竟屡向婴儿车伸贼手，秒偷手机！	未
提供非猪肉餐就可以了，其他都是矫情。	未
提倡文明停车！做文明新丁集人！请您注意您的停车方式！	未
提到台北中正区，你脑袋里第一个想到的是不是跟中正二字有关系的中正纪念堂或约总统府其实除了那些游客必打卡的旅游热门景点外，中正区还有它不为人知的另一面呢此话怎讲?请跟随下面这篇攻略，认识一个全新的中正区。网页链接	未
提到广场舞，谁敢跟藏族的比！	未
提到虫子的时候真的逐渐惊恐	未
提前12天，坪地花园河主干流截污管贯通	未
提前1小时已停办业务？ 社区事务中心缘何将市民拒之门外	未
提前为下午茶抽个大包哈 510899095	未
提前为下午茶抽个大包哈 562842405	未
提前介入侦查  扫黑除恶进行时	未
提前供暖！聊城这个老小区是怎么实现的	未
提前做下蜜月攻略，万一哪天就用上了呢	未
提前制定2019年的计划	未
提前制定新一年的计划	未
提前剧透明天老龙的干货，有接近100多页，很牛逼	未
提前喂辅食惹祸：5月龄女婴双肾长满结石，20余小时不排尿	未
提前回家买了束花，很王姐说，我们收拾衣橱吧这一收拾，我真心想来一个送私服活动，因为我的衣服太多了，而且都是新衣服不穿可惜，随意还能穿同意这个想法的同学举手	未
提前完工！开始铺轨道板了！鲁南高铁日临段最新进度！	未
提前布置，防覆冰12月19日，@国网济南市历城区供电公司 提前布置输电线路防覆冰措施，做好绝缘子污秽及裂纹放电防护，采取有效措施预防因荷载过重或弧垂过小而产生断线事故，当气温降至零度以下时，严密监视导线覆冰情况导线弧垂变化等。并重点加强党仲线郭唐线仲柳线等枢纽线路巡查。	未
（提前护体）我相信肯定不是所有男性都这样！但是我在微博上遇到的95这样的人都性别为男//@在华府://@撕逼隔日乐Sibiriingerel ://@polyhedron :哈哈哈	未
提前拜个早年	未
提前看 习近平即将访问的四国你了解多少？	未
提前看！习近平即将访问的四国你了解多少？	未
提前看！习近平即将访问的四国你了解多少	未
提前知晓！隆昌这些地方要停电！	未
提前离开幼儿园上学前班，杭州一妈妈称“为民办初中打基础”	未
提前说声谢谢	未
提前过年了！利物浦4-0纽卡斯尔联（图1-4）洛夫伦萨拉赫沙奇里法比尼奥莱斯特城2-1曼城（图5-7）B席阿尔布赖顿里卡多-佩雷拉利物浦甩开曼城多达7分，领先第二的热刺6分，稳了	未
提前过年提前过年话说老刘收到的东西也太多了吧我之前一直没看好老太太买这个车现在的我，真香	未
提前退休到来铜鼓这些人职务职级养老有大变革	未
提前预告：明年春节回家，也许我们不用再急吼吼地去抢火车票！	未
提单丢失的解决方法和处理技巧	未
提名你在b站看过的最无敌的饭制视频吧[米奇比心]	未
提完这个问题后，前一分钟杨宇军还在调侃我，后一分钟，说着说着眼眶就红了坐在对面的我，只能使劲儿忍着眼泪从05年相识到现在，一转眼15年了前几年南都记者彭美离职，杨宇军专门在一场发布会上祝福了一段，我还跟他开玩笑，等我不做记者了，也要给我来一段告别语没想到，他却先转身离开但在 ...全文	未
提拉米苏	未
提拉米苏控	未
提拉米苏雪惊动央视！这场大雪被新疆人民玩坏了	未
提早防冻 昆明行动：为树木穿上“厚衣服”	未
提示G318线老二郎山隧道以下时段将实行交通管制	未
提示上海的河道将如何变化这份规划设计导则请您提意见	未
提示下，另一位主播是故事王的搭档	未
提示下，明天招商开策略会	未
提示下月起！在京港澳台居民可享北京公共就业创业服务红利	未
提示丨宜宾这座大桥被确定为危桥！下月起封闭施工，车辆行人禁行！	未
提示元旦火车票开售！这些放票时段送给打算出行的你	未
提示  因爆破施工，沪陕高速信阳西站至南阳毛集站禁止通行5小时！	未
提示延庆区12月3日至9日停电通知	未
提示：截图2和3的报道立场完全不同哪个是真实的客观的，或许图1和正文能给出结论扬州上千人围堵派出所 为强拆血案鸣不平 - 红歌会网 - 手机版红歌会网基于一贯的人民立场，高举爱国主义旗帜，唱响红歌，弘扬正气，宣传毛泽东思想和红色文化网页链接	未
提示明天起，这些新规将影响你的生活	未
提示本周五起，浦东这3条公交线路临时调整	未
提示沪拟新增18家医保定点零售药店，有你家附近的吗	未
提示注意！北京明天12时启动空气重污染黄色预警	未
提示蚕宝宝快来啦！沿线公交调整方案明起公示	未
提示警惕！打着街舞社团户外摄影韩语学习等公益组织旗号诱你加入，真相竟然是	未
提示轨交2号线17号线换乘车站最新时刻表来了！	未
提示面对电话调查请客观评价，别用还行凑合等模糊词	未
提示顺义铁东路沿线车站全数拆除，站点要取消	未
提莫 微博视频	未
提莫西查拉梅和莉莉-罗丝德普在纽约外出	未
提质不提价！明年元旦起昭通将推广使用国VI标准成品油	未
提起你的家乡，你会想到什么 长春微视点	未
提起你的家乡，你第一个会想到什么	未
提起你的家乡，别人一般会想到什么	未
提起你的家乡，别人一般会想到什么早安杭州	未
提起你的家乡，别人一般会想到什么蜀黍问你	未
提起你的家乡，别人一般会想到什么随手转发让爱回家	未
提起你的家乡别人会想到什么	未
提起你的家乡别人会想到什么一句话形容你的家乡，但是不允许出现家乡名字！	未
提起你的家乡别人会想到什么 一张图介绍家乡	未
提起你的家乡别人会想到什么其实很多人都没去过自己家乡的景点，别问好不好玩了	未
提起你的家乡别人会想到什么我本人	未
提起你的家乡别人会想到什么我来一个太明显应该百分之百被猜到。泡馍，兵马俑。	未
提起你的家乡，别人首先会想到什么	未
提起家时，你想到的第一个词是什么我想到的第一个词就是本，也可以说是老本，也可以说是根本，家在 都在，家没了 就什么都没了。你想到的是什么讨论一下。 当提起家时，你想到的第一个词语是什么?	未
提辞职后领导开出的条件，该不该接受	未
提速又一条交流特高压工程获批 院士谏言凉凉......	未
提醒！	未
提醒	未
提醒10年驾龄老司机不认识雾灯！和县人你呢戳这篇自检一下！	未
提醒11月25日千岛湖马拉松赛，这些路段有交通管控！	未
提醒！11月25日至12月2日，兴义这些地方将要停电！兴义网	未
提醒！11月27日至12月2日，兴义这些地方将要停电！兴义网	未
提醒11月29日，德州这些地方将停水！速度扩散！	未
提醒12月15日9时起，芝溪弄路部分路段实行单向通行！	未
提醒！12月15日起四川这8市启动重污染天气黄色预警记者从生态环境厅官网获悉，根据省环境监测总站和省气象台联合会商，受静稳和逆温等不利气象条件影响，预计12月15至19日，成都平原和川南部分城市将出现轻度至中度污染，个别城市可能出现短时重度污染按照四川省重污染天气应急预案（2018年修 ...全文	未
提醒12月1日起，56路不从集英街北段过了！	未
提醒12月5日鄂州一大片地方要停电！快看看有没有你家	未
提醒  12月7日至12月30日停电预告，平乐这些地方计划检修	未
提醒12月起，这12条新规将影响每个浦东人的生活！速看	未
提醒！12月这些新规或将影响桂平人的生活！	未
提醒1500多人摇中一等奖，总金额超300万！商场却报警了	未
提醒16岁女生连走路都喘，都是因为喝的这个！永康侬一定要注意！	未
提醒1983年-1992年出生的怀化人，这件事赶紧去做！不然麻烦大了！	未
提醒2018年12月底前，这笔钱别忘了交，这三笔钱记得领！	未
提醒 2018年18个消费陷阱，你遇上几个	未
提醒2018年底前，怀集人这笔钱别忘了交，这三笔钱记得领！	未
提醒2018年底前，旺苍人这笔钱别忘了交，这三笔钱记得领！	未
提醒  2018年底前，这笔钱别忘了交，这3笔钱记得领！	未
提醒  2018年底前，这笔钱别忘了交，这三笔钱记得领！	未
提醒2018年底前，这笔钱别忘了交，这三笔钱记得领！	未
提醒！2018年新农合开始退费了！你能退多少	未
提醒2018年新社保卡没按时激活很有可能被挂失！	未
提醒2018年的余额已经不足，这些事儿得抓紧办了！	未
提醒！2019儿童用药黑名单出炉！每个家长都该看看	未
提醒！2019年1月1日起我市将全面启用社保卡就医，看病不能没有社保卡！	未
提醒！2019年度城乡居民医保登记缴费，手机APP可一键搞定！便民提示@上海12333 说，2019年城乡居民参保登记缴费即日起开始受理，今年将继续推出手机APP缴费服务，满足手机APP缴费条件的人员，可通过手机办理缴费业务了。来看具体如何操作	未
提醒！2019年度货车入城证12月10日起竞价成都2019年度货运汽车城区道路使用权出让，将于12月10日至12日资格确认和竞价（每天9:00-12:0013:00-17:00）车主务必在竞价报名三天前完成新车上户或年检，竞得入城证后可在交警一至六八至十三分局及各区（市）县交警大队申办，车辆明年1月21日至 ...全文	未
提醒20岁30岁40岁50岁 各年龄段体检最该查什么给你划重点！	未
提醒26号27号涞水这些地方可能停电，请提前最好准备	未
提醒29日峰峰这些地方要停电！快瞅瞅！	未
提醒3000元买iPhone X付款后卖家就失踪了，钱也拿不回来，网络购物这些问题一定要注意	未
提醒37人死亡！定远人最近一定要当心！特别是家里有孩子的！	未
提醒3路5路公交线路将调整	未
提醒8克纯金，传说中的100元硬币来了！你预约了吗	未
提醒！B34路B100路运行线路将临时调整！	未
提醒一下@华为中国 ，这种狗屁不通的文章，对华为只有害处没有好处。如果是你们自己找人写的，最好停一停。如果不是你们授意的，最好告一告。否则就这么沸腾下去，不光孟女士，贵公司可能以后在国际上都不好发展。	未
提醒一下，大雾除了影响高速公路，民航航班也会延误或取消，非要坐飞机的话，建议选择下午的时间段飞，当然最靠谱的还是坐高铁出行吧，受大雾影响最小@中国铁路	未
提醒一下拉莫斯	未
提醒一下：粉丝都不要去那人微博下评论任何，博主会抓住乱咬人的，千万不要让他蹭粉丝热度	未
提醒一下，还有20分钟卷就失效了	未
提醒  一根玉米，竟然让老司机翻车了......开车时这件事不能做！（附空气质量报告）	未
提醒一款新50元纸币来了！总共1.2亿张，看看长啥样	未
提醒  三亚这些地方禁止燃放烟花爆竹，禁止区域外也有规定	未
提醒下各位年底要到了。	未
提醒下各位！！！查看付费版年运时，在付费之后会有一个界面（看配图），一！定！要！在这上面输入自己的手机号，获取查询码短信！这样你才可以在查看我的历史中找到自己付费过的年运，反复查看哦 查看图片	未
提醒下周这些地方要停电，看看有没有你家！	未
提醒！下月起47条公交线路开启空调，执行季节性票价2元/人次	未
提醒下这个活动	未
提醒东大街荷花池十字交叉路口断道施工期间，这些路口高峰时段禁止左转！	未
提醒！严查酒驾，今晚日照交警要有大动作！	未
提醒丨12月乌鲁木齐这些片区将停电	未
提醒丨2018年底前，这笔钱别忘了交，这三笔钱记得领！	未
提醒丨今晚9点至明晚9点，广元这些地方要停水24小时！	未
提醒丨在车站码头景区等场所遇到这四类行为，赶紧拨打恶除黑电话	未
提醒丨天环客运站关了，去哪坐大巴赶紧看这里！	未
提醒丨央视曝光！大家赶紧看看家里有没有这种灯，别再用了！	未
提醒丨@宾阳人，请注意！这两种感冒药，全国停用停产！	未
提醒丨已婚的武威女性请注意！这条信息再忙也人看	未
提醒丨年末将至，请认真核对这些单据，否则影响你明年生活！	未
提醒丨收到这条10086短信千万别信！	未
提醒丨文明交通，从我做起细节关乎生命	未
提醒丨明天起，这些新规将影响你的生活	未
提醒丨明天高明这些路段实施交通管制，注意绕行！	未
提醒丨@梁平人：工作和生活中的这些押金千万别交！	未
提醒丨@牟定老司机，明年6月，这25项交管业务家门口就能办	未
提醒丨看到这种黑盒子赶紧扔！已有多人中招	未
提醒丨还借车再记不住你就自己负责任吧！	未
提醒丨防不胜防，微信语音也能被克隆！女子验证父亲语音也上当......	未
提醒中卫市疾控中心提醒您！非洲猪瘟！我们应该了解的....	未
提醒为躲雾霾，大妈们冲进酒店跳广场舞：雾霾过了请都不来	未
提醒！乌鲁木齐这些路段启用非现场抓拍测速抓拍设备，具体位置在	未
提醒买菜时注意了！这些菜越好看越危险，买错了当心癌症找上门！	未
提醒了我，要给女盆友准备礼物了	未
提醒于都人：身份证相片不满意可以重拍了！还是3次！	未
提醒五一小长假没有了！明年节假日安排正式公布，网友有点懵	未
提醒人民币纪念钞今晚12点预约，银行预约入口在此，请保存！	未
提醒人民日报提醒：1秒倾家荡产！多地已出现！千万别把辛苦钱拱手送人	未
提醒：人社移交税务 成都2018年12月社保要这样交按照国务院省政府关于社会保险费征管职责划转工作部署，为确保2019年1月1日社保费征收主体由人社部门平稳有序移交到税务部门，成都市通过银行代扣缴纳社保费的参保单位个体参保人员城乡居民养老保险参保人员应在12月10日前存入足额资金确保代 ...全文	未
提醒：今天博兴这些地方停电！	未
提醒！今天博兴这些地方停电，看看影响你家了吗	未
提醒今天是全国交通安全日，关乎生命的这些事不要再做了！	未
提醒：今天起，九江南收费站封闭施工，走快速路的请绕行	未
提醒今天起，这些新规将影响你的生活	未
提醒今年寒假学生火车票全面开售啦，6种途径可购买车票	未
提醒今年的中央经济工作会议声明中未提及人民币汇率。	未
提醒！今日22时起，王城大道纱厂西路路口东西方向断行！	未
提醒今日大雪丨飞花入户，庭树琼枝 仲冬时节开始啦	未
提醒今日大雪！信阳遇入冬以来最低气温，首发棉裤预警！	未
提醒今晚别睡了！抢新版50元纸币了，手快有，手慢无！	未
提醒从你身边路过，就能窃取你银行卡！窃取测验视频引关注	未
提醒仗着熟悉防盗门 他竟然做出了这种事儿......	未
提醒住在丰台这地儿的居民多注意！大白天有人偷被子	未
提醒你会乘坐电梯吗，差点儿就出了大事！	未
提醒  你拿的是电暖宝还是手雷为了安全要看看	未
提醒！你的电动车还能上路吗浙江这个政策一定要了解！	未
提醒停水通知关于今晚暂停城区部分地段供水的通告	未
提醒：元旦假期火车票今天开售！你打算去哪儿跨年	未
提醒元旦火车票今起开售！这些放票时段你得知道	未
提醒元旦火车票已开售！这些放票时段你得知道	未
提醒元旦火车票已经开售！这些放票时段你要知道	未
提醒元旦火车票开售，要出行的廊坊市民须知这些放票时段	未
提醒！元旦火车票开售！这些放票时段你得知道	未
提醒：充值的时候要注意哦	未
提醒全国85万人报告感染艾滋病，这个因素是主要传播途径	未
提醒！全国统一严查时间表公布，仁寿司机请相互转告！	未
提醒！全国统一严查时间表公布，内江司机请相互转告！	未
提醒！公交番185线路要进行调整！经常坐公交的街坊快看过来	未
提醒公安提醒：多地已出现！1秒倾家荡产！别把辛苦钱拱手送人	未
提醒  公职人员发津贴这些红线不能碰！	未
提醒关于右芮高速(S85)岢临段测速设备设置地点的公示	未
提醒！关于机动车年检的通知，交警的权威解读来了	未
提醒！关于桂平全市暂停办理户籍业务的通告	未
提醒  再不做这件事，这类电动车被查就扣车，还要罚款，拘留	未
提醒：冬天烤火的大竹人一定要注意！昨天这家人就差点出事..	未
提醒冷冷冷冷 超凶冷空气来袭，潜山气温降至零下！	未
提醒刚刚公布！全国统一查酒驾时间表！安国司机们看这里	未
提醒利通区一大胆毛贼竟然自己走进了派出所   怎么回事	未
提醒别用了！这东西已被禁8年，致很多人受伤！几乎家家都有	未
提醒：别白跑！天津泰达热带植物园正在维修中滨海新区政民互动 网民留言：今年去天津泰达热带植物园好几次了，但是一直没有开放，也没有售票，问工作人员什么时候开放也没有消息。滨海新区政府回复：经向相关部门咨询，目前还在维修中，开放时间尚不确定，您也可拨打66202557（植物园）咨询进展情况。	未
[提醒]加拿大朋友注意！今天下午1:55，你的手机会狂响	未
提醒北京时间03:00：美联储将发布FOMC利率决议声明和经济预期报告（SEP），美联储主席鲍威尔则将在随后的03:30举行新闻发布会。(华尔街见闻7x24直播 不止是快) 实时快讯	未
提醒北岸湄洲岛这些地方将启用高清探头超速不礼让行人将被罚，司机朋友请注意！	未
提醒千万别用！这东西被禁8年，致很多人受伤！还有人在用！	未
提醒！南京22日起开卖春运长途汽车票12月22日10时起，南京公路客运站务有限公司下属六家汽车客运站开始发售2019年春运首日长途汽车票，元月4日开卖2月4日（大年三十）的长途汽车票。为方便旅客购票取票，春运期间，六家客运站将增加自助购票取票设备，增加人工售票窗口旅客预定车票可在站务公司官网(南京道路客运综合服务网)或者巴士管家畅途网办理。22日起开卖春运长途汽车票	未
提醒南宁人注意啦！元旦假期火车票开售，这些放票时段请记好	未
提醒南宁车主看到这种黑盒子赶紧扔已有多人中招	未
提醒南阳人的御寒神器，你get到几样	未
提醒！博兴喝酒的人注意了！看完这个，你将滴酒不沾！	未
提醒博山11月30日停水通知	未
提醒！卡还在，钱没了最新手法，这次更直接！	未
提醒危险！小孩被困电梯！只因这个动作...	未
提醒即日起，沈阳人可买2019年元旦假期火车票了	未
提醒又是这样！过站要下车，大妈抢过公交车司机方向盘猛拽	未
提醒！！又曝酒店针孔摄像头正对着床，竟藏在这！_房间 网页链接	未
提醒另外京东只有苹果pay和华为pay才可以，其他手机是不行的，参考规则 微博正文//@高端大气昵称:京东三只松鼠面包，付款的时候，一定要看到这个标志，才付款优惠是在付款之后才显示的查看图片	未
提醒  可怕！你丢失的身份证，竟然被人这样利用......	未
提醒可怕！你丢失的身份证，竟然被人这样利用	未
提醒台湖这条路封闭至明年10月31日！附绕行路线	未
提醒司机朋友注意！信阳境内高速团雾多发路段公布，出行注意安全！	未
提醒司机朋友睁大眼，小心将会被罚款！	未
提醒司机注意！河南公布36处高速公路团雾多发路段（附信阳境内团雾多发路段）	未
提醒@司机，淮安路周边部分道路今起调流，请注意绕行	未
提醒各位一件事，东欧孙悦提入首发后，奇才没输过	未
提醒  @合肥职工 你的医保结余资金明年起或可全家共享	未
提醒吴忠一初中生上学途中不慎掉入河中，情况危急，过路男子毫不犹豫跳入刺骨的水中...	未
提醒：周六办公积金业务人多密集　尽量错开上午	未
提醒！周末自驾进阿坝州请注意 都汶高速映秀隧道施工管制	未
提醒呼包公交车终于要给司机装上安全门了，亡羊补牢，为时未晚。	未
提醒回家喽！今天起，可以团购春运火车票！	未
提醒因维修，这些地方将停水，提前做好准备吧	未
提醒！因轨交2号线施工，市区这些路段将实行交通管制！	未
提醒团雾预警！宜昌市团雾易发路段公布！	未
提醒固安医保缴费时间只剩4天！逾期视为自动弃保！	未
提醒地沟油炸双氧水腌这些凤爪好毒！广州警方查获700公斤！	未
提醒  地铁5号线西南楼站A口25日起开放	未
提醒多一次，嚟这里食野，真心不贵！仲有半价大龙虾	未
提醒大学生晒自拍，竟被人拿去千万别在朋友圈做这事！	未
提醒大家一下2013年杨刘夫妇对外称在加拿大登记结婚如果今天后报道说在香港离婚那这个婚姻从头到尾就是扯犊子	未
提醒大家一下，今天9号了	未
提醒大家注意：平远县一小门口的路树上有个大马蜂窝	未
提醒  大家赶紧看看家里有没有这种灯，别再用了！太可怕	未
提醒大雾来袭，呼吸系统很受伤	未
[提醒] 大雾黄色预警！山东省内有30条高速实行交通管制！	未
提醒天通苑的这个小区部分卡口施工，大家注意绕行！！	未
提醒太原启动重污染天气黄色预警，时间为24日0时26日12时	未
提醒  央视曝光！家里有这种LED灯的注意，千万别再给孩子用了！（附空气质量报告）	未
提醒央视焦点访谈《网上谍影》揭秘！网络窃密花样多，麻痹大意不可有！	未
提醒失物招领	未
提醒女大学生们一下，今天是平安夜，吃苹果就好了，别吃香蕉。防火防盗防学长，别被他们那张逼嘴给骗了。他们什么也给不了你们，除了廉价的誓言。记住：明天是平安夜，不是万圣节，万圣节是鬼说人话，平安夜是人说鬼话。	未
提醒  如皋人注意！手机上收到这条10086短信，千万别信！	未
提醒宁C28695宁C78006...吴忠30余辆车被曝光！正在行驶的车里一孩子竟半个身子探出车窗外	未
提醒宁夏男子在高速公路上醉驾，车里还坐着3个朋友......	未
提醒！宁波今年免费体检快到期了，还没去的请抓紧！	未
提醒宁津今天启动重污染天气橙色预警！这件事比穿秋裤更重要！	未
提醒宁津初雪将至，这件事你准备好了吗	未
提醒  定南老城（边贸城）大桥桥面维修，车辆人员禁行，请注意绕行	未
提醒！宜宾这些地方明后两天要停电停气！最长停10多个小时	未
提醒家人！鱼身上的这个部位真的不能吃！	未
提醒：家里买了这两个感冒药的，请立即停用销毁！	未
提醒寄奖品5次（美术锦鲤奖品），一个多月了两次回都不回一句，后面几次也随便回句语音说出差，要么没货来敷衍我们，多次提出用其他类似实物产品替换也被无视，还狂言要是我们发微博就告我们，你到底拿什么告我们几十家机构全部寄出这是唯一一家没寄的，不过我昨天已经自费补上并寄出这机构欠的东西 ...全文	未
提醒：寻找全椒会玩麻将的人！（限50名）	未
提醒封路20天！晋城又一重要路段将封路施工！别走冤枉路	未
提醒小心圈套！工作和生活中的这些押金不用交！	未
提醒小酌怡情，酗酒伤身，可别因为酒局进了警局！	未
提醒！州城红旗大桥等5座重要桥梁要安检，这些时段不能通行，扩散周知！	未
提醒  工作和生活中的这些押金千万别交！	未
提醒，已经实施！南京这些交通违法行为会影响你的个人征信	未
提醒！市区这些地方将禁限放烟花爆竹，违者重罚！	未
提醒！市桥街德兴南路将进行全封闭施工！具体时间及施工路段速戳！	未
提醒！常德这些公交线路调整了，千万别坐错车	未
提醒！平和新农合未交的，漳州2019年度城乡居民医保集中缴费期即将截止！	未
提醒平湖发布今年首个大雾红色预警，本月底前雾霾仍多发！	未
提醒平陆人三门峡市区多个路口禁左拐，部分路段变单行	未
提醒：年底了，如果有人在街头求你帮这个忙抚顺人一定要当心了！	未
提醒年底了，如果有人在街头让你帮这个忙一定要当心！	未
提醒年底了，这笔钱别忘了交，这三笔钱记得领！	未
提醒  年底前这笔钱不交影响明年待遇，还有4笔钱记得领！	未
提醒  年底积分别闲置，30G大流量换出来！	未
提醒年末了，盖州人记着核对这些单据！否则可能影响明年生活	未
提醒！年末将至，请认真核对这些单据，否则	未
提醒！年末沈阳人请认真核对这些单据，否则影响明年生活！	未
提醒广州最低将7！寒潮蓝色预警，入秋以来最冷天气要来了！	未
提醒！广西：丧失劳动能力的建档立卡贫困户可纳入低保范围	未
提醒！开封黄河大桥封闭抢修 预计明天恢复正常通行开封交通旅游广播消息:刚刚从开封黄河大桥管理中心了解到，开封黄公路大桥客车通道因碰撞发生故障，目前正在全力抢修，预计明天才能维修完毕，维修期间客运车道关闭，过桥的客运车辆请绕行高速（记者：刘翔）	未
提醒张家口人注意！要严防供暖用水串入自来水管道！	未
提醒张家这些地方增设多处电子抓拍监控！	未
提醒强制性《玉米》国标明年2月1日实施，以手摸牙咬鉴定玉米水分将成为历史！	未
提醒微信QQ这项功能，已停用！	未
提醒微信语音也能被克隆多人中招	未
提醒！快到年底了，这些税收政策要留意！	未
提醒快查查你家的药箱！这两种感冒药，全国停用停产！	未
提醒急！城关新阳西滨所有人都在看！	未
提醒！成都公交卡串串出没，擦亮眼睛共抵制！	未
提醒我市（黄骅）发布通知，应对强降温确保人民群众生产生活正常有序	未
提醒  持续1个月，义乌这个地方将实施分时段供水！此外，这条公交路线有调整	未
提醒！接下来这几天，安徽中小学幼儿园禁止户外集体活动！	未
提醒搭的士前往澳門這幾個地方要加5蚊附加費	未
提醒收到这条10086短信千万别信！还有	未
提醒收到这条短信，千万别点！	未
提醒改革开放纪念币还可以现场预约，附：网点查询方法！	未
提醒  斑马线前礼让行人！将新增21处不礼让行人抓拍点！许村长安也有！	未
提醒新县的父老乡亲们收到这条10086短信千万别信！	未
提醒新宁的朋友微信里有钱的赶紧关掉这个开关	未
提醒新密车主:郑州交警来新密查酒驾，一晚上逮住不少人！	未
提醒日本當地恐懼的福島食品要來中國推銷了	未
提醒：日照启用130处道路电子监控！	未
提醒！时近年底这些税收政策要留意 快来了解一下	未
提醒@明光人 明天起，这些新规将影响你的生活！	未
提醒明天上午，峰峰这些村镇小区要停电	未
提醒明天博山部分地方要停电，快来看看涉及哪里	未
提醒！明天城口这些地方将停气，快看看有你屋头不，早看早作准备！	未
提醒明天天气情况	未
提醒：明天晚上七点，请到西和这里	未
提醒！明天海口市社会保险事业局暂停办理业务记者12月13日从海口市社会保险事业局获悉，根据供电部门通知，该局位于海口市海甸岛怡心路9号的社保服务大厅办公区电力线路计划在12月14日7:30至当日18:00进行停电，届时该局社保相关业务将暂时不能联网办理如需办理社保登记业务的群众，可前往四个区 ...全文	未
提醒！明天海口市社会保险事业局暂停办理业务记者12月13日从海口市社会保险事业局获悉，根据供电部门通知，该局位于海口市海甸岛怡心路9号的社保服务大厅办公区电力线路计划在12月14日7:30至当日18:00进行停电，届时该局社保相关业务将暂时不能联网办理。如需办理社保登记业务的群众，可前往四个区社保经办所进行办理。（记者邓海宁）	未
提醒！！！明天起井陉这2处电子抓拍设备，将正式启用否则罚你不商量！	未
提醒！明天起，宜宾城区出租车开始涨价了！具体要涨	未
提醒  明天起，这些新规将影响你的生活	未
提醒明天起，这些新规将影响你的生活	未
提醒明天起，这种车进入个旧辖区一律严罚	未
提醒！明年3月义乌市全国英语等级考试即将报名，费用地址都在这里	未
提醒！明日全市将组织国家公祭日交通临时管控演练，出行请注意！	未
提醒！明日起，洛阳这5个片区停水降压，看看有没有你家	未
提醒！明晨大雾锁定津门，还请各位早早出门谋划出路！	未
提醒明晨这些地区注意强浓雾！北方来的Ta又要肆虐了，口罩准备好了吗	未
提醒  春运团购订票已开始，回家可以这样买票！	未
提醒晋城版拼多多来了	未
提醒！晚上睡觉前，一定要在门里面插把钥匙！	未
提醒最新！@咸宁所有党员，《中国共产党支部工作条例（试行）》已印发，请遵照执行！	未
提醒  有法可依，今后在义乌养犬要按规矩来！	未
提醒  朋友圈代购的这款药竟是新型毒品！卖家说自己都不知道（附空气质量报告）	未
提醒朋友圈这些内容要慎发！一美女大学生晒私照竟被人拿去	未
提醒！本周日城桥地区这些道路将实行交通管制	未
提醒本周末关键词：雾霾！重污染黄色预警！	未
提醒！本月有775名70周岁以上驾驶人应提交体检证明滨海微提示 本月天津市将有775名老龄驾驶人应办理提交身体条件证明业务。逾期未提交的，不得继续驾驶车辆上路。逾期一年以上未提交的，交管部门将依法注销其机动车驾驶证。	未
提醒：朱家角578路公交线路将临时调整！	未
提醒！杞县某某的车必须要报废了，快看看有没有你嘞	未
提醒    来了！你要的2019年节假日安排请收好！	未
提醒！来二七怎么停车不会被罚，戳这里	未
提醒杭州红创金服非法集资案最新情况出炉	未
提醒@梁平人，明天起，这些新规将影响你的生活	未
[提醒]歙县街口大桥施工(塔坑)段塌方，过往车辆请注意	未
提醒  民宅起火老人竟想跳窗自救，火场逃生，这四点需谨记！	未
提醒  水泉沟公交站挪地方了！	未
提醒！永川这条街开始整治了，车辆再违停会被拖走！	未
提醒！江苏启动重污染天气蓝色预警，这些事你得知道！	未
提醒汤阴家里有电动车的注意，国家要清理整顿了！	未
提醒！沙尘天气下午抵达成都，做好这些自我防护！	未
提醒！河西区一工地明天将爆破 请大家绕行！12月9日上午10时左右， 位于河西区大沽南路的天津湾D地块项目 (东至台儿庄路西至大沽南路北至洪泽路南至规划通海路)，因项目施工需要，将爆破拆除基坑支撑梁结构爆破实施期间，工地现场及周边(包括大沽南路地铁一号线北侧规划通海路至洪泽路路段 ...全文	未
提醒！河西区一工地明天将爆破 请大家绕行！12月9日上午10时左右， 位于河西区大沽南路的天津湾D地块项目 (东至台儿庄路西至大沽南路北至洪泽路南至规划通海路)，因项目施工需要，将爆破拆除基坑支撑梁结构。爆破实施期间，工地现场及周边(包括大沽南路地铁一号线北侧规划通海路至洪泽路路段)将实行现场管制，禁止行人车辆进入警戒区域。为了您的安全，请自觉听从现场警戒人员指挥。请市民提前安排好出行线路。（平安河西）	未
提醒  @泗县手机用户请注意收到这条10086短信千万别点，否则......	未
提醒注意啦！信阳这段路即日起开始限行！	未
提醒注意啦！石城部分户籍业务停办！请查收！	未
提醒注意啦！非正常上访违法行为影响直系亲属考学入党入伍报考公务员就业	未
提醒注意嘉定人收到这条10086短信千万别信！	未
提醒注意好这20个交通细节，拯救的不只是自己	未
提醒注意！收到这条10086短信千万别信！可能是诈骗短信	未
提醒注意！淄博世纪路这里近日要全封闭... ...	未
提醒注意！看到这种黑盒子赶紧扔！已有多人中招	未
提醒注意！这两种感冒药，全国停用停产！	未
提醒注意！这些App被曝光，你还在用吗	未
提醒注意！陕西首次发现非洲猪瘟疫情，发病205头 死亡79头 疫区已封锁！更重要的是...	未
提醒：济宁公交价格2条线路有变化	未
提醒！浦北这些地方禁燃限放烟花爆竹，你知道吗	未
提醒海南环岛高速路上六车追尾，其中一车被顶叠罗汉！	未
提醒  海南车主注意啦，这笔钱再过几天不申领就没了！	未
提醒！海龙路两段全封闭施工，请注意绕行！	未
提醒淄博这几个地方新增电子警察，群众：早该装了！	未
提醒！清晨，新宁大兴路发生的惊险一幕！命都不要了	未
提醒清洗地热有猫腻！你被套路过忽悠过吗	未
提醒漳县的注意！收到这条10086短信千万别信！	未
提醒！漳县经常发语音聊天的都看看把，告诉家人与朋友！	未
提醒！漳州2019年度城乡居民医保集中缴费期本月截止	未
提醒！潍坊城区多条公交线路调整！	未
提醒  澄海驾驶员注意了！全国统一查酒驾时间表公布！这个月这几天一定查！	未
提醒！@灌阳人不要在悬挂物下面行走，小心祸从天降	未
提醒：火车票别乱丢了，赶紧告诉家人，越快越好！	未
提醒火车站附近新增五处违停抓拍设备！	未
提醒焦作人快认清，这款高效药竟是新型毒品，可致幻！	未
提醒王快水库放水了！去潴龙河附近一定要当心！	未
提醒珠海37条路车道线有变化！走错一次扣两分！市区还开通了48公里新路	未
提醒！珠海这13条公交线路调整！有线路将被取消！	未
提醒！用手机付钱的包头人注意！现在看还不晚，对你很重要！	未
提醒电子客票将全面推广！刷身份证即可乘车	未
提醒男子突发奇想在充电器里藏这种东西 结果......	未
提醒：目前地铁全线网手机扫码购票系统异常，工作人员紧急处理中	未
提醒！看到车上有这种黑盒子马上扔掉！否则后果严重	未
提醒看过这些关乎生命的20个细节，你再出门！	未
提醒社保卡里面竟藏着一大笔钱90的下花园人都不知道！	未
提醒神木市职工慢保报销工作12月3日开始 准备资料等详情看这里	未
提醒  祭祖烧纸一定注意防火！界首这棵200年古树险被烧毁	未
提醒空港经济区揭东区揭阳产业园这些路段施工限行（附绕行攻略）	未
提醒紧急！看到这种黑盒子赶紧扔！已有多人中招	未
提醒紧急！这两种感冒药全国停用停产！快看看你家有没有	未
提醒红包短信密集轰炸！是支付宝发的吗真相	未
提醒细思极恐！你们小区里的这种水大多不合格	未
提醒  细思极恐！你天天喝的这种水大多不合格	未
提醒细思极恐！你天天喝的这种水大多不合格	未
提醒：网红气球“颜值”高 容易爆裂很危险	未
提醒  美女大学生晒私照，竟被人拿去千万别在朋友圈做这事（附空气质量报告）	未
提醒老人捡到一袋鸡肠回家煮，警察突然找上门！真相令人后怕	未
提醒老人看住钱包@little鲶鱼：有人知道康恩斯吗家中老母每日都去坐一小时，声称攒钱买万元理疗仪。尾随母亲偷拍来自现场消息：这个不透风没有窗户的民房里，外地口音的小哥说外国引进来的，在中国9年了，还提供医院和药店使用他们理疗仪的照片，极力推荐老人家每日都来，这个对人体伤害大吗	未
提醒老人看住钱包@little鲶鱼：有人知道康恩斯吗家中老母每日都去坐一小时，声称攒钱买万元理疗仪尾随母亲偷拍来自现场消息：这个不透风没有窗户的民房里，外地口音的小哥说外国引进来的，在中国9年了，还提供医院和药店使用他们理疗仪的照片，极力推荐老人家每日都来，这个对人体伤害大吗	未
提醒：胶州人年底前赶紧去处理废旧液化气罐！ 政府有补贴！	未
提醒自己！	未
提醒自己明天早上十点抢洗发水	未
提醒！自贡新增禁止鸣笛路段，快看！不要被罚款了！	未
提醒节能减排，从身边的小事做起	未
提醒：苏A车主，下月这5座跨江大桥收费站拆除！	未
提醒茂名全市降压供水通知，请做好储水准备！	未
提醒：荆州人行天桥暂时封闭	未
提醒荣成住楼房的人赶紧看！早上7点半，发生惊险一幕	未
提醒药盒上没有写这四个字，就需要注意！赶紧告诉家里人	未
提醒！蚌埠这4家加油站油品不合格，看看是哪几家	未
提醒蠡县移动用户注意！收到这条10086短信千万别信！	未
提醒！襄阳夜间这些路段要封闭，原因是......	未
提醒诈骗新套路，千万别中招！	未
提醒谁来把天通苑这堆定时炸弹移走	未
提醒！账务发票有这38种异常，100被稽查！	未
提醒赤峰这些路段标线特殊，不会走的看这里！！！	未
提醒身份证4115开头的信阳人注意！公安部正式宣布，马上执行！	未
提醒  身份证相片不满意可以重拍了！还是3次！	未
提醒过站了非要下车 大妈抢过公交车司机方向盘猛拽，结果...	未
提醒近期谨慎前往尼日尔蒂拉贝里大区萨伊省托罗迪省及泰拉省	未
提醒  这12批次网售食品不合格 下单前您可要看仔细	未
提醒这18个人在曲阜讨人厌！尤其是这一个	未
提醒：这两个感冒药，全国停用，你家也许还有！	未
提醒！这两种感冒药停用停产！快找找药箱有没有！	未
提醒！这两种感冒药，全国停用！	未
提醒这两种感冒药全国停用停产！快看看你家有没有	未
提醒！这两种感冒药全国召回禁用！邳州人看看你的药箱里有没有	未
提醒！这两种感冒药，近期全国停用停产，还有一些儿童禁用药......	未
提醒这些路段，驾车经过要小心！	未
提醒这些都是传销！新县人都应该好好看看！	未
提醒  这件事，关乎每个人的生命安全！	未
提醒：这张500元以下的费用白条不得税前扣除，必须取得发票	未
提醒！这条道路实施全封闭交通管制，湘阴市民出行请绕道	未
提醒  这样开车上路也会被查！天津这176辆车栽了	未
提醒  这种10086短信，千万别信！	未
提醒！这种带鱼千万别吃，吃后会中毒！已有人买到！	未
提醒这种水有人天天喝，但大多不合格	未
提醒  这种短信头回见，千万别点！	未
提醒速看！12月9日信阳东站将临时加开四趟列车！	未
提醒遂昌货车司机注意！最严治超模式开启，严厉打击超限行为	未
提醒遂昌这28位车主将被列为失信人员，看看有没有你?	未
提醒！邯郸各村 煤改气 的都看看！！	未
提醒！郑州周六日继续单双号限行！	未
提醒！郑州市区经五路纬五路信号灯不亮经五路纬五路交叉口信号灯不亮，记者联系交警八大队，得到回复是控制信号灯的电缆坏了，已经在安排维修，预计今天内信号灯可以恢复正常。提醒大家通过该路口时互相礼让。另外，由于纬五路上从花园路到经五路段两侧都停放有车辆，只剩下中间两条车道可以通行， ...全文	未
提醒部分地方发生水痘病例，上杭人这些防范措施一定要懂！	未
提醒  郴州人注意！办张银行卡，就能得500块这样的便宜不能贪	未
提醒！都匀这条高速两个路段将封闭施工3天！	未
提醒酒店插座不对劲夫妻俩一查冷汗下来！	未
提醒  酒店插座不对劲夫妻俩一查冷汗下来！酒店态度让人气炸	未
提醒酒店插座不对劲夫妻俩一查冷汗下来！酒店态度让人气炸	未
提醒 金寨动车站站前道路及停车场， 将进行为期20天的施工	未
提醒！铜梁这些医保政策不可不知！	未
提醒！银行卡还在，钱没了最新手法，这次更直接！	未
提醒！锡林浩特列车运行时间调整了！	未
提醒！镇雄罗坎轿车弯道超车掉到河里，希望所有司机们都注意！	未
提醒！长沙公交线将调整22条，新增3条拆分4条最近，据长沙市交通运输局公布的消息，长沙对31条公交线路做出了调整。本次新增3条公交线路，拆分线路4条公交线路，调整22条公交线路，2条线路更改番号，详戳赶紧转发分享给身边需要的人吧！长沙这些公交线路调整 出行怎么走看这里	未
提醒防不胜防，如今微信语音都能克隆！已有多人中招	未
提醒防不胜防，微信语音也能被克隆！女子验证父亲语音也上当......	未
提醒阳澄湖大闸蟹网红店：一年卖几十万件，竟没有一件是真的！	未
提醒！阿富汗首都发生爆炸袭击，10人死亡19人受伤，华人同胞谨慎出行	未
提醒隐藏在日常生活中的十大消防陋习日常工作生活中，有些陋习千万别小看，每一种陋习都隐含着安全隐患，任何时间都有可能变成一场灾难关于这些陋习，大家一定要好好看看！via@江西消防	未
提醒雨天谨慎驾驶！嵩县闫庄三辆车撞在一起，现场令人无奈！	未
提醒  雾天开车的注意事项，你一定要知道！	未
提醒雾霾来袭莫慌张！防雾霾小知识看这里......	未
提醒  雾霾要来了 标题快被挡住了	未
提醒青岛117条公交线路将开空调！票价2元！这些事要注意！	未
提醒青岛的冷空气已经到货了！自救式过冬物品你储备上了吗	未
提醒！青岛这些路段将施工，请途径人员谨慎安全通过	未
提醒  顺义区医院妇儿部，本月集体搬迁！	未
提醒！驻马店西站一波加开高铁来了！快看有没有你想坐的线路?	未
[提醒] @高密人：冬季取暖，安全为先！这条救命视频一定要转发！	未
[提醒] @高密退伍军人：信息采集查阅档案请看这里！	未
提醒黄骅人注意啦，这几天不能办理户籍变更业务	未
提醒龙口网友反映，公交车提价啦！	未
提问之前先过脑子我回答了@微博财经 的问题，大家快来花1元围观 微博问答	未
提问：到底谁才可以停止盖伦的旋转英雄联盟游戏V盘点游戏V势力	未
提问：在没有能力把螃蟹绑起来的情况下，该怎么让它入锅昨天有人说弄晕，这个具体怎么操作呢，请热心市民朋友来阐述一哈。	未
提问墙（12-06）：你有问题要问我吗	未
提问：大家打排位为什么ban亚索英雄联盟	未
提问，大家更想点进哪个标题	未
提问用一个汉字总结你的2018年	未
提问箱一个。网页链接	未
提问箱回答汇总	未
提问箱网页链接	未
提问箱 网页链接我看看程度能回答的就贴在本条评论区吧	未
提问箱：网页链接有想问的吗	未
提问:重型爆破/清扫弹丸肯定还是需要的，在有大口径火箭后，203榴及240重迫击炮是否有必要呢回答:木必要，俄罗斯有个射程几公里的屠村火箭炮，窝憋如果弄个射程40公里山寨版，配合配图中这个250mm重装药破障弹就够用了。这个能制导。重型爆破，现在有300远火的精确制导弹，比203240还威武，还不行就直接5001000的JDAM甚至钻地弹了，重点是精确制导，这个太高效了。清扫现在用温压弹更方便，而温压弹用火箭弹的方式更有效，可以密集投射。要考虑价钱的话，一个203榴弹炮连也得很多后勤单位才能伺	未
提问：长征九号立项了吗回答：长征九号于今年立项，总师张智，张总师也是我国航天员御用火箭长征二号F的总设计师。长征九号的研制，瞄准载人月球探测火星取样返回大型空间设施建造等需求，近地轨道运载能力50140吨，奔月转移轨道运载能力1550吨，奔火转移轨道运载能力为1244吨。不同的 ...全文	未
提问：长的一般，靠ps技术伪装成美女，没有其它内容，专门以此走红的人。你们对此什么看法是觉得无所谓继续喜欢还是非常愤怒认为是商业欺诈	未
提问除了银行存款外，你还会选择哪种理财方式	未
提防！外地妇女入容县小区，挨家挨户的敲门！	未
提防  漫漫冬季，取暖煤烦恼	未
提防//@话提:在pua学曝光贴里也看到过这几个套路//@图院长:转给女孩儿们//@萌了个包:本直男认真想了一下的确是这样，尤其是第三点几乎只出现在男性身上，三点合一就是渣男鉴别手册了。	未
//@提香紅與克連藍:嘿嘿嘿//@惨绿的少女静流 ://@微路 ://@又懒又惰又笨 :不知道链接发不发得出 网页链接 又到给卫报捐钱的时候了	未
提高化解效率 降低维权成本 创新多元化解机制	未
插刀教过去6年，女主角现在的生活是这样的	未
插头没拔，10多天用800多度电！这种电器连州很多人家里也有	未
插播一条来自上周末的快讯浦东嘉里城和合生汇的很多小伙伴遭遇了前所未有的巨型熊抱，虽然气温骤降，但是现场热度不减！原来是可口可乐熊抱季的北极熊在向经过的游客表白示爱，不仅献出了超暖心的全身熊抱，还能亲密合影甚至共舞一曲，这只北极熊可以说是非常奶思了！现场准备了@可口可乐 充足的快乐阔落水，寒冷什么的完全不存在好伐！没赶上的朋友们放轻松，这周末在爱琴海购物公园和协信星光的11:0019:00，灵活的北极熊再次燃情出没，只为陪你可口可乐一整天！	未
插电式混动归为燃油车存误读 改划不耽误拿补贴分析人士指出，插电式混合动力汽车归类到燃油汽车，仅是针对中国境内的汽车整车投资项目进行相关规定，并不影响国家对新能源汽车补贴的现有政策。插电式混动归为燃油车存误读 改划不耽误拿补贴	未
插电混动的油耗原来是这样算出来的，靠谱的PHEV车型有哪些	未
插画师 Anna Emilia Laitinen	未
插画师 Anti Denim	未
插画师 Carne Griffiths	未
插画师 Goni Montes	未
插画师Nancy Liang	未
插画师：Rudoi （转）via@黑白插画装饰画	未
插翅难飞！肇事逃逸致人死亡，嫌疑人被迅速锁定	未
插队今天去 小吴哥，也就是俗称 吴哥窟 的地方，其实窟来自 wat 的音译，而 wat 本意是寺庙Angkor Wat 意思是吴哥之寺，按理说 吴哥王城 里的寺庙，其实是 巴戎寺 Bayon毕竟 小吴哥 或者说 吴哥窟，其实在 通王城 城外西北边但无所谓，约定俗成了，就当这个是 吴哥窟 吧 ...全文	未
握了一次手 亿万富翁“坐牢”一年	未
握好养犬的法治缰绳	未
《揪出那个差评师》 热衷网购的消费者，希望所见即所得。但现实并不那么美好，商品评价里的套路连起来可以拐十八个弯。不过，不用气馁，办法总比困难多，我们这就借你一双慧眼。 揪出那个差评师	未
揪心！11岁男孩失踪五天仍未找到！父亲一上午连发80条朋友圈，酬金从20万涨到50万	未
揪心！22人死亡！22人受伤！一化工公司附近凌晨发生爆炸！	未
揪心！22人死亡！50余辆车被烧毁！化工厂附近爆炸事件最新进展	未
揪心！22死22伤 50余辆车被烧毁...张家口化工厂附近爆炸事件最新进展(现场视频)	未
揪心！4岁女童和大人牵手过斑马线，瞬间阴阳相隔！监控曝光！交警怒了	未
揪心！50万重金寻子！温州11岁男孩失联第五天！宁德朋友请帮忙寻找。	未
揪心！一大早益阳发生一起车祸，一年轻小伙倒地不起，不省人事	未
揪心！一对警察夫妻的聊天记录，记录上百次惊心动魄的瞬间紧急勤务，抓人去了便装携带枪支破门器弄完了告诉你何林栩和丈夫都是警察，俩人结婚一年，每次执行重大任务前，丈夫几乎都会以这样的方式告诉妻子，上百条留言，每次都让人揪心	未
揪心！一对警察夫妻的聊天记录，记录上百次惊心动魄的瞬间紧急勤务，抓人去了便装携带枪支破门器弄完了告诉你何林栩和丈夫都是警察，俩人结婚一年，每次执行重大任务前，丈夫几乎都会以这样的方式告诉妻子，上百条留言，每次都让人揪心（成都晚报）	未
揪心！一对警察夫妻的聊天记录，记录上百次惊心动魄的瞬间紧急勤务，抓人去了便装携带枪支破门器弄完了告诉你何林栩和丈夫都是警察，俩人结婚一年，每次执行重大任务前，丈夫几乎都会以这样的方式告诉妻子，上百条留言，每次都让人揪心（@成都晚报 ） 揪心！一对警察夫妻的聊天记录，记录上百次惊心动魄的瞬间	未
揪心！一对警察夫妻的聊天记录，记录上百次惊心动魄的瞬间紧急勤务，抓人去了便装携带枪支破门器弄完了告诉你何林栩和丈夫都是警察，俩人结婚一年，每次执行重大任务前，丈夫几乎都会以这样的方式告诉妻子，上百条留言，每次都让人揪心（成都晚报） 揪心！一对警察夫妻的聊天记录，记录上百次惊心动魄的瞬间	未
揪心！一对警察夫妻的聊天记录，记录上百次惊心动魄的瞬间紧急勤务，抓人去了便装携带枪支破门器弄完了告诉你何林栩和丈夫都是警察，俩人结婚一年，每次执行重大任务前，丈夫几乎都会以这样的方式告诉妻子，上百条留言，每次都让人揪心（成都晚报）揪心！一对警察夫妻的聊天记录，记录上百次惊心动魄的瞬间	未
揪心！一对警察夫妻的聊天记录，记录上百次惊心动魄的瞬间 紧急勤务，抓人去了便装携带枪支破门器弄完了告诉你何林栩和丈夫都是警察，俩人结婚一年，每次执行重大任务前，丈夫几乎都会以这样的方式告诉妻子，上百条留言，每次都让人揪心鸣枪示警重新上膛徒手控制制服犯罪嫌疑人，这些在常人看来异常危险的动作，只是他们的日常。因为太忙，他们还没来得及举办婚礼，甚至连婚纱照还没有拍完。（成都晚报）揪心！一对警察夫妻的聊天记录，记录上百次惊心动魄的瞬间	未
揪心！一对警察夫妻的聊天记录，记录上百次惊心动魄的瞬间 紧急勤务，抓人去了便装携带枪支破门器弄完了告诉你这对成都夫妻间上百条的留言，每一次都让人揪心鸣枪示警重新上膛徒手控制制服犯罪嫌疑人，这些在常人看来异常危险的动作，只是他们的日常从今年2月结婚 ...全文	未
揪心！一对警察夫妻的聊天记录，记录上百次惊心动魄的瞬间 紧急勤务，抓人去了便装携带枪支破门器弄完了告诉你这对成都夫妻间上百条的留言，每一次都让人揪心鸣枪示警重新上膛徒手控制制服犯罪嫌疑人，这些在常人看来异常危险的动作，只是他们的日常从今年2月结婚到 ...全文	未
揪心！一对警察夫妻的聊天记录，记录上百次惊心动魄的瞬间 紧急勤务，抓人去了便装携带枪支破门器弄完了告诉你这对成都夫妻间上百条的留言，每一次都让人揪心。鸣枪示警重新上膛徒手控制制服犯罪嫌疑人，这些在常人看来异常危险的动作，只是他们的日常。从今年2月结婚到现在，他们还没来及举办婚礼，甚至连婚纱照还没有拍完。 揪心！一对警察夫妻的聊天记录，记录上百次惊心动魄的瞬间	未
揪心！一对警察夫妻的聊天记录，记录上百次惊心动魄的瞬间 紧急勤务，抓人去了便装携带枪支破门器弄完了告诉你这对成都夫妻间上百条的留言，每一次都让人揪心。鸣枪示警重新上膛徒手控制制服犯罪嫌疑人，这些在常人看来异常危险的动作，只是他们的日常。从今年2月结婚到现在，他们还没来得及举办婚礼，甚至连婚纱照还没有拍完。@成都晚报	未
揪心！一小学门前轿车撞倒多名学生！已致5死18伤！	未
揪心！东灶港：放学路上两车猛烈相撞  一车刚接完孩子	未
揪心！仅仅10秒，奶奶带孙子翻护栏横穿马路，监控拍下事发一幕	未
揪心！剪刀插入2岁男孩左眼	未
揪心！印尼巽他海峡海啸后 民众焦急寻找失踪亲人印尼巽他海峡海啸已造成429人死亡，1400多人受伤，16082人无家可归。据印尼官方消息，海啸造成的死亡人数还在持续攀升。25日，印尼万丹省板底兰，有海啸遇难者家属在医院鉴别中心寻找失踪亲人。愿他们能早日和家人团聚	未
揪心！又一个传奇美食城要搬从街边大排档到被央视报道，还有人开着豪车去吃	未
揪心！台州花季少女突然瘫痪，家境贫寒，急需帮助！	未
揪心！四川乐山一轿车冲撞公交站台造成7死4伤记者27日从四川乐山市公安局沙湾区分局获悉，一辆轿车27日10时许行至乐山市沙湾区嘉农镇王场村苏沙路16公里处，冲上人行道，撞向路旁的公交站台，造成7人死亡，4人受伤。揪心！四川乐山一轿车冲撞公交站台造成7死4伤查看图片	未
揪心！大英某公交司机的这一波动作让乘客心头都急紧老！	未
揪心！失踪5天后，咸宁这个大学生终于找到了，可是	未
揪心！失踪5天后，赤壁这个大学生终于找到了，可是	未
揪心！奶奶带9岁孙子横穿马路，孙子被撞飞！监控拍下事发一幕！	未
揪心！奶奶带9岁孙子翻护栏横穿马路，结果小孙子被撞飞！	未
揪心！奶奶带9岁孙子翻护栏横穿马路，自己过去后孙子被撞飞	未
揪心！奶奶带9岁孙子翻护栏横穿马路，自己过去后孙子被撞飞！监控拍下事发一幕！	未
揪心！子夜车祸母亡怀中幼女失踪 警方：被肇逃司机带走，遗体已找到	未
揪心！已致22死22伤，张家口一化工厂附近发生爆炸（附视频）	未
揪心！张家口爆炸司机讲述亲历一危化品运输车等待进厂时爆炸应急管理部工作组赴现场	未
揪心！抚州一老人性命攸关，全城急寻家属！	未
揪心！昨天永春湖洋一位3岁小女孩左腿被货车车轮碾压，现场触目惊心	未
揪心晋江梅岭这个小区，可视对讲门禁系统成摆设	未
揪心！柳州七岁男孩随母亲查看装修进度失足坠落	未
揪心！襄阳男童手被刺穿！现场画面	未
揪心视频！鄂尔多斯1男子当街飙车到125迈，结果连人带车飞出去！	未
揪心视频！鄂尔多斯1男子骑摩托当街飙到125迈，径直撞向捷达...	未
揭东一司机急着回家吃饭，把车开进水沟！	未
揭东云路惊现黑干渠，里面竟是这些东西！	未
揭东交警大队开展交通整治行动	未
揭东区产业园共4条主要路段将实行交通管制，请司机注意	未
揭开伤疤不易，理解安全的本质更难	未
揭开伤疤不易 理解安全的本质更难  V视	未
揭开历史虚无主义所谓“尊重”史料的假面	未
揭开多种官场"亚文化"真相：编织"关系网"、信奉"潜规则"等(图)	未
揭开契丹民族集体失踪之谜	未
揭开月球另一面的面纱——奔向月球背面的嫦娥四号	未
揭开泛娱乐时代的营销密码，据说娱乐用竖版视频打造电商新模式	未
揭开真假鳕鱼面纱丨视频	未
揭开美国贫富差距的残酷真相！邮政编码决定了你的一生	未
揭开“自营出口”背后的骗税真相	未
揭微信民生银行提费甩锅真相，江湖再无宁日	未
揭晓答案13号线自然博物馆站，你答对了吗	未
揭晓答案：五张图片组合的人物分别是纳达尔-西里奇蒂姆-伊斯内尔迪米特洛夫-德约科维奇西里奇-蒂姆以及穆雷-纳达尔	未
揭牌永春县成立生态文明警示教育基地	未
揭短不是问政的目的，是为了问出每个官员的责任心！20日，湖北仙桃电视问政上，一张市委书记递给主持人的小纸条引起广泛关注。面对接受问政单位的答非所问，纸条上写着离题万里，让人生气！，说到了老百姓心坎里。良币驱逐劣币是时代主题，官员装睡的就该被火辣辣的监督打醒，直面民意才能解决问题！ 安哥锐评电视问政6个局被追责，不只离题万里，更离时代万里！	未
揭示：为什么上海消防展突然发红包	未
揭示各大网站内鬼！四川首个网络水军案告破！	未
揭示没有男（女）朋友会挂科真相	未
揭秘  12家立案平台最新案情进展情况(附警情通报)	未
揭秘1949年哪些人才够资格能去台湾	未
揭秘40年前美国盖瑞马提亚斯失踪事件	未
揭秘5天完成注册20分钟营业执照审批0次见面，在这儿办企业效率太高！	未
揭秘70天干了7个亿！卖铺如何开挂搞出神盘！	未
揭秘HIV自愿咨询检测全过程	未
揭秘！一直被忽视的美容养颜零食......	未
揭秘上海改装车江湖：30万的车为什么要砸60万来改12月1日上海开始施行关于进一步加强机动车噪声污染治理工作的通告，玩车的圈内人将这个通告简称为80分贝政策这条80分贝政策一出，弄得圈里是一片人心惶惶，有骂的有怕的也有觉得可以理解的，但大家都如出一辙地从脑海里 ...全文	未
揭秘上海改装车江湖：30万的车为什么要砸60万来改12月1日上海开始施行《关于进一步加强机动车噪声污染治理工作的通告》，玩车的圈内人将这个通告简称为80分贝政策。这条80分贝政策一出，弄得圈里是一片人心惶惶，有骂的有怕的也有觉得可以理解的，但大家都如出一辙地从脑海里冒出这样的念头：要不先把车给改回来，最起码等这个风头过了再说，要么干脆最近就不开车了。揭秘上海改装车江湖：30万的车为什么要砸60万来改	未
揭秘！下沙这些格字辈沙字辈的社区名，有何由来	未
揭秘不可描述的小广告...	未
揭秘！专家解释为什么极寒天气下学校依旧使用空气源热泵机组	未
揭秘世界长寿市的菜篮子，看看他们都吃啥	未
揭秘丨Quant到底有多钱多事少真实日常和薪资大揭秘！	未
揭秘丨即将上任的美国新防长沙纳汉有何特殊背景，从商经历如何影响国防部	未
揭秘丨基因编辑原来是这么回事，一张图看懂了	未
揭秘丨央视曝光澄海某驾校黑幕，马路杀手很有可能来自这里！	未
揭秘丨拿了Offer不去， 会被HR拉黑吗	未
揭秘中国海军针对苏联核巡洋舰的作战计划	未
揭秘中国的人钱原来是被这些澳洲人赚走了原来这些东西中国人最喜欢买......	未
揭秘，中经联盟最新主席团成员名单曝光！（明年上任的竟然是他... ...）	未
揭秘为什么安国现在这么多空房子没人住知道原因的我沉默了......	未
揭秘  举报送人头 如何回答为啥想来我们公司这道送命题?	未
揭秘：乐山大佛闭眼流泪之谜，完整事件及真相！	未
揭秘乡村医生如何应对医疗纠纷	未
揭秘二手平台用户卖航母卖波音飞机的奇葩行为这是为了搞笑，还是网络行为艺术详情点击：揭秘二手平台用户卖航母卖波音飞机的奇葩行为	未
揭秘二茬输水后不出菇的5大原因！	未
揭秘！云南野生食用菌的鲜与香如何穿越四季！	未
揭秘  云联惠传销大案海南俩头目受审，共发展下线达33781人！	未
揭秘五星酒店洗漱用品供应商的内幕	未
揭秘！什么样的头脑风暴让他们直呼过瘾	未
揭秘！他们如何“电”亮南京这座城？	未
揭秘！传说中机器人当服务员的阿里未来酒店开业！坐电梯、开门...全部刷脸	未
揭秘传销为何打不尽半年探访北海传销组织找答案	未
揭秘传销组织里，编写洗脑话术的女经理	未
揭秘！你到底喝了多少假蜂蜜水白糖红糖明矾假蜂蜜，一斤才卖6元！	未
揭秘：你的营销诉求为何失效可能因为它	未
揭秘你知道吗为什么星巴克总是横着排队，而麦当劳却要竖着排队	未
揭秘！你知道盐城大铜马在哪浇铸的吗	未
揭秘你还记得磁带吗30多年前，它可是奢侈品！两盒价格一瓶茅台！	未
揭秘，信宜一男子因何清晨6点满街晃荡	未
揭秘  僵而不死云集品又出大事，网传合作方要跑路，真相是...	未
揭秘办赌场的养老院的真相，远不是几台赌博机那么简单	未
揭秘：北京警方一系列重大改革的幕后推手	未
揭秘“北极派出所”的坚守巡线 最难克服的是孤独	未
揭秘医疗骗保利益链：诊断是假的，病人是演的，病房是空的（虎嗅）	未
揭秘：十八层地狱每一层都叫什么看看百年之后的你可以进哪一层	未
揭秘！原来，天长人洗澡竟然都去这里......	未
揭秘！原来娄底可以达到上海的高度！只是因了....	未
揭秘！只有八个包厢，Taxi老司机都不知道的私房菜馆，我才不信你吃过！	未
揭秘同样的型号，为什么台铃会跑的更远	未
揭秘后英镑三种可能性	未
揭秘商场福袋机套路：礼物是廉价商品，粉丝是工作人员	未
揭秘商场福袋机套路：礼物是廉价商品，粉丝是工作人员！近期，在京城的一些商场里福袋机成为新一代网红。但是，在福袋机30元赢大奖的口号背后，其实却是套路满满：不仅抽到的礼物往往都是不知名的廉价商品，就连在一旁热心指导的粉丝都是厂家派出的工作人员。揭秘商场福袋机套路：礼物是廉价商品，粉丝是工作人员	未
揭秘四川环保督察：遇黑烟“刹”一脚 接线索就出动	未
揭秘国产奶粉生产的真相	未
揭秘！在兴文一家酒坊拍下这些照片，餐桌上的酒是这样来的...	未
揭 秘  处处都在谈数据， 不精通Excel的人能有多大出息?	未
揭秘大英博物馆文物中国行 怕湿展柜不能用木材做	未
揭秘太原市中心的富人区！原来土豪就在身边！	未
揭秘  如何在直播间发弹幕大人一码呢	未
揭秘安国周边一女子露宿街头不敢回家！背后原因让人不寒而栗....	未
揭秘害死人的芬太尼_这次中美会谈结束后美国的新闻稿里提及了芬太尼，很多国人不太了解什么是芬太尼，在此发一条科普一下哈 网页链接	未
揭秘！家里种绿植真能对抗雾霾吗?	未
揭秘！宿州的环卫工人一天要扫多少落叶?	未
揭秘巴黎名媛舞会：任正非20岁女儿首次曝光（图） 揭秘巴黎名媛舞会：任正非20岁女儿首次曝光（图）	未
揭秘张首晟教授真正死因 网页链接	未
揭秘当年去网吧要40元一小时，很多人省下饭钱去上网！感受这拨回忆杀...	未
揭秘：影视明星为何那么有钱！仅仅只靠那些片酬	未
揭秘我国首个P4实验室：服务全球公共卫生安全	未
揭秘手机游戏，你不知道的那些事！	未
揭秘  挖掘机高楼拆房那些事儿！	未
揭秘新密一厂家，原价几千上万的沙发成本只要...	未
揭秘！是谁把中原文化带到这块滨海之地	未
揭秘普宁旅游形象代言人都赞不绝口的江湖高手背后的潜规则	未
揭秘最隐秘的隐形将军韩练成	未
揭秘朋友圈灰色产业链  有人用你的自拍照，月入百万！	未
揭秘朋友圈照片真相，看完我开始怀疑人生！	未
揭秘本轮反弹目标位	未
揭秘：机场免税店真的便宜吗别太天真了！	未
揭秘李胜素和于魁智的真正关系到底是谁成就了谁！	未
揭秘杭黄铁路开通在即大量细节披露...	未
揭秘武警特战队魔鬼训练:泥潭摔擒 生吃活虫(图)	未
揭秘武鸣区板欧村的前世今生	未
揭秘每日一淘App的传销式推广套路和嗜血的资本据悉，每日一淘刚完成1亿美金的融资，估计投资人只看到了每日一淘的数据比较漂亮，然后就投资了它。至于每日一淘到底怎么推广的，离违法还有多远，他们不关心，只要赚钱，有流水进来，可以看出当前中国的投资人是怎么看待电商的。 揭秘每日一淘传销式推广套路	未
揭秘水果市场"潜规则":1箱芒果26斤 10斤是纸	未
揭秘永辉超市合伙人制度	未
揭秘！没有互联网的时代，银行如何跨网点取款改革开放看工行	未
揭秘泛华集团在张家界究竟要干什么	未
揭秘！海参鲜为人知的内幕，白菜价背后竟然隐藏着这么多秘密......	未
揭秘润滑油循环保护发动机全过程，用假油相当于换错血一样危险！	未
揭秘：淫心无法克制的原因，激发性欲的行为排行榜	未
揭秘特斯拉Model Y：两大挑战，三个关键信息点	未
揭秘！狮子林大街竟然是	未
揭秘！电力人与消防员碰撞在一起会发生什么故事...	未
揭秘空姐不为人知的秘密：资历越深，裙子越短！	未
揭秘缅甸夜生活: 富人们的天堂， 却是女孩们的地狱	未
揭秘“网红机”抽奖套路：工作人员当托 廉价商品充数	未
揭秘美海军如何在“中国湖”测试各种武器	未
揭秘老年人保健品内幕！一定要转给父母看！	未
揭秘舞者背后的17个辛酸事	未
揭秘：观音为何狼狈赶去通天河金鱼精掌握个大秘密，让观音恐惧	未
揭秘：辛集农村煤改电不为人知的事	未
揭秘近视到底能不能治愈是时候告诉你真相了	未
揭秘还记得在远安某卤菜店里撬门盗窃的那个小偷吗他竟然	未
揭秘  这位名人曾在淄博这里建过一座山村别墅	未
揭秘这是谁浩浩荡荡近百号人，以军人姿态出现紫金各大街头！	未
揭秘  这种95后留学生，四大抢着要！	未
揭秘造假茅台4道工序 右边小心人家告！//@老枪l:茅台集团下属单位自己就卖假酒。	未
揭秘！那些考上清华北大的人到底牛在哪	未
揭秘金融街路口挡板反复安装，为哪般	未
揭秘  阳江公安这些照片您看过吗	未
揭秘：阴间的鬼市都卖些什么他们是如何出现在阳间的	未
揭秘隆回家家户户都曾有的镇宅之宝	未
揭秘青藏高原4万年前的人类活动	未
揭秘青藏高原4万年前的人类活动 这个发现有多重要？	未
揭网络“黑账号”利益链：既要“养活”又要“养贵”(图)	未
揭西两辆中巴车双双冲出路面，究竟发生什么事！安全第一	未
揭西交警到惠来，开展异地用警专项行动！	未
揭西交警奔赴隧道工地现场整治货车超载行为	未
揭西交警突击整治溪角路口乱停放车辆	未
揭西交警突击整治溪角路口乱停放车辆，请大家维护交通安全	未
揭西京溪园长滩路段发生车祸，雨天路滑，请小心驾驶！	未
@揭西人必看，全国统一严查时间表公布，违者或吊销驾驶证！	未
@揭西人，身份证相片不满意可重拍3次！网友评论亮了	未
揭西 农村危房改造暨建设用地拆旧复垦工作	未
揭西县环保局查处一家暗管偷排生产废水的凉果生产企业	未
揭西县环保局查处凤江一家暗管偷排生产废水的凉果厂	未
揭西又见五菱神车出来偷抓狗，天气冷了请大家看好家里的狗	未
@揭西司机看过来！一批电子警察明年上岗！看看在不在你每天必经的路段	未
揭西坪上两南桥至连接线桥堤路加固工程最新进展！	未
>>>揭西境内高速一大巴突发故障，47名乘客安全转运	未
揭西故事  龙潭飞瀑的传说之 樵哥痛失金妹 留下飞瀑传说（完结篇）	未
揭西故事  龙潭飞瀑的传说之 龙口村樵哥勇斗恶鱼 1	未
揭西有个村，村形像天上弯弯的新月！	未
揭西河婆凤凰城地下停车库，本人丢失行驶证驾驶证，酬谢	未
揭西灰寨镇掌牛哥牛肉城招聘服务员多名，待遇可以，包吃包住！	未
揭西的朋友请看，全国统一严查时间表公布，违者或吊销驾驶证！	未
揭西警方成功侦破入室盗窃案1宗抓获犯罪嫌疑人1名	未
揭西部署农村危房改造暨建设用地拆旧复垦工作，你村有吗	未
揭阳一大汉微信假扮美女，专骗红包，已有500多人上当！	未
揭阳一女毒枭凌晨急打电话：遇黑吃黑，赶紧带枪来！	未
揭阳一女毒枭遇上黑吃黑急打电话让人带枪来！结果...	未
揭阳一父亲想花16万找关系把儿子捞出来，结果肠子都悔青了！	未
揭阳一男子遇交警查车，竟带孩子瘫坐拖车上，引得众人围观	未
揭阳交警继续出动！开展围栏式查车，严查交通违法行为	未
@揭阳人 市区这些路段实施交通管制，出行需注意...	未
揭阳又有两村宣布相好！其中一个村是全国最大行政村	未
@揭阳司机，全国统一严查时间表公布，违者或吊销驾驶证！	未
揭阳各镇街创文评比，地都在...	未
揭阳吴某龙都59岁了还做贼，偷了15000元黄金首饰共计约78克！	未
揭阳女毒枭遇上黑吃黑急打电话让人带枪来，结果...	未
揭阳市文明旅游倡议书	未
揭阳市民上电视讲述震感摇来摇去	未
揭阳市环保领域（枫江治污）专项巡察工作公告	未
揭阳悬赏通告抓获这七名在逃人员，奖励一万或两万！	未
揭阳明天将大面积停水，请做好储水准备	未
揭阳某地村民一百多斤番薯不见了，从监控看到这一幕...	未
揭阳某巷子内，监控拍下的一幕...粗心大意了！	未
揭阳某村道，他悄悄开车跟在姿娘后面，竟是为了...	未
揭阳某食品企业暗藏玄机，竟然漂洗橄榄！最终...	未
揭阳深夜一电动无故撞上汽车，事后竟逃逸，监控还原事发过程！	未
揭阳潮汕国际机场停车费标准出来了！明年元旦起施行！	未
揭阳:男子无戴头盔逃避检查被交警拦下进行人像识别竟然是	未
揭阳男子遇交警查车，竟带小孩坐在拖车上，究竟发生什么事	未
揭阳:近期查处开摩托无戴头盔1299宗，接下来大整治还将继续	未
揭阳这3人医院手术室内大吵大闹，最终被行拘	未
揭阳这位老婶怒了！自家五边地被厝边做化粪池...	未
揭阳这地方近期查处开摩托无戴头盔1299宗，接下来大整治还将继续	未
揭阳这路段下周将实施交通管制，请注意绕行！	未
揭露南宁有两副面孔的店，就悄悄藏在报刊亭理发店高档小区KTV里...	未
揭露！发个朋友圈能赚钱杞县老乡小心	未
//@揭露地球:世界无奇不有//@PRINCEBLOG:	未
揭露机关特供与腐败，不怕招报复，赞一个！	未
揭露残酷的真相，为人父母一定要看！	未
揭露！綦江这对残疾人夫妇背后的故事令人泪目...	未
揭露骗局：中国在美上市公司80是空壳，真相触目惊心	未
揭驾校学车潜规则:吃饭加钱递香烟 学员成＂摇钱树＂	未
揭驾校学车潜规则:吃饭加钱递香烟学员成"摇钱树"	未
@揮军东北: 其实我们的重点，应该关注，这样一刀切的政策合理性，为何百姓烧不起取暖煤呢	未
_//@揮军东北:明年涨40点，我信，明天我不信啊	未
援助尼泊尔阿南达-库迪学校教学楼重修项目捐赠仪式举行	未
援建索马里	未
援疆干部李富全：三年援疆路 一生阜康情	未
援疆干部赵立军：二次援疆已把他乡作故乡	未
援疆干部邢成凯：永远走在援疆的路上	未
援疆律师：为弱势群体提供法律援助是我最想做的事	未
援疆进行时医联体覆盖新疆北部牧区缓解农牧民看病难	未
援疆进行时天津援疆医生：为和田白内障儿童带来光明	未
援疆进行时黑龙江医疗援疆: 授人以渔 打造一支带不走的医疗队	未
援藏5年，被村民起了3个外号！每一个都能把你看哭......	未
揽储大战吹响号角？这家个人存款超10万亿的大行也喊出了“存款立行”	未
搁浅的船只静静等待着涨潮的时间，等待着再次起航。	未
搁浅须鲸打捞出水深度填埋	未
搂草打兔子，鸣鹿派出所抓赌抓到涉恶逃犯	未
搏一搏	未
搓手等着看你厂	未
搓澡哥列车长给乘客搓澡，搓出来很多丨沸话	未
搓澡搓坏了！大连九旬老人双腿渗出血液，行走困难！应该怎么赔	未
搖40秒！07：57西部海域規模6.1地震中南部最大震度3級根據氣象局地震報告，上午7時57分發生芮氏規模6.1有感地震，震央位於西部海域，地震深度20.5公里，屬於極淺層地震，包括澎湖縣金門縣台南市雲林縣嘉義縣市彰化縣最大震度3級有南部民眾驚呼感受40秒的搖晃稍早8時15分又發生 ...全文	未
搜 563909036	未
搜一下营业厅遍地都是 但是去了都是办不了业务的合作营业厅 有毒吧 找个营业厅找的累死	未
搜了一下，居然是真的。 网页链接 //@狄易之: 转发微博	未
搜了一下，果然如此。（办公室这周的零食就是三块装的奥利奥，貌似没什么人动过。） 查看图片	未
搜了下，惭愧 查看图片 //@米格战斗机联合体:也经常讲西瓜 查看图片 //@战争史研究WHS:我只聊过苹果和雕胡米啊//@微博历史:世园学院 正式开学，@折翼丛林 @稗官野记 @战争史研究WHS @花落成蚀 @植物人史军 在线为你科普！在2019北京世园会 认识更多神奇的中国植物	未
搜于特实控人拟转让5%公司股份 归还股权质押融资款	未
搜到这些神网站，写论文再也不用发愁啦	未
搜噶	未
搜寻引擎重返中国Google执行长：有研究但目前没计划科技巨擘Google曾传出秘密进行「蜻蜓计划」(Project Dragonfly)，打造配合中国法规的过滤版搜寻引擎。 Google执行长皮采(Sundar Pichai)表示，「Google致力于为全世界各地的网路用户提供服务，虽然该想法持续在内部讨论中，但目前没有计画在中国推出搜寻引擎」。 ETtoday新闻云 报导：网页链接 (agent)	未
搜指仔天气站  冷空气今晚夜间杀到！广东气温大跳水，狂降到9！	未
搜指仔天气站  广东真正进入湿冷模式！加急洗晒，备战冷空气！	未
搜救两天后 大连失踪潜水员遗体被发现 手臂保持求救姿势	未
搜救乌龙落幕 谁为这场闹剧买单	未
搜救第七天安吉看雪失联驴友疑似遗体被发现12月8日，浙江北部地区迎来大雪杭州临安两名驴友（一位为67岁男性，一位为53岁的女性）结伴从安吉山川乡续目自然村进山，往赤豆洋方向行走赏雪当天下午16点20左右，男子在电话中还跟老婆说自己正在下山，会赶回家吃晚饭，但随后便失去了联系搜救第七 ...全文	未
搜救第七天安吉看雪失联驴友疑似遗体被发现12月8日，浙江北部地区迎来大雪。杭州临安两名驴友（一位为67岁男性，一位为53岁的女性）结伴从安吉山川乡续目自然村进山，往赤豆洋方向行走赏雪。当天下午16点20左右，男子在电话中还跟老婆说自己正在下山，会赶回家吃晚饭，但随后便失去了联系。搜救第七天，也就是今天上午（12月15日）10点多，救援人员找到一具疑似女性失联者遇难尸体，目前等待警方确认。找到遗体的位置在溯溪井空里附近。11点30，继女性驴友被发现后，在附近位置，疑似男性驴友遗体也被救援队员发现。安吉	未
搜灿烈看到很多去妈妈店的后记 这几年因为妈妈和cy之间拉近的距离也是额外的了 和他有关的任何事情都要珍惜呀 没有理所当然的存在	未
搜索外星文明研究所：“首个星际访客”未被探测到人工信号	未
搜索“蠢货”却出现特朗普 谷歌CEO这样解释(图)	未
搞不懂为什么点赞这么少，那今天晚上我发文章之前还没有满，就这样写首标次标吧首标xxxxxx，关注区间6.66-7.77，跌破5.55止损，8.88附近止盈，逻辑面，技术面	未
搞不清楚是怎么想的[費解][費解][費解]	未
搞个大事！周一见！	未
搞了组亚索的表情包，屏蔽队友 娱乐对手的首选英雄	未
搞事！75个海南自贸区建设项目集中开工，涉及医药交通	未
搞事儿！全国153个区县齐聚临潼，原来是为了这个	未
搞事川普又开炮了	未
搞事情！加气站搬迁新修公园，长江桥头换脸了！	未
搞事情！我竟然被四川成都的鸡迷得神魂颠倒	未
搞事情机动车限行通告发布当天，圣亚也发布了一则通知	未
搞事情？澳前总理陆克文鼓动英国加强在东亚活动	未
搞事情的 那些年你们都听过哪些校园怪谈?	未
搞事情联想Z5s官宣：12月6日发布居中开孔 截胡华为三星	未
搞事锤子畅呼吸加湿器推迟发货，网友：这算不算耍流氓	未
搞事雁岭北路这里发生了什么事竟被固原人围得水泄不通，真相居然是......	未
搞什么扬州的这些火锅店竟然做出这样的事	未
搞啥爱情啊 搞我在这呢拢龙咱不理她们 查看图片 //@錦衣夜行焱十一:搞事业吧，搞啥爱情啊	未
搞嘴又搞手//@电气暂态模拟:第二张我觉得我真的是2013的晗	未
搞垮ofo的罪魁祸首找到了	未
搞大事！17亿，宜宾799要修300亩国际医院！位置就在	未
搞定了。	未
搞定了！最终和代理商要到的价格比这本书的所有市场售价都低，是所有！今天晚上8点发布，要记得定好闹钟抢啊	未
搞定再走，不然以后没有人会怕我们了。对加拿大这种起哄的，就要搞服，清场子，免得和美国单挑时一帮小崽子出来打太平拳。	未
搞定 查看图片	未
搞定横行霸道的苏州富二代，只需三招。	未
搞定薪酬，这12个逻辑才是根本	未
搞“实施教育惩戒”听证会，这样的尝试不嫌多	未
搞工程欠工人的钱，而且家里俩绝症还把钱还了，真的是实在人，那些克扣工程款的人不得好死	未
搞形式走过场！六安部分单位创建工作不到位！	未
搞得像打了大胜仗归来一样！	未
搞快转发收藏2019年部分节假日安排元旦：2018年12月30日至2019年1月1日放假调休，共3天。2018年12月29日（星期六）上班。春节：2月4日至10日放假调休，共7天。2月2日（星期六）2月3日（星期日）上班。清明节：4月5日放假，与周末连休。劳动节：5月1日放假。端午节：6月7日放假，与周末连休。中秋节：9月13日放假，与周末连休。国庆节：10月1日至7日放假调休，共7天。9月29日（星期日）10月12日（星期六）上班。	未
搞怪的不是红绿灯，不是时机，而是我数不清的犹豫	未
搞搞震：农村贫困两兄弟斗穷，争取扶贫物资	未
搞施工必须懂的24项施工技术和不能碰的13项禁令	未
搞权健的时点很巧，正是医保费用不足想各种促使医药降价的时刻。比如带量采购，通过买方优势迫使卖方降价比如收紧医保支付，防止居民用医保卡买洗衣粉肥皂和各种保健品之类。但以上只是政府部门能够控制的医药费用，还有更大的一部分是在民众手中。即，社会医疗总费用  政府手中的医保费 ...全文	未
搞点熊猫的跟他们换行么	未
搞物鬼肇庆一鱼塘边小屋每晚传劲嗨音乐，警方突查当场抓十五人！！	未
搞的跟卖女儿似得	未
搞笑GIF图：神经病真的会传染！这事二汪能证明！	未
搞笑《双胞胎twins》：完蛋，惹错了人！	未
搞笑幽默一只心机喵以双重身份活在两户人家，把两家人蒙在鼓里长达10年。。	未
搞笑幽默你在网吧都遇到过哪些奇葩的人	未
搞笑幽默恐怖屠杀中，这个15岁华裔少年用身体迎上了枪口	未
搞笑漫画  不要在说我没脑子了	未
搞笑！瑜老板京剧版的《丢手绢》太逗了，眼泪都笑出来了	未
搞笑瞬间 佛祖：我去普渡众生了	未
搞笑瞬间 天越来越冷，与君共勉！	未
「搞笑贴」当男人遇到心仪的女孩时，虽然只看了一眼，哈哈心里却走过了一生	未
搞邪了！就发生在黄石，遛狗不牵绳还打人...	未
搬个家简直要人命啊，这些东西	未
搬了！北京多部门已迁入城市副中心行政办公区办公	未
搬出窑洞天地宽	未
搬哪去了那！曾经的城隍庙，充满人间烟火气。炸鹌鹑牛肉锅贴还能吃到吗	未
搬家公司涨价，汽车租赁火了郑州单双号限行对哪些行业有影响郑州限号，港区也限号，我这种双城上班的人早上换乘了三种交通方式，花了两个小时才到单位。昨天刚提好一辆车，要不是限号，真没这计划。最严交规下，这些行业有了大变化，你发现了吗搬家公司涨价，汽车租赁火了郑州单双号限行对哪些行业有影响	未
搬家是都市青年能接触到的最累的事，不接受反驳	未
搬新家 住新房 延安市完成7409户农村危房改造	未
搬新家啦！田东县检察院综合办公楼正式落成搬迁！	未
搬砖工酒驾IS250街道飙车，没想到女服务员竟骑公升大排飙到180！	未
搬砖时困的不行，喝饮料都撑不住，好不容易搬完了躺到床上，突然又不困了，抱着手机刷了一遍又一遍	未
搬空之家是是很累? 不如去旅行放松一下，转发微博，我要加送你500元旅行基金。	未
搬迁，倒闭！汽配城的末日要来了	未
搬迁公告关于我院第三门诊部健康管理中心治未病中心整体搬迁的公告	未
搬迁啦！北京政府至少四部门已正式搬迁至通州	未
搬迁通告！在清港的特别注意！	未
搬运日网对蒋劲夫DV事件的评论，不过我的重点是我国女性在他们眼里这么厉害的吗	未
搭个地铁仿佛下了地下十八层！	未
搭便车腐败:司机“有病”需领导“吃药”	未
搭地铁的时候你靠什么维持平衡	未
搭建防护网络架护航电网安全11月30日，在110千伏草庙变出线基础施工现场，国网盐城市大丰区供电公司人员正在为35千伏南阳线大桥线搭建防护保护架，确保施工期间线路安全可靠运行。	未
搭档孙越再登2019春晚？岳云鹏回应：还在准备中	未
搭设跨越架高空来架线11月23日，@国网高密供电公司 员工对220千伏苓芝变电站送出线路35千伏芝鲁线10号塔至D8间线路进行施工。这次施工线路段跨越G20青银高速公路，工作人员迎着冷风搭设跨越架，高空放紧线导线架设等施工任务。通过搭设跨越架，保障了线上施工安全和线下高速公路交通畅通。	未
搭车阿里神山圣湖，你永远不知下一刻会遇见谁	未
搭飞机去大连，明天签售候机室听到妖妃姐妹的对话有一句是：嚯 看不出你 心胸狭窄管得倒是挺宽	未
搭飞机背囊放行李架，一觉醒来钱飞了	未
搭高铁跑错一个火车站！！南站的车，我跑到了北站！！还好提前出门，准点赶上了高铁！好险啊！！！坐高铁的时候最爱吃橘子了！长沙！我来啦！	未
携公款潜逃二十余年 北京一经理获刑六年半	未
携号转网5省市上线，但想用上可能要等到2020年经过漫长的等待，携号转网终于有了新的进展。工信部近日表示，从12月1日起，在天津湖北云南江西海南 5 个试点省市正式启用新的携号转网流程。满足携转资格的用户，只需要发短信申请，再到携入的运营商办理即可，如果流程顺利，全程仅需一小时。不过，用户完成携号转网的流程得到了一定的优化，但门槛依然在，（大部分用户）真想顺利地完成携号转网，可能还真要等到 Deadline 2020 年了。携号转网5省市上线，但想用上可能要等到2020年	未
携号转网5省市上线，但想用上可能要等到2020年首批只有天津湖北云南江西海南5 个省市若是合约机或签订了有期限的合约套餐，合约结束才可办理。用户携号转网整套流程的难度，堪比退ofo 押金，虽然如今流程优化了，但大部分用户想携号转网，可能真要等到2020 年的Deadline了 携号转网5省市上线，但想用上可能要等到2020年	未
携号转网你的手机号自由了，不换号码也能换运营商	未
携号转网全国即将推行！网友：移动，再见了！	未
携号转网，坐在家完成！明起，还有这些新规赶紧看	未
携号转网太麻烦12月1日起，这个省网上就能办	未
携号转网已正式开放，你的手机不换号也能换运营商啦！	未
携号转网已正式开放，你的手机不换号也能换运营商啦！可惜贵州还没有	未
“携号转网”或能倒逼运营商提速降费	未
携号转网或遇烦心事：全国统一资费8元保号异网漫游才是正道	未
携号转网新流程：12月1日执行 发短信即可办理	未
携号转网新流程！12月1日起，这个省直接在网上办	未
携号转网新流程本月试点 江苏地区用户还要再等等	未
携号转网新流程来了，但进展依然缓慢	未
“携号转网”本月起试点落地	未
携号转网来了，你的话费真的会降吗？	未
携号转网正式启用，手机用户不换号可直接更换运营商	未
携号转网正式开放，一条短信搞定移动：我看不懂你在说什么	未
携号转网的技术难度浅析	未
携号转网要来了，但是有四个条件，你达标了吗	未
携号转网试运行，2020年推广到全国！四川人先了解下流程	未
携大量现金外出 8旬老太迷了路	未
携妻子出席变装派对 甄子丹粘假胡子撞脸梁家辉	未
携家属给大家拜个早年	未
携手政府介入招商贷，怀大局负责任定风波	未
携程 x luckin coffee  请假理由无限公司那些年你请不了年假，这家店的一杯咖啡就可以帮你解决当面提出你的请假要求，T恤手机支架手提袋等更多请假神器等你来打卡如果还不够，也可以去携程线上请假公司再过个瘾！我想请假去旅行说走就走[带着微博去旅行]地址：上海漕河泾新业园W16地面广场 12月6-7日 10:00-19:00[带着微博去旅行]地址：北京望京soho中心广场 12月10-11日 10:00-19:00	未
携程亲子园虐童案8人获刑，可留给孩子的伤害依然存在	未
携程员工自爆与高管婚外恋：多在停车场发生亲密关系，双方均已婚年底不知道是KPI不够高，还是互联网寒冬不够冷，果然什么都挡不住两颗炽热的心（身）交融是吗！精彩推荐	未
携程：海啸发生地距巴厘岛约千公里，暂未发现中国游客在灾区	未
携程虐童案判了，这把芥末呛醒了什么有效的法律制裁前置的幼童保护完善的教育管理成熟的社会理念，这些都应该为祖国花朵的健康成长撑起一片蓝天幼童无辜，别让儿童是祖国的花朵成为一种浪漫的想象 携程虐童案判了，这把芥末呛醒了什么	未
携程虐童案宣判：让虐童获罪成为常识	未
携程虐童案宣判：让虐童获罪成为常识丨新京报社论	未
携程金融：90后热衷于先出行后付款的旅行消费	未
携程高调进军短视频领域，它的竞争对手要变成抖音、小红书？	未
携肉旅行记：数千公里往返只为给多肉一个展示的舞台！	未
摄影 你的邻家小妹妹@古巴怡_81	未
摄影：安东内拉出境：蒂亚戈地点：家这个宝贝长大啦梅西	未
摄影，将被人工智能取代	未
摄影师0分	未
摄影师D.arkhipov镜头下的棕熊一家 给你个眼神你自己体会	未
摄影师 Dunja Djudjic 发现三星马来西亚官网把自己的单反相机自拍照片处理成了 Galaxy A8 Star 手机人像功能的展示图。目前还不确定三星是否购买了这张照片的使用权。	未
摄影师Dunja Djudjic发现自己售出了在EyeEm图库上的第一张照片，还是一张自拍出于好奇，她找了一下这张照片被用在了哪里结果这张照片出现在三星马来西亚的Galaxy A8 Star产品页面，还p了一个背景用来对比展示人像模式功能摄影师哭笑不得，并表示三星随手p了她的皮肤和发色让她不太满意目前这 ...全文	未
摄影师Erez Marom花了两周时间在基拉韦厄火山周围转悠，为的就是拍摄熔岩入海的场景，大家看到的这些照片，有从船上拍的，直升机上拍的，还有无人机拍的，因为离熔岩流太近，他的无人机也险些回不来。火龙没有果 网页链接	未
摄影师 Paul Mougeot 镜头下的哈瓦那街头。	未
摄影师偷爬金字塔拍“色情视频”	未
摄影师拍到一只大猫在喝水，可下一秒的画面让人哭笑不得...	未
摄影师拍摄残障宝宝 生命平等有若珍宝	未
摄影师的工具箱小九摄影自立店	未
摄影师的水平真烂，俺是那么高大威武，拍成这样了。//@前海开源杨德龙:回复@云天回响2:价值投资者永远是少数派//@云天回响2:看来价值投资者在v里也不多，不过正因为少才弥足珍贵//@前海开源杨德龙:	未
摄影师 这种天气这么穿会不会冷！	未
摄影模特后期都是大佬	未
摄影点评（耶稣光下秃海面，强光姑娘大黑脸。姑娘闪躲你别拍，一条小路人太远。去吧！熊猫！）	未
摄影：百年滇越铁路火车没有汽车快火车不通国内通国外，所谓云南十八怪中有两怪就是铁路1910年通车的滇越铁路以30公里的缓慢时速促进了云南的对外开放过去客车还在运行时，一站一集市，逢站必乡街，成群的活鸡成捆的甘蔗，成箩的大米菠萝，还有刚从树上砍下的香蕉，塞满了 ...全文	未
摄魂咒	未
摄魂相机	未
摆2020参选架势?吴敦义朱立伦＂动作频频＂引关注	未
摆2020参选架势？吴敦义朱立伦“动作频频”引关注	未
摆个小心心给你biubiiubiu	未
摆个无事酒，也敢收礼！	未
摆婚宴女方家要再加5桌 准新郎怒而抢走准新娘戒指：不行就离！13日，辽宁本溪街头，民警听到有人大叫：有人抢戒指啦！遂迅速将一名正在狂奔的男青年按倒在地，怎知之前呼叫的女青年却请民警放人，说是她老公。原来，两人即将举行婚礼，可是女方突然又提出要再加5桌酒席。准新郎不同意，称：这个钱不应该我家出啊！两人就吵了起来，准新郎一气之下，撸下准新娘手上的订婚戒指，扔下了一句不行就离，转身就跑（via.辽沈晚报）	未
摆拍//@吃瓜群众CJ://@Tiger公子:	未
摆拍四大天王这是出现的第几个热搜了就为了证明其中一位女士的照片不是真的吗拉下水的人可真够多的。不说太多了，就祝那些调侃间传谣的人，每传谣一字，自己就被别人无依据诋毁多少字吧。(_)。先别激动阿，你既然有信心传，就不觉得自己传的是谣呗。激动啥怕啥呢	未
摆桌签不算啥，往往是你已经按某领导的要求摆好了，来了另一个领导，要求会场包括桌椅桌签按另一套重新摆//@八大山债人: 讲真，主席说孔子的吃人礼教。。。从这文里看各种会议接人的礼教，是真吃人。。。已经远远超出合理的礼仪了。。。	未
摆渡人	未
摆白老人免费乘坐公交卡将被取消云阳人，你怎么看	未
摆脱一切纠缠，跑到一个没有任何熟人的地方去	未
摆脱诱惑的唯一方法就是向它屈服王尔德	未
摆脱贫困，向上流动，打破阶级壁垒有多难很难，因为它压根不是一件光靠个人努力就一定能做到的事。只要努力，就一定能成功，穷人之所以穷，是因为他们不努力，这两句话都是自欺欺人的社会达尔文谎言。柴柴上周末去贵州的一个村里，给留守儿童讲了一堂课。这个村子位于黔西南地区，从贵阳出 ...全文	未
摇40秒！ 07：57西部海域规模6.1地震中南部最大震度3级根据气象局地震报告，今天（27日）上午7时57分发生芮氏规模6.1有感地震，震央位于西部海域，地震深度20.5公里，属于极浅层地震，包括澎湖县金门县台南市云林县嘉义县市彰化县最大震度3级。有南部民众惊呼「感受40秒的摇晃」。稍早8时15分又发生规模4.7地震，震央位于西部海域，地震深度18公里，澎湖县最大震度1级。 台湾海峡6.2级地震	未
摇就完事了//@嫑搞事:文化输出了//@歪果热门视频:看脸	未
摇就完事儿了	未
摇红包也要有仪式感@我是李雪琴啊	未
摇身一变，变推土机	未
摊一张饼，裹众人腹  深夜电台	未
摊上事儿了	未
摊上事儿了！肃宁麦田里惊现半条戴着跟踪器的鹤腿...	未
摊上大事了！男子携带近2000发铅弹欲闯关被深圳海关当场截获！	未
摊上这样的父母，果然是亲生的	未
摊位号出来啦day1我在N3437，day2我在C62（黑月专区连摊），现场请不要拍照[星星]day2两边摊位都可以买到立牌的，但我人就只在黑月区那边了	未
摊位号都出来了！这次cp两天的无料种类有点多怕大家搞错就做了小tips！需要找我或者找无料的小伙伴可以看一下！不清楚的评论再问哈	未
摊位名：传火祭祀厂	未
摊宣出来了，cp两天都在。可以来找我领签绘（请先消费）//@一凡ichibon:我在这个摊位哦(  )来找我玩！	未
摊着捞一发	未
//@摊碳一氧化碳: //@TUOR线稿:所以我看复三的时候跟本没哭（//@衩裹 ://@雪楼三饮 : 奔丧营销一把	未
摔伤擦伤后，家里的消毒药水要怎么选一文读懂！！！	未
摔跤吧爸爸	未
摘帽关口 *ST蓝科控股股东拟变更	未
摘录 在@林竹萧萧 的新书《医路如荷》里看到这段，还挺感慨的有时规则定得太严格了，反而耽误事。可是如果平时没有严格的规则，却又会出很多事。人类认知的缺陷就体现在：当一道防火墙在极端事件中反而害死了无辜路人时，很少有人能想到这道防火墙之前曾经成功地防止了多少次火灾的发生，因为没有 ...全文	未
摘星者小刘，出发	未
摘牌股观察	未
摘蔬果住酒店泡温泉，两天一夜只需478元！	未
摘见哦。//@花栗鼠Toby:你咋这样	未
《摘金奇缘》与海外华裔的身份焦虑：有钱成为民族身份新标签	未
《摘金奇缘》亚裔只是包装，仍是好莱坞老配方	未
《摘金奇缘》甜蜜挡不住 观众随主演“陷入爱情”	未
《摘金奇缘》：看懂这场戏，就是“自己人”	未
《摘金奇缘》票房惨败，片中隐形消费看懂了吗	未
摧毁一个成年人有多容易我怎么敢倒下，我身后空无一人情感	未
摧毁一个普通人有多简单	未
摧毁的何止是五里河体育场体育V势力	未
摩尔多瓦旋风，席卷大江南北	未
摩尔庄园彻底关闭了，又一个游戏成为童年回忆()大家有玩过嘛	未
摩尔庄园彻底关闭了，发布了正式下线公告还记得这款游戏吗，童年回忆	未
摩托一声响，就变炸街党	未
摩托佬活腻了，竟把车开到地府	未
摩托侧翻，熊熊大火！	未
摩托古兹翻身之作 横置V2加单摇臂	未
摩托司机暴力抗法挥拳捶打交警 甚至还拔出一把刀	未
摩托家门口被盗 监控记录全过程	未
摩托撞行人两人死亡 交警恰巧巡逻经过　追车是误传	未
