昨天食药监刚曝光了一家金牌烤场。	未
昨天食药监刚曝光了一家金牌烤场//@长春视觉: 这明显是在给食药监上眼药。	未
昨天，香河两万多人都在看这个视频，你看了吗	未
昨天驻马店大雾弥漫，记者街头采访一位大爷，他竟然这样说...	未
昨天黑色今天白色 能和拢龙死的只有他自己 查看图片 //@錦衣夜行焱十一:拢龙！！！！！！1朱一龙好帅！！！！！！！	未
昨天齐齐哈尔1路虎跟人力三轮撞一起了	未
昨日243号令，45份文件被修订------	未
昨日一男子翻到纪念碑台上照相，逛威信纪念碑的游客，请注意你的素质！	未
昨日，云县退役军人事务局成立	未
昨日，云峰乡马梨村一村民家中突发大火，一位名叫杨雪的小学生第一时间拔打了119火警电话	未
昨日，凉山州委发出会理县委书记李怀良的免职通知......	未
昨日凌晨潮阳有人坠河，消防员火速到场救援！	未
昨日初雪 今日寄情  裹成粽子来交院看雪！	未
昨日午后爆发的创投，今天再度领跌，5G又一次开始领涨，结构上暴涨暴跌中完成一轮轮的洗劫，对大家来说，还是耐心低吸高抛，其实热点就在这么几个热点里来回折腾而已。辉声辉色论涨停	未
昨日南充一男子在商场内对女营业员又打又骂(视频)	未
昨日，博兴体育广场出现60余人做这件事	未
昨日，古县交警依托辛庄村农村劝导站  预热122交通安全	未
昨日召开的全市供热推进会强调些什么	未
昨日后续	未
昨日大跌后 14日盘初债市有所企稳	未
昨日大风德惠九道街墙皮脱落，一路人被砸！(视频)	未
昨日天下足球催人泪下片段1：2018足球记忆别离（C罗离别皇马，布冯与尤文再见）	未
昨日客流269.02万乘次。	未
昨日客流 284.97万乘次	未
昨日客流 288.77万乘次	未
昨日客流 290.43万乘次。	未
昨日客流 294.89万乘次。	未
昨日客流 307.14万乘次。	未
昨日客流 315.06万乘次。	未
昨日客流 337.08万乘次	未
昨日客流 339.01万乘次	未
昨日客流 341.78万乘次	未
昨日客流 343.4万乘次	未
昨日客流 343.84万乘次	未
昨日客流 344.18万乘次	未
昨日客流 345.33万乘次	未
昨日客流 348.59万乘次	未
昨日客流 348.92万乘次	未
昨日客流 349.43万乘次	未
昨日客流 352.13万乘次	未
昨日客流 380.57万乘次	未
昨日客流 386.82万乘次	未
昨日客流 387.09万乘次	未
昨日客流 393.29万乘次	未
昨日客流 397.54万乘次	未
昨日，张掖突遭大风沙尘侵袭，风沙遮天蔽日！（视频图片）	未
昨日德惠某小区，有人故意扔真钱！没人捡(视频)	未
昨日总结 181215未达标不需要在此条微博下打卡！去原微博打卡目标打卡1500 实际打卡909微博正文查看举报情况：微博社区管理中心	未
昨日总结未达标不需要在此条微博下打卡！去原微博打卡1.0 目标打卡1500 实际打卡10641.0 网页链接2.0 目标打卡1500 实际打卡9752.0 网页链接3.0 目标打卡1500 实际打卡8023.0 网页链接查看举报情况：微博社区管理中心	未
昨日总结未达标不需要在此条微博下打卡！去原微博打卡1.0 目标打卡1500 实际打卡12871.0 网页链接2.0 目标打卡1500 实际打卡10012.0 网页链接3.0 目标打卡1500 实际打卡12053.0 网页链接查看举报情况：微博社区管理中心	未
昨日总结未达标不需要在此条微博下打卡！去原微博打卡1.0 目标打卡1500 实际打卡8691.0微博正文查看举报情况：微博社区管理中心 [/cp]	未
昨日总结部分未达标不需要在此条微博下打卡！去原微博打卡13.0 目标打卡1500 实际打卡142113.0微博正文14.0 目标打卡1500 实际打卡113614.0微博正文查看举报情况：微博社区管理中心	未
昨日，我市两家警保联动车管服务站挂牌，6项车管业务就近办	未
昨日我市新组建2家单位挂牌成立，机构改革过渡期行政职责咋履行	未
昨日，房县军店镇七十岁老人上午去镇卫生院看病，由于突降大雨，老人忘记回家的路，在一岔路口迷路。群众帮助报警后，军店派出所及时联系上老人所在村村干部，确定老人住所后，一起将老人送回半山腰的家中。警方提醒:房县近期连续降雨，家有老人的请尽量不要单独出门，防止意外发生。	未
昨日打卡，埭头天云洞掠影。	未
昨日新宁公安出动600多警力，只为这件事情	未
昨日，日产未能提名董事长接替戈恩	未
昨日易纲行长的讲话是蛮重要的，他已经明确了，国内经济下行，货币政策肯定是宽松的，但是宽松力度，需要看外部均衡。所谓人民币汇率问题，核心其实是美联储加息问题，下周四晚上美联储的新闻发布会很重要，按照最近鲍威尔的言论，逻辑上，下周四美联储引导的可能是2019年3月份不加息的预期	未
昨日有一位网友在推特上评论威金斯说：森林狼应该用你去交易一大袋土豆。威金斯回复道：嗯，你妈妈应该把他们全部吞下。	未
昨日，枫山路段又出一场车祸！	未
昨日，横县长安大道和堂村路口发生事故车头损坏	未
昨日，泉州交警开展电动车专项整治，严查电动车.......百日安全行动	未
昨日泾阳县城，今日泾河新城！	未
昨日@混沌与概率1997 安利最多的就是白酒，狂洗脑。	未
昨日清河初雪刷屏朋友圈！清河气象局开展人工增雪作业，发射火箭弹6枚！	未
昨日灵宝购丰广场有一位小男孩路边哭泣，疑似走失！	未
昨日热卖捞捞（链接在原博平论）	未
昨日热卖来捞捞（链接在原博平论）	未
昨日热卖来捞（链接在原博平论）	未
昨日的你（摆渡）脚踩几只船，玩弄感情好在我（ET）醒悟的早，看清了你莫要偷笑，出来混迟早要还的你欠下的债，坑过的人终有一天会锤死你。。。	未
昨日突发！苏通大桥一辆大巴车侧翻！榔头敲碎玻璃营救乘客！附视频	未
昨日羊角辫女孩今天就全套汉服妆造啦离开西园寺现在转战拙政园一路上遇到很多很有意思的人，现在银杏开的真好呀 苏州	未
昨日，荆门道路晚高峰，他们闯红灯的样子真帅！	未
昨日，蜀黍在护航浦口经济开发区迎新欢乐跑时，发现了一名缺氧抽筋晕倒的女子。随后蜀黍一边现场 进行救助，一边联系专业救援队前来帮忙。警方提醒：冬季跑步一定要做好充分的热身，从轻微逐渐加 大，到全身有微热微汗并有轻快灵活的感觉后，方可全力投入运动。	未
昨日，蜀黍在护航浦口经济开发区迎新欢乐跑时，发现了一名缺氧抽筋晕倒的女子随后蜀黍一边现场 进行救助，一边联系专业救援队前来帮忙警方提醒：冬季跑步一定要做好充分的热身，从轻微逐渐加 大，到全身有微热微汗并有轻快灵活的感觉后，方可全力投入运动	未
昨日训练组图1 。	未
昨日训练组图2。	未
昨日达钢厂附近有一男子溺水，消防和蓝天救援队赶到现场救援！	未
昨日  这一个百亿项目正式在秀山开工！	未
昨日，远安县以乡镇组织无偿献血活动，70多人参加！	未
昨日醉酒后还刷了会儿知乎 点开一看 这	未
昨日长沙大火，网友远处拍到的浓烟！	未
昨日，阳春一银行被小朋友挤爆，究竟咩情况	未
昨日，阳春公安红十字会等大批人员进这间学校，到底咩情况	未
昨日阿里山隙頂石棹	未
昨日陈羽凡未到社区报到 戒毒决定书：15日内报到针对陈羽凡未如期于12月17日到社区戒毒报到的消息，@新京报 多方求证获悉，陈羽凡昨日确实未到六里屯北里社区居委会报到但按照石景山警方作出的社区戒毒决定书，陈羽凡应在收到决定书15日内到社区戒毒执行地报到，否则视为拒绝社区戒毒	未
昨日陈羽凡未到社区报到 戒毒决定书：15日内报到针对陈羽凡未如期于12月17日到社区戒毒报到的消息，@新京报 多方求证获悉，陈羽凡昨日确实未到六里屯北里社区居委会报到。但按石景山警方16日作出的社区戒毒决定书，陈羽凡应在收到决定书15日内到社区戒毒执行地报到，否则视为拒绝社区戒毒。	未
昨日陈羽凡未到社区报到 戒毒决定书：15日内报到针对陈羽凡未如期于12月17日到社区戒毒报到的消息，@新京报 多方求证获悉，陈羽凡昨日确实未到六里屯北里社区居委会报到。但按石景山警方16日作出的社区戒毒决定书，陈羽凡应在收到决定书15日内到社区戒毒执行地报到，否则视为拒绝社区戒毒。  ...全文	未
昨日陈羽凡未到社区报到 戒毒决定书：15日内报到针对陈羽凡未如期于12月17日到社区戒毒报到的消息，@新京报 多方求证获悉，陈羽凡昨日确实未到六里屯北里社区居委会报到。但按石景山警方16日作出的社区戒毒决定书，陈羽凡应在收到决定书15日内到社区戒毒执行地报到，否则视为拒绝社区戒毒。 （法制网）	未
昨日陈羽凡还没到社区报到 戒毒决定书：15日内报到针对陈羽凡未如期于12月17日到社区戒毒报到的消息，记者今日多方求证获悉，陈羽凡昨日确实未到六里屯北里社区居委会报到陈羽凡从11月27日到12月16日共被拘留19天，其中因吸毒治安拘留5天，因持有毒品治安拘留14天按照石景山警方12月16日 ...全文	未
昨早台湾海峡发生6.2级地震，然后闽南语版《地震歌》出来了	未
昨早梅家塘大桥头四车爆菊花，现场猥琐不堪入目 大蕲头条	未
昨晚102线饮马河桥附近， 老人当场死亡 (视频)	未
昨晚11点，云南热门景点雨崩村发生火灾。雨崩上村过火面积较大，目前无人员伤亡的消息。近年来各地热门景点周边的旅游村，都面临类似的矛盾。一方面游客爆发增长对接待能力需求不断提升另一方面客栈/民宿的用地受自然村规模的限制，房屋密度大，消防隐患较为严重。	未
昨晚207国道大塞车，从六运高速路口塞到城南转盘，到处都是车！	未
昨晚，70周年纪念钞很难约！最快3分钟就没了！你约到没一起来吐槽吧！	未
昨晚7：30饭店发生的 陵川人都看看！	未
昨晚8点饭店拍的，沈丘人都看看！	未
昨晚一人酒后和出租车司机发生争执，还袭警！	未
昨晚，一辆大客车在苏通大桥上翻车！4名乘坐人员受伤无生命危险！	未
昨晚，三亚飞南京的某航班飞机出现货舱烟雾告警信息备降广州，安全降落...	未
昨晚上7：35饭店发生的，大家都看看！	未
昨晚上7：35饭店发生的 林州人都看看！	未
昨晚上7：35饭店发生的 灵石人都看看！	未
昨晚东海这里的雪下的最大，下周还有大雪	未
昨晚东风路突发！车翻，轮飞，人强爬出(视频)	未
昨晚，临潼，阎良，高陵，蓝田整个西安都在看这个争论很大的视频！	未
昨晚，临猗交警在王村南口丰喜大道嶷山路...	未
昨晚，事发平邑庞居庄，多辆车惨遭毒手！	未
昨晚五里桥发生车祸，女司机受惊瘫坐在地上久久不起.....	未
昨晚住朋友家里，本来是想着好不容易聚一下第二天吃个早茶的，没想到大家早上都起不来	未
昨晚你可能错过	未
昨晚你错过了哪些大事	未
昨晚停电，是冲的钱用完了，今早收到短信，你的卡余额不足要着停电，我寻思国网的系统是不是设置了一个免打扰逻辑，晚上不发短信，实际上很多人晚上都是用电高峰，既然这样应该有一个信用机制比如一旦用电超了，应该给平时充钱信用好的一些超支的额度，类似移动就是，允许你多年用户超支一百多块不给你马上停机，我觉得这是个逻辑设计的问题，现在也没人想欠费，或者再不济设置一个类似自动续费的功能也好啊	未
昨晚，公主岭东立交桥附近待拆平房区起火，现场火光冲天！	未
昨晚，六安市问政一把手！看着汗直淌......	未
昨晚关西机场下飞机，取行李出关大概25分钟左右（淡季，旺季时间会有不同）。沿着指示牌去搭乘Haruka快车前往京都。卖ICOCAHaruka套票的地方有能说中英文的工作人员，但排队的人不少。如果没带孩子，我就耐心排队等了，但我闺女这家伙坐了三小时飞机没睡午觉，这时有些烦躁。于是我没买ICOCA（相当于储值的IC乘车卡），而是直接去外面大厅的自动售票机买了Haruka的车票。售票机买票流程参见 网页链接（这里借用他的一张图，侵删。卖ICOCAHARUKA套票的地方在右边红圈处，卖HARUKA车票	未
昨晚，冯潇霆的大连公益足球赛（图据网友）大连爆料 大连身边事	未
昨晚刚出炉的神器就摆几十万还被下单了	未
昨晚，利川腾龙大桥附近，驾驶人，你经历了什么	未
昨晚到现在大概睡了14个小时这个礼拜直接忙晕了很多事情堆在一起，凌晨睡，早晨又早起然后还出差下周也很忙，下下周也忙，之后的每一周都忙我和阿天已经在算春节能不能休息了不过估计应该是不能	未
昨晚！北海一连发生3起车祸！	未
昨晚！北海三起交通事故多人受伤！其中一单酒驾逃逸	未
昨晚北环路三辆车相撞，现场一片狼藉....	未
昨晚 ()华大学 车祸现场	未
昨晚，南京一通信广场发生火灾，点火的竟然是“熊孩子”	未
昨晚，南宁柳州桂林...很多广西人都在看这个视频！	未
昨晚，南池水井街大变样！	未
昨晚，又一命案逃犯在舟山落网！酒后失手杀人，潜逃14年	未
昨晚发布会中奖名单在此，会有专人给大家短信或者电话沟通，不要以为是骗子哈今晚，大家关心的所有问题都会有详细的文字说明哈中奖的来点个赞，另外，小台灯的奖品也在加工中了，稍安勿躁	未
昨晚，发生在西平客运站附近一幕...	未
昨晚发生在高柏的一件事....	未
昨晚，台城东门市场附近，一辆小车侧翻！！！	未
昨晚吃鸡，组了两个个小学生，叽叽喳喳的，还想拉我一起跳，想着十几把落地成盒了，实在不想被小学生坑了，打开语音，咳嗽了一声准备拒绝，还没说话呢，一个小鬼哀叹道，3号是个女的，听声音还是个阿姨，肯定是个坑货，不要拉她一起跳了！，我！	未
昨晚， 各村都在传这一家四口...	未
昨晚含山一司机冲卡，撞倒执勤交警！	未
昨晚启东再上央视！这次是近40分钟的记录，讲透了启东的过去和现在	未
昨晚吴迪刚直播，夏天过去刷涂鸦Sb和弟弟，非常没有素质，夏天之前跟仙洋也发生过争吵，现在不知道还在不在仙家了。	未
昨晚和500个趁早星人合影后快10点，就和趁早团队和各趁早会长去聚餐啦。聚餐中我看到微博发现大家对卡顿很生气，就删除了观看链接，这样避免更多人进去看更多人生气。确实没有后来在微博说明删除情况，是因为那时我开始频频举杯喝起来了。然后回家立即睡去。大概这个情况。	未
昨晚咱们小区一对情侣吵架，女的把人家小伙子推湖里了	未
昨晚喝酒大了。早上起床门口换鞋时，发现我磨砂的皮鞋被上了棕色鞋油，这让我怎么穿！中午问老爸。他回答：我看你的鞋都磨的变样子了，你都懒得上鞋油，我帮你上的。	未
昨晚嘉兴YINTAI PLACE只出不进，连走7家餐厅都没吃到饭！保安直呼：明天再来吧	未
昨晚！嘉兴疯狂司机，撞飞2车在沙县店门口翻车女司机顶包	未
昨晚圣西罗球场之外的一个货摊	未
昨晚在婆城公园的这个女孩，有位威远小伙想对你说...	未
昨晚，在新会睦洲一架小车不慎坠河，车上还有一名婴儿.....	未
昨晚在编辑部值班，看到@刘闻超是三票粉 对上港集团董事长陈戌源的专访稿件，其中谈到了上海德比以及同城的对手上海申花，包括也谈到了他和绿地集团董事长张玉良之间的交流内容。下面摘录出来的这几段，也是本篇专访中的几个亮点。	未
昨晚在这个餐馆吃饭，坐落点菜后发现里面提供的啤酒种类太少（gui），于是我就问：能不能我自己带哪里料到服务员居然同意了然后我就打开盒马，买了八瓶青岛奥古特没想到，真没想到	未
昨晚，多少人睡不着，他们都在看这个视频！	未
昨晚，大同多少人睡不着，在看这个视频！	未
昨晚大城街头出现这么多警车，你看到了吗	未
昨晚，大家的朋友圈被这个东西刷屏了！不就是个QQ秀么	未
昨晚大家都在刷屏转发徐锦江版的圣诞老人，难怪今天股市大跌	未
昨晚大锅野！云浮河口发生惨烈车祸，小车直铲撞圆墩，一人当场...	未
昨晚，太原飞青岛，飞机晚点，十一点半才落地然后，驱车临沂，又遇大雾，高速关了，只好走国道省道，凌晨三点过才到了，洗洗睡，吩咐酒店，八点半叫早七点半，自个准时醒了，当兵后遗症，一辈子不懒觉，一辈子不赖床，噫，穷命苦命忙命亡命也瞄一眼窗外，这就是传说中的临沂呀早 ...全文	未
昨晚 太平勒竹桥一摩托车铲入班车 底	未
昨晚，央视再次报道陕北民营企业家赵发琦事件..	未
昨晚，娄底益阳邵阳...全湖南都在看这呷农/药的堂客	未
昨晚，宁乡一辆越野车追尾挂车，车头扎进挂车尾部，消防紧急救援。	未
昨晚安鹿村发生的！四车连撞，交通大堵塞现场曝光！	未
昨晚，宣化多部门联合夜间突击！重点查处	未
昨晚，山西多人都睡不着，就因为这个视频！	未
昨晚，山西的这个村子上了央视《新闻联播》	未
昨晚平乐油茶街一餐馆的电线突起火，场面吓人，食客疯狂跑出	未
昨晚，广厦在主场以103比106不敌来访的南京同曦，爆出了本轮CBA最大的冷门。同曦主控冯欣赛后说道：福特森给他投都不敢投！同曦主控：福特森给他投都不敢投！破不了联防	未
昨晚，广州这一幕火了！今天的头条只留给他	未
昨晚庄河抢着下了第一场雪	未
昨晚，康乐县又上甘肃新闻了	未
昨晚，开州县里镇里村里都在看这个视频！太现实了！	未
昨晚，弋阳公安出动200余警力！清查宾馆等12家，审查25人	未
昨晚御龙庄园边上一辆轿车撞在路灯杆上导致起火，内附现场	未
昨晚微信大改版， 你更新了吗	未
昨晚，怀孕7个月的孕妇坠入窨井！大人宝宝都没救回	未
昨晚，惠来微信群，传的这个视频，令人深思	未
昨晚，成都一网友家小区抓到一名小偷，然后发现小偷身上的一本小笔记这年头干啥都得有计划，有总结	未
昨晚我和姐妹在公交站附近打车回家，不知道为啥那块特别难打车，车站好多在等网约车的人，来一个车大家都在看车牌号。我看到我的车过来了，就和姐妹说我走了！你到家跟我说一声！结果车就从我眼前过去了！开的还有点点快，我小跑过去，师傅估计也没有看后视镜，让我跟在后面从车站这头跑到车站那头那块站着蹲着等车的人全都看我追车，一边追一边喊，师傅我在这儿呢！师傅一直开过所有人，我终于跑到了副驾驶那块，拍着玻璃说，师傅！我在这儿啊！！！口气可能有点凄楚，直到今天打车我仿佛还能听见路边蹲着等车的姑娘们的笑声	未
昨晚我妈跟我说，老家有一帮没有外出打工的年轻人窝在家中网上挣钱，挣了好多好多钱，在市里，省城都买了房，老家农村的房子盖得跟别墅一样，至于他们做什么，我妈也说不清楚，就一直说是在网上挣钱，昨晚我想了一晚上也不知道网上什么营生如此挣钱，传销赌博水军卖茶女老铁们，你们知道么	未
昨晚打麻将了所以没咋发微博今天晚上八点有个广子我再眯一会小困爬起来回了几个信息和你们说句话溜溜球	未
昨晚！扬州一家三口共骑电动车出车祸，现场满地是血...	未
昨晚揭阳交警在八号街北河大桥等路段严查交通违法行为	未
昨晚收到一位小伙伴的私信，瑞瑞我该怎么帮助你们	未
昨晚，整个建湖群里都在发这个视频，看哭了！	未
昨晚新闻联播，日照这位企业家频现！与习大大同框！	未
昨晚易县朋友圈传县医院拾得一遗弃女婴，这条消息你传了吗	未
昨晚是我最晚睡得一天 一点多了才睡现在眼皮在打架今晚必须恢复八点半睡	未
昨晚普宁交警开展行动重拳整治普宁广场片区交通秩序	未
昨晚有人说我戾气重，太刚，要学会站在事情的对立面看向题，是啊，站在施害者的立场和受害者的立场能一样吗?中国这个社会太捧明星，以致有些人自己做人小妈不够，还以为全社会皆他妈。没有社会责任感的人，就不配拥有过多的社会资源，你享受多少权利应该和你的责任相匹配。	未
昨晚有人路过说蜀黍用的是医疗箱！你们刺（吃）激（鸡）战场玩多了是不是！	未
昨晚，朋友圈刷屏的晚霞，你看了吗	未
昨晚，来安这件事，刷爆朋友圈了，你知道么！	未
昨晚某饭店发生的，沈丘人都看看！	未
昨晚查酒驾：逃跑演戏嚎啕大哭 “醉猫”秒变“戏精”	未
昨晚桂平新世界大厦处究竟发生了什么好端端的一棵树，无故折成两半	未
昨晚榆林发生一起凶杀案！	未
[昨晚]歙县三阳(老竹岭)隧道发生一起车祸(现场视频)	未
昨晚武江桥上一辆轿车被烧，最详细实况视频在此	未
昨晚，毕节全市统一查处酒驾39起  百日安全行动	未
昨晚，毕节查处酒驾39起！今晚，将直播酒驾整治	未
昨晚沙陂雷王庙桥附近发生一起车祸！	未
昨晚没刷到	未
昨晚没睡现在困到窒息赶航班	未
昨晚泗洪一小区电梯困人长达2小时，其中多名学生...	未
昨晚，泾川都在看这个吊树上的女人谁认识	未
昨晚温岭这里20多辆车遭小偷砸车窗行窃！教你几招防被砸	未
昨晚灌涨杨洼附近，两半挂车相撞一人被困！附：停电公告！	未
昨晚，环江大清查行动，出动警力110多人！	未
昨晚，琼海公安联合文昌夜查，6只饮醉酒猫落网	未
昨晚的！coach lights up shanghai dinosaur after party冷是真的冷你们要多注意保暖呀我现在家里是全天暖气都不关的！	未
昨晚的傻逼不是怂包，石锤是个妄想症，前言不搭后语还特么专门注册微博来挨骂，辛苦你了第二段还要单押3，这么牛逼又有想象力怎么不去写词呢没准能混口饭吃	未
昨晚的深夜告解室里氪君问大家:有什么一直想尝试但一直没试过的新东西，博士退学的那位朋友你有点厉害哦	未
昨晚的深夜告解室里氪君问大家:有没有给喜欢用的东西起过名字，氪君记得给自己买的第一台尼康相机起名叫小尼	未
昨晚看完了《秘密森林》，我最不能理解的反而是朴成武的儿子这个角色，当他最后一脸悲摧地跑到狱中去见尹科长，质问他杀了他父亲会不会好过一点的时候，个人觉得有点无语，固然尹科长杀人并不是明智之举，但他的儿子和其他的孩子出车祸死亡，朴成武还要为上面出事的源头从中斡旋，比起尹科长，朴成武经他之手又间接杀死了多少人以及多少人的的人生当然也许从他儿子的角度他是理直气壮的，因为这人杀了他的父亲，但反而言之，他应该替他的父亲向那尹科长的儿子和其他人道歉吗	未
昨晚真的是几家欢喜几家愁啊	未
昨晚睡着了，互动榜也没了，差不多记着的给我留言。	未
昨晚竟然刷着刷着就睡着了	未
昨晚，简阳红建路一辆越野车撞到路边停靠车辆，多辆小车被撞的稀烂	未
昨晚，荆门街头监控抓拍如此一幕，一辆警车疯狂闯红灯，穿梭各路口	未
昨晚藤县又一辆车撞树根四脚朝天	未
昨晚贴错连接 已修正//@FIX字幕侠: 黑色童话更新 S01E06网页链接	未
昨晚跟我朋友十点从健身房回来，那条路有一节的路灯是荧光紫的灯，反正照的整条路风尘气扑面而来我朋友大老远看到一个女的站在紫色灯底下，跟我说大晚上的站马路边一定是站街女结果走近一看是她妈我朋友冲着她妈喊妈，你今天晚上看起来好像被暴打，今天请了病假没去上班	未
昨晚，辽宁都在看这个吊树上的女人谁认识	未
昨晚还做了个吐司南瓜吐司材料：金像高筋面粉300克，鸡蛋45克，糖30克，盐3克，南瓜泥165克（南瓜的含水量不同，按实际情况调整），黄油20克，酵母3克。做法：南瓜蒸熟后用压泥器压成南瓜泥，然后把除黄油外的原料加入厨师机的桶中，开1档搅拌。大约3分钟后成光滑的面团。揉成光滑面团后加入黄油再揉2分钟，换成3档，大约揉15分钟左右，完成揉面，取出揉圆盖上保鲜膜静置30分钟。静置结束排气，分成3个面团，排气揉圆静置15分钟，擀成椭圆形翻面卷起排入吐司模，入温暖湿润处发酵。发酵结束后在面团表面喷上一层牛奶，烤	未
昨晚，这位河北人跪着的样子刷爆朋友圈！	未
昨晚这条都看到了咩！！	未
昨晚，都在看这个吊树上的女人！	未
昨晚，铅山两车迎面相撞	未
昨晚，阜阳一居民区失火！	未
昨晚阿城某饭店疑似起火，现场浓烟滚滚	未
昨晚，雨湖岳塘湘潭韶山湘乡全湘潭都在看这个视频，太现实了	未
昨晚香河下雪啦最低温达......	未
昨晚香河下雪啦速冻模式已开启，最低温达......	未
昨晚！高邮一家三口共骑电动车出车祸，现场满地是血...	未
昨晚龙龙的姐姐到我们这玩，我跟龙龙一起去机场接的。这是第二次见龙龙家属，跟龙龙在一起不久，龙龙就带我见了他的父母。他的母亲知道我是他男票，父亲还以为我是他同学。记得第一次见龙龙父母，超紧张！晚上一家人在饭桌吃饭，龙龙母亲挑了块鱼肉给我，叫我不要客气。我吃到了一根刺。当时晚饭刚开始，桌子很干净，感觉吐在桌上会弄脏，我又不好意思起身找垃圾桶。于是我用尖齿把鱼刺咬细，然后吞了下去。后来发现他们鱼刺就是吐在桌上的不过那次去龙龙家，他的父母对我挺热情的，应该印象不错哈哈。昨晚第一次见到他姐姐，很随和，我也没第	未
昨起，宁启铁路二期南通至启东段开始动态检测	未
昨起开售南京至川渝方向春运车票 瞬间“秒杀”	未
昨铺完沥青今划道路标线 定了！建华路下月初通车	未
昭平人扩散！广西退役军人和其他优抚对象，请快去登记！	未
昭平人注意！你朋友圈晒的自拍照可能被售卖，一套10元起.....	未
昭平人注意年底小偷多，5名外地小混混到昭平偷车，警方13小时破案	未
昭平又有4人因酒驾被曝光！快看有你熟人吗?	未
昭昭前事，惕惕后人 国家公祭日	未
昭昭前事，惕惕后人。愿逝者安息，和平永存！	未
昭通：90后扶贫女干部遗体告别仪式上，亲友落泪（现场）	未
昭通两名村干部违纪被查！	未
昭通人别再吃了，已大量进入市场，快告知家人朋友	未
昭通人注意这8个骗-子，每天都接触，在忙也要看！	未
昭通人还记得吗农村办酒，想当年我们都是这么淳朴！	未
昭通冰糖心苹果一路甜到首都北京，首批25吨已经出发！	未
昭通又开通了一条公交线路（44路）！看看你的家乡有哪些公交经过（附公交路线图）	未
昭通发生这些事你有必要看一下	未
昭通城区要命名一批新建小区街道，现向社会各界征求意见啦！	未
昭通城部分老人饭都不吃只认这种神药，子女们特惆怅！	未
昭通多年前的东西现已价值连城，大多都已经丢失，你家还有吗	未
昭通威信一乡人大副主席被发现死于职工宿舍	未
昭通将正式进入高铁时代，比飞机还快4倍的超级高铁已开始研发！	未
《昭通市城市管理条例》，你知道多少	未
昭通市昭阳区检察院：智慧树幼儿园打人教师被依法逮捕根据昭通市昭阳区检察院微信公众号的消息，昭阳区智慧树幼儿园教师郭某某在上课期间推打学生事件，公安机关侦查后，依法向昭阳区人民检察院提请批准逮捕。经审查，以涉嫌虐待被看护人罪批准逮捕犯罪嫌疑人郭某某。11月29号，一份长达48秒的监控视频曝光，视频显示，在一间有10多名幼儿的室内，一名孩子不停的被人抽打左脸部位，并被推倒在地。同时，旁边一名围观的孩子也被直接拖过来打到在地......昭通市昭阳区检察院：智慧树幼儿园打人教师被依法逮捕	未
昭通市昭阳区用电抄表交费时间调整	未
昭通市纪检监察机关将重拳惩治涉黑涉恶腐败	未
昭通打响脱贫摘帽攻坚战，年内实现贫困村退出295个	未
昭通打黑成果，18个团伙抓270人破案329件冻结400万！	未
昭通执纪零容忍！发现问题263个！包括扶贫领域作风建设涉黑涉恶等方面	未
昭通招93人，全省共招1001人！云南省农村信用社需要你	未
昭通智慧树幼儿园两老师殴打孩子，公安机关已介入调查！	未
昭通有一个村的人与世隔绝，64年不出村子半步	未
昭通沃尔玛地下一层有哪些餐饮以及商业，来告诉你	未
昭通端了18个黑恶团伙 抓获270名犯罪嫌疑人（附庭审视频）	未
昭通网友，听说你对身份证照片不满意，现在可拍4次选1张！	未
昭通菜市场早上发生的一幕！再忙也看看！	未
昭通评论：道声谢谢非小事！	未
昭通这个县明年将搬迁2万多人进城	未
昭通这个娃儿未满14岁，竟还是个惯偷！	未
昭通这些小区和道路要改名了，怎么定由你做主	未
昭通镇雄县人民政府网站（县长信箱）网友求助信息选登.......	未
昭通镇雄龙腾小区男子占车位，实属高端神操作	未
昭通：面包车超员被查 司机要求严惩来警示自己	未
昭通首家快递驿站投入使用	未
昭阳交警组织两客一危驾驶员开展警示教育培训	未
昭阳区智慧树幼儿园教师殴打幼儿，官方发布新闻通报	未
是。	未
是2019年11.30的10点吗	未
是brain//@Cenaparte:真BrianFuck//@谷大白话:图片评论 查看图片	未
是一个偷拍 微博视频	未
是，一晚上就这么过去了。//@liDerty_f:然后成绩很好死了又很不甘心，于是就再来一局	未
是三巨头！	未
是上午十点，不是0点，大家不要记错哦我们0点客服休息的，对不住啊！（刚才又打错字了，对不起！）	未
是不是13号继续0点开始PDD	未
是不是UFO到你家上头了才懂得骂空军在哪//@boss：小小的飞行器就出动千余人，我军空军是不是太脆弱了	未
是不是不久前还出来站台了	未
是不是从今天开始，各队可以开始行动起来了。	未
是不是从来没如此渴望过加时	未
是不是你缺德我 查看图片	未
是不是全国都在雾霾状态	未
是不是冬天的你	未
是不是刚学游泳的你	未
是不是到了恐怖谷效应的界限了	未
是不是到最后，这城市，剩下的只是我一人的兵荒马乱。	未
是不是又有大包了(._.) 大噶愿意扫一下吗撒娇模式 ：on	未
是不是又降温了，太冷了，拿手机的手已经冻木了成都爆料	未
是不是因为90后已经开始上班了	未
是不是地震据说龙泉很多人都感觉到摇晃！浙江多地有震感......	未
是不是坏了@沈阳交通 @辽宁交通	未
是不是差一个人，任正非呢	未
是不是希望有个这样的女票	未
是不是很多人在收拾行李准备去成都了 ，还有已经在深圳了	未
是不是很想要啊	未
是不是想歪了	未
是不是抄的，听一下就有判断了	未
是不是最后几天了回血用	未
是不是有味	未
是不是梦中梦	未
是不是每个人家里都有这样的一条床单	未
是不是每个前男票，在你婚礼上都会有这个表情...	未
是不是没有希望了	未
是不是点多了 宝鸡原来宝鸡	未
是不是现在网约车对他冲击不大啊，还能挑活呢。	未
是不是真的富裕，看旅行的人，花一样的钱，发达地区的人，比如上海人，开始舍得花钱在酒店和美食上，不发达地区，酒店和吃能省就省，喜欢把钱用在购物上，手信和奥莱，大包小包一大堆。	未
是不是经常幻想自己是大片里面的万人迷高富帅白富美然而，这个梦以前你只能在睡梦中做现在可以去横店影视城好梦一日游活动里畅快的体验真实的美梦了！还不去报名	未
是不是让班长回忆起了自己瘸腿的日子！	未
是与青春告别的2018年	未
是个人怎么打啊//@歪果热门视频: 三人麻将	未
是个好心人	未
是个当老板的料！	未
是个很人//@歪果热门视频:是个狼人//@嫑搞事:是个狠人	未
是个文化//@犊几:是不是还有牙套啊//@发er_:过于沙雕哈哈哈哈哈哈	未
是个有故事的司机	未
是个狠人skr，鉴定完毕	未
是个狼人//@回忆专用小马甲:为所欲为//@水晶男孩鸡大帅:速度是七十迈 心情是自由自在	未
是个狼火，比狠人还多三点	未
是个聪明的	未
是为东京奥运会做准备吗	未
是了//@卷公子://@我和贱人的狗血经历:嗯//@噼里啪啦的pili://@诺星Nanimono://@千晴晴晴晴晴OAO://@松润的夫人://@考不过四级的医学狗不是好咸鱼:转发微博	未
是亲妈，鉴定完毕！	未
是亲生的儿子吗	未
是亲生的，没错了	未
是什么，使顺义这村人家家住别墅	未
是什么偷走了你的时间	未
是什么学校 让王源想去当欧阳娜娜的师弟？	未
是什么支撑你熬过最艰难的时刻我们随机采访了100个人	未
是什么______支撑着你这么冷的雾霾天爬出被窝去上班的	未
是什么改变了广告人，是钱！	未
是什么让他们愿意离家2000多公里，来到梁溪	未
是什么让你觉得一秒入冬地铁君先说：当我的凉拖孩儿冷得硬邦邦的时候 （成都发布）	未
是什么...让大爷从轮椅上站了起来！！长春微视点	未
是什么让我在寒冷的冬天艰难的睁开眼做一万遍自我心理建设忍住辞职的冲动从温暖的被窝爬起来去上班是贫穷。	未
是什么让法国的“黄马甲运动”持续了五周？	未
是什么让这些艾滋病戒毒学员找回人生自信宁夏回族自治区银川强制隔离戒毒所传染病戒毒人员收治大队是全区唯一一个集中收治艾滋病等各种传染病戒毒人员的场所。在轻松明快的音乐声中，只见20多名戒毒人员组成的方队迈着整齐的步伐，转身回首，每个人脸上洋溢着的是自信。是什么帮他们重拾人生自信 艾滋病戒毒学员在这里找回人生自信	未
是什么让这名公安80后正值壮年竟白头进来看看	未
是什么逼得他们在朋友圈公然卖娃！	未
是什么限制了你的能力和收入	未
是今天。	未
是他告诉他的[最右][最右] 查看图片 //@CF回家看看聊聊吧:他怎么会知道你的馆呢	未
是他 就是他 我们的朋友 小挪吒	未
是他，是他，就是他	未
是他是他就是他//@话不多就不是丫:这什么旷世绝恋	未
是他 查看图片 //@深圳交警:他摊上大事儿了。	未
是他！还是他！这位拾荒老人十年前无偿捐文物，十年后又做了这件事	未
是低血糖吗保重身体呀，有紧急情况随时呼叫小二	未
是何百白吗//@林熊猫:谁啊。。。//@回忆专用小马甲:。。。//@追风少年刘全有:何某某是谁。。。//@来去之间:谁啊//@平安北京:情况通报毒品，让最美凋零。	未
@是余小槑：停的时候说不限时，走的时候说按小时收费，想收多少随口开价，没个透明的收费标准，就没人能管他们了	未
是你。	未
是你了。	未
是你们的对象嘛	未
是你们逼的	未
是你吗帕丁顿//@宝榛的动物园儿ww:图一图二没毛病	未
是你吗？竟有这样的人生！	未
是你吗，青丘姑姑？警民联手上演“捉狐记”（视频）	未
是你在面对工作的样子	未
//@是你的董喔:因为贫穷//@奔现:没人给我晾衣服//@大神说:夜宵外卖被偷了//@小羊爱吃酱肘子:因为没早遇见你//@万事屋纸纸酱:没喝到奶茶//@鱼逗想换个ID:因为贫穷//@太皇太后您有喜啦:因为贫穷//@慌亂予我:因为贫穷	未
是你让我在凌晨做起白日梦 [dynamite]	未
是假期过后 上班的你	未
是假消息 查看图片	未
是做灯光的那两个小哥	未
是傻吗//@千越流歌:拜托控的时候举报一下那个什么五千年，别回复行吗	未
是冬天呀 网页链接	未
是冬天的你	未
是危还是机	未
是去找自己的周边了吗	未
是去是留站在十字路口的独行侠喉舌！	未
是去讨论核平世界吗	未
是！只有Trump認為他們老美的車有市場//@陈如是说:其实，就是真的零关税，地道美国车也是小众。谁没事养个美国车啊	未
是只要bl就都有危险，还是说清水甜文就没事	未
是吗	未
是否加入美南海“自由航行”？加拿大的态度很谨慎	未
是否我 真的一无所有 微博视频	未
是否投入国民党内2020初选？王金平笑回“随因缘走”	未
是否支持“九二共识”？国民党参选人丁守中表态	未
是否涉及垄断水泥与涨价的蜜月还有多久	未
是否角逐2020台湾地区领导人？朱立伦再次回应	未
是否角逐2020台湾地区领导人？朱立伦回应	未
是呀，你说权健卫生巾里又是负离子又是石墨烯，会不会导电//@泡沫大哥大:我特意百度了一下这玩意儿：石墨烯一层层叠起来就是石墨，主要应用在传感器电池航空航天好多充电宝里都有石墨烯	未
是呀//@孙斌1990:跨国企业跨国企业	未
是呀，至少应该发给一个牛肉锅盔嘛！//@寨湾一俊:别默了，再默，登记处也不会中午提供大型伙食的	未
《是咁的，法官阁下》：从律师日常生活看香港社会的变迁	未
是啊//@三吼君:是的//@围观菌_AstronautWHITE:是的	未
是啊//@丛虫时移事往:而且是写给亦舒的，我看到了什么，希望告诉给你知道	未
是啊！为什么！为什么这么多为什么！//@吃瓜群众CJ:胡海泉痛心疾首，连发十个为什么	未
是啊，冲动是魔鬼！	未
是啊 大家不该关心你们抱团泥塑爱豆只要是xty你们可以为所欲为你这洗脑言论比又当又立的biao子还要biao言biao语	未
是啊，大概你从来就没想给我吧	未
是啊太快了，感觉就是昨天//@_Mrs-張:时间过得好快呀，还记得出生当天 你说你紧张的微博	未
是啊每段异地恋背后，都有一个甜蜜又心酸的爱情故事。	未
是啊，没办法，一有钱就变修是铁律。//@YU人眼镜哥:人啊，一有钱就变质	未
是啊//@然后下面就没了://@粽粽粽粽粽粽粽://@Tiger公子:我也有这种超能力//@喜脉洗脉://@Mi_manchi_xy://@扶南:没错了//@图院长://@爽咂-:真实//@Purple1Apollo：你通过了我的朋友验证请求，现在我们可以开始一起沉默了。	未
是啊//@范里砂:爱上的其实是眼里的光//@风吹铃铛响叮叮://@纯良英俊的笑了笑:是你的喜欢让他发光//@-腐兔-://@水晶男孩鸡大帅:-//@鹿巻:如果谁都可以，那我的喜欢岂不是毫无意义//@顾裤裤_:你本是个凡人，是我的爱让你镀上金身	未
是啊。蔡澜是因体恤家属。可见包不同们嘴臭//@花生奶油果酱啊:有人说蔡生提到名人政要文中，名人政要和阿猫阿狗分属两个话题。名人政要是蔡生向亦舒介绍葬礼概况，谁来祭拜谁送了花，毫无吹捧之意。阿猫阿狗是蔡生表达对葬礼繁琐仪俗的反对，与至亲好友相对，不想因无关人员累及家属。	未
是啊//@豆你玩:好好哦//@老卖唢呐:我看过一个故事说一个机密点的军人接到五角大楼才会打来的电话，紧张的接起来是一个信了商家瞎写的圣诞老人的的小女孩，他就真的配合起来，演了一个惊讶的接到小孩电话的圣诞老人//@阿Zhouger://@Theo的傻大个://@H-HeeBum王大拿:超级好这感觉	未
是啊，这几年，我变了	未
是啊，这是怎么回事呢	未
是因为你	未
是图中这只闪电没错了。//@GanGawain:图片评论 查看图片	未
是圣荷西//@哇哦小薛:分明只是一个月前的你 还是想说 好久不见 真的想念了()	未
是在中国被特殊人群夸成了花	未
是在河南三门峡。。	未
是外贸老司机就来挑战，全球认证标识你认识几个	未
！！！！//@是夜半鸦:扩一下//@种瓜得个瓜:明白了//@艾弗瑞亚不认识: ！！//@颜文字君:！！！)//@谷大白话://@迷影心生://@江南大野花:扩一下，大家记得登录//@陸陸叁-://@拾號玩家:Kkkk//@LBJ雪梨慕斯://@堂堂一条长毛猫 ://@-ekasim- :。//@School_Astronut :whatwhatwhat！！！！	未
是天冷得快还是人心冷得快有三种人心之冷：第一种是本来就冷了，你一直都在梦里，睁开眼才知道此人心已死。比如被渣男骗的第二种是世界末日之冷：回避型人一辈子在关系里只撕一次逼，那就是要离开你的时候第三种是周期冷，只要用人心换人心，对方还是可以有春天到来的。	未
是太冷了。马上去。	未
是夫妻就共同把它戒了吧！	未
是女的	未
是姐妹你以为他为什么要搞个花臂还要剃头明志//@Sun翠花儿_:他一个人，我就想问孩子老婆是不是	未
是家庭照片//@芦笛说戏:图5已经是戏装了吧。	未
是尉氏人吗寻找8年前的恩人(45岁的李师傅)。。。	未
//@是希不是木希:快来快来//@幸运的HANHAN:同样的，不会用的私信我，不方便出去花掉的找我，我帮你们花掉，然后返还红包给你们，这样就不会因为不方便出去花掉，而浪费了红包，浪费了红包的同时也得不到赏金，大家积少成多，为鹿鹿专辑助力，我今晚一直在线，大家快私信我吧，无条件为你们服务	未
是很早的一条//@柯右Kira：p6裤子来自@模范棒棒糖	未
是很硬，但是也很不喜欢这样！	未
是很难。	未
是心作佛是心是佛见性成佛劝人念佛念佛念心念心念佛口常念佛心常念佛眼常观佛耳常听佛意常想佛身常礼佛动也是佛静也是佛生也是佛死也是佛念念是佛心心是佛千佛万佛皆同一佛自归依佛发愿念佛念佛第一	未
是怎么做到...要做不同的事但都同时举起了手...	未
是总金额520。。。不是520641不然这一下子发三十多万，比我满仓今天一天亏的钱还多	未
是成年小崽了	未
是我。	未
是我//@一个阿呆仔:真实//@小野妹子学吐槽: 舒服//@抠脚大汉咿呀哟:在被窝里评论了这条微博	未
是我不配有这样的队友英雄联盟	未
是我//@乙子君-红烧翅膀我喜欢吃://@灵魂吐槽师:是我//@李知了:你监视我//@萌了个包:朋友圈里躺尸，微博里蹦迪//@知小乎:感谢在坐的各位沙雕网友	未
是我了，也不知道哪里来的自信	未
是我了评论哪一个都是我//@图院长:为了心安理得的吃而去健身算吗//@锦锦锦锦锦锦锦年_:哈哈哈哈哈哈哈哈哈本来躺着 让我下楼一般只为两件事 吃饭和取快递//@是我太甜了吗:起床	未
是我儿子这样的吗 查看图片	未
是我卡本卡吗卡卡卡，卡卡叫你答题啦//@卡卡Kaka: 体育V势力	未
是我吗是我吗//@化妆师miuo: 最后俩小时！！上末班车了嗷	未
是我奶奶//@五行属二:真实//@iamalimaa :我姥姥每隔五分钟让我吃这个吃那个//@我与老公的日常 :哈哈哈哈哈哈哈哈哈哈//@ByunBaek阁下 :我外婆确实是这样的一个下午都会一直找东西给我吃	未
是我家一岁的宝宝了	未
是我！//@尸姐:我真的只是害羞而已//@这是一个很高冷的ID://@你肠宝://@李撕咬://@展台手册:我真的很想找你们玩。就是不好意思开口	未
是我并且会把这个人拉黑然后再也不做那件事	未
是我，拿到神牌脸上立刻写出来//@鹿九Alter:我玩狼人就//@爱与正义的味方业桑:哈哈哈哈哈拿到了村民就要开始疯狂演戏了 不然对不起8012年的影帝的皇冠了	未
是我最后的港湾和退路//@江南大野花:虽然经常拌嘴，但最爱的是妈妈//@捉奸用小号://@几口小羊羔:快回家啦！！//@朝木Asaki:现在就回家！//@白色况 :我也回家找妈妈吼吼//@江老师和他的茶饼配奶黄包 :这周末可以回家找妈妈啦	未
是我本人了...//@文科班校花酱: 我服！//@粽粽粽粽粽粽粽:右边我本人//@大懒糖:哈哈哈哈哈哈哈真的吗//@全国美帅代表:服了//@躺着:服了//@女情儿:服了 我本人！	未
是我本人了，朋友圈基本空空如也，微博简直是大型一把鼻涕一把泪现场。	未
是我本人，有气无力的声音是我的心声。	未
是我本人//@菊平姐姐说你好:哈哈哈哈哈哈哈哈哈哈哈哈哈哈哈哈哈哈哈哈哈哈哈哈哈真是个小机灵鬼儿//@内藤君和西瓜酱:哈哈哈哈哈哈哈哈哈哈哈哈哈哈哈哈哈//@我拖日呆:哈哈哈哈哈哈哈	未
是我（每天都要拖一会儿//@我们的羞羞事:是我本人//@大咖现场:我不敢	未
是我！@毒鸡汤学姐	未
是我//@王尼美:自己给自己点仪式感//@GIF怪兽君: 真实如我这样不也挺好//@小野HIKAKINShinoda14: 是我//@暴走日报:好可爱	未
是我的徐大律师下班了吗	未
是我的想象力还不够	未
是我蚂蚁庄园的小鸡跑去地铁下蛋了吗	未
是我输了，告辞图一是人家的作业，图二我家的。	未
是我//@阿王女士:是我	未
是我雪红色的红，大雪的雪 今天降温啦	未
是把工作变成假期，让干活如同休闲娱乐，把工作的日子变得像假日一般。当然这说的是态度和心境。我觉得更简单的办法就是一边旅游玩乐一边赚钱。你的vocation就是你的vacation了 //@不颜控:成功的秘诀是让你的假期成为你的职业?	未
是把林臻东穿在了身上吗黄景瑜飞驰人生	未
是报仇之旅吧//@全哥不吃鱼:开启了一段千年报恩之旅	未
//@是抹茶味儿的:转发微博	未
是日午餐。	未
是日更定矣，余拏一小舟，擁毳衣爐火，獨往湖心亭看雪。	未
是时候为冠县这些环卫工人做点什么了	未
是时候了解一下了。	未
是时候做出一点改变了	未
是时候去玩雪了！99的庄里人都不知道的滑雪胜地！第一个驾车只需1小时！	未
是时候和纸质火车票说再见，明年起用二维码就可乘车	未
是时候换新壳啦	未
是时候暴露一下我的本来面目了：我没有爱心，支持打死流浪狗我不热爱传统文化，黑中医我竟然还支持吸毒艺人有条件复出，更可恨的是我竟然对民族脊梁崔永元颇有微词！还有其他诸多极端思想我就不一一列举了，反正时不时的会恶心一下你。	未
是时候来重新认识IBM云计算了	未
是时候聊聊共享经济没告诉你的那些事了	未
是时候艾特一下身边那些突然不喊减肥的女孩了 太胖了还想减肥吗	未
是时候艾特一波男旁友啦	未
是是是！//@花总:喂，和你合影是我，不是大号。	未
是最新线网图没错哦，但请不要叫我客服	未
是有时间段的，24小时，这是一条24小时公交车专用道//@军哥-野战军: 应该设置时间段的！	未
是有点//@文芯:怎么有点像猫头鹰	未
是本人了打王者荣耀到半夜第二天起不来红人的诞生V影响力峰会	未
是本秃头女孩的日常生活了，过于真实(twitter:peartunwarat)	未
是杀马特蝙蝠小朋友右眼不要可以捐给有需要的人。撒石灰.gif	未
@是李仙仙呀：我们几个同学在津南大学城周围打车吃饭，我们三个女孩子刚上车，告诉司机麻烦您等一下，最多五分钟，还有个同学马上来，延迟的钱我们照给不会少您的，之后他就破口大骂进行言语侮辱，那么冷的天就让我们滚下车，一个壮汉，外地口音，太吓人了	未
是@杨浦队长的奶子查看图片	未
//@是柯也是基://@壮士来一发嘛:好//@维克多刺猬:马//@绿宝石Beryl89:	未
是根本不会//@丸子安利菌:这个真的最不擅长了//@文科班校花酱:谁不是呢//@西升月: 俺也一样//@夏正正:擅长晚睡晚起//@全国美帅代表:俺也一样//@这是一个很高冷的ID:最爱熬夜//@三吼君:我也	未
是正能量鸭	未
是法老王...	未
是浮尘不是雾霾 今夜内蒙古的天气将有风雪救场	未
是清迈的天灯节，我拍的这个要买门票进去。不过我觉得也不一定要买票去这里，因为这两天萍河边也全都是人在放天灯也很好看！ 查看图片	未
是煤不合格//@蓝鲸财经记者工作平台:	未
是狗粮不好吃还是罐头没味道为什么狗子总喜欢翻垃圾桶	未
是瑟图！//@树和理化://@星月_光影相生 :miaoa//@玉皇大米 : //@不寒塘 :awsl//@汉堡罐头 :是涩图	未
是男女平权，不是女性特权。	未
是男、是女，可不是XY染色体说了算这么简单	未
是的。	未
是的	未
是的。//@doman2011:忘战必危！	未
是的//@flypig:转发微博	未
是的//@WANGGUANG_6767: 环境造就人，什么环境造什么人	未
是的，XR这会儿官方保护壳都没有。	未
是的//@一只炸宝:是啊，有了钱就去旅游。//@pro军:等我有钱了再说吧	未
是的，一边生活一边赚钱	未
是的，下雪是对大雪节气最起码的尊重	未
是的了//@李知了:嗯//@灰兔子大叔:是的了//@维克多刺猬:没错//@苏尚卿的跳跳蛙://@三吼君://@纯良大叔:嗯	未
是的了 查看图片 //@对的没错我就是:闺蜜倒还好，但是没有一个cp粉群的聊天记录可以曝光szd放出去我们都得死	未
是的了//@维克多刺猬:没错//@苏尚卿的跳跳蛙://@三吼君://@纯良大叔:嗯	未
是的。//@于帅洋是琢玉郎:诚哉斯言//@停机特技特六:你不能两边好处都要占着。你共享单车如果不叫押金，不给可以返还的承诺，一开始就募集不到这么多资金。美国国债也是，如果不做返还的承诺，你一开始征这个税的成本可不就是现在这个成本了。	未
是的，但大B二B的叫法没有。	未
是的，你没看错，这是湖人队的新秀，1999年11月8号出生的邦加NBA	未
是的，关注并没有用，重点是要打钱。	未
是的。//@刘亦然o:建交也是法国开头的吧	未
是的，加拿大人都是马仔，等着抓美国人。//@炎裔孔徒:不放就一直抓！当年钱老就是用美国被俘飞行员换的！如果引渡美国了，就抓美国人！	未
是的，厉家寨归临沂所辖。//@钰儿哈爸:舵爷，不是去临沂了吗	未
是的呢。	未
是的呢	未
是的呢光影征途//@茶香禅者:这个飞机可是鼎鼎大名。	未
是的，大机场不行。//@人未火:关键是海口机场小，北上广深机场你试试	未
是的，宁愿不再联系，不再相见。	未
是的，就是过的很淡漠了	未
是的。//@开水族馆的生物男:阻断已经越来越成熟了	未
是的。情感	未
是的，我们10.4斤了	未
是的，我又来泰国了，赶上最新这波落地签免费，果断逃离国内的寒冷天气，来这个说飞就飞的国度吃吃喝喝啦。曼谷普吉岛芭堤雅甲米清迈，之前都写过了，今天想和大家分享的是另一座泰北悠然小城-清莱。清莱与清迈一起被誉为泰北玫瑰双城，相比炎热的南部，北部的天气更加宜人，清莱又是泰国最北的一个府，这个兰纳文明浸渍最深的区域，远不同于繁华的曼谷。如果说绚丽是曼谷的代名词，那么清新便是泰北的地域魂，这里有着慵懒的气息，性价比超高的酒店和美食，纵使灿烂辉煌也素心不改，始终守着一份清幽自在。很多人来清莱，都	未
是的，我相信	未
是的。我相信，没有一个跑得掉，没有一个冤枉的。@老猫阿贝：这时候在旁边设一间谈话办公室挺好，免得一个个的约。	未
是的，我要开始卸微信了	未
是的//@旅行去哪儿:	未
是的，昨天，在厉家寨拍的。//@掠过看过:馆长，还是临沂的景吗离我家200多里地，不远	未
是的，昨天我写了很多微博来呼吁这个事情，那就是对婴儿隐私的保护，可能我人微言轻，但是我希望我和我的粉丝都能做到，哪怕有一天婴儿隐私遭到暴露，我们也要做好自己，不起哄，不传播，并呼吁整个社会保持克制。贺可以不顾伦理，他早晚罪有应得，我们却不能没有人性。	未
是的，昨晚接到安徽大学龙河路校区学生报警：一只泰迪犬掉进学校池塘，在距岸边7米处瑟瑟发抖，满身淤泥。谢谢有爱的大学生	未
是的，最右不是不明白，是双标了。//@Lily山雨:回复@小班帅班长:你也知道实际道路很长啊，off target 效应到现在都没解决，我们都在逐渐用更精确的base edting来替代crisper-cas9以实现精确编辑，这个罪人竟然把crisper-cas9用在了人类胚胎上。	未
是的，有恒产者有恒心，不能确定自己的财产是不是合法的社会，是丛林社会	未
是的。//@本杰明和他的朋友们:每个人心中都有这样一只被木刺困扰的狮子，让我们不能自已的冲身边最亲最善良的人们咆哮。 视频值得反复观看，自省。	未
是的 查看图片	未
是的，比如我。	未
是的没错，一直相信	未
是的。//@源来如此38738:退休年龄延长我们就连自己的父母都难以赡养，毕竟老人需要的爱是陪伴！	未
是的//@电竞美少女qnq:异地恋最怕一个太忙一个太闲	未
是的。//@真水捂香:抓几个间谍	未
是的，离大雪还有10天	未
是的，还有迪拜，东京成田机场等	未
是的，迷一样的逆反心理	未
是的！部队里的他们都留寸头！（当代海军）寸头是检验帅哥的唯一标准	未
是的//@钱卫骑士: 在精密铸造上，德国与日本都很厉害。	未
是的//@隐姓埋名叫薛磊:对，再过个几十年吃过苦的人都走了，必然是需要这些纪念日让我们一直警醒。	未
是的，雪乡很闭塞，修缮和物资成本也很高//@viki-鹤楠:160贵吗在广州出差赶上广交会卫生很差的7天酒店标间还300一晚上，东北的雪乡供暖都是靠烧煤的，咋的煤不花钱啊雪乡人民盖房子修缮房屋不花钱啊雪这东西一年四季只有一季，看雪只能这个时间去看，平时凉的是当地人好吗	未
是的//@饲养员研究中心:嗯//@贴吧娘:希望//@别叫我张涛://@这是一个很高冷的ID://@江南大野花:希望能诚实地表达自己//@鹿巻://@lyricheese:控制情绪不如真的无所谓 在学了	未
是真事儿 你试过被巧克力铺成的路围绕么这事儿居然真的发生了德国西部Werl小镇的某间巧克力工厂原料外泻，导致大量的巧克力流入柏油马路并在寒冷天气里迅速凝固多达1吨的巧克力与路面牢牢结合，成为了一个大约10平方公尺的巧克力平原...当地的25名消防员使用了热水冲刷喷火枪软化 ...全文	未
是真实的吗 我怎么觉得我看了一百多遍了	未
是真的。	未
是真的//@一只丧鹅:没错了//@Youlie26839:沙雕网友滴滴我	未
是真的，互联网平台自编号段。	未
是真的！！！你们看 查看图片 //@无聊的人类plus:努力给自己安慰的理由	未
是真的哭得很大声。//@玻璃碗儿_DoctorBowl:我看这段的时候没忍住哭了//@本尼鲨美小金鱼_WL4ever:转发微博	未
是真的！！！唯独下雨的时候我没有伞	未
是真的嘛这花比人还会长。	未
是真的！广西这108个景区统统免费！不知道你就亏大了！	未
是真的！广西这108个景区统统免费，梧州这些景区也在免单内，不知道你就亏大了！	未
是真的法国文化了。两边都是一个国的谁投降啊！	未
是真的//@这是一个很高冷的ID:哈哈哈哈哈哈右边也同意//@辣条娘:hhhh女生是包：3W//@YeolSta_1127: 我记得我们学校篮球队有个男生打球脚扭了很严重，他坐在地上硬是把自己受伤的穿着aj的脚翘了起来没蹭在地上	未
是真的：雾霾会让你变傻变痴呆！	未
是真相了	未
是真相，但我还是不接受，就是体质	未
是社会发展的必然产物！90后出生在压力比较小的年代，父母经历了太多的疾苦，给孩子最好的，不让他们吃一点点苦，所以老一辈的勤俭节约并没有完全的遗传个90后，现阶段部分90后不必对家庭财务负责，甚至还需要家庭父母接济，经济压力没有那么大。另外就是消费观念的提前，欧美的储蓄率都是很低的，一方面是由于医疗和教育的保险问题，另一方面就是理念，现在年轻人的消费理念正符合消费升级的趋势。最后就是社会上的诱惑，原本贷款都需要各种抵押物，现在的互联网时代，贷款太简单了，什么抵押物都不用，微粒贷花呗借呗各种信用卡等花	未
是神仙//@普通用户大锤老师:看看仙女	未
是神还是魔基因编辑婴儿背后，浮现莆田系身影	未
是秋天的颜色啊[给你小心心]//@十堰晚报: 车城西路，梧桐叶黄。	未
是突厥语族，不是土耳其人	未
是精神病吧，人贩子可不会这么弱智。	未
是网吧	未
是网恋没错(   )//@龙城花果山轮回基地的一颗盆栽: 查看图片	未
是罗永浩在羞辱他的粉丝，看清楚那话是罗永浩说的，又不是我们说的//@艾玛斯隆的落幕:真的不希望看到你们这样羞辱别人的热爱。请尊重他人。谢谢！	未
是美貌//@咪迷米蜜不爱吃鱼:已经疯狂存图了。	未
是//@脑洞故事板:娱乐至死//@有毒的王大师:大伙儿面前应有尽有，大伙儿面前一无所有。 大伙儿正在直登天堂大伙儿正在直落地狱。	未
是西方银行 还是中国银行	未
是要改建吗	未
是要注意一下这些细节	未
是该写点东西了。	未
是该回家好好反省一下之前的酒吧事件了	未
是该整治了//@龙魂骑兵: //@罐头赵伟:@陆青先生: @思明博警: @记者杜利勇: 必须严肃处理！@六国虹: //@牛市sky: 来的容易去的也容易@张慧林: 税务机关分四次约	未
是该管管贺建奎这个实验狂人了	未
是说，其实所有的转发我都看见了，但是点进微博看是这样显示的。	未
是谁tm说让我自己用的睁大眼睛看看，能用吗是人用的吗	未
是谁住在深海的大菠萝里	未
是谁偷走了你的功德（广钦老和尚）	未
是谁在伤害你的家人健康，原来凶手就在身边！	未
是谁在保护没有供奶资质的学生奶营养低于标准认证资格过期擅用国家学生饮用奶计划多位当地政协委员反映学生营养餐被垄断即便如此，这盒土生土长土赚钱的牛奶，依然活得风光滋润。或许，少数本土奶大概只是个套现的道具，无关品质无关口感，甚至无关是喝进肚子还是倒进水 ...全文	未
是谁在偷窥我的生活	未
是谁在卖杭州1300万条个人信息	未
()是谁在召唤我！//@胡猫阿霍:在召唤了！！//@聒大可放心使用:数码宝贝！！被选召的孩子！！我即刻前往	未
是谁在哪里咕咕day厚！	未
是谁在开车	未
是谁在敲打我窗！  雨咯	未
是谁在监视我的生活	未
是谁坐坏了他的共享按摩椅	未
是谁打算统治世界？普京年度记者会上回应：统治世界的总部在美国	未
是谁来自山川湖海，却囿于昼夜厨房与爱。	未
是谁正在慢慢偷走你的梦想！	未
是谁的520	未
是谁的小眼睛没有看大花	未
是谁要杀死现金微博赚钱季	未
是谁说今晚蜀黍没有行动	未
是谁说的第二名没有优势	未
是谁赶走了徘徊在拼多多门口的大空头	未
是谁这个点在医院走廊吃外卖！！！是谁！！！！！！！！！！！！！！哪家！！！！！！！！！！！！！！	未
是豹豹！！//@不列颠赤龙: @KiraStar的Mvv是刘先生！	未
是贫穷//@压在胜率低的那边: 转发微博	未
是贫穷限制了我对枕头的想象	未
是贫穷限制了我的想象力，有钱人的脑回路，果然猜不透	未
是贫穷限制了我的枕头	未
是，还有九十多的也让人来回跑的呢。新部门一亮相就是个官僚无能的新常态，瞎折腾人，没有矛盾创造矛盾。//@一个快乐的傻纸:我都跑了几次了，好烦	未
是这一辆车吧_ 查看图片 //@深圳交警:随手拍 请@深圳龙华交警 严查！此处应该有罚单！而且是罚款1000元那种！	未
是这个道理。	未
是这个道理啊，柿子还知道挑软的捏呢//@您的好邻居喜儿:有前面两个这么好捏的柿子我还去举报毒品间谍疯了吧//@安提戈涅_WhiteBlade:总之就是大家一起死	未
是这么一回事//@蓝色的松花蛋:1.说明国货确实便宜，加税后都比其他地方便宜，2美国经济还可以，老百姓能承担。3.很多东西其他国可能并不生产或产量不足，无可替代//@但斌://@股道热肠也:转发微博	未
是这么大的牛排还有一盘袋鼠肉鳄鱼肉拼盘啥的可厚的吓人 查看图片	未
是这样der//@追剧小鬼才:哈哈哈哈哈哈//@炸鸡swag:哈哈哈哈是真的//@松鼠视频://@十三空:哈哈哈哈还真是//@锦鲤蛋:行叭//@手游戏精:有点道理//@一只炸宝:还要拍照视频的！	未
是这样了//@话提://@李知了:东北以南都是南方广东以北都是北方//@纹身师萬萬:蟑螂//@八鹅吃瓜酱:差点冻死在南方//@城南邮局:我以为大家过年都包饺子//@青鲤:以前一直以为北方室内比南方室内冷	未
是这样子//@日本自由行:很自然没用滤镜的日本日本生活二三事	未
是这样子的。	未
是这样的吗//@歪果热门视频:	未
是这样的，我们都长了。	未
是这样的，我的私信已经关闭两个月啦，这期间如果有未关注人私信我，我是收不到的如果有什么问题要问我可以戳这个提问箱：网页链接	未
是这样的。有一次我扬手招出租车，突然有人插到我前面。司机准确地绕过那人，直接停在我身边。//@煮竹甄: 转发微博	未
是这样的，某条微博点开转发列表不显示内容只显示数字，一般是以下两种情况。第一种，对方转发好友圈可见了（只有对方的互关能看见）或者自己可见。第二种，你带图转发了，或者是配上了博主设定的屏蔽表情/关键词，那样转发里也看不见，但是博主的艾特列表那一栏会有提示，像我就屏蔽了几个表情，所以每次评论转发里就看不见。而如果你评论对方微博，但是在最底下，自己给自己点赞或回复都是在最底下上不来的，评论只有自己能看见，这就说明评论被屏蔽了。	未
是这样的没错！//@SimonRock:一个人生活很累，如果两个人生活更累的话，我宁愿一个人生活。	未
是这样的，近日江宁警方接到民众报警称在池塘边捡到一条鳄鱼民警在叮嘱民众注意安全后迅速携带抓捕工具赶赴现场，发现其实没有必要带工具民众也很安全因为这条鳄鱼（经鉴定为暹罗鳄）只比巴掌略大，警方随即将该暹罗鳄幼体送至南京红山森林动物园因该鳄鱼幼体太小，民众担心附近会不会有鳄鱼窝， ...全文	未
是进宝吗。	未
是迷路还是另有企图？俄闹市惊现米格—29战斗机！	未
是通许县人吗寻找8年前的恩人(45岁的李师傅)。。。	未
是通过挤出来的形状判断的吗	未
是阵狠风！小两口驾车从平凉到宁夏，在高速路上被大风连车吹翻...	未
是限量珍藏版的小蜘蛛PS4 pro！不过遗憾的是这个套装没有游戏本体	未
是随波逐流，还是坚守初心 一个从业十五年的整形医生的困惑	未
是雾还是霾！这两城空气质量总比周边差官宣来了！	未
是骗子太聪明还是统一世界这也信	未
是骡子是马，拉到这儿来溜溜吧关于纽北的那些事儿 丸子敲黑板 @易车  中国汽车行  @初晓敏 @莲石路车神 @Top-Cars @袁启聪 @Cars01 @Cars-Power @PS3保罗	未
是鬼又怎样第18话地震	未
是鸭//@你的书架:山治是个小公主鸭	未
是黑夜的星星	未
昱城情督学全覆盖！屯溪14名新任督学上岗！	未
//@昵称是马甲家的大学生:	未
//@昵称是马甲家的大学生:嗯，没错，到哪种哪。	未
//@昵称是马甲家的大学生: 应时继续科普。	未
@昵称是马甲家的大学生 这你也能忍	未
//@昵称还得省了着用呢:我说了，我没有可以向你提供的情况 。//@来去之间:转发微博	未
昼夜抢修 捍卫光明12月6日凌晨，棉花工业园区与宁连高速公路交叉路口附近的一处电缆发生故障，淮安淮阴供电迅速组织工作人员奋力抢修，经过一夜鏖战，解决故障并恢复正常供电，得到用户的一致好评。	未
昼夜温差大，高速易起雾！亲，经过这些路段，你可得打起精神	未
昼夜重拳整治交通违法行为，这群交警的忙碌，是全天候的！	未
显像管液晶屏VR单兵防空导弹训练模拟器	未
显微镜下的美岐	未
显微镜女孩们	未
显然是投篮键按太久了！安东尼：好球好球卧槽卧槽我的我的！	未
显而易见，办公室	未
晃晃晃！多个城市有震感！被震醒的周一！嵊新人有感觉到了吗	未
晃晃男孩来了//@宇宙是彩虹色的:光光和远远的亲妈我火速赶到//@柒夙QISU:光光！//@白芋头WHITE:啊啊啊啊啊啊啊啊p9的光光我要亲死崽崽	未
晋A晋K车主速看！汇通北路经常堵车，交警公布疏堵方案！	未
晋BT94出租车司机被浑源交警逮个正着！	未
晋K司机注意啦！山西统一查酒驾时间定了，持续至明年	未
晋k车主注意，统一查酒驾时间定了，持续至明年	未
晋K车主速看！集中整治酒驾醉驾统一行动日，持续至明年！	未
晋L车主注意，看到自家车上有这种黑盒子，赶紧报警！	未
晋中交警支队支队长郭克非在我市调研	未
晋中人注意，23路12路9路206路线路调整啦，别坐错车！	未
晋中公示12名拟任职干部，快看看有你认识的吗	未
晋中又要限行！连续4天！这些车辆可得注意了...	未
晋中市人大调研组在我市调研	未
晋中市传染病医院原院长苗海舟主动交代问题，正接受纪律审查	未
晋中市公示9名拟任职干部，榆社一名	未
晋中市委组织部公示12名干部	未
晋中市委组织部公示12名干部，榆社一名	未
晋中最新限行通知来了！连续4天！这些车辆可得注意了...	未
晋中有12名干部，进行职务调整！	未
晋中朋友圈疯传一女老师狂扇学生耳光视频，真相曝光...	未
晋中纪委曝光，这5名干部被处分！来看看有你认识的吗	未
晋中耄耋老人骑车摔倒，这位母亲这样做......	未
晋中这个人被通缉！如有线索，请拨打110！	未
晋中这个村举行分红仪式：41户贫困户每户3000元！	未
晋冀商路通衢 三大乡称古邑古月镇白家庄	未
晋剧名段「金水桥 哭殿」	未
晋商银行原副行长栗建强等2人被"双开"	未
晋商银行股份有限公司原党委委员、副行长栗建强等2人被“双开”	未
晋城1天查处酒驾18起！下次统一严查就在	未
晋城8路公交车师傅意外捡到3万元后......	未
晋城交警曝光一批违停车辆！	未
晋城兰亭书院小区命案犯罪嫌疑人落网！抓捕现场曝光！	未
晋城前进路1老人躺在地上，口涌鲜血！到底咋回事	未
晋城又办结2件中央环保督察组督办问题！	未
晋城城际公交运营调整紧急公告！	未
晋城富士康公租房附近发生了这样一件事围了一帮人！	未
晋城将要在这三个地方修建加油站加气站！	未
晋城小伙王雪豹因车祸离世曾徒步西藏引发关注......	未
晋城市中级人民法院曝光一批失信被执行人，陵川多人......	未
晋城市人民政府刚刚发布！将实施单双号限行！	未
晋城市住房城乡建设局关于印发《晋城市建筑工程绿色施工十项措施》的通知	未
晋城市多部门联合开展汽车加气站和充装点消防专项整治工作	未
晋城市迅速办结4件中央环保督察组督办问题	未
晋城市迅速办结9件中央环保督察组督办问题	未
晋城把限行正式写入大气污染防治条例！2019年起施行	未
晋城新一轮重污染天气或将来袭！	未
晋城新时代讲习快车高平号开进建宁乡吴家村	未
晋城最新公告！城区已有人被罚了4000！！	未
晋城最新酒驾查处时间大曝光！上周六晚上查住了18起酒驾！	未
晋城某村4人涉黑涉恶落网！全省通缉！	未
晋城消防举办受理窗口工作培训暨放管服改革要点讲座	未
晋城迅速办结5件中央环保督察组督办问题！	未
晋城迅速办结6件中央环保督察组督办问题！	未
晋城迅速办结8件中央环保督察组督办问题！	未
晋城限行通知:12月8日开始，6时至21时限行	未
晋州交警大队开展校车安全检查	未
晋州市12月4-12日停电计划	未
晋州市人民医院开展世界艾滋病日宣传活动	未
晋州市全面推进农村公路路长制	未
晋州无侠。	未
晋州祁底南白滩李家庄杨家庄征地告知书	未
晋州窗口单位服务好不好，请您来评价！	未
晋江：30年前出了名的穷县，如今出产全球20的运动鞋全球每五双运动鞋就有一双产自福建晋江你熟知的国产运动品牌安踏特步361等都是从晋江走出来的，晋江有4800鞋企，产值超过1200亿但30年前这里只是一个知名穷县改革开放如何塑成今日晋江，一起去当地看看 究竟视频的微博直播 .	未
晋江：5岁男童3根手指被绞断，送医时，粗心父亲竟忘捡断指	未
晋江：5岁男童手指被绞断，送医时粗心父亲竟忘捡断指	未
晋江婚礼上，来宾突然上台和新娘这样唱！	未
晋江急寻东石79岁老人走失已核实，求扩散，求转发	未
晋江检察监督规范医疗服务市场，取缔 黑诊所129家，立案查处94件	未
晋江首家24小时百姓书房开馆，年底前还有9家陆续开放，分布在	未
晋江龙湖烧灰：屋顶突然坍塌，六旬老人被压不幸身亡	未
晋源一小区居民反映物业收数百万元接不通天然气！官方回复	未
晋源区健康北街 两个渣土车对撞（视频）	未
晋源区将修建古城北街！ 原来是这条路	未
晋源区小站营村物业费居然要收1元有何凭证	未
晋源区清理整治大棚房进展	未
晋源各村有用天然气取暖用户，都看看！	未
晋源武家寨村拆除70处临建违建！	未
晋级赛的最后一场直播了今晚见吗	未
晏凌羊  基因编辑双胞胎诞生：警惕那些为照亮自己的路而砍伐掉整片森林的人	未
晒一下这个拉黑我的弱智，我国农历历代无数次修历，因为算法总有点问题，阴阳周期也有一些东西需要弥补。但是这不影响节气的定义，这是常识。当然历法算法变了，也就是节气算法变了，这也没啥可说的，不过这个弱智就拉黑我。	未
晒一个阴险的汉奸。//@南昌爆料人:有一个名人站出来为底层疾苦呐喊么！有一个人站出来反对官商勾结全国遍地是冤屈吗！你们配叫文化人么！中国再无鲁迅。。	未
晒一晒你最沙雕的快递收件名称：网友个个都是鬼才！	未
晒一晒自己被陌生人强撩的经历，这都是些什么鬼才啊	未
晒了那么多次东莞蓝，但背后的真相让人惊呆！	未
晒出你的购物车 双十二年终最后一剁，想买的都收进购物车了吗关注@优信 并转评本微博，晒出你的购物车截图，信哥将在12月20日抽1人送500元红包，帮你回血！	未
晒单KK树，原谅色，好蠢！	未
晒单找一位免单	未
晒图也不能忘了家里的大儿子！雷霆威斯布鲁克	未
晒家丨湖南戴先生历时3年盖农村别墅，自家叔叔全程施工，效果如何	未
晒家丨重庆建房实拍，75万盖起3层养老别墅，家还是在故乡好	未
晒录取通知书 一起建设社会主义 西安西安交通大学四大发明广场的勺子里	未
晒得我头疼你们那里热吗	未
晒晒我的家当B-1203 @波音 737 MAX 8飞机，2017年12月21日加入南航机队。图@WeiqiImage摄	未
晒晒我的家当B-1411 @波音 737-800飞机，2017年7月29日加入南航机队。图@WeiqiImage摄	未
晒晒我的家当B-1650，@空中客车 A321飞机，2015年4月17日加入南航机队。图@WeiqiImage摄	未
晒晒我的家当 B-1829 @空中客车 A320飞机，2014年5月16日加入南航机队。图@御坂0022 摄	未
晒晒我的家当 B-2461，@波音 747货机，2002年9月10日加入南航机队。图@妖五洞肆 摄	未
晒晒我的家当 B-5166 @波音 737-800飞机，2006年07月14日加入南航机队。	未
晒晒我的家当 B-5678，@波音 737-800飞机，2012年9月9日加入南航机队。图@波波夫65摄	未
晒晒我的家当 B-6021 @空中客车 A319飞机，2003年9月19日加入南航机队。图@妖五洞肆 摄	未
晒晒我的家当B-6058，@空中客车A330飞机，2005年4月24日加入南航机队。图@CASG---动物园园长摄	未
晒晒我的家当 B-6138，@空中客车 A380飞机，2012年3月1日加入南航机队。图 梁柱 摄	未
晒晒我的家当B-6270，@空中客车 A321飞机，2006年5月31日加入南航机队。图@CASG---动物园园长 摄	未
晒晒我的家当 B-6682，@空中客车 A320飞机，2010年9月22日加入南航机队。图@妖五洞肆 摄	未
晒晒我的家当B-7185，@波音 777-300ER飞机，2016年4月29日加入南航机队。图 冯宇 摄	未
晒晒我的家当B-7588 @波音 777-300ER飞机。2016年7月26日加入南航机队。图 冯宇 摄	未
晒晒我的家当B-9917，@空中客车A320飞机，2013年4月27日加入南航机队。图@CASG---动物园园长摄	未
晒着太阳睡觉觉	未
晒着太阳逗猴儿，观着云海打雪仗，这里的冬天大不同！	未
晒老照片赢万元奖品丨外地农民工在汉工作5年，看到武汉的变化，他说...	未
晒阳阳吃奶奶睡觉觉	未
晓平说消毒丨医疗机构用水微生物检测策略与技术（三）	未
晓庄学院志愿者2年调研86户南京大屠杀幸存者家庭	未
晓彤说天气明天嘎嘎冷！来呀，一起变胖啊！	未
晓彤说天气明天大风降温 你准备好了吗	未
晓明的科普一向以严谨著称，保胎没啥用处是不是颠覆了你们的观念转，让更多的人知道！	未
晓来天已雪，能饮一杯无！	未
晓看红湿处，花重锦官城。	未
//@晓萌是Jelly:转发微博	未
@晓雯方方：明着说自己不能开发票，都是微利，但这不是偷税的理由	未
晕12月6日，张岩到大连税务部门处理50万元发票事宜，询问是否需要补交税款。税务部门答复：此案并没有在税务部门立案，未发现发票违规问题，无法处理。	未
晕乎乎 微博视频	未
晕倒掐人中烫伤用猫毛25条朋友圈养生谣言，一次全辟掉	未
晕倒掐人中烫伤用猫毛25条朋友圈谣言，一次全辟掉	未
晕哦，真的承认假冒军校毕业了，还是可以挽救的同志嘛//@老农LoveUnix: //@京妹妹:微风中摇曳的老山兰 自己承认自己声称是中国人民解放军通信学院是假的了，这足以证明他就是一个造谣的骗子查看图片	未
晕！快递员竟诱骗嘉兴老人签收损坏的快递 客服惊呆：这绝对是...	未
晕车...	未
晕车不用怕	未
晕车的怎么办	未
晚上10点40分，街头发生的事，砀山人看看！	未
晚上10点半，男子发了一条朋友圈，很多人都看哭了	未
晚上10点半，男子发了一条朋友圈，很多女生都看哭了	未
晚上19:30，开平连续发生同一件事，至今已有8起！目击者竟都拍手叫好	未
晚上21:00见。	未
晚上3000元这条里面那个倒霉蛋因为平台最低单个0.5元且每项现金总额不能低于10元，所以那个倒霉蛋可以不用领0.01元了直接给他10块	未
晚上6：40发生的，康乐人都在看！	未
晚上7:35饭店发生的，赤峰人都看看！	未
晚上8:20，十堰上海路金座发生的！消防紧急出动...	未
晚上8:30基金行业扶贫公益联席会还在进行中	未
晚上8点半，武冈出动警力685人，全城大清查！	未
晚上8点有秒杀活动，下午2点还有直播不定时送	未
晚上9:00发个紅包，时间告诉你们了，抢不到的不要怪我	未
晚上9:00，在六安一中学门口拍到的，这些大妈...	未
晚上9点直播想看什么Ps:新羽绒服，没见过吧	未
晚上9点，运城鑫源服装城门口，逮住一辆黑车，运城人注意啦！	未
晚上9點44，我在廣播 @大话体坛 電話連線。	未
晚上一会儿还要写稿子今天就不发什么了，捞捞这个，大家也早点睡，木嘛//@lordsavesG:zhuan发抓一位送同款，10号开	未
晚上一刷微博，大家都在关心台湾的事武昌黄陂红安沔阳等地方的湖北人，那年头去了岛上的相当有一些有很多直接间接的接触，他们只认一个中国祖籍湖北的台湾人实在太多了据说年轻一代感情淡了，人与人，还是多往来，熟悉了很多问题就不是问题了打开大门让台胞拿居民证是好办法	未
晚上七点后，不要再吃它了！不是吓唬你，40岁以上一定要看	未
晚上不适合看小视频也不适合打游戏	未
晚上与台北的朋友喝酒，回酒店睡了一小觉，醒了就睡不着了上次来还是好多年前，开会匆匆而过，对台北没有什么印象晚上吃完饭与友人步行三公里回酒店，想感受一下这个城市怎么说呢从机场到酒店的路上，感觉就是在广东潮汕或者福建似的，除了繁体招牌外，一切都很熟悉晚上走在城市街头， ...全文	未
晚上人会多一点吗//@烊疯:再来3个或者5个//@烊疯:还有人吗//@烊疯:开的是快闪群，昨晚加过的和没加过的都可以再加新群，已更新群链接，新群二维码已换新	未
晚上住宾馆为什么一定要开厕所灯长期出差的人告诉你事实真相	未
晚上先从左边转发里抽一个发周末红包520	未
晚上公猪总是给母猪放哨，他生怕主人乘他们熟睡时把母猪拉出去宰了。日子一天天地过去，母猪日渐长胖，而公猪则一天天瘦下去。有一天，公猪突然听见主人在跟屠夫商量，要把长势见好的母猪杀了给卖掉，公猪伤心至极。于是从那天开始公猪性情大变，每当主人送吃的时公猪总抢上去把东西吃的一干二净，每天吃好后 ...全文	未
晚上冷 别冻着了@蔡徐坤	未
晚上准时开，现在转发概率最大噢。	未
晚上出门的，有没有觉得冻耳朵了	未
晚上刚刚锁上车库出来，就听到家暴的声音。哎呦，啊，啊，啊，半个别墅区都听到了。男的以前是做体操的运动员，女的好像比男的大八九岁，身材较小不显老。今天晚上叫的特别卖力，平时偶尔也有听别人说夏天在阳台，在楼顶都干那事。看来别墅也有缺点	未
晚上到了睡觉时间，主人还在玩手机，猫看到后。。	未
晚上剧透酒红貂毛 还有新色卡其色貂毛	未
晚上十点多，一位公交司机找上门到底为了什么	未
晚上发，但只敢白天看，背景音乐太淘气，看得起鸡皮疙瘩。	未
晚上吃水果时间我妈问我，接下来是国家队请土帅给配韩国教练吗我说我判断国足一队不会这样，应该还是请洋帅，至于这教练班子是给哪个队的还得看看。我家老太太挑理了: 不管给谁的，也不问带头的土帅意见就直接塞三个韩国人能整到一块儿去吗！	未
晚上吃点什么呢//@裹着头巾的少女: 我是练不成这样了不如多吃点！	未
晚上和几位大学同学相聚。我很想努力吃，但舌根发炎肿痛大大影响了食欲。眼看着喜欢吃的东西，也只能浅尝则止。还是很高兴的，聊聊天比吃更重要。珞妮今天的8岁生日，得到了阿姨们了祝福。张阿姨还把从台湾带回的一条钥匙链送给珞妮做生日礼物，看得出来珞妮特别喜欢。回到酒店，珞妮写了一张字条给爸爸妈妈看。我读了一遍，然后让她把细条装进爸爸的摄影包，爸爸会保存起来。	未
晚上，和朋友（以下简称阿妹）及其男友（以下简称小男）一起吃饭。我们三个人一起打车去饭店，小男坐副驾驶，我和阿妹坐在后排。途中，小男想给阿妹和我看张照片，就把手机递给了阿妹。我们看完照片，阿妹没有立即归还手机，而是一边说话一边翻起相册。然后，悲剧就这样发生了阿妹不小心戳开一个小视频一个的小视频视频中女演员在卖力的嚎叫像只吃撑了的土拨鼠阿妹手忙脚乱地想关掉结果越忙越乱，导致该视频播放了十秒左右再然后，阿妹一边观察司机表情一边面不改色地对我说：亲你男朋友好奇怪呀我觉得阿妹这	未
晚上和朋友去吃小龙虾，隔壁桌一小女孩问妈妈，妈妈，小龙虾回不了家它妈妈会不会着急呀她妈妈愣那了这时老板来解围：不会的，它们全家都在这	未
晚上和爷爷一起吃饭，爷爷为了6个孙子做了12个汉堡，但是只有我到了。我爱爷爷！看了很难过	未
晚上和爸妈通电话时聊了下他们的身体情况这么多年晚上手机都是关静音的，默默改成了允许特定来电的勿扰模式	未
晚上喝一杯，飞机上有吗	未
晚上喝白开水的朋友，再不看就晚了！	未
晚上回家做吧	未
晚上回家出地铁口以后等红灯过马路，马路对面路口有一辆摩拜，我就打开 app 先预约了。正等着红灯呢有个姑娘从我身后走出去闯红灯过了马路，然后占住那辆摩拜，掏出手机就开始要扫，不知道为啥等绿灯了我过了马路她还没开始扫，感觉是刚下载的 app 需要重新登录的样子我过去站她身后也不知道怎么开口打断她就看她在那关广告打开扫码界面扫前面的码闪光灯影响扫码扫半天没扫上又扫后面的从她闯红灯跑过去到扫出码整个过程大概持续了两分钟吧得，好不容易扫出来了显示这个车已经被人预约，她转过头来特别幽怨地看了我一	未
晚上回家就试	未
晚上在食堂打饭，阿姨头发掉了一根进去	未
晚上好呀米纳希望明天这个发型坐高铁别人不会以为我是二傻子	未
晚上害怕的时候就往床底下看看，记住，你不是一个人。	未
晚上就可以回家做来吃！	未
晚上就开哦，赶紧上末班车 //@芋圆多加点: 想送你们辣条，可是被屏蔽了你们看得到吗猛虎落泪.jpg	未
晚上平台抽	未
晚上开	未
晚上开啦！！！末班车最后转一发	未
晚上开车路况视线差记住这句顺口溜，瞎子都能把车开回家！	未
@晚上当白天过：这个是真的么这个大哥一直都在总医院门口附近，写着有假报警感觉不太像假的。	未
晚上想了一下我这个人，制约我生意做大的因素：脸皮薄 就说车厘子这个事，你要卖就大大方方的卖，有啥不好意思的，发广告呗，扭扭捏捏，又当又立的，不爱看广告划过去就行了呗，大家得利就行了，还不好意思，呸！ 吐自己一口老痰        车厘子原计划就是卖给渠道商，一手交钱一手交货，没那么多 ...全文	未
晚上我们约个直播吧，9点半聊聊空瓶吧，我渴望扔垃圾！	未
晚上我又来了	未
晚上我就想停个车	未
晚上才发现昨天写给一个学者的电邮里夸人家脱衣而出。赶紧补救。	未
晚上抽//@膽紀喂:那就转发抽一位送这张字和一堆乱七八糟的纸。12月5日开 查看图片	未
晚上揪50人脱非	未
晚上散步时和猫聊天，我问牠活了几次牠回答不计其数我问牠有越来越滿意吗牠回答对自己越来越滿意，但对人类越来越不滿意   每到深夜朱德庸总想和你说些什么	未
晚上有了一点时间，动员珞妮妈妈出去走走。珞妮不想出去，说太冷了。我说你可以自己在酒店里呆着，把门锁好。她说爸爸你是想让我开始适应自己一个人的生活吗我说没有这个意思，你一个人呆在酒店是你不想出去的唯一办法。她马上穿靴子，那我还是出去吧。到了火车站，把订好的票取出来，顺带把去沈阳的票也买好。幸亏来了车站，售票员发现我的票买错了：去长春和去沈阳的票买在了同一天，购票系统提示购票人与购买车次有冲突，需要退票或转签。售票员很细心地帮助核实，改签了车次。人简单总是好的，为了这个我心情大好。在车站等候我的学生前来汇	未
晚上朋友来家吃涮羊肉，我送孩子上课后，拐弯儿去买了几个烧饼。想着晚上人多，就买了10个。结果装完袋儿结账时候，店员说：2块钱一个，一共20，买10送一，给您装了11个。我一路上心里都不舒服，这种不齐整的数字让人太难受了。于是，我停在路边，吃掉一个，现在袋子里的数儿完美了	未
晚上朋友来家吃涮羊肉，我送孩子上课后，拐弯儿去买了几个烧饼想着晚上人多，就买了10个结果装完袋儿结账时候，店员说：2块钱一个，一共20，买10送一，给您装了11个我一路上心里都不舒服，这种不齐整的数字让人太难受了于是，我停在路边，吃掉一个，现在袋子里的数儿完美了	未
晚上来一发转发评论原微博抽10人平分2000现金红包！哇咔咔	未
晚上栗子会按大小个排号等你的	未
晚上气温更低，雪会更大！划重点：安徽南部浙江西北部的部分地区有暴雪！最大积雪深度410厘米，局地可超过15厘米。明早推窗见雪，堆雪人去！注意多穿点！超冷的	未
晚上没事儿，咱们都来聊聊自己犯傻的事儿吧我大概快三十岁的时候，才知道牙膏以及那些类似包装的东西，盖子上那个小尖头是用来戳破密封口的	未
晚上版	未
晚上狂踩油门1小时，海拉尔这个小区的居民头都要吵炸了！	未
晚上的成都太古里，潮男潮女一般都是成群结伴出没的	未
晚上的飞机回宁波今晚休息下明天开始直播[米奇比心]	未
晚上的餐补到了，12月的很大。	未
晚上睡不着，决定买个西兰公爵玩玩。据说一周就能受封完毕，请诸位下周四开始叫我琉白夫人。以后大家评论我之前先写一下My lady	未
晚上睡多久，决定你的寿命！这个点睡简直是不要命了！	未
晚上睡觉害怕的时候，只要把被子两侧向里折进来，再抬脚一下把底部的被子折进来，肩膀两处塞塞紧，顿时安全感爆棚。	未
晚上睡觉要不要关 Wi-Fi ？关于辐射的 5 个真相	未
晚上睡觉要不要关 W.i-F.i关于辐射的 5 个真相（丁香医生）	未
晚上经过蒙城这段路，一定要注意！	未
晚上继续直播啊再给你们种种草 捡捡漏	未
晚上，肇庆某村15人塘边开party，最后一锅熟。	未
晚上肥家试试看//@花腔大叔: 需要	未
晚上蒸了生蚝，锅有点小，本来想分几次蒸，后来直接把肉抠下来放盘里蒸了。生活的模样 母婴V时代微博视频 生活的模样	未
晚上被痛醒了，床单也被冷汗浸湿了现在吃药也没用，最奇怪的是躺着不动最疼，站着可以稍微缓解，目前站着看书中，也不知道这是什么鬼 2018年末位我好惨啊	未
晚上赶飞机怕没有地方吃饭下午3点就开始点外卖，压了一整碗粉进肚子（我12点才吃过），现在撑的肚子要爆炸。作孽哦	未
晚上跟朋友聊了几个著名历史人物（古代史）他从一个角度切进去推翻了一个既定认知，真的好可怕，不说了，这个论断我还没确认。只是逻辑层面上的合理，但是这个论断非常适合做剧。	未
晚上转，给大家发红包//@再睡一夏94:并看不到我	未
晚上香涛公园里发生的惊险一幕！	未
晚了，前几家公司，把韭菜们的智商税收到九十年以后了，也就是西历二一零八年。咱们来错地方了！我倒是觉得这个地方不错。韭菜成了穷鬼，没油水可榨了。劳资从来没想过骗穷鬼的钱。不骗穷鬼的钱骗谁的呀谁有钱骗谁的。开过公司吗没有。我告诉告诉你。网上开公司，要巧立名目，拉拢网红，拿钱给货。他们交了，才能让韭菜跟着拿钱。得钱之后，网红的钱如数奉还，韭菜的钱三七分成。怎么才七成啊那七成是人家的，能得三成还得看网红的脸色。我大老远从日本来一趟，就为看网红的脸色，我不成了跪	未
晚了，捞一捞	未
晚会就开，现在评论还来得及	未
//@晚农农业:为剁爷//@樊建川://@赵小怪的羽毛://@樊建川:不吃鱼翅燕窝鲍鱼及一切海鲜，不吃穿山甲蛇娃娃鱼野猪等一切野生动物，还不吃猫狗驴马羊等家畜，所以，我的食谱是很窄的，而且，非常家常甚至低端的。//@生如夏花Z7:舵爷有没有不爱吃的	未
晚安2018接近尾声，年初定的小目标，现在实现了多少	未
晚安 A piece of woodland. 当地时间11月27日，葡萄牙里斯本，一名女子站在圣诞树里拍照。	未
晚安 A song of ice and fire. 当地时间12月7日，俄罗斯克拉斯诺雅茨克，一对新婚夫妇在叶尼塞河岸边拍照。	未
晚安 At one pole. 当地时间12月10日，英国伦敦，一名铁杆留欧支持者举着标语偷袭电视直播，右图是他板子上的文字。过去一年，该男子一直伺机用留欧标语轰炸摄像机。发现电视台的临时直播间变高之后，他改变对策换了一根更长的杆子。	未
晚安 bye........ 微博视频	未
晚安 Counseling the queen. 当地时间12月5日，英国伦敦，在当地一家儿童慈善机构，92岁高龄的英国女王和一名8岁的小女孩一起装点圣诞树。	未
晚安 What are you looking at? 12月8日，北京，北京动物园的大熊猫滚滚在晒太阳。	未
晚安。东北人晚上睡觉是什么样的啊。是不是脱成赤条条钻棉被。	未
晚安乘机去旅游没到目的地又飞回重庆  航空公司：大雾影响取消后续航段飞行12月17日，何先生计划搭飞机去浙江舟山旅游，结果飞机从重庆起飞，经停阜阳后，却因为大雾取消了后续航段的飞行，又飞回了重庆郑先生说，航空公司说赔偿后续航段的损失，但他觉得整个行程都受到了影响华夏航空回应称 ...全文	未
晚安了各位，明天回北京吸雾霾六分钟到机场实在是太爽了，睡个懒觉喽八小时后见喽	未
晚安交大 秋日的银杏落满了冬天的味道我们也又度过了一年	未
晚安今天瞎忙一天，还好有个朋友帮我拿包，当了一天苦力，直到帮我把箱子送到酒店	未
晚安 今年的圣诞节就快要到了，大家觉得NBA球员中哪些球员贴上大胡子后最像圣诞老人哈晚安lmage via joeibraham	未
晚安今日话题女生有一万个发自拍的理由，你的是啥	未
晚安今日话题黑色星期五你购物了吗	未
晚安今题话题工作前后身材对比你们是什么样的反正我是越来越胖了	未
晚安 你的家乡在哪有多久没回家了	未
晚安光明日报虽然手机很好玩，但是不要熬夜了小心90后脱发活成60后2018.12.3（摄影：刘嘉丽）	未
晚安克拉 你能接受另一半年龄差几岁	未
晚安分享一首你最近单曲循环的歌吧！	未
晚安。医图医美 今天你们主任教育你们了么	未
晚安。医图医美 其实我最喜欢的是周五值班，周六早上就可以回家，平常可没这待遇。	未
晚安。医图医美 被猫舔是一种什么感受。	未
晚安南开 你知道人类最大的武器是什么吗是豁出去的决心。	未
晚安南开 绿蚁新醅酒，红泥小火炉晚来天欲雪，能饮一杯无	未
晚安 博客日签 这短短的一生，我们最终都会失去。你不妨大胆一些，爱一个人，攀一座山，追一个梦《大鱼海棠》	未
晚安原画人 天气太冷了不想画画，怎么办	未
晚安，各位乌克兰空军苏-27UB战斗机 via flickr@OnTheApproach Photography	未
晚安，各位 当地时间12月20日夜，驻阿富汗的美国陆军第四步兵师第一斯瑞克旅战斗队(SBCT)第12野战炮兵团第2营发射M777榴弹炮支援作战行动。	未
晚安，各位 沉没的挪威海军quot英斯塔quot号（F-313）护卫舰	未
晚安各位，睡前随手来一发啊 查看图片	未
晚安各位，睡前随手转一发呗，万一呢	未
晚安 听说今晚十二点之前睡觉的话，明天钱包不会少钱哦	未
晚安商界 今天我们要讨论的话题是德企员工为何不跳槽摘自《商界》2015年3月刊德国化工制造企业巴斯夫集团人力资源总裁，给出的一组数据是：全球来看，巴斯夫全球员工在入职后的前三年，自愿离开公司的比例平均为1.3。欧洲的员工流动率为0.6，北美为1.5，亚太为3.6。由此看来，欧洲 ...全文	未
晚安啦 微博视频 I Will Spend My Whole Life Loving You	未
晚安啦明天还要上班上学本巨星先休息咯你们也早点睡 微博视频	未
晚安噜（小声叮咛 微博视频	未
晚安夜话  今天的双12，大家有没有为自己的爱车配备一些东西呢	未
晚安夜话  你觉得多少钱的车才能称之为豪车	未
晚安夜话  您开车的时候有没有遇到过什么奇葩的故障	未
晚安夜话  您的爱车车牌号有什么特殊含义吗	未
晚安夜读  你不是善良，你就是怂前段时间，南京地铁站一则新闻让我惊呆了一中年大叔给老人让座后，一脸嘚瑟地质问旁边那个男孩子：你为什么不让座，我比你都大不仅如此，他还指责这个男孩：立刻放下你的二郎腿，不然我就踹你话还没说完，中年大叔还沾沾自喜地一脚踢向男孩的胸 ...全文	未
晚安夜读  你不是善良，你就是怂前段时间，南京地铁站一则新闻让我惊呆了。一中年大叔给老人让座后，一脸嘚瑟地质问旁边那个男孩子：你为什么不让座，我比你都大。不仅如此，他还指责这个男孩：立刻放下你的二郎腿，不然我就踹你。话还没说完，中年大叔还沾沾自喜地一脚踢向男孩的胸部。站在道德制高点，不能成为伤害别人的理由。很显然，这个举动引发众怒，见状，中年大叔顺势道歉，男孩只是乖乖地摇头说没事。整个过程中，男孩都在扮演着一个逆来顺受的角色：被打了，不气，被道歉了，没事。但是我却心酸不已，孩子，你的佩剑呢	未
晚安天气寒冷 早点睡觉	未
晚安家人今年上市紧凑型车中，你最中意谁	未
晚安家人今晚，大家来聊聊你见过最没有素质的司机是什么样的吧	未
晚安家人 你买车的时候，是更在意自己的用车感受还是别人的眼光	未
晚安家人你在的城市，车内此刻多少温度	未
晚安家人国六排放要来了，你会去买国五排放的车么	未
晚安家人近日有专家表态，油价过低会伤害新能源！这件事你怎么看呢	未
晚安家人高速路遇上障碍物，你是选择躲开还是撞上去	未
晚安小姐姐们，今晚就不给你们安排对象了，早点休息，886	未
晚安，山城你因为什么奇葩的理由哭过	未
晚安，广州 冷冷的夜，已经完成重大任（xi）务（zao）的天气君要进被窝了，晚安，希望明天重启次数少一些	未
晚安，广州小编8天气不开空调，不开风扇尊重十二月，从我做起	未
晚安，广州 明天穿得和今天差不多啦，也可以稍微薄一点，因为明天白天不怎么下雨了，体感温度比今天高	未
晚安，广州 目前除了增城南部和南沙南部还没有雨，广州大部都已经进入湿冷的攻击范围伙伴们赶紧张开被窝结界早点睡吧	未
晚安 当地时间12月10日，美国洛杉矶，詹姆斯与韦德的最后一战。quotSome people say you shouldnt be friends with your competitors... I think people have seen and recognize that even with our friendship... we pushed each other when we were playing against each other.quot  LeBro	未
晚安故事 怪物别墅	未
晚安故事 鸭子开车记	未
晚安明天继续剧透咯	未
晚安。//@李_配弦:当利益远超风险时，一切都会变的合情合理，可能真的只是时间问题。道路的尽头是崩溃和死亡。 太悲观了	未
晚安杭州来聊聊你为什么来到/ 留在杭州	未
晚安树洞 大雪，十一月节。大者，盛也。至此而雪盛矣。《月令七十二候集解》天气很冷了，大家都多穿一些呀	未
晚安，比基尼海滩的每一个人。	未
晚安江苏 吃过这个吗你们那管这叫什么评论里找老乡	未
晚安江苏小游戏，输入ccc，看看打出来的都是什么鬼	未
晚安河南洛阳记者传图雪下的还不小呐，不过不一会就停了。2018年真的要结束了呢晚安各位 查看图片	未
晚安河南还记得你年初的小目标吗刚看到一段扎心的网友留言：2019年我的目标是：完成2018年那些本该在2017年完成的我在2016年就信誓旦旦要完成2015年制定的目标！	未
晚安 注意安全 注意身体 注意休息 注意一切的一切	未
晚安海南衣衫褴褛的他，捐出1000元，说报纸上看到助学计划，也想捐点正执勤的他，寒冬中脱下手套牵起老人的手，送她回家他戴着颈托连做6台手术，只因不想患者等太久...总有一些人，让我们看到这世界上的善与美。哪怕无名，依旧温暖 今天，为这些不期而遇的温暖转发。via.人民日报	未
晚安海南衣衫褴褛的他，捐出1000元，说报纸上看到助学计划，也想捐点正执勤的他，寒冬中脱下手套牵起老人的手，送她回家他戴着颈托连做6台手术，只因不想患者等太久...总有一些人，让我们看到这世界上的善与美哪怕无名，依旧温暖 今天，为这些不期而遇的温暖转发via ...全文	未
晚安，湖北既然是做梦，那不妨做大一点，一不下心就实现了呢晚安	未
晚安绘本  背着门板旅行的驴	未
晚安讨论帖我大法鸡团宠你选格子还是坎特FiersdetreBleus 法国队	未
晚安请君试问东流水，别意与之谁短长体育V势力	未
晚安贴不想面对工作，我可能要被梦境封印了	未
晚安郑州 送走雨雪，迎来冷空气主体就告诉你一个字：冷！预计明天最低气温将下降至零下5度，最高气温只有1度没别的，就是冷 小可爱们，记得穿厚点	未
晚安，重庆 你老家在哪现在人在哪里相同的评论里打个招呼鸭	未
晚安，重庆大家对你的家乡有什么误解	未
晚安，重庆就问你现在多少岁了评论区凭眼缘互粉	未
晚安重庆 工作日你的手机闹钟设了几点	未
晚安，重庆跟朋友家人吃饭的时候该不该玩手机	未
晚安，重庆//@重庆事儿:表白重庆//@吃在重庆:赏水之潋滟//@重庆吃喝玩乐精选:观楼之起伏[给你小心心]重庆生活	未
晚安，需要看手机报价来围观	未
晚安，韦德命运若是三千场福祸，但愿路上再次爱过。	未
晚宴开始。	未
晚宴池VS夜宵池	未
晚年在河南辉县一边开堂讲学，一边教诫族中子弟	未
晚报早头条 1低速电动车能否驶上正轨，工业和信息化部等六部门整顿城市交通顽疾230万尾鱼游入滇池，昆明市民热情参与放鱼活动 340年来我省教育经费投入翻了619.86倍4观鸥季每逢周末及节假日，海埂片区4条道路调整为单行5昆明网络文化节闭幕，春城晚报获优秀组织奖。详情请关注春晚晚报客户端。	未
晚报早头条元旦到勐腊，跨年跨境跑截至2017年全省高速公路通车里程达5022公里昆明宜家建成啥样昨天又传来新消息黑松露八成销往省外为何在云南不吃香。详情请关注春城晚报客户端。	未
晚报菌提问 亲人去世还发朋友圈  你在自己的朋友圈有看到过类似的吗______（图via.@鬼大爷）	未
晚报菌提问今天大家都在讨论伴侣送礼太丑要说吗至于没伴侣的（莫名心酸ing），一起来说说你送出过的最贵的礼物是______	未
晚报菌提问 今年，你买过最贵的一样东西是啥______	未
晚报菌提问你们 每天起床第一件事 是啥______	未
晚报菌提问 你们觉得自己发的红包可以抢吗________不管是别人还是自己发的，永远是抢的最少的那个 有没有一样的！	未
晚报菌提问 你们觉得 轮休和双休哪个好 ______单休和不休的，484默默飘过了... via.@瓜组速报姐	未
晚报菌提问 你是哪一年出生的______想看看这条微博的评论里，哪个年份的最多	未
晚报菌提问 你 现在最想和谁见面______[给你小心心]	未
晚报菌提问 你自己挑食可以到什么程度网友们的自曝家丑让你意识到对吃讲究的绝对不是只有你一个人你认识的人有什么怪癖	未
晚报菌提问 冬季水果C位 你最pick的是______我投柚子一票	未
晚报菌提问 哪句话是你一看到就一定能唱出来的评论里写下来，大家一起唱吧这句话是用来唱的	未
晚报菌提问 如果按照体重给你发工资 1斤肉100块！那你会收到______	未
晚报菌提问 微信通讯录拉到最底！你有多少个联系人______	未
晚报菌提问 来做一道选择题！这个怎么读______ via.@中国新闻网	未
晚报菌提问 留下你的姓名缩写！让其他童鞋给你起个新名字______	未
晚报菌提问 说出你的姓氏______！想看看评论里姓什么的最多	未
晚报菌提问 说说你名字的第二个字______！看看有多少人和你一样[米奇比心][米奇比心]	未
晚报菌提问 这个在你们那儿，叫啥______	未
晚报菌提问 都来说说，你每个月刚刚到手的工资 是怎么归零的	未
晚报  西安第一家海底捞开业近20年后永久停业	未
晚报速读不想被贴罚单赶紧看！在焦作城市道路车辆停放有规定啦	未
晚旗报：穆帅在等待皇马将他从曼联的痛苦中解救出来根据伦敦晚旗报记者James Robson报道，穆里尼奥相信皇马已经做好了准备，会把他从曼联的痛苦中解救出来这位55岁的主帅已经意识到佛罗伦迪诺有意把他带回伯纳乌，他对穆里尼奥的回归持开放态度，穆帅5年前离开了皇马，他仍然是佛罗伦迪诺 ...全文	未
晚明三大案之前需要知道这两案，否则难以正确解读三大案文史宴	未
晚期资本主义的顶点在被抗议的火光照亮的巴黎，有一张照片在社交媒体疯传：外面的街道硝烟弥漫，一位女子在街边的汉堡王内举着手机，面露笑容。两个世界，只隔了一道玻璃。不少人似乎将玻璃窗内外两个截然不同的世界，以及女子的笑容，看作是这个时代荒诞的象征，流露出一种无奈失望自嘲的情绪。在国外论坛Reddit上，该照片甚至登上了头版，楼主这样写道：很少有照片能如此准确地捕捉一个时代的精神。而在推特上，有人为这一幕配文：晚期资本主义的顶点。	未
晚来冷风吹雪花一片二片许多片，乱纷飞红炉暖，酒余温谁能与我共举樽下雪了冷冷冷	未
晚来天欲雪，能饮一杯无你的城市下雪了吗	未
晚清大变局中的慈禧难题  先知书店	未
晚清官报之样板《北洋官报》为何能出三千多期？	未
