父亲把儿子送进养老院又一部印度神作来了	未
父亲抱着棉被去儿子家，被儿媳一个馒头打发，结果...	未
父亲拒治白血病儿子后续 现身独家对话	未
父亲拒绝治疗白血病儿子，现身独家对话：治愈率80以上，我为何选择放弃	未
父亲是公交司机，母亲是裁缝	未
父亲死后留下25万，女儿半年没输对密码，6岁外孙的话让她醒悟	未
父亲每月都给儿子打钱，直到去了趟学校才知道，取钱的早不是儿子	未
父亲求儿子将他送去养老院，儿子得知内情后，狠扇了媳妇一巴掌	未
父亲烧掉女儿大学通知书，被恨20年，去世后整理遗物女儿泪崩	未
父亲烧掉女儿大学通知书，被恨20年，去世后整理遗物女儿泪目	未
父亲特有的直觉。。准到你不得不信。。。	未
父亲牺牲三年，儿子参加高考，母亲却接到了父亲的电话！	未
父亲理发的老推子	未
父亲生前欠下二十万，孝顺女儿替父还债后，却获得父亲六十万遗产	未
父亲生病失去劳动力，自己至今未婚，应该怎么办	未
父亲留下百万现金，弟弟只要了一万，哥哥路上偷乐，回到家后哭了	未
父亲病重去世，竟让张娜丢了工作。她原本是国融证券员工，去年11月，在她休假一个月料理完后事回到工作岗位后，补交的休假申请却没被审批通过，反而接到了解除合同通知书。法院认定该单位属违法解除，应向张娜支付违法解除劳动关系经济赔偿金但对于员工主张的补发2017年年终奖的诉求，法院未予采纳。券商中国记者采访国融证券内部人士，此事或另有隐情。券商员工父亲重病去世，没走请假流程遭解聘，双方对簿公堂	未
父亲的信号灯	未
父亲的参与 The Involved Father	未
父亲的时间 A Fathers Time	未
父亲的烟袋	未
父亲看病花去大笔钱，取钱发现钱没了，孩子：不知道会花爸爸的钱	未
父亲突然客死异乡，女儿赶来义乌寻求真相...	未
父亲系明星官员离任时百姓哭送 他却以权谋私生活奢靡	未
父亲给了儿子尊严。	未
父亲节来临 揭秘别国父亲最想要什么礼物	未
父亲葬礼上小布什给米歇尔塞糖?美媒这样说	未
父亲虐待女孩2年，父亲去世后女孩暗中窃喜，看到自己书包后傻住	未
父亲说，自己加入支付宝的相互宝原是为了帮别人，结果却被大家帮助。这大概就叫善意被善意相待。	未
父亲车祸去世，女儿第一次进入“秘密房间”，瞬间气炸！	未
父亲重病，失踪几年的儿子突然送来救命钱，孝还是不孝	未
父亲集团破产后，竟把女儿送给富二代，结果三年后...	未
父亲驾车连撞五车，儿子顶包做伪证，海口这两父子最终被	未
父亲驾车连撞五车，孝顺儿子顶包，海口这两父子最终被	未
父坐牢母改嫁，5岁女孩撑起一个家！看哭	未
父子两代人割舍不下的皮影情	未
父子二人拒绝接受车辆检查 打伤4名交警已被控制	未
父子二人申请签证遇难	未
父子互吹上回里贝里吹阿拉巴世界波，这回赛后轮到刘星吹里贝里的绝杀球啦	未
父子俩	未
父子俩去饭店吃饭，看傻老板娘	未
父子俩打伤4名交警 视频在当地热传	未
父子源招聘，不止高薪	未
父权社会繁荣稳定发展的时候女人的日子也会相对好过一点，这大概相当于主子吃肉奴隶也能跟着喝点汤，一旦发展受阻经济下行，父权的大刀首先就砍向女人2018年全球经济下行，父权国家女人的日子都不好过，女性权益倒退中国尤其令人触目惊心令人发指，直接从对女人的身体伤害下手，今年一年惨死的女人 ...全文	未
父母为什么不让女儿远嫁看完沉默了...... 你赞同远嫁吗	未
父母为她买房反遭打骂，40岁单身女：我们这代独生子女就要啃老四川南充，一对老夫妻用女儿陈某的身份证买房，不料却将女儿惹恼，随后发生激烈争执，老人报警7旬夫妻说，女儿脾气暴躁，经常打骂他们民警介绍，陈某40多岁，未婚，同父母一起居住，一直不愿上班就想到处耍你怎么看 ...全文	未
父母发泄神器//@主治医湿://@大佐:连昨天的都呕出来了//@阿徒MementoMori: 太有效了吧//@哥布林机车: //@Mobscene_: ???//@酸萝卜二狗: @天才小熊猫 //@ALEX无畏 :卧槽//@NOVA09-Glaz莉 ://@人的信仰事人自己 ://@进击的阿木君 :哈哈哈哈哈哈哈哈哈哈	未
父母取名禤靐龘，男生崩潰：同學都叫我喂	未
父母在，不远游！	未
父母对你说过哪些伤人的话	未
父母带100个包子坐飞机看望儿子 托运费578元：儿子吃得香，值！11月15日，周建玲24岁的儿子坤坤打来电话，说工作后第一次发了工资，给父母定了往返上海的机票，邀请他们到上海过一个周末于是，周建玲与丈夫从西安乘飞机到上海，还带上了自家包的100个包子，2斤腊牛肉和3大瓶自制辣酱到机 ...全文	未
父母带100个包子坐飞机看望儿子 托运费578元：儿子吃得香，值！11月15日，周建玲24岁的儿子坤坤打来电话，说工作后第一次发了工资，给父母定了往返上海的机票，邀请他们到上海过一个周末。于是，周建玲与丈夫从西安乘飞机到上海，还带上了自家包的100个包子，2斤腊牛肉和3大瓶自制辣酱。到机场发现托运费要578元，周建玲说，比包子本身都贵，但后来看到儿子吃得那么香，觉得值了。（华商报）父母带100个包子坐飞机看望儿子 托运费578元：儿子吃得香，值	未
父母带100个包子坐飞机看望儿子 托运费578元：儿子吃得香，值！24日下午，48岁的周建玲在朋友圈发文：周末上海行，包子饺子扯面，儿子说，我发工资了，给你们订往返的机票，过来一趟吧......收拾行李，去了，带的都是儿子爱吃的，还默默地在机场交了近600元托运费，亲娘呀！同时，周建玲还附上包子的照片，现包饺子以及正在做扯面的照片，朋友圈瞬间引来很多朋友点赞和评论。儿子爱吃牛肉泡馍，夫妻俩还专门买了腊牛肉，打算去上海做。大家纷纷感慨亲娘的伟大，周建玲却说，孩子已经成人成才，她现在正在	未
父母带100个包子坐飞机看望儿子 托运费578元：儿子吃得香，值！近日，48岁的周建玲与丈夫从西安乘飞机到上海看望儿子。儿子从武汉大学毕业后又在新加坡读了硕士，刚在上海工作，第一个月发工资邀请父母去上海。周建玲就带了自家包的100个包子，2斤腊牛肉和3大瓶自制辣酱。到机场发现托运费要578元，比包子本身都贵，但周建玲看到儿子吃得那么香，觉得值了。据@华商报满满亲情：西安妈妈蒸百个包子飞上海看儿子，托运费578元	未
父母带100个包子坐飞机看望儿子 托运费578元：儿子吃得香，值！近日，48岁的周建玲与丈夫从西安乘飞机到上海看望儿子儿子从武汉大学毕业后又在新加坡读了硕士，刚在上海工作，第一个月发工资邀请父母去上海周建玲就带了自家包的100个包子，2斤腊牛肉和3大瓶自制辣酱到机场发现托运费要 ...全文	未
父母带100个包子坐飞机看望儿子 托运费578元：儿子吃得香，值！近日，周建玲与丈夫从西安乘飞机到上海儿子，带了自家包的100个包子，2斤腊牛肉和3大瓶自制辣酱到机场发现托运费要578元，周建玲说，比包子本身都贵，但后来看到儿子吃得那么香，觉得值了（华商报）网页链接	未
父母带100个包子坐飞机看望儿子 托运费578元：儿子吃得香，值！近日，周建玲与丈夫从西安乘飞机到上海儿子，带了自家包的100个包子，2斤腊牛肉和3大瓶自制辣酱。到机场发现托运费要578元，周建玲说，比包子本身都贵，但后来看到儿子吃得那么香，觉得值了。当初为了拉妈妈过来，母子间还发生过这么一段有趣的对话：儿子：妈，我发工资了，给你和我爸买了往返上海的机票。妈：妈妈工作特别忙。儿子：离开你地球转吗?妈：转。儿子：那就转到上海来。 为这对有爱的母女点赞[给你小心心] @华商报 网	未
父母带100个包子坐飞机看望儿子 托运费578元：儿子吃得香，值！近日，周建玲与丈夫从西安乘飞机到上海看儿子，带了自家包的100个包子2斤腊牛肉和3大瓶自制辣酱到了机场发现，托运费要578元！周建玲说：比包子本身都贵，但后来看到儿子吃得那么香，觉得值了网页链接 via.@华商报	未
父母带100个包子坐飞机看望儿子！托运费578元：儿子吃得香，值！近日，周建玲与丈夫从西安乘飞机到上海看儿子，带了自家包的100个包子2斤腊牛肉和3大瓶自制辣酱。到了机场发现，托运费要578元！周建玲说：比包子本身都贵，但后来看到儿子吃得那么香，觉得值了。网页链接 via.@华商报	未
父母带100个包子坐飞机看望儿子 托运费578元：儿子吃得香，值！近日，周建玲与丈夫从西安乘飞机到上海看望儿子，他们带了自家包的100个包子2斤腊牛肉和3大瓶自制辣酱两大箱子行李，到机场发现托运费要578元她说：看到儿子吃得那么香，觉得值了网友：满满都是爱，想吃妈妈做的饭了 ...全文	未
父母带100个包子坐飞机看望儿子 托运费578元：儿子吃得香，值！近日，西安的周建玲与丈夫从西安乘飞机到上海看儿子，带了自家包的100个包子，2斤腊牛肉和3大瓶自制辣酱到机场发现托运费要578元，周建玲说，比包子本身都贵，但后来看到儿子吃得那么香，觉得值了据了解，周建玲的儿子从武 ...全文	未
父母带100个包子坐飞机看望儿子 托运费578元：儿子吃得香，值！近日，西安的周建玲与丈夫从西安乘飞机到上海看儿子，带了自家包的100个包子，2斤腊牛肉和3大瓶自制辣酱。到机场发现托运费要578元，周建玲说，比包子本身都贵，但后来看到儿子吃得那么香，觉得值了。据了解，周建玲的儿子从武汉大学毕业后，又在新加坡国立大学读了硕士，刚刚入职上海一家国企。第一个月刚发工资就给父母买了来沪的往返机票。@武汉大学 你们校友的爸妈都有这么有爱吗父母带100个包子坐飞机看儿子 托运费578元比包子还贵	未
父母帮我带孩子，是情分还是义务生活中，老人帮子女带孩子的情况非常普遍，有年轻人对老人帮自己带孩子心怀感恩，也有人觉得这是理所应当。你认为老人帮带孩子是应当的吗中国青年报的一项调查显示，53.9的受访者称家中小孩是爷爷奶奶帮忙带的，41.0的受访者是外公外婆帮忙带。42.7的受访者认为老人帮子女带孩子是应当的，30.7的受访者不这样认为。老人帮子女带孩子，63.4的受访者认为年轻人要跟老人多沟通，对老人多忍让，58.7的受访者认为年轻人要尊重老人，让老人心情愉快。父母帮我带孩子，是情分还	未
父母帮我带孩子，是情分还是义务生活中，老人帮子女带孩子的情况非常普遍，有年轻人对老人帮自己带孩子心怀感恩，也有人觉得这是理所应当媒体一项调查显示，53.9的受访者称家中小孩是爷爷奶奶帮忙带的，41.0的受访者是外公外婆帮忙带的42.7的受访者认为老人帮子女带孩子是应当的，30.7的受 ...全文	未
父母帮我带孩子，是情分还是义务生活中，老人帮子女带孩子的情况非常普遍，有年轻人对老人帮自己带孩子心怀感恩，也有人觉得这是理所应当。媒体一项调查显示，53.9的受访者称家中小孩是爷爷奶奶帮忙带的，41.0的受访者是外公外婆帮忙带的。42.7的受访者认为老人帮子女带孩子是应当的，30.7的受访者不这样认为。这事你怎么看（央视网）	未
父母怎样劝导你的恋情网友：怕找不到对象同性也愿意	未
父母教育孩子的主要任务是陪写作业吗？不对	未
父母早年离异 子女仍应赡养	未
父母的嘴，决定孩子的路	未
父母的焦虑，给孩子传递的信息是你不如我	未
父母看管得严	未
父母离婚，女儿跟着父亲过，一天看见继母的手，女儿慌忙报了警	未
父母管的太宽怎么办，看看大学生们怎么说	未
父母越老越薄情得知真相后，我哭了	未
父母越老越薄情，得知真相我哭了！	未
父母越老越薄情，得知真相我哭了	未
父母辛苦养蜂几十载，一直恪守本分，不卖假蜜，却常同行嘲笑自命清高。因为没有信息源，每年收获的蜂蜜只能卖给蜜贩子，好好的蜂蜜都被拿去勾兑！每次看到父母把蜂蜜卖给蜜贩子时，一脸惋惜而又无奈的表情我都会有一股心酸！真金不怕火炼，我家的蜜保证是纯蜜，希望好心人帮转，谢谢	未
父母辛苦养蜂几十载，一直恪守本分，不卖假蜜，却常同行嘲笑自命清高因为没有信息源，每年收获的蜂蜜只能卖给蜜贩子，好好的蜂蜜都被拿去勾兑！每次看到父母把蜂蜜卖给蜜贩子时，一脸惋惜而又无奈的表情我都会有一股心酸！真金不怕火炼，我家的蜜保证是纯蜜，希望好心人帮转，谢谢	未
父母辛苦养蜂几十载，一直恪守本分，不卖假蜜，却常同行嘲笑自命清高因为没有信息源，每年收获的蜂蜜只能卖给那些蜂蜜贩子，好好的蜂蜜都被拿去勾兑！每次看到父母把蜂蜜卖给贩子时，一脸惋惜而又无奈的表情我都会有一股心酸！真金不怕火炼，我家的蜜保证是纯蜜，希望好心人帮忙转发 ...全文	未
父母辛苦养蜂几十载，一直恪守本分，不卖假蜜，却常同行嘲笑自命清高。因为没有信息源，每年收获的蜂蜜只能卖给那些黑心的商家，好好的蜂蜜都被拿去勾兑！每次看到父母把蜂蜜卖给黑心商人时，一脸惋惜而又无奈的表情我都会有一股心酸！真金不怕火炼，我家的蜜保证是纯蜜，希望好心人帮忙转发	未
父母辛苦养蜂几十载，一直恪守本分，不卖假蜜，却常同行嘲笑自命清高因为没有信息源，每年收获的蜂蜜只能卖给那些黑心的商家，好好的蜂蜜都被拿去勾兑！每次看到父母把蜂蜜卖给黑心商人时，一脸惋惜而又无奈的表情我都会有一股心酸！真金不怕火炼，我家的蜜保证是纯蜜，希望好心人帮忙转发	未
父母：这都谁孩子啊，谁要谁领走网友：我还是云养娃吧，哈哈哈哈哈	未
父爱如山，为孩子遮风挡雨，不管有多少心酸与苦累都自己扛下来。褪去稚嫩外衣的我们似乎更懂得自己的父亲了，但在父亲的眼中你依旧是他最爱的孩子。记忆中你的父亲是什么样子呢	未
父爱如山。。。体滑坡	未
父爱如山 向信阳这位住在漏风工棚里的父亲致敬！人民日报转发了	未
父爱如山！居民楼起火父女被困 父亲以背挡火护女逃生广州上步村一民房起火，一对父女被困。父亲打开防盗网安全出口，用网线绑住女儿，将其吊着缓降至6楼防盗网雨篷顶。为护女儿，爸爸背部和两臂被烧得发红脱皮，女儿穿着外衣，几乎没有受伤。最终父女被安全救出。	未
父爱如山！居民楼起火父女被困 父亲以背挡火护女逃生有这样一件事：广州上步村一民房起火，一对父女被困。父亲打开防盗网安全出口，用网线绑住女儿，将其吊着缓降至6楼防盗网雨篷顶。为护女儿，爸爸背部和两臂被烧得发红脱皮，女儿穿着外衣，几乎没有受伤。最终父女被安全救出。	未
父爱如山！河南17岁少女全身重度烧伤，父亲割皮救她却谎称在外打工	未
父爱如山！花季少女全身八成烧伤 父亲割皮救女10月，河南新乡的17岁少女李辰玺，因家中厨房液化气泄漏引起爆炸，导致全身80皮肤烧伤李辰玺与父亲特别亲，她问了好几次爸爸怎么没回来，妈妈含泪说，爸爸在外面上班其实，李辰玺不知道，爸爸就躺在她楼下的一张病床上爸爸将自己一整条 ...全文	未
父爱如山！花季少女全身八成烧伤 父亲割皮救女10月，河南新乡的17岁少女李辰玺，因家中厨房液化气泄漏引起爆炸，导致全身80皮肤烧伤。李辰玺与父亲特别亲，她问了好几次爸爸怎么没回来，妈妈含泪说，爸爸在外面上班。其实，李辰玺不知道，爸爸就躺在她楼下的一张病床上。爸爸将自己一整条左腿上的皮肤移植给了她。（北青报）	未
父老乡亲们快来围观，大足街头遇到车上有这种车贴的，请注意！	未
父苦谣母苦谣乐观谣 太精辟！	未
爷们	未
爷孙俩骑着电动车倒地西安的哥忙追上去提醒肇事司机今天上午，在纺织城附近，马先生骑电动车送孙子上学时，被一辆面包车撞倒，孙子被甩出去两米多远。面包车司机未发觉，所以并没有停车。路过此处的出租车司机程师傅追出一公里后，赶上了面包车，告诉司机他刚才撞倒了人。得知情况后，面包车司机要带马先生和孩子去医院检查。因两人没受伤，再加上孙子坚持要去上学，于是马先生送孩子去了学校。回来时，面包车司机还在原地等待，并表示出现不适随时打电话找他。马先生说，想当面给热心的出租车司机说声谢谢。华商报记者 王娜	未
爷爷倒车意外碾压孙儿，又是这个原因每位深圳家长都该看看！	未
爷爷倒车碾压1岁孙儿，又是这个原因每位深圳家长都该看看！	未
爷爷倒车碾压一岁孙子！谁之过	未
爷爷出殡当天，遇结婚车队挡路，结果...	未
爷爷去世时也不敢回家！男子原本身家千万，却因爱做这事变成逃犯......	未
爷爷奶奶对不起，5年后再见！厦门俩10岁女孩离家出走，竟因为...	未
爷爷带大的。 微博视频	未
爷爷开门看到孙女的反应年纪越大泪点越低，想着自己的爷爷奶奶控制不住自己的眼泪。从小爷爷奶奶最宠我了，我上小学我的作业都是爷爷在辅导，之后每次放假回家都会准备我最爱吃的。奶奶常对我说，你爷爷把最好的东西都留给你，连我都舍不得给。现在我长大了，我也会把最好的给你们。希望我的爷爷奶奶健康长寿！	未
爷爷开门看到孙女的反应珍惜每一个和老人们在一起的时刻，有可能下一次相逢，就是阴阳两隔了	未
爷爷 您还钱吧	未
爷爷打井，3岁孙子非说地下有个小人，爷爷不信连挖三铲	未
爷爷的差错  徐倩返乡画像	未
爷爷的教诲：	未
爷爷的股东会正在开吗	未
爷爷粗心大意丢失孩子，民警全力齐心帮助找到家人！	未
爷爷自酿的茅台原浆酒，可以帮忙买一点吗 今晚九点半雇用模特拍照编造身份背景依照剧本聊天从茅台镇酒作坊以每瓶20元至40元的价格购买白酒，用微信冒充美女以十倍以上的价格推销，日前，湖北省武汉市新洲区检察院办理一起利用微信假扮女性引诱他人高价购买白酒的团伙诈骗案，并将该团伙骨干裴苏洋陈思琴刘凯等30名犯罪嫌疑人依法批准逮捕。（周晶晶 吕继强） 爷爷自酿的茅台原浆酒，可以帮忙买一点吗 今晚九点半	未
爷爷自酿的茅台原浆酒，可以帮忙买一点吗雇用模特拍照编造身份背景依照剧本聊天日前，湖北省武汉市新洲区检察院处理一起利用微信假扮女性引诱他人高价购买白酒的团伙诈骗案，并将该团伙骨干裴苏洋陈思琴刘凯等30名犯罪嫌疑人依法批准逮捕（检查日报） ...全文	未
爷爷自酿的茅台原浆酒，可以帮忙买一点吗雇用模特拍照编造身份背景依照剧本聊天日前，湖北省武汉市新洲区检察院处理一起利用微信假扮女性引诱他人高价购买白酒的团伙诈骗案，并将该团伙骨干裴苏洋陈思琴刘凯等30名犯罪嫌疑人依法批准逮捕。（检查日报）爷爷自酿的茅台原浆酒，可以帮忙买一点吗 今晚九点半	未
爷爷让我帮他买烟，我不去，爷爷：不听老人言，吃亏在眼前，说完扇了我一巴掌	未
爸，在忙吗这两天，杭州多位家长收到这种短信，必须提高警惕！	未
爸妈不在家，义乌5岁孩子给陌生人开了门，没想到...	未
爸妈你们在哪出生3天被送人！50年后她回大连寻亲	未
爸妈去哪了小哥俩从拉堡走了近20公里路到市区玩	未
爸妈哪些举动让你觉得自己是马路边捡来的	未
爸妈学会这些护理知识，就能让宝宝少生病少受罪！	未
爸妈用智能手机遇困难咋办？ 现在有个新方法	未
爸妈给儿取名“禤靐龘” 网友：名没写完别人交卷了	未
爸妈要我养弟弟该不该养他武冈拼车租房找工作停电通知...	未
爸妈说敢养宠物就不要我这个儿子了，最后果然不要我了只要狗......	未
爸，我想做酒店！	未
爸爸一早连发80条朋友圈，酬金从20万涨到50万，11岁儿子失踪5天仍未找到，揪心！11月30日下午，11岁的乐清男孩小黄在放学回家路上失踪，自此之后，家人警方和志愿者开始了全城搜索。早前报道《浙江11岁男孩放学回家路上失踪，四天了！》在全城搜索的时候，一些说孩子已经找到的消息也在朋友圈，微信群等各种社交软件上流传开来。今天上午，通过与警方以及志愿者方面确认，记者得知孩子目前还是下落不明，这些消息纯属谣言。（都市快报）	未
爸爸二婚继母把我赶出门，多年后回家，父亲给我一摞纸我哭成泪人	未
爸爸，你什么把那三座楼买了一会儿。	未
爸爸又杀人	未
爸爸和两个姐姐都死于急性心肌梗死，20岁的他能否逃过宿命	未
爸爸妈妈，你们在哪18岁美籍女孩回安徽寻亲	未
爸爸妈妈你们在哪8岁女孩红福豆要寻亲 曾演过电影如今却住进救助站 杭州爆料近日，杭州未成年人保护中心来了一个8岁女孩。小姑娘很漂亮，而且能言善道显得十分早熟，却对家庭信息刻意回避，只说有记忆开始就跟着一个叫露露的姐姐一起生活。前几天，因为露露指使她在下沙某大学盗窃手机，两人当场被抓，露露进了派出所，她也就到了未成年人保护中心。交谈中，红福豆说自己曾在横店拍过电影，演的是一只小狐狸，工作人员根据发音进行搜索后，果然找到一部名为《狐闹干探》的电影，果真在里面找到了这个小姑娘。另外，	未
爸爸妈妈你们在哪8岁女孩红福豆要寻亲！曾演过电影如今却住进救助站杭州爆料近日，杭州未成年人保护中心来了个8岁女孩。小姑娘很漂亮，能言善道十分早熟，却对家庭信息刻意回避，只说一直跟着叫露露的姐姐一起生活。前几天，因为露露指使她在下沙某大学盗窃手机，两人当场被抓，露露进了派出所，她也就到了未成年人保护中心。交谈中，红福豆说自己曾在横店拍过电影，演的是一只小狐狸，工作人员根据发音进行搜索后，果然找到一部名为《狐闹干探》的电影，红福豆自称还跟吴秀波一起演过古装片。红福豆的真名到底叫什么她	未
爸爸将儿子游戏机锯成两半 获称年度父亲爸爸笑着打开了电锯，然后将一台价值3500元人民币的PlayStation游戏机切成了两半，身边还有一个朋友拿着手机在拍摄切割过程。 爸爸将儿子游戏机锯成两半 获称年度父亲	未
爸爸带孩子从来不会让我们失望//@鬼才君:勿扰模式//@我宇太阳肩并肩:孩子妈看到了想打人//@娱小影:哈哈哈哈哈哈哈哈哈快理一下小宝贝吧//@神经病有所好转:奶爸已开启飞行模式	未
爸爸您有什么事瞒着我	未
爸爸，我的病什么时候才好啊?古蔺女孩患怪病12年，父亲倾尽所有	未
爸爸，我要报个培训班！乖孩子，爸爸立刻给你打钱，结果	未
爸爸，是不是越有钱就越了不起刷爆了朋友圈！	未
爸爸没有零封的命（//@皇马球迷俱乐部:梅里亚破门，皇马5-1梅里亚	未
爸爸爸爸！戴着手铐，他见到了病危父亲最后一面12月10日，浙江衢州医院，赖某来到老父亲床前，忍不住呜咽。赖某今年3月因涉嫌开设赌场被抓获。其家属提出见面请求时，没想到衢江警方和检察院会促成了这次特殊的父子见面。赖某走后几分钟，他的父亲就去世了。他说自己一定改过自新。（民生66）@浙江公安 戴着手铐，他见到了父亲最后一面	未
爸爸留下100元后离世，12岁男孩辍学养家：撑不下去的时候，看看这些照片吧	未
爸爸竟让8岁女儿开车，还拍抖音炫耀！	未
爸爸管钱，妈妈管账，我管投资，我们家是三权分立的，但我们首先是一家人。	未
爸爸车祸去世，7岁女孩不肯跟妈妈走，独自照顾七旬爷爷奶奶	未
爸爸连发80条朋友圈寻子 酬金从20万涨到50万11月30日下午，11岁的乐清男孩小黄在放学回家路上失踪，自此之后，家人警方和志愿者开始了全城搜索在全城搜索的时候，一些说孩子已经找到的消息也在朋友圈，微信群等各种社交软件上流传开来今天上午，通过与警方以及志愿者方面确认，记者得知 ...全文	未
爸爸驻村去了（视频组图）	未
爸，给我一万块钱，都看看吧！	未
爽吗睡在80米的上海深坑酒店里	未
爽！川渝高速路省界收费站将取消！你们猜过路费还交不交	未
爽干了我一直想干的事//@Tiger公子:什么牌子，车头居然没事//@全是沙雕:内容引起极度舒适//@噗尺:车技很棒，其他车都没撞到//@大头和他的朋友们：做了很多人想做一直不敢做的事	未
爽爽播报2019 年放假时间表公布啦！明年可能会多11天的假	未
爽爽爆料焦作：一男子普济路上跳下桥	未
爽爽爆料焦作：供暖引发的一件窝心事	未
爽翻丨广元人未来两月耍广西，过路费景区门票半价！走起	未
//@片刻鲸落://@Mr易公子:这篇文章的图和文，都存一下，用自己的话理解了，拿去控评用，营销号已经二次搬运了，难免会有一些智障路人去相信，大家记得哭哭一下，用图澄清！	未
片场 汤姆克鲁斯迈尔斯特勒出现在[壮志凌云2：马弗里克]，是要去开飞机呢还是刚下飞机呢	未
片寄凉太	未
片方确认《蜘蛛侠》彩蛋被删：提交晚于截止日期	未
片片红叶染红了秋色！醉美随拍	未
片花//@贝拉二姨妈:原生之罪近期上线你们官方都这么皮的么 @秦祎墨@琉白evenstar	未
《片警宝音》上映 基层公安英雄故事被搬上银幕	未
片语谈谈你的工作观...	未
版号审批重启，最坏的时候已经过去（虎嗅）出版局领导的意思很明确，现在仅仅是第一批提交的游戏完成了审核，这批游戏最晚也不会晚于今年三月份，而后续流程的速度目前也尚不明确，毕竟积压的游戏已经太多了。至于排在后面的，包括未来想要提交审核的游戏，何时能成功上线就更是未知数了。	未
版号恢复审核，游戏行业春天将至？这个结论下早了	未
版权超市是否与你有相似的喜怒哀乐《猎行者》（第34期）	未
版纳植物园Science文章：新发现一种跳蛛的长期哺乳行为	未
版贸专栏  11月在巴黎司法警察局竟然发生了这件事（2018年 第46期）	未
版霸//@侯宁:美国呢	未
牌家老牛和仙家干上了！因为牌家老牛直播的时候调侃了仙洋，还说了仙女！随后老牛的私信和评论区沦陷，全是仙家的节奏！	未
牌徒跪地磕头求刷礼物视频曝光引发网友争议！高迪电商即将开业，发布朋友圈喊话：请大家等待。	未
牌楼：扶贫干部李敬星的大喜之日	未
牌牌琦发文悼念国家公祭日刚刚牌牌琦转发和点赞了祭奠死难者同胞的微博，并呼吁粉丝们愿逝者安息，和平永存，勿忘国耻，铭记历史，吾辈当自强！	未
牌牌琦小伊伊徒弟小亮直播下跪磕头要礼物，网友：这是学牌牌琦的吗	未
牌牌琦车祸腿部轻微骨折网上传闻牌牌琦出车祸了，凌晨牌牌琦发博澄清了这件事，回应称腿部让车刮了一下轻微骨折问题不大！一直没说是怕家人们担心，家人们放心自己好着呢，谢谢大家关心！祝小牌早日康复，加油！	未
牙丑通过牙齿正畸就能美吗长期以来，人们有个误区，以为鸟嘴龅牙地包天只要通过牙齿正畸就能矫正。然而，事实并非如此，牙齿矫正只能改变牙齿的倾斜方向，而不能从根本上改变骨骼发育问题。@轮廓整形医生何晋龙	未
牙克石市这些人，请到就业服务局领取本人档案办理退休手续	未
“牙刷不消毒”涉事酒店：已更换洗护用品供应商	未
牙刷回收不消毒你能忍五星酒店的鬼畜操作一波接一波	未
牙山脚下有个营盘村，这个名字与于七有关	未
牙源性干细胞及其在再生医学中的应用进展	未
牙疼不用去医院了，教你一招，一辈子的牙疼很快就治好	未
牙疼不用去医院了，教你一招，牙疼一次就治好！	未
牙疼不用去医院了，教你一招，牙疼几次就见效	未
牙疼不用总去医院了，教你一招，牙疼一次就治好！	未
牙疼的时候，大理一些茶花开了	未
牙签钢针扎孩子 幼儿园3老师被刑拘	未
牙缝里为什么会有黑黑的东西	未
牙膏中添加这种东西，到底安全吗	未
牙膏别挤太多，会掉丨每日健康问答	未
牙膏越贵越好？别花冤枉钱！这6个误区很多人相信	未
牙都打掉了这搁天朝打人打掉牙也能进去了吧	未
牙黄口臭被人嫌！用它2分钟去异味7天小黄牙变小白牙！	未
牙齿不好全身是病！15个护牙冷知识，你知道多少 运动v势力	未
牙齿畸形和雾霾有关儿童正畸专家解答牙齿矫正的16个热点问题	未
牙齿针管治疗后昨天带了个牙套，今天说话都变成大舌头了，内心也是奔溃的....说话大舌头有点口齿不清，所以，请大家不要卫星跟我语音了....	未
牙龈出血到底要不要治口腔血液及身体都可能引起牙龈出血，可大多数人常见为牙结石牙周疾病等口腔原因那么，牙龈出血正常吗为什么会出血该不该治疗我们来看一看医生怎么说牙龈出血到底要不要治	未
“牙龈出血”的人牙齿掉得快！90%的人刷牙都遗漏了这个地方	未
牙龈出血藏着危险信号！90% 的人都忽视了	未
牛13羽绒服，我拍照的是大货S，拍视频的是XS，没有注意到胸口标不一样的问题，是我的疏忽，实在抱歉。发现这个问题，让店主下架了，有任何问题我和店主会处理到底。胸口的标，是手工制作的，zp也是，会有误差，剩下的全部会和zp一样，放在偏上的位置。现在收到货的，觉得标有问题的，按质量问题处理，店主承担来回运费退换。预售的，觉得有质疑的，建议也申请退货。羽绒服是4层结构，这个之前有说，见图23	未
牛1973年的生肖牛，年底之前注意，会遇到大贵人，带来重大转机	未
牛B。	未
牛B之人，很早就牛B了！//@不太老:唉！//@花总: 小何是2002年疲劳过度去世的。谢谢老榕当年的仗义相助！我们一直记得当年网友们的热心肠。	未
牛B！公会会长曝料捞人成功，天佑将复出。平荣发声解释服装厂关闭原因！	未
牛B！这车开的真牛逼，看傻眼！	未
[牛X] 莆田又诞生千万富翁一位出租车司机中了1185万...	未
牛:不是我吹，当年5头狮子把我按地上都没弄死我	未
牛！义合西直沟又上绥德台	未
_//@牛二王:朱啸虎和马化腾这么一辩，突然明白过味了来了，赶紧套现了.....	未
牛人一直都很牛//@潘九堂://@不太老://@老沉: 转发微博	未
牛人自制电瓶车进城被查	未
牛！今后南宁人坐地铁乘公交游景区扫码就够了！	未
//@牛仔夏日:今天估计是国家队出啊，是怕破了2449吗如果破了技术上是不是又会有一轮下跌呢	未
牛司机：贴条可以，把车给我擦干净！	未
牛吃土，咋办	未
牛！吴川这位传奇人物，刚完成一笔约花掉过亿的大生意！	未
牛哥和你谈谈驾驶人的职业操守	未
牛哥来和你说道说道你的违法行为	未
牛！土豪玩家，四缸毒物，几十条混养龙	未
牛城村进村口被一辆小货车拦路，导致公交车不能进村，持续时间大概为十分钟左右，迫不得已乘客未到站下车步行@深圳交警  @深圳交警  @深圳交警 深圳  西丽街区	未
牛大了！靖江12家企业上榜一份国家级公示名单，快看看！	未
牛头山发现无名男尸，尸体已风干，警方紧急寻找线索	未
牛奶不能空腹喝真相原来是这样的	未
牛奶好还是奶粉好，喝了这么多年，真相竟是	未
牛奶是白的，奶粉怎么变黄了	未
牛奶这样做着吃，隔壁小孩会不会被馋哭	未
//@牛小切士兵的餐桌:转发微博	未
牛市5000点，给你的是发财梦，目的是要对你赶尽杀绝。2500点，踏踏实实遍地黄金，给你的感觉是荆棘密布。十年一遇的机遇面前，清醒，沉着，优中选优，是你唯一要做的。就这！[加油][加油][加油][加油]财经V峰会微博赚钱季正涛财经	未
//@牛市sky: 我觉得他们是饱汉子不知饿汉子饥，哎//@司马子潇潇e:司令出了什么事了//@苏世山价值投资:回复@广汇李大股东:司令身体好//@广汇李大股东:精尽人亡了//@苏世山价值投资:一次找两个家政	未
//@牛市sky:扯的有点儿大，端午节是棒子发明的//@释老毛:G20期间爆出这种新闻中国公司盗窃韩国技术，有点难堪啊	未
牛市早报|7月真有吃饭行情吗，29日你要知道要不要上车	未
牛市早报｜创投合伙人可20%税率缴个税，青岛银行推迟申购	未
牛市早报｜北上资金昨日净流入121亿元，爱朋医疗今日申购	未
牛市早报｜北上资金连续3日净流出，长航凤凰中层批量辞职	未
牛市早报｜商务部回应中美经贸磋商，美股大反转纳指收涨	未
牛市早报｜外交部就孟晚舟被扣持续发声，苹果高通股价收涨	未
牛市早报｜海通证券荀玉根称反弹进入后期，美联储本周再议息	未
牛市早报｜深交所拟对*ST长生强制退市，利通电子今日申购	未
牛市早报｜系统重要性金融机构将圈定，国信证券拟募150亿	未
牛市早报｜美国股市跌入熊市区间，美油、布油重挫逾6%	未
牛市早报｜美联储主席发表鸽派讲话，海南离岛免税政策调整	未
牛市早报|英国脱欧和监管风暴齐至，27日你需要知道怎么办	未
牛市是打出来的（2）	未
牛市是贴在脸上的吗哪次不是在绝望中产生在怀疑中发展在欢乐中结束现在多少人跟怀疑老虾2015年高位时大喊真正的大熊市来了一样！别忘了老虾全球首发，过去的N年自己去看，凡是老虾事前有扯过的大观点。。。。。。麻蛋，还要老虾怎么说啊	未
牛市的时候谁有时间在这回复你，赚钱去皮了。哪有时间刷无聊的微博	未
牛市诞生有一个残酷的普遍规律，就是需要大机构来祭天。而且一般来说，祭品越隆重，牛市的成色就越好。2009年至今美国的10年常牛，祭品是2008年的雷曼。2006-2007的A股史上最大牛市，祭品是之前几年不计其数中小金融机构，被整合重组，以及对技术上已经破产的四大行动了大手术（财政注资和引入外部股东）。龙战于野，其血玄黄，就是牛市之前的祭天，祭品是龙。所以，大牛市会有，2020年的飞龙在天值得期盼，见龙在田应该就在2019年底。但是眼下即将面对的，是龙战于野的血腥，之后还将经历的，还有潜龙勿用	未
牛市近在眼前，但也意味着当前是最恐怖的磨底阶段	未
牛！平度小嫚卖酒，把路人整醉了，哈哈哈。。。。。。	未
牛！张店这位老人家中提前实现自动化！他自己研制了自动门锁电动伸缩梯	未
牛弹琴：更艰苦斗争还未到	未
牛弹琴：更艰苦斗争还未到来	未
牛弹琴:更艰苦的斗争还未到	未
牛弹琴论"5国针对华为"：这是一场没有硝烟的战争！	未
牛！我市出租车计价器检测站，5分钟辨别飞机表	未
牛！扬州这几十个老鹅摊子都被承包了！万份老鹅免费送，还有	未
牛撞飞！九榆公路附近车祸，两头牛撞的蹬腿了...(视频)	未
牛文文：互联网未改变行业本质在牛文文看来，互联网不过是在某个行业中用更高的效率做事，但并没有改变行业本质，创业者也必须承担社会责任。他举例称，滴滴本质上是一家互联网化的出租车公司，你要认同这个定位，你就知道如果你的出租车公司的安全措施做的不到位，就是灭顶之灾。如果你认为你是一个互联网公司，不是一个出行公司，你这家公司一定走不远。牛文文:互联网未改变行业本质 创业者应承担社会责任	未
牛文文：互联网未改变行业本质在牛文文看来，互联网不过是在某个行业中用更高的效率做事，但并没有改变行业本质，创业者也必须承担社会责任他举例称，滴滴本质上是一家互联网化的出租车公司，你要认同这个定位，你就知道如果你的出租车公司的安全措施做的不到位，就是灭顶之灾如果你认为你是 ...全文	未
//@牛文文:@创业家传媒 //@吴春波H-R:转发微博	未
//@牛春宝:取消国企垄断，中国的高科技可以很快雄霸全球。	未
@牛春宝 看到没有仅上海就1000家了	未
//@牛春宝:转发微博	未
牛！有了它，武冈人到邵阳坐车不用半小时就能到北京！	未
牛气！安丘1镇5村被省里点名，发展可期！快看有你老家吗	未
牛津2018年度词汇：有毒	未
牛津大学发现墨西哥鱼心脏自愈基因 人体内同样存在	未
牛津大学演讲的中国第一人，留下一个百年预言，如今基本应验！	未
牛津教授谈基因编辑：“定制婴儿”能让孩子赢在起跑线吗？	未
牛！淮北这个司机四年三次酒驾！还无证驾驶	未
牛！港闸这个地方被认定为国家工业遗产！	未
牛牛和滚滚在打架	未
牛牛带你看世界 在夏威夷群岛中有块绿色的Papakolea沙滩，这难道是抹茶味的海滩吗	未
牛牛牛牛牛牛牛太牛了	未
牛牛牛牛牛牛，这视频真牛	未
牛牛，许个愿吧，说不定就实现了呢	未
牛的一批	未
牛的一批！ （一定要看完）	未
牛皮癣未尽，铲瘤行动不止 巢湖市开展第22号铲瘤行动	未
牛眼观点：最严新规出台，高送转该何去何从	未
牛羊合作社怎么办理	未
牛羊才会成群，狮虎只会独行//@神的遊戲衛星雲:第二次回团的时候发过的话，现在还想讲一遍，如果有什么是可靠的，只有自己人可靠。我家不需要这种随大流嘲讽的快感，也不需要虚假抱团的快乐，只要坚定的和自家人站在一起维护吴宣仪的个人利益 查看图片	未
牛逼。	未
牛逼！2019年合肥将发生这些大事！发改委教育局城乡建委都有大动作，九部门工作计划曝光！	未
牛逼！双峰这个村，使出绝招与非洲猪瘟对着干	未
牛逼，口炮孝子//@园飞雨:回复@猪珩1121:禽兽子，我谴责她儿子，难道我就养她?她儿子的错要我承担?什么逻辑//@猪珩1121:你去养吧，圣母婊//@园飞雨:不论什么原因，医学上的父子关系没变。生育之恩也是恩！无视亲身父母的人真是太可怕。	未
牛逼啊，不知道Model 3的表现如何，美国连个150kW的桩都找不到吗，居然没人测试过//@吴颖碎碎念: 这个我能肯定，我在开 e-tron 充电的时候基本保持在 138kW，当时还是用一个临时搭建的快充桩实现的。据悉，在国内测试的时候，工程师说这些公共桩喂不饱，只好看随后自建桩了。	未
牛逼，连货车也Supreme	未
牛逼！闯老挝的十万湘商邵东近八成  仅这个村就有百余人	未
牛郎的源氏名了解一下	未
牛！郑州这6县市因为太壕被中国社科院点名！快来为家乡打Call！	未
牛！青州这个特警身怀绝技，几双筷子就能...	未
牛首山科技园举行麻省理工沙龙	未
牟其中曾经在上世纪九十年代中期说过要用80颗低轨卫星实现全球通信网络服务，近18年的牢狱之灾出来时已是古稀之人首富牟其中在有生之年能看到国家完成他的梦想吧	未
牟定城事丨元双路牟定往楚雄方向一面包车掉入路边沟内，4人被困，消防紧急救援	未
牟定城事丨牟定一名热心群众拾金不昧，捡到一个挎包后交给民警找到失主	未
牟定新闻丨来这里看牟定最新消息（视频）	未
牡丹区不动产登记主服务大厅搬迁了，可去这些地方办理	未
牡丹区市场监管局可办理股份有限公司营业执照了	未
牡丹区 开发区..整个菏泽通缉这8个大骗子	未
牡丹园用三个字说明你在哪个城市	未
牡丹江于10月底全面完成市区饮用水水源地自查清单内的5个主要环境问题的整治工作。水源地保护攻坚2018	未
牡丹江境外园区占全省总数三分之二	未
牡丹江局地停电信息！	未
牡丹江市2018年公开招聘社区工作者公告	未
牡丹江市区城乡低保家庭取暖补贴即将发放！	未
牡丹江抓捕民警偶遇扒窃老贼	未
牡丹江残疾人乘车卡开始办理了！	未
牡丹江陈氏家族组织营救被抓人员团伙11人被擒！牡丹江市公安局成功打掉陈氏家族恶势力团伙。该团伙长期把持基层政权，操纵破坏基层换届选举，利用家族势力横行乡里称霸一方欺压百姓，垄断农村资源侵吞集体资产收取保护费，阻碍公安机关依法执行职务，聚众扰乱社会秩序。12月18日，黑龙江省公安厅召开的扫黑除恶专项斗争2018年度工作成果新闻发布会，通报了近期破获的五起涉黑涉恶案件。其他案例：黑龙江省扫黑除恶典型案例（记者 王骁）	未
牢固树立强烈的领导权意识阵地意识底线意识	未
牢记总书记嘱托 学习日里市民忙充电	未
牧原股份：拟出资10.89亿与安徽交控招商基金等共同设立子公司	未
牧原股份：拟非公开发行4.17亿A 股 募资总额不超过50亿	未
“牧羊案”今二审开庭，全程网上直播	未
牧羊集团股权案二审开庭 双方互指动用公权	未
牧马人吉普车装上导弹就成军用车辆？这奇葩事也就在非洲才能见到	未
牧马人 施工XPEL LUX PLUS专车专用隐形车衣	未
牧马人碰撞测试只得1星！还敢说自己是全球偶像SUV	未
牧马天涯行走洪江 在活生生的清明上河图里徜徉	未
牧高笛 深创投等拟减持不超6%股份	未
物业为增加车位砍伐小区绿植，是否侵害了居民利益	未
物业公司以小区地上车位已满为由不办理地上停车位，强迫业主购买或租地下停车位合法吗该怎么办	未
物业前期案场接待岗位职责和工作流程	未
物业十大怪	未
物业各岗位员工行为规范，必知！	未
物业奉贤503个住宅小区门卫室（门岗）和268个管理处将改头换面	未
物业客服主管客服2018年工作总结和2019年工作计划	未
物业客服主管年度述职报告	未
物业收取底商电费1.1元/度 合规吗？	未
物业施工安全管控方案，行家！	未
物业无权干涉业主楼道摆放物品的行为，事实真是如此吗	未
物业管理应该怎么管？重庆市人大常委会邀你提建议	未
物业该如何做好痕迹管理	未
物业费怎么收《宿迁市物业收费管理实施细则（草案）》来了！	未
物业项目经理工作述职总结（PPT）	未
物业项目经理门岗管理6定方案！	未
物品掉进轨道里，第一时间做这件事记下具体位置，然后第一时间联系就近的车站工作人员，车站会在当天运营结束后，安排工作人员下线路寻找。	未
物是人非！骑士去年主场战勇士的球员仅有6人还在阵中骑士今日主场对战勇士，美记Brian Dulik晒出了球队去年amp今年主场战勇士的球员名单对比。骑士去年主场战勇士的球员名单为：詹姆斯卡尔德隆克劳德弗莱杰夫-格林霍兰德科沃尔乐福奥斯曼佩尔兰茨罗斯香波特JR小托马斯TT韦德日日奇。今年主场迎战勇士的球员名单则是：布洛松根博克斯克拉克森德克尔弗莱希尔胡德贾伦-琼斯乐福小南斯恩瓦巴奥斯曼塞克斯顿JRTT日日奇。这两份名单都榜上有名的只剩下	未
物权法不是居家养老拦路虎	未
物权法第七十七条规定：业主不得违反法律法规以及管理规约，将住宅改变为经营性用房。@网信河西@河西发布 是否可以关注到这位市民，给予一些创业场地支持感谢。	未
物流办公室内竟然隐藏着一个赌窟近日，上海铁路公安处闵行派出所，捣毁了一个以二八杠为形式的聚众赌博窝点。2名民警深入虎穴，发现物流公司门厅内有一扇套间的门虚掩着，透着门缝传出嘈杂的声音。推门入室，20多人围着一张麻将桌激战正酣，看见民警顿时呆若木鸡丑态百出，有的赌徒吓得当场尿失禁，一名男赌徒将赌资塞入身边女子口袋，帮忙藏一下，警察不会搜女的，其他人表示自己没有参与赌博，并准备趁机逃离现场。两位民警迅速取出警用装备予以控制。后援警力赶到后，将众赌徒带往派出所。记者今天获悉，铁路警方已对唐某	未
物流园里开起足疗店，还有专人放哨（视频）	未
物流行业问题凸显：损毁不赔 投诉无门严先生通过德邦物流到付件的形式，寄出一台液晶显示器。可在运输中显示器完全损坏，收货方拒付运费。德邦物流却以没付运费为由，拒绝理赔。实际操作中，物流和快递业务范围多有重合，但邮政管理部门表示，无法受理物流行业相关投诉。物流行业问题凸显：损毁不赔 投诉无门	未
物流运输快讯  交通运输部成立危险货物道路运输专家组前10月天然气进口量985亿立方米	未
物流运输快讯  国家邮政局要求落实寄递安全制度京东冷链卡班即将上线	未
物理学家头顶科学星空，心怀道德法则，他是麦克斯韦背后的男人	未
物理学家张首晟去世，刘强东辟谣5000万和解费，京东开始种菜，ofo推出停车规范，这就是今天的其他大新闻！	未
物理 小盆友们是什么时候意识到水的密度不小的	未
物理科技别了，飞机！北京宣布：超级高铁要来了！	未
物理科普吃前摇一摇骗了你多少年你没发现一包薯片里总是大片的在上面	未
物理科普谁说单摆只能用来玩催眠的	未
物种日历 2018年11月29日 槐 Styphnolobium japonicum北京城里栽种着很多种树木，对北京人来说，其中有几种就算是没学过植物学也不会陌生，比如春天飘絮的是杨树和柳树（当然，杨柳科也有很多种），秋天用来拔根儿的是毛白杨，而槐树（Styphnolobium japonicum）呢那就是吊死鬼儿（槐尺蠖 ...全文	未
物种日历 2018年12月2日 大砗磲 Tridacna gigas孩童时期就总听父亲说过在南海谋生时见过一种称为砗磲的巨大贝类，一个贝壳就足够用作一个小猪舍的屋顶据他估计，那个砗磲贝能有2米长，为圈在里面的五脚猪遮风挡雨，以至于脑海中那个场景一直很深刻砗磲是海洋生活的大型贝类，分类上 ...全文	未
物种日历 2018年12月9日 风铃草 Campanula medium我在风铃草的树林里寻你，却不见你的踪迹你无影无痕，但我能感觉到你与我同在在小银莲花金色的六角星里在四散的嫩鹅黄的九轮草里在迷途的知更草粉红的花瓣里我无从知晓然而，突然间，我知道了在栗色的树干间，目力所及之处， ...全文	未
物管案例物业无法实现即时维修怎么办	未
物管纠纷打官司，谁能赢盐城十大典型案例，看了你就明白了	未
物联网为银川现代农业插上“翅膀”	未
物联网时代的交互：平静技术设计法则	未
物联网白皮书（2018年），获取完整版报告请关注微（防）信（河）公（蟹）众（专）号（用）：币毒（id: coin_poison），关注后在后台回复数字099即可	未
物证。	未
牲口啊这是！ 微博视频	未
牵了你的手 来生还要一起走宁波92岁的冯爷爷多器官衰竭，他自知时日无多，希望能见住同一医院的老伴最后一面。但两人都无法行动，相见成了奢望.医院破例让医护人员推着奶奶的病床来到爷爷的病房，奶奶紧紧拉起丈夫的手，我会照顾好自己的，等我好了。我就去找你。执子之手，与子偕老！	未
牵了你的手 来生还要一起走宁波92岁的冯爷爷多器官衰竭，他自知时日无多，希望能见住同一医院的老伴最后一面但两人都无法行动，相见成了奢望.医院破例让医护人员推着奶奶的病床来到爷爷的病房，奶奶紧紧拉起丈夫的手，我会照顾好自己的，等我好了我就去找你执子之手，与子偕老！	未
牵手北京冬奥会 5G还要过几道坎	未
牵手长城国融 *ST因美“自救”进行时	未
特mc	未
特么什么时候举报广告能有用的	未
特价机票也能退了！深航在国内率先取消特价票不得退票的规则	未
特价正版包邮《言语迟缓儿童家长手册》简体版--欧阳来祥著	未
特供让转基因推手没有了后顾之忧，反正自己不吃，风险也不用自己来承担//@小崔读书汇:随时揭发最好//@扬眉剑:瞠目结舌	未
特克斯冰雪旅游活动之：马背上大秀杂技动作	未
特写｜一个人塑造一座城：詹姆斯走了，克利夫兰“死了”	未
特写：一场山火，让这个冬天格外冷——探访美国加州山火灾区	未
特写：一张二月河未签收的稿费单	未
特写：两岸“80后”沪上“绣”逢知己	未
特写：亲历南极“海陆空”全天候卸货攻坚战	未
特写：伤痛的记忆从未消失——孟买连环恐袭十年祭	未
特写：“修好了，我带你们回家”——记叙利亚文物修复师朱马	未
特写：南极中山站附近的“白雪公主”	未
特写：南极“白夜”修车记	未
特写：南极“白夜”采集雪坑样品记	未
特写：在马里亚纳“俯冲工场”的泥火山采样	未
特写：柏林纪念圣诞市场遭恐袭两周年	未
特写：“留下就是最好的协议”——“留欧派”英国民众集会呼吁取消“脱欧”协议	未
特写：走进世界首个全自动地下植物工厂	未
特刊县委书记和县长在《信阳日报》上各写了一篇署名文章！他们都是怎么夸商城的瞧瞧！	未
特別想去芬蘭過冬。mary_quincy	未
特别不理解50多岁的巨富大叔干嘛老出来发表观点啊我天天上网是我没那么多钱啊如果我50多了，不能理解年轻人idea了，且非常有钱，且是大公司CEO，我连微信朋友圈都不发回家吃和牛吃龙虾，泡脚按摩做spa，出国旅游探险啥的还不够玩吗把钱和话都藏起来，做个富 ...全文	未
特别关注99的人只知道宁蒗有泸沽湖，却不知道宁蒗还有这些	未
特别关注丨 欧洲直销员最新调查：90的直销员会留在原公司	未
特别关注党员干部注意了！青岛市发布三部党内法规，规定了	未
特别关注公交车站牌上下乘客为啥不靠边	未
特别关注关内豆市搅局  东北挺价吃力	未
特别关注再见了！废品回收站！东湖区开始试点	未
特别关注别了，火车票！铁路总公司宣布重大消息	未
特别关注  史上最严年终军事训练 考核季	未
特别关注安阳洒水车，你过来一下，有个事给你商量	未
特别关注就在今天！继VR大会后，南昌又一件大事发生！	未
特别关注@所有六安人，选出你心中的文明20条！	未
特别关注暴力就是暴力，哪怕以爱为名！	未
特别关注省污染防治攻坚第一轮交叉检查组到范县进行现场检查！	未
特别关注 这两个地方被曝光了！亟待整治！	未
特别关注陕西骗保举报电话公布等	未
特别可惜的是，我在23岁时才明白过来一个道理，比起会好好的爱人，能够从容坦然的被爱是一种更难拥有的能力。	未
特别困，还不能睡，因为一睡，可能就要坐过站了，高铁太快的烦恼	未
特别怕冷 天气是 态度也是	未
特别怕冷天气是态度也是	未
特别怕冷 天气是 态度也是  （原图搓坪）	未
特别想知道年轻人的消费观今天看到有人说一本台历80元很！便！宜！	未
特别报道不管未来有多难，爸都陪着你走下去！	未
特别报道：不能输的“战争”	未
特别报道我的芳华张军：此心安处是吾乡	未
特别报道暖心！戒毒所职工见义勇为救交通事故人员（附视频）	未
特别提示炸街一族注意了	未
特别提醒11月29日市经开区道路交通管制通告	未
特别提醒！万州所有车主注意，看到这种黑盒子赶紧扔	未
特别提醒扩散周知：爆炸瞬间的逃生法则爆炸作为一种突发性的且带有极强冲击性和危害力的灾害，但一旦遭遇危机，正确的逃生法则却能换来一线生机！戳图了解转给更多人！	未
！特别提醒，望周知。根据时差，相关庆生信息请于北京时间12月13日的24:00之后（即12月14日0:00后）发送。	未
特别提醒泊头市人民政府关于开展退役军人和其他优抚对象信息采集工作的通告	未
特别提醒注意！元旦假期火车票已经开售	未
特别提醒随手转发，你就可能挽救一条小生命！近日来天气越来越冷，一些流浪的小动物们开始寻找温暖的住所。曾有小动物在车底取暖惨遭碾死，提醒各位开车的小伙伴：开车前，拍拍引擎盖，按下喇叭，前后检查下以确保没有熟睡的小动物！为了您和它们的安全，转发扩散！	未
特别是广为流传的这张 查看图片 //@小猫钓鱼0419:琴弦一样脆弱妖冶，罂粟一样野心勃勃有毒！	未
特别版的兰博基尼大牛过过眼瘾	未
特别的人	未
“特别”的重任：国家监委第一届特约监察员都有谁？	未
特别策划40年那些人那些事儿	未
特别能理解这种感受，我最困难的时候就一天只敢用2块钱。不要害怕。冷风中也一样有光。	未
特别视点吴堡一驻村工作队员编了这么一首顺口溜	未
特别警示牌上岗700多辆遵义公交，你留意到了吗	未
特力A：股东远致富海计划减持公司股份不超过1784万股	未
特勤组不如进攻组别开玩笑了！生涯14次弃踢回攻达阵！牛不牛！体育V势力	未
特区汕头即将首次开通动车 2.5小时到深圳	未
特发转债于上市首日短暂“破发”	未
特哥评论：利特已经到达澳门了！ 查看图片	未
特地把小毯子叼到我身上来踩踩 微博视频	未
特大喜讯：睢宁高中以上学历注意了，中国五大发电集团和铁路公司来我们这里招聘了	未
特大新闻！20家澳洲媒体对这家Brunch店做出测评，想看看到底为啥它能这么火！	未
特奢汇--有格局的电商 有温度的传递	未
特奥： @lukamodric10ballondor Flash GoodMoments	未
特奥和女友	未
特尔施特根：在巴塞罗那，球迷给我的爱是令人难以置信的，我在这里比在我家乡感觉还好。	未
特尔施特根：巴塞罗那比我出生的城市让我更有家的感觉。	未
特尔施特根西莱森。	未
特岗医生招聘49人！年薪8w	未
特巡园区变电站 迎峰度冬保供电12月11日，@国网东明县供电公司 变电运维人员对东明县南工业园区110千伏燕城变电站开展低温天气特巡，及时发现消除安全隐患，保证工业园区企业及周边居民客户的可靠供电。	未
特巡警大队深夜，特巡警队员背着一个八旬老人去哪	未
特巡警大队组织传达学习县公安局11.26会议精神	未
特工何时可以下“杀手”？澳拟放宽限制	未
特工训练是什么样子的，不仅是肉体上的折磨，还是心灵上的考验？	未
特急！事关盐城全市每一位学生，盐城公安已密切关注校园门口这些问题	未
特急！！小心脱保！邛崃社保局关于2018年12月缴纳社保费相关事宜的通告	未
特急扶贫金滞留146天，官员为何不着急？	未
特急通知！！	未
特拉帕托尼 ACM119 ACMilan119	未
特拉维斯称与凯莉-詹娜近期完婚 想尽快添个宝宝	未
特搞丨万宁一逃犯聊天声太大引民警注意被抓海经院电竞队又获冠军，将出战亚洲	未
特斯拉9亿美元债务到期 马斯克扬言二次收购通用工厂	未
特斯拉Model 3在中国卖天价 算了一下，竟然没赚多少钱	未
特斯拉Model S 112公里时速在路上狂奔 司机在车上睡觉凌晨3:35分，加州一位执勤的巡警在高速公路发现一辆以时速70英里(约合112.6公里)飞驰的Model S，交警驱车跟上并行一看，司机正在车里呼呼大睡，而这辆Model S正处在AutoPilot的状态警察变道开到特斯拉前方不断减速，才迫使特斯拉减速停下 ...全文	未
特斯拉Model S几小时内两次自燃近日，加州一辆特斯拉Model S在一个商场停车场内自燃。然而大火被消防员扑灭后很久，又在一个拖车场内重新燃起。 百家车谈	未
特斯拉Model X与兰博基尼Urus直线对决，谁才是真正的王者	未
特斯拉Model Y 真的要来了原定2020年10月在华生产	未
特斯拉上半年烧钱难止 马斯克回忆“距离破产只有几周”	未
特斯拉上海工厂招聘排长龙，不少大学生远程赶来应聘据老板联盟报道，11月29日，特斯拉上海超级工厂在上海临港产业区举办招聘会，现场应聘者排起了长队，原本计划三点半结束的招聘，因为应聘者众多而延迟。不少应聘者表示，自己是专程为了特斯拉过来的详情点击：特斯拉上海工厂招聘排长龙，不少大学生远程赶来应聘	未
特斯拉上海工厂明年下半年部分投产！上海市委副书记市长应勇12月5日指出，落户临港重装备产业区的特斯拉超级工厂项目集研发制造销售等功能于一体，是上海有史以来最大的外资制造业项目。目前，该项目已基本完成土地平整，即将开工建设，预计明年下半年部分投产。网页链接	未
特斯拉上海建厂新进展：媒体称工程建设招标已启动路透社援引消息人士称，特斯拉已启动上海超级工厂建设的招标程序，上海建筑集团有限公司参与了投标，而中国五矿集团公司的一家子公司正在为该工厂的地基准备材料特斯拉上海建厂新进展：媒体称工程建设招标已启动	未
特斯拉上海超级工厂将于明年部分投产	未
特斯拉上海速度！明年下半年部分投产	未
特斯拉下周将推出手机端App 手机预约服务时代终结特斯拉CEO马斯克刚刚在Twitter发文称，特斯拉将在下周上线手机应用。届时，用户可以在手机上预约服务，不用再打电话预约。特斯拉下周将推出手机端App 手机预约服务时代终结	未
特斯拉中国下调ModelS、ModelX价格 降幅为3.4%-9.5%之间	未
特斯拉中国下调Model S/X 部分车型价格	未
特斯拉也是6座贵，但一开始是7座比6座贵1万，后来发现都买6座，于是涨价，6座比7座还贵。还把7座的2排座椅缩水。	未
特斯拉出售了8.37亿美元的汽车租赁债券外媒报道，除了电动车研发制造之外，特斯拉也拥有汽车租赁业务为快速增长的租赁业务，特斯拉最近出售了8.37亿美元的汽车租赁债券百家车谈	未
特斯拉又双叒降价，再次调整国内售价最高降幅达 10.5 万。从官网信息来看，Model S 100D 调整后售价为 84.96 万元，相比上一次的调整后价格足足又降了 10.5 万元 而 Model X 只有 75D 车型调整了价格，调整后价格相比此前的价格也低了 6.5 万元。网页链接	未
特斯拉发售8.37亿美元汽车租赁抵押债券- 特斯拉上周五发售8.37亿美元的汽车租赁抵押债券，抓住投资者对该公司重拾信心的机遇，为其快速增长的租赁业务提供进一步支持。临近年底，许多投资者对购买新证券失去了兴趣。但投资者表示，这家电动汽车制造商目前的机遇相对较好。详情见：网页链接	未
特斯拉发行汽车租赁抵押债券 筹资8.37亿美元	未
特斯拉发行汽车租赁抵押债券，筹资8.37亿美元外媒报道，日前特斯拉发售了8.37亿美元的汽车租赁抵押债券，为其快速增长的租赁业务提供进一步支持百家车谈	未
特斯拉司机酒后“自动驾驶”被逼停	未
特斯拉员工爆料：马斯克火气大爱炒鱿鱼美国《连线》杂志(Wired)今日发表文章称，特斯拉CEO埃隆马斯克(Elon Musk)脾气大，总是因为一些小事而解雇员工，导致员工们都不敢接近他详情点击：特斯拉员工爆料：马斯克火气大爱炒鱿鱼	未
特斯拉国产临近 造车新势力如何抢跑？	未
特斯拉在中国下调Model 3预售价：最大降幅7.612月23日，记者从特斯拉官网看到，特斯拉调低了预售车型Model 3的定价。Model 3长续航电池双电机全轮驱动版起售价从54万元下调至49.9万元，降幅为7.6 Performance高性能全轮驱动版售价从59.5万元降至56万元，降幅为5.9。特斯拉在中国下调Model 3预售价：最大降幅7.6	未
特斯拉在中国市场降价了 还公布了Model 3售价	未
特斯拉在中国遇冷，真相应该在这里！	未
特斯拉在华或迎“至暗时刻”：四次调价挽销量颓势	未
特斯拉在华组建融资租赁公司 注册资金3000万美元财联社12月27日讯，特斯拉已经于2018年12月19日在上海自贸区注册特斯拉融资租赁（中国）有限公司，注册资本3000万美元，法定代表人董事长为朱晓彤。从接近此事人士处获悉，特斯拉融资租赁（中国）有限公司将落户陆家嘴金融城。（21世纪经济报道）	未
特斯拉在经历了前10个月的绯闻与风风雨雨后，终于顶住惊涛骇浪以及各种传统守旧恶势力的拼命打压做空，以及监管部门和司法部门的处理，大踏步昂着头，挺着胸，走过来了。	未
特斯拉在这个位置是怎么把自己蓄电池玩没电的 电池耗尽了然后在车里打彩蛋游戏	未
特斯拉如不能按时年底前交车怎么办？马斯克：将承担税收抵免	未
特斯拉宣布继续降价，最高降幅10.5万元。今日中国宣布对原产美国的汽车及零部件暂停加征关税3个月。	未
特斯拉杀手来了， BMW和保时捷的3分钟快充BMW和保时捷刚刚展示了他们研发的大功率充电站： 3分钟快充可以让车跑62英里(100公里），15分钟可充满80充电站功率 450 kW， 是特斯拉的三倍速度和燃油车差不多了我车邮箱17加仑， 到加油站上趟厕所，充满了也得20分钟了前提是别着火，还 ...全文	未
特斯拉正式在中国降价：部分车型降价超10万，降幅11%	未
特斯拉正式在中国降价：部分车型降价超10万，降幅1112月14日，记者查阅特斯拉官网发现，特斯拉下调了部分在售车型价格其中，特斯拉Model S 75D目前的中国官网显示价格为74.23万元，而此前的价格为78.29万元，价格下调约5Model S 100D车型原售价为95.46万元，当前定价84.96万元，下调了10.5万 ...全文	未
特斯拉正式在中国降价：部分车型降价超10万 降幅11财联社12月14日讯，从特斯拉官网获悉，特斯拉下调了部分在售车型价格。其中，特斯拉Model S 75D目前的中国官网显示价格为74.23万元，而此前的价格为78.29万元，价格下调约5。Model S 100D车型原售价为95.46万元，当前定价84.96万元，下调了10.5万元，降幅约11。Model S顶配P100D车型售价不变。（澎湃）	未
特斯拉火速降价应对跌势 美产进口车售价预计降幅10%	未
特斯拉火速降价应对跌势 美产进口车售价预计降幅10记者从多家主流美系品牌经销商处获悉，目前店内暂未收到来自厂家下发的价格调整通知。对此，有业内专家告诉记者，美国产进口车关税为15的时间只维持了短短5天（7月1号到7月5号），售价标准仍需研究。上述人士表示，粗略估算含税的车价成本约会下降18。刨除不与关税相关的成本因素，美产进口车终端车价降幅预计在10左右。（证券日报）特斯拉火速降价应对跌势 美产进口车售价预计降幅10	未
特斯拉的“修车地狱”：做好等9个月的心理准备	未
特斯拉的自感应充电桩，我好像想的有点多了	未
特斯拉盘中跌破300美元	未
特斯拉股价达到关键里程碑 大大缓解了公司压力美国财经网站CNBC报道，当地时间周四，特斯拉股价达到了一个关键的里程碑，大大缓解了该公司的压力当地时间周四，特斯拉股价报收于约363美元，高于3月份到期的9.2亿美元可转换债券每股359.88美元的可转换价格这是自今年8月8日以来，该公司股价首次 ...全文	未
特斯拉融资租赁公司成立，将落户陆家嘴金融城据悉，特斯拉在12月19日注册了特斯拉融资租赁（中国）有限公司，注册资本3000万美元，法定代表人董事长为朱晓彤，消息称该公司将落户陆家嘴金融城。百家车谈	未
特斯拉要降价了，赶紧买买买	未
特斯拉计划推出工业用蓄电池Megapack据国外媒体报道，特斯拉正计划推出工业用蓄电池Megapack外媒发现，在一份特斯拉给太平洋瓦电公司（PGampE）加州莫斯兰丁设施的计划书里提及能源储存场，用上了名为Megapack的大型蓄电池，这是一款放大版的Powerpack，可以蓄电 2，673kWh（千瓦时） ...全文	未
特斯拉调低Model 3在华起售价，降幅达7.6%	未
特斯拉超级充电很勇看过宝马和保时捷的充电站再说话吧特斯拉的电动汽车巨头宝座还能坐多久，谁都没办法保证，但已经有无数传统车企正在向它的地位发起冲击，比如保时捷和宝马详情点击：特斯拉超级充电很勇看过宝马和保时捷的充电站再说话吧	未
特斯拉载酒驾司机自动驾驶一路狂奔 警方这样逼停	未
特斯拉降价并加速国产化，欲抢回海外最大市场	未
特斯拉降价！最大降幅7.6特斯拉在中国调低了预售车型Model 3的定价。Model 3长续航电池双电机全轮驱动版起售价从54万元下调至49.9万元，降幅为7.6 Performance高性能全轮驱动版售价从59.5万元降至56万元，降幅为5.9网友：我少的是那4.1万吗	未
特斯拉高速噪音很大这是公认的，小鹏讲静音不应该和特斯拉比	未
特普会取消只为乌克兰？通俄调查进展或是真正原因	未
特朗普G20不见普京亮立场？美国务院这样解释	未
特朗普G20峰会＂推销＂美国武器 阿根廷:不买 没钱	未
特朗普上台美俄关系改善会影响中俄?中方回应	未
特朗普下令成立太空司令部 或需130亿美元	未
特朗普下令成立美国太空司令部	未
特朗普：下次金特会很可能在明年一月或二月举行	未
特朗普不惜关闭联邦政府 也要把握“筑墙”最后机会？	未
特朗普不惜关闭联邦政府，也要把握“筑墙”最后机会？	未
特朗普不惜政府关门，也要把握“筑墙”最后机会？	未
特朗普：不确定会不会在G20见普京 	未
特朗普与下任美军参联会主席热聊	未
特朗普与大法官打嘴仗 英媒：总统已越过政治话语界限	未
特朗普与夫人赴伊拉克探访驻伊美军- 特朗普和第一夫人周三出人意料地访问了驻巴格达的美军，这是特朗普首次访问美国军事作战区，他已呼吁美国迅速从该区撤军。特朗普的这次访问是秘密进行的，令大部分华盛顿人士感到意外。详细报道请见：网页链接	未
特朗普与妻子出席活动一幕	未
特朗普与文在寅会谈 重申明年初举行“金特会”意愿	未
特朗普与文在寅会谈 重申明年初举行＂金特会＂意愿	未
特朗普与普京在G20期间举行会谈	未
特朗普与普京在G20期间举行非正式会谈	未
特朗普：中国同意降低美国出口中国汽车关税	未
特朗普为从叙利亚撤军决定辩护，称“不愿意充当中东警察”	未
特朗普为从叙撤军辩护 德媒：本质还是“美国优先”	未
特朗普为美国军人竖大拇指	未
特朗普为行驶230米动用加长轿车和车队据《华盛顿邮报》报道，美国总统特朗普为了行驶约230米的距离与前总统小布什一家会面，要求使用一辆加长轿车和由7辆汽车组成的车队。网页链接	未
特朗普为阿富汗和谈放低姿态，向巴基斯坦伸出橄榄枝	未
特朗普亲手把盟友送给俄罗斯，三国纷纷表态要与俄军演	未
特朗普亲自致信，请求巴铁重返阿富汗，美国又能为巴铁做什么？	未
特朗普：人们常说我年轻时长得像猫王	未
特朗普：人们常说我年轻时长得像猫王 一种极大的恭维	未
特朗普：人们常说我年轻时长得像猫王 这是一种极大的恭维	未
特朗普以俄乌海上争端为由取消与普京G20峰会期间的会晤	未
特朗普任命白宫代“管家”	未
特朗普任命的代理防长无军事经验 曾是波音高管	未
特朗普任命的新代理防长无军事经验 曾是波音高管	未
特朗普任命美国防部代理部长	未
特朗普任命美管理与预算办公室主任为白宫幕僚长	未
特朗普任期最后两年“将是一场疯狂的旅行”？	未
特朗普会小布什：200多米用8辆车	未
特朗普会小布什：200多米距离用8辆车	未
特朗普会见小布什：200多米的距离动用了八辆车	未
特朗普“八喷美联储”：一点也不高兴提名鲍威尔	未
特朗普八次炮轰，美联储加息步伐会放缓吗？	未
特朗普再次放普京鸽子 专家：普京应该也是理解的	未
特朗普决定取消与普京原定在二十国集团领导人峰会期间的会晤	未
特朗普决定撤军叙利亚 居然是因为与他的一通电话?	未
特朗普决定撤军叙利亚 是因为与他的一通电话？	未
特朗普出席老布什葬礼 “前任们”脸色突变	未
特朗普刚抱怨称“孤苦伶仃”美第一夫人就飞回白宫	未
特朗普前律师认罪：曾在通俄门调查中作伪证	未
特朗普化的世界（一）:西欧篇	未
特朗普化的世界（三）：亚洲拉美篇	未
特朗普化的世界（二）：北欧中东欧篇	未
特朗普又发推:沙特同意出钱替美国参与叙利亚重建	未
特朗普又变卦了！未来军费由削减2%变成大增5%	未
特朗普又变卦了！说要削减2%的军费变成大增5%	未
特朗普又向普京送了份圣诞大礼 但中国也要小心了	未
特朗普又向普京送了份大礼 但中国也要小心	未
特朗普又和人握手较劲儿了	未
特朗普又怼通用:我没开过汽车厂 但不会让他们好过	未
特朗普又甩锅：是中国和其他国家的脏空气飘到了美国	未
特朗普又被恶搞 名字用来命名瞎子生物	未
特朗普反全球化？他是想让世界为美国的“右翼全球化”买单	未
特朗普发布行政令：联邦政府12月24日关门	未
特朗普发布行政令：联邦政府将于12月24日关门	未
特朗普发推：中美很快达成重大贸易协议	未
特朗普发推屡提“黄背心”运动 法国怼回去了	未
特朗普发推文称中国已经同意降低美国汽车进口关税，当前汽车进口关税为40，十万喜提特斯拉不是梦	未
特朗普发推讽刺巴黎骚乱 法外长回击：别来烦我们	未
特朗普发文悼念老布什(图)	未
特朗普取消与普京G20峰会期间的会晤	未
特朗普取消与普京G20期间会晤 或因刻赤海峡事件	未
特朗普取消与普京会晤 或因刻赤海峡事件	未
特朗普取消和普京G20峰会期间会面 俄总统新闻秘书：未收到美方取消会晤的正式通报	未
特朗普取消和普京G20峰会期间会面，俄方：未收到正式通报	未
特朗普：“叙利亚剩下的事交给你们了”	未
特朗普同意2019年向五角大楼拨款7500亿美元	未
特朗普后悔了？美国要拉中国再谈一件“大事”	未
特朗普后悔了？！美国要拉中国再谈一件″大事儿″	未
特朗普后悔了？美国要拉中国再谈一件“大事儿”	未
特朗普后悔了？美要拉中国再谈件“大事”	未
特朗普否认曾考虑赠普京豪宅 称将另找合适时机与其会晤	未
特朗普呼吁民主党一起修墙，却找错人	未
特朗普命五角大楼成立太空司令部美国总统特朗普下令成立太空司令部（Space Command）。这个新组织结构隶属五角大楼，对太空军事行动将拥有全面性掌控权。太空司令部和特朗普希望建立的全新军种太空部队（Space Force）并无关联，不过可能是朝此方向迈出的一步。特朗普命五角大厦成立太空司令部	未
特朗普哀叹：我在白宫孤苦伶仃等民主党回心转意	未
特朗普唱歌	未
特朗普喊话民主党:边境墙协议不达成政府就不开门	未
特朗普喊话民主党：边境墙协议不达成政府就不开门	未
特朗普：国防部长马蒂斯将于明年2月底去职	未
特朗普：国防部长马蒂斯将于明年2月离职	未
特朗普圣诞后突访驻伊美军 系其任上首访作战区域美国总统特朗普携第一夫人梅拉尼娅，于周三圣诞节后对伊拉克进行了突访，并与美国在当地的政治和军事人员会面。白宫新闻秘书桑德斯在一份声明中说：特朗普总统和第一夫人在圣诞节晚上前往伊拉克，与驻美军和高级将领一起联欢，并感谢他们的付出成功和牺牲，祝他们圣诞快乐。据悉，这是特朗普自成为总统以来第一次在作战区域视察美国军队。据报道，空军一号从华盛顿特区一夜之间离开美国，并于周三晚上降落在巴格达以西的一个空军基地。这次旅行的照片于周三在路透社亮相。据路透社报道，	未
特朗普圣诞节加班怨气冲天 仍坚称美联储是罪魁祸首美欧各国周二(12月25日)迎来圣诞节，金融市场整日休市。但今年这个圣诞节对于许多投资者而言却并无半点喜庆气氛。之前美股三大指数在短短三周时间内暴泻10以上的局面，已经把大家给吓坏了。而美国政府陷入旷日持久停摆，白宫与美联储已经势如水火的状况，也让这个圣诞新年假期缺少了往年的祥和气氛。特朗普圣诞节加班怨气冲天 仍坚称美联储是罪魁祸首	未
特朗普圣诞节加班怼美联储 建议投资者大胆抄底	未
特朗普圣诞节加班怼美联储，建议投资者大胆抄底	未
特朗普圣诞节访问战区美军26日，白宫新闻发言人桑德斯在推特上称，特朗普25日突然访问驻伊拉克美军。这是他就任总统以来首次访问战区美军。上月，特朗普在接受美媒采访时提到计划访问战区美军，但没有提到具体访问时间。此前，特朗普曾因未访问在海外作战的美军部队而受到批评。	未
特朗普圣诞节连线美国军人视频通话	未
特朗普在G20峰会前接受采访，谈了这些问题	未
特朗普在伊拉克说：美国不能再做世界警察26日，特朗普和夫人梅拉尼娅秘密飞往伊拉克，前往美军基地视察，该空军基地位于巴格达西部。这是他就任后首次视察战区美军。在基地演讲时，特朗普说，美国不能再继续做世界警察，我们不能再被其他国家利用，他们利用我们强大的军事力量来保护他们自己。	未
特朗普夫妇在北美空防司令部“追踪圣诞老人”	未
特朗普夫妇将出席前美国总统老布什国葬	未
特朗普夫妇抵达国会 向美国前总统老布什致敬	未
特朗普夫妇抵达国会大厦 悼念前总统老布什	未
特朗普夫妇接听追踪圣诞老人热线电话	未
特朗普夫妇造访国会大厦 向老布什致以哀思	未
特朗普女儿：从小就知道家里很有钱！	未
特朗普女婿G20峰会前被颁勋章 	未
特朗普好不容易找到临时“管家”	未
特朗普如何回答“通俄门”问题？两大关键点曝光	未
特朗普：如果弹劾我，美国人会起义	未
特朗普：如果自己被弹劾 美国人会“起义”	未
“特朗普宝宝”比本人先到了阿根廷	未
特朗普宣布12月5日为老布什全国哀悼日 美国市场休市	未
特朗普宣布2个重要职位人选 ＂通俄门＂调查或有转折	未
特朗普宣布一个军事要职人选：60岁四星上将(图)	未
特朗普宣布一军事要职人选：60岁的四星上将	未
特朗普宣布一军事要职人选：60岁的四星上将(图)	未
特朗普宣布一军事要职人选:已60岁 曾任陆军总司令	未
特朗普宣布两个重要职位人选 “通俄”调查或有转折	未
特朗普宣布两个重要职位人选 “通俄”调查或转折	未
特朗普宣布从叙利亚撤军：我们的英雄可以回家了	未
特朗普宣布从叙利亚撤军 政府、盟友和国会都反对	未
特朗普宣布从叙撤军 土耳其推迟在叙行动华盛顿邮报21日报道，特朗普宣布美国从叙撤军后，土耳其总统埃尔多安宣布推迟土耳其军方在叙利亚的行动。埃尔多安对特朗普撤军的决定表示欢迎。但他也表示，军方仍计划在几个月内发动攻势，目的是消灭库尔德武装人民保护部队（YPG）和IS残余势力。	未
特朗普宣布内政部长将离职 系9天内第5位高官变动	未
特朗普宣布内政部长津克将于年内离职	未
特朗普宣布：国防部长马蒂斯将于明年2月底退休	未
特朗普宣布现任美国内政部长将于年底离职	未
特朗普宣布美内政部长将于年底去职	未
特朗普宣布美内政部长津克将在年底离职	未
特朗普宣布美国内政部长将于年底离职	未
特朗普宣布防长马蒂斯将于明年2月底离职	未
特朗普宣布马尔瓦尼出任代理白宫幕僚长	未
特朗普宣布马尔瓦尼将出任白宫办公厅代理主任	未
特朗普对外政策这一年：连地平线都在摇晃	未
特朗普寻求民主党支持 考虑废除“债务上限”	未
特朗普将任命白宫行政管理与预算局局长为幕僚长	未
特朗普将参加老布什国葬	未
特朗普将命令马蒂斯元旦前离职，任命副防长帕特里克代理防长	未
特朗普将命令马蒂斯元旦前离职(图)	未
特朗普将命令马蒂斯元旦前离职，并任命副防长沙纳汉代理防长由于与美国总统特朗普的政策纠纷，美国防部长马蒂斯将于1月1日前离职，而非2月28日之前宣布辞职。马蒂斯于2017年1月20日开始担任美国国防部长，在此之前是美国海军陆战队四星将军，担任过美军多个司令部的指挥官，于2013年退伍。在其辞职 ...全文	未
特朗普将命令马蒂斯元旦前离职 并任命新代理防长	未
特朗普将对美国做出一个“灾难性”的举动	未
特朗普将正式终止北美自贸协定 敦促国会批准新协定	未
特朗普将正式通知国会 终止《北美自由贸易协定》	未
特朗普：将派遣空军一号运送老布什灵柩至华盛顿	未
特朗普將在首次首腦會談中要求中國對朝採取行動	未
特朗普就卡舒吉案力挺沙特 美议员：白宫沦为沙特公关公司	未
特朗普居然认栽，美国要从阿富汗撤军。塔利班欢呼：我们打败了世界唯一超级大国。如果美国有一个军事行动得到全世界普遍支持的，打阿富汗塔利班算一个，但是居然灰溜溜要跑了，塔利班目前已经控制了70的面积。我们向全世界证明，我们打败了自称为世界上唯一超级大国的国家，塔利班组织一高级成员在得知美军计划从阿富汗撤军的消息后如此评论称。20日，美国总统特朗普下令将撤回大约一半阿富汗驻军，约7000人。美国全国广播公司(NBC)22日报道，该消息引发了广泛批评，认为此举将阻碍达成一项和平协议以结束美国历时最长的战争	未
特朗普已经离开下榻的柏悦酒店，前往机场返回华盛顿。工作人员正在拆除酒店的安保设施。	未
特朗普希望欧佩克不要减产石油：世界不需要高油价	未
特朗普希望欧佩克组织不要削减石油供给他发推说：希望石油输出国组织能够保持当前水平的石油供应，不限产世界不希望看到油价高企，也不需要高油价 特朗普希望欧佩克组织不要削减石油供给	未
特朗普当记者面与民主党领袖激烈争吵	未
......特朗普总统将指挥国防部建立一个作战司令部，负责监督我们在太空的所有军事活动。这一太空司令部将成为美国军队的第11个作战司令部，与印太司令部欧洲司令部一道，但它也将与其他职能型司令部如战略司令部和特种作战司令部一起效力。它将由一名四星上将带领。  彭斯副总统在肯尼迪航天中心的讲话。点击链接查看全文：网页链接	未
......特朗普总统将指挥国防部建立一个作战司令部，负责监督我们在太空的所有军事活动。这一太空司令部将成为美国军队的第11个作战司令部，与印太司令部欧洲司令部一道，但它也将与其他职能型司令部如战略司令部和特种作战司令部一起效力。它将由一名四星上将带领。  彭斯副总统在肯尼迪航天 ...全文	未
特朗普想团结中东对抗伊朗，沙特没给面子......	未
特朗普慰问军队强调边境安全 授权使用致命武器	未
特朗普慰问军队＂撂下狠话＂ 授权使用致命武器	未
特朗普：我在白宫孤苦伶仃等民主党回心转意	未
特朗普或不会见普京 等待刻赤海峡冲突＂全面报告＂	未
特朗普或于2019年5月访问日本	未
特朗普或考虑让女婿担任白宫幕僚长……	未
特朗普:或许不会会见普京 等待乌俄冲突＂全面报告＂	未
特朗普执意350亿元造墙计划 政府7部门或暂时关门	未
特朗普执意签署“西藏旅行对等法” 中方严正交涉	未
特朗普批准防止恐怖分子使用大规模杀伤性武器战略	未
特朗普批评击毙本拉登行动指挥官：你们早就该捉住他	未
特朗普抨击国防开支预算"高到疯" 后承诺更高预算	未
特朗普抨击美联储考虑加息与历届美国总统不同，特朗普今年多次对美联储决策发表意见，并对美元走强表示不快。特朗普抨击美联储考虑加息查看图片	未
特朗普抵达布宜诺斯艾利斯	未
特朗普拍照环节直接走下台 阿总统原地转圈	未
特朗普拍照环节直接走下台 阿根廷总统原地“转圈”	未
特朗普拍照环节直接走下舞台 阿根廷总统原地转圈	未
特朗普拿军费开刀，重建美军的目标就此放弃	未
特朗普接圣诞热线反问孩子:这么大了还信圣诞老人	未
特朗普“推销”美国武器 阿根廷：没钱，不买	未
特朗普提前两个月让马蒂斯走人(图)	未
特朗普提名新任美军参谋长联席会议主席人选	未
特朗普提名新美军参谋长联席会议主席人选	未
特朗普提名海军第五舰队司令人选 前任自杀身亡	未
特朗普提名白宫行政管理与预算局局长为代理幕僚长	未
特朗普提名美中央司令部海军司令海军第五舰队司令人选美国国防部6日宣布，总统特朗普已提名海军中将詹姆斯马洛伊出任美国中央司令部海军司令美海军第五舰队司令       美国国防部长马蒂斯当天发表声明宣布了这一消息这一提名须得到国会参议院批准来自马里兰州的马洛伊1986年毕业 ...全文	未
特朗普提名美国务院发言人诺尔特为美驻联合国大使	未
特朗普提议恢复美巴关系 巴基斯坦外交部回应	未
特朗普放行2020财年7500亿美元＂天价＂国防预算	未
特朗普放行2020财年“天价”国防预算	未
特朗普政府将公布非洲战略，新战略重点将从反恐转为区域竞争	未
特朗普政府将公布非洲战略：重点从反恐转为区域竞争	未
特朗普政府将禁止撞火枪托设备- 美国司法部将禁止使用像去年拉斯维加斯大屠杀中使用的那种可以速射的撞火枪托装置，使拥有或销售这种设备成为非法行为，该规定预计将于本周末前正式公布。这可能为与枪支所有者和制造商之间的长期法律斗争埋下导火索。详情见：网页链接	未
特朗普政府擬加強入境審查 日歐或成為對象	未
特朗普政府的“非洲战略”将公布 这次又盯上中俄	未
特朗普政府的“非洲战略”将公布，这次又盯上了中俄	未
特朗普政府考虑对中国留学生审查背景？外交部回应	未
特朗普明年将访问土耳其	未
特朗普暗讽马克龙	未
特朗普暗讽马克龙，再次为退出巴黎协定辩护	未
特朗普最早明年1月与金正恩会面 备选地点有三个	未
特朗普正式下令成立太空军司令部 太空军隶属空军据CNN报道，特朗普于本周二正式下令成立太空军司令部。该司令部隶属于美国国防部中央司令部，与其他10个联合作战司令部同级。同时将成立专门的太空部队，该部将隶属于空军，不过具有独立运作能力，其运作模式将类似于海军与海军陆战队。	未
[ 特朗普正式下令成立太空司令部 ]当地时间周二（18日），美国副总统彭斯在佛罗里达州的肯尼迪航天中心宣布：总统特朗普已向国防部正式签署命令，成立美国太空司令部。国空军部长希瑟威尔逊则表示，建立一个这样的联合作战司令部，需要花费高达130亿美元。彭斯还表示，太空司令部的成立是希望找到更有效的方法来保卫美国的太空资产。这包括美军一直所依赖的，用于航海通信以及监视的大量卫星群。消息称，此举是因为美国越来越担心俄罗斯正在破坏禁用甚至摧毁美国的卫星。网页链接	未
特朗普正式下令成立太空司令部 或需130亿美元	未
特朗普正式下令成立太空司令部 或需130亿美元当地时间周二（18日），美国副总统彭斯在佛罗里达州的肯尼迪航天中心宣布：总统特朗普已向国防部正式签署命令，成立美国太空司令部。彭斯称，这是为了更好地组织和推进军队在太空中的大规模行动。在未来五年，预计将投资8亿美元进行建设。另据《华盛顿 ...全文	未
特朗普正式下令成立太空司令部 或需130亿美元当地时间周二（18日），美国副总统彭斯在佛罗里达州的肯尼迪航天中心宣布：总统特朗普已向国防部正式签署命令，成立美国太空司令部。彭斯称，这是为了更好地组织和推进军队在太空中的大规模行动。在未来五年，预计将投资8亿美元进行建设。另据《华盛顿邮报》报道，新的太空司令部将成为美国国防部的第11个联合作战司令部（其余6个按战区划分：如太平洋司令部欧洲司令部等4个以职能划分：如网络司令部特种作战司令部等）。美国空军部长希瑟威尔逊则表示，建立一个这样的联合作战	未
特朗普正式下令成立太空司令部 或需130亿美元据美联社消息，当地时间周二（18日），美国副总统彭斯在佛罗里达州的肯尼迪航天中心宣布：总统特朗普已向国防部正式签署命令，成立美国太空司令部。彭斯称，这是为了更好地组织和推进军队在太空中的大规模行动。在未来五年，预计将投资8亿美元进行建设。 另据《华盛顿邮报》报道，新的太空司令部将成为美国国防部的第11个联合作战司令部（其余6个按战区划分：如太平洋司令部欧洲司令部等4个以职能划分：如网络司令部特种作战司令部等）。美国空军部长希瑟威尔逊则表示，建立一	未
特朗普正式下令成立太空司令部美媒消息，美国副总统彭斯18日在佛罗里达州肯尼迪航天中心宣布：特朗普已向国防部正式签署命令，成立美国太空司令部。这是为更好地组织和推进军队在太空中的大规模行动。在未来五年，预计将投资8亿美元建设。新太空司令部将成为美国国防部的第11个联合作战司令部。	未
特朗普正式签署命令成立太空司令部，或需130亿美元	未
特朗普：法律文件未见其通俄证据 呼吁穆勒“收兵”	未
特朗普派空军一号运送老布什灵柩 在国会山庄供瞻仰	未
特朗普“海选”FBI局长 一天面试8个	未
特朗普：白宫办公厅主任凯利将于今年年底去职	未
特朗普:白宫办公厅主任约翰·凯利将于今年年底去职	未
特朗普：白宫办公厅主任约翰·凯利将于今年年底去职	未
特朗普：白宫办公厅主任约翰·凯利将于今年年底离职	未
特朗普：白宫办公厅主任约翰凯利将于年底去职	未
特朗普：白宫幕僚长候选人缩至5人 或年底前提名	未
特朗普白宫接受采访 声称不排除赦免竞选团队经理	未
特朗普的太空军要黄？国防部报告称独立没啥用	未
特朗普真是疯子	未
特朗普砍军费美国军费及其全球战略2018年10月，长期主张扩张军费的美国总统特朗普，一反常态，在内阁会议上要求将国防预算削减5，从目前的7330亿美元降到7000亿美元美国军火商洛克希德马丁股票应声重挫6代表军工企业的美国航空航天工业协会发表声明，警告白宫与国会，若想应对未来挑战， ...全文	未
特朗普私人飞机在机场被撞 此机曾被视为财富象征	未
特朗普称不会为避免政府关门签署临时预算案	未
特朗普称中国将免除自美进口汽车关税	未
特朗普称中美很快达成重大贸易协议	未
特朗普称取消原定与普京在阿根廷举行的会晤	未
特朗普称国防部长马蒂斯将在明年2月退休	未
特朗普称已关闭美墨边境 必要时美军可使用致命武器	未
特朗普称已达成协议将难民留在墨西哥 墨官员否认	未
特朗普称已达成协议将难民留在墨西哥，墨政府官员立即否认	未
特朗普称白宫办公厅主任凯利将于今年年底去职	未
特朗普称知晓朝“秘密导弹基地” 《纽时》报道有“误导性”	未
特朗普称美国已击败叙利亚境内“伊斯兰国”势力	未
特朗普称脱欧或影响美英贸易关系，特雷莎·梅急出面澄清	未
特朗普称马蒂斯将提前离任 确定代理防长人选	未
特朗普突访伊拉克 川普与第一夫人梅拉尼娅26日悄悄抵达伊拉克，慰问派驻当地的美军，这是川普上任以来第一次前往战区，夫妇俩也是到了当地后才曝光行踪。 网页链接	未
特朗普童心未泯拍打人造雪	未
特朗普签改革法案 女子在旁“惊呼”	未
特朗普签署“2018年对等进入西藏法案” ，中方：坚决反对	未
特朗普签署“2018年对等进入西藏法案” 中方：坚决反对	未
特朗普签署命令重组太空司令部，美军距离“太空部队”还有多远？	未
特朗普签署“对等进入西藏法案”，中方：坚决反对，后果自负
特朗普签署法案：美国工业大麻合法化12月20日美国总统川普签署新农业法案，全部50个州的工业大麻合法化，大麻制品不久会正式上市。但是被广泛使用的大麻二醇（CBD）也能从毒品大麻中提取出，含更多神经亢奋成分，大麻合法化的未来还有待观望。（梨视频）特朗普签署法案：美国工业大麻合法化	未
特朗普签署行政令 美国联邦政府将于12月24日停摆	未
特朗普签署行政令：联邦政府将于12月24日关门	未
特朗普签署“西藏旅行对等法”	未
特朗普签署“西藏旅行对等法” 外交部回应	未
特朗普 “管家”必须能一起八卦 潜在人选表示无意加入“竞争”	未
特朗普终于参加一场国葬 但像个局外人	未
特朗普终于参加一场国葬 像局外人	未
特朗普：美军撤出叙利亚 俄罗斯和伊朗特不开心 20日晨，特朗普在推特中说，无论假新闻们说什么，美军撤离了叙利亚，俄罗斯伊朗叙利亚，还有其他许多国家都不会开心，因为现在没了美国，他们不得不独自与IS作战。此前一天，美参议院两党议员联名给特朗普写信，希望他不要从叙利亚撤军， ...全文	未
特朗普：美国与沙特关系不变 不会因卡舒吉一事采用强硬手段	未
特朗普：美国正考虑从中东撤军 因目前石油不值钱	未
特朗普：美国经济的唯一问题是美联储，他们对市场没有感知	未
特朗普：美国防部长马蒂斯将于明年2月底去职	未
特朗普：美国防部长马蒂斯将去职	未
特朗普：美愿就中美贸易达成协议 现在有好的信号	未
特朗普：（美联储虽然加息速度太快，）但美国企业在全球范围内都处于最佳状态，意味着投资者面临惊人的买入机会。	未
特朗普能炒掉鲍威尔吗- 美国总统特朗普不仅对美联储近期的政策举措提出批评，还暗示他可能将美联储主席鲍威尔解职，不过幕僚们也不确定此话是否认真。但许多观察人士想要知道的是，眼下可能会有哪些选项，诸如从法律角度讲，美国总统可以解雇美联储主席吗历史上是否发生过类似的情况罢免鲍威 ...全文	未
特朗普自上任以来首次访问伊拉克美国总统特朗普夫妇意外地探访驻守伊拉克的美军士兵，并宣称：并不急于任命新的国防部长，许多人希望担任美国防长。美国无意完全从伊拉克撤军，如果我们想在叙利亚有所动作，可能就会将伊拉克用作基地。	未
特朗普节制军费的计划又泡汤：准备成立太空部队司令部	未
特朗普：若民主党不给隔离墙项目拨款，就派军队“修墙”	未
特朗普要从叙利亚撤军 美国这个盟友不干了	未
特朗普要动手了:日欧汽车商 你们等着纳税吧	未
特朗普要求移民大军“待在墨西哥” 外媒：移民对未来一片茫然	未
特朗普见阿总统抱怨耳机有问题将其“丢”地上	未
特朗普见阿总统抱怨耳机有问题将其“丢”地上(图)	未
特朗普解散了自家基金会，慈善和政治果真水火不容？	未
特朗普讽刺巴黎骚乱 法外长回击：别来烦我们！	未
特朗普讽刺巴黎骚乱 法外长回击：别来烦我们	未
特朗普说中国会严管芬太尼 美媒：那我们就不信	未
特朗普说中国会严管芬太尼，美媒：那我们就不信	未
特朗普说中国干预中期选举?美国网安公司：没发现	未
特朗普说白宫办公厅主任凯利将于年底去职	未
特朗普谈"气候变化"：中国的坏空气都飘到美国了	未
特朗普谈气候变化:中国的坏空气都飘到美国了	未
特朗普谈气候变化：中国的坏空气都飘到美国了	未
特朗普贸易战布局要乱?	未
特朗普贸易战布局要乱？	未
特朗普走过普京身边未握手(图)	未
特朗普赶走国防部长，最高兴的恐怕就是此国了	未
特朗普蹭热点，神补刀马克龙	未
特朗普蹭“黄马甲”示威热点 神补刀马克龙	未
特朗普躲门柱后“偷拍”老布什葬礼，他的行为似乎更真实	未
特朗普转发中国商务部声明:我同意	未
特朗普转发中国商务部声明：我同意！	未
特朗普转发中国商务部声明：我同意	未
特朗普这一任性举动 再次给中国国家安全提了个醒	未
特朗普这一招真狠 就看普京怎么接招了	未
特朗普连任最大的敌人是......鲍威尔分析指出网页链接，美联储非常愿意让美国经济逐步降温，以遏制通胀压力，但这对企业盈利和股市来说都是坏消息。他还称，如果他参加特朗普的竞选连任，鲍威尔将是他最大的噩梦。	未
特朗普连任最大的敌人是......鲍威尔前对冲基金经理及畅销书作家Jim Cramer表示，特朗普如果想竞选连任，鲍威尔将是他最大的噩梦。美联储非常愿意让美国经济逐步降温，以遏制通胀压力，但这对企业盈利和股市来说都是坏消息。特朗普连任最大的敌人是......鲍威尔	未
特朗普：通用电动汽车转型计划“行不通”	未
特朗普邀功称中国答应降低汽车关税 遭美网友调侃	未
特朗普邀请大屠杀幸存者参加招待会 	未
特朗普问小男孩：都7岁了，还相信圣诞老人啊？	未
特朗普阵营被指与俄＂广泛接触＂ 美媒:至少14人参与	未
特朗普阵营被指曾与俄“广泛接触” 美媒：至少14名成员参与互动	未
特朗普隔空攻击蒂勒森：又蠢又懒！	未
特朗普首就孟晚舟事件表态：如有利于美 肯定干预	未
特朗普首席经济顾问劝说美联储暂停加息白宫国家经济委员会主任纳瓦罗美联储本周三不该决定加息，因为美国经济是在几乎没有任何通胀的情况下强劲增长的他还说，现在唯一证明美联储加息的观点是，他们要发挥独立性详见华尔街见闻	未
特朗普首次就孟晚舟事表态:如有利于美国 定会干预	未
特朗普默许？埃尔多安称土军可“随时”在叙东进	未
特权车辆，请理直气壮行使你的特权！	未
特权，这东西是有的，就是要看你怎么用比如我国法律赋予公安民警执行公务的时候享有优先通行的道路交通权，在确保安全的情况下，优先通行类似的，其他执法部门等，也有类似的特权，比如海关昨见一视频，南宁马拉松赛终点，两男子驾疑似桂A8A126车要强行闯禁行路段，气势汹汹责难执勤交警 ...全文	未
特此声明，我不会在微信里找任何朋友借钱！	未
特殊情况必须特殊处理，法规有不完善的地方及时跟进	未
特殊的欠条：17岁女儿赊账3000元买棺材葬母	未
特没谱。//@赵亚赟: 真到了这一步	未
特瓦斯：能在马德里踢南解决赛，为什么不能在美国踢西甲解放者杯决赛本周末即将在马德里上演，而一直坚持西甲美国赛计划的西甲联盟主席特瓦斯也就此表示，自己不理解为什么可以在马德里进行解放者杯决赛，西甲却不能在迈阿密进行比赛 我对此不理解，其他人也不理解不过好吧，一个人可以有 ...全文	未
特种兵回归都市，为了保护亲人，他拳打富少，脚踩权贵...	未
特种兵归家，不料父亲被打住院，看他为父报仇！！！	未
特种兵当保安，最牛的小保安，没有之一.......	未
特种兵王误入小粉灯恰遇泼辣警花扫H，被抓后他的回答亮了！	未
特种兵王误入洗头房恰遇泼辣警花扫黄，被抓后他的回答亮了！	未
特种设备安全使用，临海市监出新招	未
特种车辆路桥免费，早就有相关规定。	未
特稿|一种误诊漏诊率近9成的疼痛	未
特稿丨一枚硬币背后的金融世界	未
特稿中国马评人的前生今世--1赛马网	未
特稿：从“被开除球籍的危险”到走近世界舞台中央——全球化舞台上的中国史诗	未
特稿：回望2018 年初那些悬念怎样了	未
特稿：回望2018　年初那些悬念怎样了	未
特稿|在北京，一个普惠幼儿园面临难产	未
特稿：多强并立  中东格局面临重塑	未
特稿|成为电子烟生产第一大国之后	未
特稿：经略周边 联通亚欧——写在李克强总理出访亚欧四国之际	未
特稿：美国无人作战——技术先进 目标明确	未
特稿西林钢铁破产重整生变 方大钢铁入局博弈方大钢铁提出的重整方案优于另一竞争者建龙集团的方案，获得部分债权人支持，并对由政府官员负责的破产管理人提出质疑 特稿西林钢铁破产重整生变 方大钢铁入局博弈	未
特稿西林钢铁破产重整生变 方大钢铁入局博弈方大钢铁提出的重整方案优于另一竞争者建龙集团的方案，获得部分债权人支持，并对由政府官员负责的破产管理人提出质疑。西林钢铁破产重整中债权人不满破产管理人的情况在中国的破产重整案件中并非孤例。 特稿西林钢铁破产重整生变 方大钢铁入局博弈	未
特稿西林钢铁破产重整生变 方大钢铁入局博弈方大钢铁提出的重整方案优于另一竞争者建龙集团的方案，获得部分债权人支持，并对由政府官员负责的破产管理人提出质疑西林钢铁破产重整中债权人不满破产管理人的情况在中国的破产重整案件中并非孤例 特稿西林钢铁破产重整生变 方大钢铁入局博弈	未
特稿|贪官诬告案中案	未
特稿  贪官诬告案中案	未
特稿  陈海峰：横看成岭侧成峰	未
特稿：风险叠加　势头分化——2018世界经济进中求稳	未
特约丨金融数据治理的外延与内涵金融科技观察第23期	未
特能喷在伊拉克的讲话:quot(美军从叙利亚撤出后)事实上，我们可以使用这些(位于伊拉克的)基地作为起点，如果我们想在叙利亚做某些事...如果我们看到IS做我们不喜欢的事情，我们可以迅速和严厉地对他们进行攻击，以至于他们来不及反应发生了什么事情quot.	未
特能喷宣布从叙利亚撤军，白宫发言人补充说明，内塔尼亚胡:quot以色列将研究美国从叙利亚撤军的决定quot，俄外交部:美军从叙利亚撤出只意味着恢复国际法准则，因为它们非法的驻扎在另一个国家的领土上	未
特能喷曾在12月3日发推文称2019年的军事预算7160亿美元是疯狂，接着2020年把军费就搞到7500亿然后扭脸要和中俄谈控制军备竞赛，用这事证明自己是个老傻鸟也就算了，还想让全世界都跟着当傻鸟	未
特能喷的话三天一变，说是60100天内完全从叙撤军，啧不太敢相信.以后的日子应该多注意观察美军驻叙利亚的坦夫军事基地就好	未
特蕾莎再成“推不倒的首相”，如何挺过党内危机	未
特蕾莎·梅保住了相位，却解不了脱欧乱局	未
特蕾莎梅发公开信：支持脱欧协议 还你一个光辉的英国	未
特蕾莎·梅回应“保守党启动不信任投票”	未
特蕾莎·梅:支持＂脱欧＂协议 还你一个光辉的英国	未
特蕾莎·梅:议会将于1月14日当周进行＂脱欧＂投票	未
特蕾莎·梅：议会将于1月14日当周进行“脱欧”投票	未
特蕾莎·梅：议会将于明年1月14日当周举行脱欧投票	未
特蕾莎-梅设定辞职期限：铁娘子的首相路跌宕起伏	未
特蕾莎-梅闯过不信任投票 首相之位保住了	未
特警抱八旬奶奶一路狂奔 只为让她赶上火车浙江海宁火车站，80岁刘奶奶忘带身份证，和家人被困安检口。离开车仅20分钟，特警宋杰让奶奶家人先上车，抱起老人狂奔至铁路派出所办好临时身份证明，又抱着奶奶千米冲刺，在发车前将其送上火车。为暖暖的公主抱点赞！	未
特评  从递国旗到集体抄近道，马拉松乱象何时休	未
特酚伪麻片和特洛伪麻胶囊全国停产停用	未
特酚伪麻片、特洛伪麻胶囊感冒药在京停售	未
特雷莎·梅保住了相位 但能保英国顺利脱欧吗？	未
特雷莎·梅在保守党不信任投票中涉险过关，“脱欧”死结难解	未
特雷莎·梅在保守党内部不信任投票中过关，留任英国首相职务	未
特雷莎·梅在党内“不信任投票”中过关	未
特雷莎·梅将就脱欧协议参加公开电视辩论	未
特雷莎·梅推迟在议会表决“脱欧”协议 访问欧盟多国寻求支持	未
特雷莎·梅＂涉险过关＂后发表讲话:继续推进＂脱欧＂	未
特雷莎·梅涉险过关 脱欧最大悬念仍有待揭开	未
特雷莎·梅特针对不信任投票发表演讲:将尽全力参加	未
特雷莎·梅确认将在2022年前辞职，不参加下次大选	未
特雷莎·梅确认将在2022年大选前辞职	未
特雷莎·梅：英议会将在1月14日当周表决脱欧协议	未
特高压大面积涨停	未
特高压建设将引入社会资本	未
特鲁多：5G用不用华为 要由专家定而不是政治	未
特鲁多出来装傻逼，一群狗马上跟着喊三权分立	未
特鲁多“反呛”特朗普：我们永远是法治国家！	未
特鲁多甩锅：拘华为高管，加政府知情但未参与	未
特鲁多：第3名被捕加拿大人与前两人性质不同	未
牺牲31年后，95岁的母亲终于来到烈士墓前2010年4月3日中午12点，广西凭祥市匠止烈士陵园。从湘西凤凰县千里迢迢赶来的95岁老人滕清莲终于来到儿子田拥华的墓前，禁不住老泪纵横：儿啊，三十一年了，娘可算看到你啦！老人甩开手杖，一下子扑在墓上嚎啕大哭。田拥华烈士，湖南凤凰县阿拉镇葡萄村人，生前是中国人民解放军39479部队气象观测员。1956年出生，1977年入伍，1979年2月22日在对越作战中壮烈牺牲，年仅22岁。追记二等功，追认为中共党员。	未
牺牲交警留下的最后一句话	未
牺牲辅警沈银亮引关注，中央省级媒体赴如皋集中采访！	未
犀利小伙直播砍甘蔗，5天进账15万！防城港人赶紧回老家砍甘蔗啦！	未
犀牛角和虎骨严格禁止入药终于被禁了，犀牛的指甲作用跟犀牛角一样吗我觉得可以用指甲代替一下	未
犀牛角和虎骨被严格禁止入药！不购买野生动物制品，支持的转国家林业和草原局决定，关于严格管制犀牛和虎及其制品经营利用活动的通知的实施细则延缓出台，继续实行三个严格禁止，即严格禁止进出口犀牛和虎及其制品严格禁止出售收购运输携带邮寄犀牛和虎及其制品严格禁止犀牛角 ...全文	未
犀牛角和虎骨被严格禁止入药国家林业和草原局新闻发言人黄采艺13日在国新办举行的发布会上说，对于国务院《关于严格管制犀牛和虎及其制品经营利用活动的通知》，需要有配套的实施细则，经过研究决定，通知的实施细则延缓出台，我国继续实行三个严格禁止，即严格禁止进出口犀牛和虎及其制品严格禁止出售收购运输携带邮寄犀牛和虎及其制品严格禁止犀牛角和虎骨入药。@新华视点	未
犀牛角和虎骨被严格禁止入药国家林业和草原局新闻发言人黄采艺13日在国新办举行的发布会上说，对于国务院《关于严格管制犀牛和虎及其制品经营利用活动的通知》，需要有配套的实施细则，经过研究决定，通知的实施细则延缓出台，我国继续实行三个严格禁止，即严格禁止进出口犀牛和虎及其制品严格禁止出售收购运输携带邮寄犀牛和虎及其制品严格禁止犀牛角和虎骨入药。(@新华视点 图via@人民日报)	未
犀牛角和虎骨被严格禁止入药国家林业和草原局新闻发言人黄采艺13日在国新办举行的发布会上说，对于国务院《关于严格管制犀牛和虎及其制品经营利用活动的通知》，需要有配套的实施细则，经过研究决定，通知的实施细则延缓出台，我国继续实行三个严格禁止，即严格禁止进出口犀牛和虎及其制品严格禁止出售收购运输携带邮寄犀牛和虎及其制品严格禁止犀牛角和虎骨入药。（记者于文静）	未
犀牛角和虎骨被严格禁止入药国家林业和草原局新闻发言人黄采艺13日在国新办举行的发布会上说，对于国务院《关于严格管制犀牛和虎及其制品经营利用活动的通知》，需要有配套的实施细则，经过研究决定，通知的实施细则延缓出台，我国继续实行三个严格禁止，即严格禁止进出口犀牛和虎及其制品严格禁止出售收购运输携带邮寄犀牛和虎及其制品严格禁止犀牛角和虎骨入药。（记者于文静）@新华视点	未
犀牛角和虎骨被严格禁止入药国家林业和草原局：经研究决定，《关于严格管制犀牛和虎及其制品经营利用活动的通知》的实施细则延缓出台，继续实行三个严格禁止，即严格禁止进出口犀牛和虎及其制品严格禁止出售收购运输携带邮寄犀牛和虎及其制品严格禁止犀牛角和虎骨入药。via新华视点	未
犀牛角和虎骨被严格禁止入药国家林业和草原局：经研究决定，《关于严格管制犀牛和虎及其制品经营利用活动的通知》的实施细则延缓出台，继续实行三个严格禁止，即严格禁止进出口犀牛和虎及其制品严格禁止出售收购运输携带邮寄犀牛和虎及其制品严格禁止犀牛角和虎骨入药。@新华视点	未
犀牛角和虎骨被严格禁止入药国家林业和草原局：经研究决定，关于严格管制犀牛和虎及其制品经营利用活动的通知的实施细则延缓出台，继续实行三个严格禁止，即严格禁止进出口犀牛和虎及其制品严格禁止出售收购运输携带邮寄犀牛和虎及其制品严格禁止犀牛角和虎骨入药@新华视点	未
犀牛说无字绘本《红雨伞》	未
犯命案后潜逃28年，监利公安千里缉凶！	未
犯我中华者必纠	未
犯我中华者必诛之	未
犯我中华者，虽远必诛。 吴京	未
犯我中华者，虽远必诛据东北新闻网报道，记者从有关部门获悉，加拿大公民迈克尔，英文名：Spavor Michael Peter Todd，因涉嫌从事危害中国国家安全的活动，于2018年12月10日，被辽宁省丹东市国家安全局依法审查。目前，案件正在审理中。	未
犯我中华者，虽远必诛。逃我国税者，虽久必追！	未
犯法兴化一老年人在小区内随地大小便引热议，你怎么看	未
犯罪低龄化成趋势 专家呼吁拿出新办法	未
犯罪嫌疑人已投案！	未
犯罪嫌疑人：本来银行卡密码我是不知道的，结果银行卡背面贴着密码，那你说叫我（作为小偷）怎么办近日，宁波市海曙区望春派出所接连接到三起盗窃车内物品的报案，被害人被盗取的财物有现金银行卡香烟等。民警通过视频侦查现场勘查等侦查手段，将关键信息进行串并，发现犯罪嫌疑人选择在凌晨时进行作案，逐一拉动车辆车门碰运气或是查看车窗是否关上，若未上锁或未关车窗就翻找车内财物，盗取车内财物。目前，该水某因涉嫌盗窃已被刑拘，案件正在进一步审理中。@海曙警方在线	未
“状元大讲堂”开讲清宫年俗	未
“状元大讲堂”开讲清朝宫廷趣闻	未
状元都去为官了！	未
状态一般	未
犹他州车辆管理局的工作人员太有梗了吧哈哈哈哈哈哈这不是我大闪电吗	未
犹太有句谚语：父亲给儿子东西的时候，儿子笑了。儿子给父亲东西的时候，父亲哭了。记得做一个孝顺的子女，这一辈子，欠的太多的，能让你欠的，而且不求回报的也只有父母了，不要抱怨他们的唠叨，多多体谅他们。	未
狂了耗子都给老鼠当伴娘了//@追剧:这个世界太疯	未
“狂人”贺建奎：我会让自己的孩子接受基因编辑	未
“狂人”贺建奎真能“用下半辈子”为娜娜露露负责吗？	未
狂！公证处人员上班打游戏:几点打完几点上班近日有网友爆料，大连瓦房店公证处，上班时间工作人员还在打纸牌游戏，后面四五个群众等着办事等着办理的人问几点上班而该工作人员竟称几点打完几点上班，现场视频随后公证处工作人员这样回应此事狂！公证处人员上班打游戏:几点打完几点上班	未
狂吃肉竟能月减 10 斤！然而真相是	未
狂喊100多句“支那人”的周竖峰是谁？	未
狂！安阳男汤阴偷狗后拍抖音炫耀！被揪了出来...	未
狂打6.8折！凌晨3点不打烊！郴州这家火锅店要被围堵！	未
狂揽他台头部主播，参股行业上下游，斗鱼的流量制霸之心隐隐若现！	未
狂撒万元现金红包！只为让你了解这件事	未
狂暴47分还送无解绝杀三分！乔治终于回来，威少为他灭火	未
狂暴女教师美国犹他州32岁的高中健康和瑜伽教师Chelsea Cook周日傍晚去前夫的公寓给女儿送感冒药，然后就呆在浴室里拒绝离开好不容易肯走了，从浴室出来，去拿外套的途中拔出手枪，当着双胞胎女儿的面冲着前夫的现女友开枪，26岁的现女友身中两弹，卒女教师被控谋杀重罪，她在10月和11月间涉及两 ...全文	未
狂热！博卡球迷会管理人员：为了来伯纳乌观战解放者杯决赛第二回合，有些博卡球迷不惜离婚辞职卖掉自己的车子，还有的球迷为了看这场比赛耗尽了自己所有的积蓄，在马德里请求睡在陌生人家的阳台上，甚至不知道该怎么返回阿根廷。	未
狂热的爱国主义宣传把德国人民都引上了绝路。	未
狂犬病疫苗连续不合格，很可能是这个标准太严苛了	未
狂甩！工厂动迁借地清仓，只有三天，万件商品70元起！	未
狂笑之蝠的多种封面	未
狂送10000斤虾！开发区王婆大虾玩命了！把塘沽的汪子都清空了...	未
狂送10份霸王餐，重庆勒家火了十几年的店，居然只花39.9元吃火锅！	未
狂降8！丹阳正式入冬！接下来的天气，挺住	未
狂风中，这群人与落叶共飞舞！	未
狂风依旧，“背石头上学”的牧民子女住校了	未
狂风大浪中 女子跳海轻生！临沂小伙刺骨海水中救起！	未
狂风大浪中女子跳海轻生！烟台四名民警下海合力救人	未
狂风暴雨和我无关最爽//@苍南派:有人装修最不爽//@M大王叫我来巡山:外面狂风暴雨，家里电影小曲是真的爽_(」 )_//@妖妖小精://@尸姐:爽就完事了//@江南大野花: 反正很爽就对了//@你不要脸的样子真可爱:只要宅着就很爽//@鹿巻:只要宅着就很爽	未
狄莺独子孙安佐涉恐关押后抵台 拍视频曝光好身材	未
狐狸Happy Fox is Happy - Summertime by Roeselien Raimond	未
狐狸Moose做了一个手术来切除一些肿块，juniper好担心啊，一直围着他转 ins：juniperfoxx 微博视频	未
狐狸or狐狸精	未
狐狸为了食物一次又一次的去挑战赤狐野生狐狸David Cartier于Near Beaver Creek， CO，科罗拉多州拍摄	未
狐狸从莫斯科到雅库茨克。西伯利亚的科里玛海威是在南极大陆以外的最低气温最接近的极寒之地。我看到了活在永久冻土上的坚强的狐狸 by EvgeniyRadchenko 链接：网页链接 @猫盟CFCA	未
狐狸你倒是起来呀( _)起来陪我玩呐...！ @onraisan 微博视频	未
狐狸偷吃母鸡被捉，心善阿婆将它放生，哪料几天后儿子去一命归西	未
狐狸冻僵在地上，心善的阿婆把它救活	未
狐狸化身老太太，指着包说：那是我孩子的，还给我，还给我	未
狐狸取暖的赤狐Marina Fomina拍摄于拉斯诺亚克，西伯利亚中部，俄罗斯	未
狐狸只喝了点红酒，狼比较猛//@修平常心18:40，狼跟狐狸都没喝高吧	未
狐狸啊，我们家也有 查看图片	未
狐狸小可怜//@万事风过耳: @工头君@狐狸社社长乱狐	未
狐狸怪	未
狐狸战损狐受伤打石膏 ins：mikdolittles_animals	未
狐狸挠挠，有点痒... ins：cutefoxpic 微博视频	未
狐狸放眼望去全是毛球 推特@onraisan 微博视频	未
狐狸日本宫城县藏王狐狸村侧脸cute ins：harehareka	未
狐狸日本宫城县藏王狐狸村漫山遍野的狐丸 fox-info.net	未
狐狸有时候和猫头鹰很像，闭着眼给人感觉笑眯眯的。 查看图片	未
狐狸沙狐接上一条微博，还有几张沙狐Corsac Fox你们说他长得像谁	未
狐狸狐狐辛苦了，扮演面包也是很累的 fox-info.net	未
狐狸狐狸和狗...一言难尽...是很容易腻歪成一团的物种 ins：jay_red_fox 微博视频	未
狐狸狐狸和狸猫「！」 NC：他  微博视频	未
狐狸百度Firefox吧官方群里看到的火狐浏览器吉祥物线画，原图在评论区 微博视频	未
狐狸的观念（令人深思）	未
狐狸真让狐头疼 推特@ttt_zegu952	未
狐狸童年的滑梯(。) YT：tallonebehind 微博视频	未
狐狸：老子白费劲了！	未
狐狸脑内在幻想是自己的手 (    ) ins：fox_kuzya 微博视频	未
狐狸草原狐与蟾蜍，摄影师Brandon Downing拍摄于科罗拉多州布兰登	未
狐狸莫斯科动物园赤狐 by Anton Kalmykov	未
狐狸落地成球 推特@ttt_zegu952	未
狐狸藏王狐狸村，厮守的茶狐和银狐 推特@ttt_zegu952	未
狐狸补充四张，转发一张，另外三张补充原微博查看图片	未
狐狸补完计划2018年夏一定要待在盒子里不想出来的todd ins：mikdolittles_animals	未
狐狸观察野生狐狸幼崽 FC：RGL_Photography 微博视频	未
狐狸赤狐莫斯科动物园 YT：Proff Aust 微博视频	未
狐狸这个大腚	未
狐狸：这雪咋这么硬，钻不下去呢	未
狐狸铁锤//@豆你玩:狐狸幼崽//@Stubborn_D_:好嫩	未
狐狸银黑狐晚晴黑米狐饼 推特@ttt_zegu952	未
狐狸雪地不仅是狐狸的游乐场，狩猎地，同时也是狐狸的浴室，狐狸可以通过蹭雪清洁自己的身体，让自己变得仙仙的 推特@ttt_zegu952	未
狐狸食物落下的很快，但我还是接住了！ 推特@ttt_zegu952	未
《狐狸》饭制MV 陈立农版请问严格的ntjj们，这波操作你打几分 网页链接	未
狐狸饼	未
狐狸马上就是圣诞节了，我加的juniper家每年圣诞节都会收到很多粉丝的礼物，然后会在youtube发一个超长的狐狸开礼物视频，这已经成了每年的固定压轴节目了还记得那只大理石狐khala么她并没有撑到圣诞节，khala前几天去世了，R.I.P khala.希望每一个狐狐小朋友，无论是家养的还是野生的，希望明年依然看到你们可爱的样子，不见不散	未
狐闹闹	未
狒狒是一种群居的社会行动，一般是一头拥有支配地位的雄狒狒，垄断了群体内所有雌狒狒的交配权但是其他处于被支配地位的雄狒狒，可能会组成联盟备胎联盟的成员 A 今天主动跑去和首领雄狒狒打架（主要是挨打），与此同时备胎联盟的成员 B 就可以趁机和自己喜欢的雌狒狒发生关系第二天，A 和 B 的 ...全文	未
狒狒被移植基因编辑猪心脏后长期存活	未
狗不拴绳闯祸 撞倒耄耋老人（图）	未
狗不理2014年美国威斯康星州的一名女子新领养了一条西伯利亚雪橇犬后，肚子疼狗用鼻子在她下腹闻来闻去，闻了几次后狗躲了起来女主人去看妇科医生，医生诊断她患卵巢囊肿，开了止痛药回家后，狗表现更奇怪了，躲到壁橱里于是女主人几周后去看另外一位妇科医生，发现患了三期卵巢癌，做了卵 ...全文	未
狗不理。2014年美国威斯康星州的一名女子新领养了一条西伯利亚雪橇犬后，肚子疼。狗用鼻子在她下腹闻来闻去，闻了几次后狗躲了起来。女主人去看妇科医生，医生诊断她患卵巢囊肿，开了止痛药。回家后，狗表现更奇怪了，躲到壁橱里。于是女主人几周后去看另外一位妇科医生，发现患了三期卵巢癌，做了卵巢切除和化疗。2015年和2016年，那条狗又出现两次行为异常，导致女主人去检查，一次发现癌症肝转移，另一次发现癌症骨盆转移。此外，它还嗅出一位客人的癌症。	未
狗与狐狸，看看吧，这就是人性！	未
狗与狐狸，这就是人性	未
狗为复仇，天天在路边苦等仇家一年多！万万没想到	未
狗什么时候绝育	未
狗从天降，砸瘫女子！到底谁之责	未
狗你和营业也必须有姓名	未
《狗十三》与《我的天才女友》里的厌女症	未
狗十三：代际之殇，循环往复父亲解决问题的方法总是简单粗暴：面对执意找狗的女儿，他怒不可遏，一顿狠打宠爱孙女的爷爷坐在沙发上一言不发，默许了暴力的发生父亲发泄完，又露出愧疚的表情他把女儿揽在怀里，女儿哭，他也哭下载Vista看天下App阅读全文IOS： ...全文	未
《狗十三》准备去看一下，听说排片很少你们都看了没	未
《狗十三》：外表青春片，内里社会片	未
狗十三[星星][星星][星星][星星]，似曾相识的无奈	未
狗十三真正尖锐的地方在于，它揭示了成长的暴力本质所谓的成长就是所谓的社会化，就是要学会认同现有的权力和伦理结构，但人又是天然的自私的要让人从这种顽固的只知道自我，到认知并臣服于整个社会的运行规范，你其实只能通过暴力性的手段，别无它途 ...全文	未
《狗十三》：谁“谋杀”了青春	未
《狗十三》：长大这件小事	未
//@狗哥普拉斯:东亚病夫的招牌，被夫仔一脚踢开	未
狗喜欢多管闲事那是你还没见过操碎心的母鸡	未
狗女儿:这真的能吃吗我:这是拐枣，能吃，你没看到我也在吃吗狗女儿:好吧那实在不行我们一起进医院我:你帮我拿着，我掰一下过了一会儿我:我拐枣呢狗女儿:给我:我刚刚给你两串咋剩俩了！！！！上学期我:给你吃看看，超级甜狗女儿:这是啥啊，能吃吗会不会中毒啊我:能吃，这莲蓬，嫩的莲子狗女儿:好吧我试看看我:那你帮我拿着我再去看看还有没有过了一会儿我:我那些莲蓬呢狗女儿:好好吃啊我们吃完了我:真香系列	未
狗娘养的心惊报，去你妈的北海道。拿东三省和北海道比，真亏你们想的出来！有问题可以整改，可以把雪乡的旅游资源开发出来，除了冬天玩雪，春夏秋再想别的招啊。非得一棍子干死东北么鬼子在东北祸害了14年，这是中国受日寇祸害最深的地方，真的不记得这段历史可以请我过去给你们上上课。一帮狗娘养的开始为福岛代言了，怎么着你们也打算发力配合了是吧雪乡明码标价再引争议	未
狗子不仅会吃你的，喝你的，它还会抢走你的另一半！	未
