狗子为复仇，天天在路边苦等仇家一年多！万万没想到	未
狗子：众生皆苦，唯独我是青草味的	未
狗子：再这样我报警啦	未
狗子害怕打针怎么办铲屎官：没事，我家狗子傻得很...	未
狗子背过身送你一屁，请注意查收！	未
狗屁司法独立，原告是谁证人是谁所谓不择手段，包括运用独立的司法作为道具，这才是本质。顺便说，汉奸太多！	未
狗年年夜饭开始预定 包厢订餐需提前	未
狗患7岁女童刚进校门被村支书的狗咬穿嘴唇 缝十多针晓洁在陕西省蓝田县厚镇张岭张岭教学点读二年级。9月21日上午刚走进学校大门，一只狗从后面将她扑倒并撕咬，她唇部被咬伤，此后一直未去上学。微评：该村支书势力大。请及时支付整容费，赔偿女童精神损失费。7岁女童刚进校门被村支书的狗咬穿嘴唇 缝十多针	未
狗救耗子，从猫王手中 微博视频 wave	未
狗斯特昨晚出门前在直播打游戏，出门时忘了下播，虽然他没开麦听不见现场声音，但是后来看到一个戴帽子的人在电脑前晃了一下，大概长这样。大家还知道什么线索吗，转发这条微博并关注我和@使命召唤Online官微 为狗斯特提供嫌犯线索，抽10个人平分1000Q币。 查看图片	未
狗日的//@我用第三人称:转发微博	未
狗曰(yue) 一点飞鸿影下，青山绿水，白草红叶黄花。白朴《天净沙 秋》	未
狗熊耍扁担，耍不来//@晨晨爸再努力:大哥，把子面拉的时候右手直接顺下来就ok了啊。然后扯的时候在案子上稍微抖一抖，不难。牛肉面难的是和面。一次和四袋面太变态了。//@开水族馆的生物男:	未
狗狗Zanjeer服役期间一共找出过3，329公斤炸药，600枚雷管，249枚手榴弹，6，406发实弹，挽救了上万人的生命，走的时候人们为它举行了隆重的葬礼。	未
狗狗不想走了怎么办事实上，不是所有的狗狗都喜欢到外面散步。网页链接	未
狗狗为了取暖，直接坐在了暖炉面前，女儿怎么推就是不动！	未
狗狗每天去超市偷东西，跟踪它到家后，老板看哭了！	未
狗狗狗，70年属狗人：恐怕要逆天了！狗上有福！	未
狗狗的狗年：养犬之争无解	未
狗狗的腿夹到电车上，开始故作镇定，结果实在装不下去了！	未
狗狗腿被冻在河中趴冰面悲鸣 救援人员刨冰救出	未
狗狗被遗弃3个月依然在原地等主人，好心人给它竖忠犬牌子！	未
狗狗被遗弃，追了100多公里，只为……咬主人一口！	未
狗的一个姿势，狐狸死了，这就是人性	未
狗：算了消消气	未
狗老师街头暴打徒弟当事人出面澄清缘由，将走法律程序处理！吴迪徒弟浪子蒙安，替父出征，扛十点大旗！	未
狗肉你找到的这是个啥（Via.9GAG）	未
狗：背负着这个年纪不该有的懂事。	未
狗血！小伙网恋美女一个月发红包8万6  系39岁二孩妈一人分饰四角杭州爆料 29岁小伙小木在杭州某公司上班，公司老同事曹某称可以帮他介绍女朋友就这样，曹某和92年的美女菲菲通过微信热聊迅速坠入爱河，短短一个月已经聊到了结婚登记，以老公老婆相称小木对菲菲也是百依百顺，给小 ...全文	未
狗血！阳朔一男子伪装高富帅，没料到真实身份竟是...	未
狗贩为多赚30块 用铁钳卡头水管插胃给狗灌水(视频)	未
狗都知道女生需要哄	未
狠刹利用特殊资源谋私利歪风	未
狠!因作业没完成 男老师把一年级小女孩耳朵拧烂	未
狠//@开水族馆的生物男:牛逼//@中国日报:@人民日报 ：福建泉港碳九实际泄漏量69.1吨泉州市政府刚刚通报：东港石化公司对外报告泄漏量为6.97吨。管内物料存余量约32.4吨，没有计入泄漏量。裂解碳九物料时移花接木，少报29.7吨。恶意串通伪造证据瞒报数量。泉港化学品泄漏事故调查及处置情况	未
狠心保姆虐打残障儿子 父母无奈手机上收看"直播"	未
狠心！男童深夜赤身裸体门外哭泣，父亲：自己脱光跑出去的	未
狠抓扬尘污染源头治理   坚决打赢蓝天保卫战	未
狠茬子爆踹公交司机！一车人无动于衷！	未
狡猾的偷鱼贼！他们利用这些隐秘的工具竟偷了500多斤鱼，最终被民警一举抓获	未
//@-狩马-://@丽丽-风暴烈酒: 该！	未
独墅湖快2，那班公交车上的青春。	未
独孤求败的重剑哪里来的原来是此人送给他的，他们还是老乡	未
独家 | 1年与16天，华锐风电案最后一批投资者经投保基金调解获赔	未
独家6.8折！大兴这家火锅店竟把整个成都市井都搬来了	未
[独家] BTS ARMY 获得正式商标权-所属社确保Fanclub名的商标权是一件破例的事情-作为引导防弹少年团人气的主体 在认可ARMY的存在感的同时 也防止「ARMY」该名称被随意使用/nojam__nolife_	未
独家ofo剧中人：我不愿谢幕多位接受采访的人士表示，ofo当时很多部门花钱铺张一个他们常拿来举的例子是，2017年4月ofo花费千万请鹿晗当代言人公司为每个员工购置价值2000元的升降桌此前财新网报道ofo管理层一人一辆特斯拉，据财经记者了解，ofo创始团队有两辆特斯拉，戴威一辆（大 ...全文	未
独家V观丨西班牙空军战机为习近平专机护航	未
【独家V观】习近平：十一届三中全会在党和国家面临何去何从的重大历史关头召开	未
独家| WTO改革博弈持续，中国将提出独立方案	未
独家专访丨基因编辑的“疯狂实验”到底闯了什么祸	未
独家专访|法国男足前主帅多梅内克有意执掌国足	未
独家专访黄风玲：考试是我考的，顶替谁的学籍不知道	未
独家丨吃糖防癌？英国权威科学杂志试验报告公布	未
独家丨小市值壳资源走俏：买方按图寻宝，卖方坐地起价	未
独家丨平均年薪210万元：美国医生为何仍“哭穷”	未
独家丨手机分性别：女的随便玩，男的会致癌？	未
独家丨接近监管人士：理财子公司不是超级牌照，与信托业务大不同	未
独家丨等待与落空 “17洛娃科技CP001”偿债截止日实录	未
独家丨艾滋免疫基因编辑志愿者招募平台：贺建奎提出四个条件	未
独家丨辽宁方大半路杀出“截和” 西林钢铁400亿重整将爆发一场厮杀	未
独家丨陈光明首募或不足60亿，“200亿目标”只是个传说	未
独家丨马克龙的41岁生日：奢华不再，独对民怨	未
独家丨“黄马甲”刚歇，“蓝背心”又起	未
独家丨“黑色星期六”,巴黎将会经历什么？	未
独家|中医药首次进入WHO疾病分类系统，意味着什么？	未
独家  中国如何应对西方两大力量板块（深度好文）一个失去货币发行权的世界政府法国今天出生的每一个婴儿，都已经背负着高达32000欧元的债务因为国家的债务是需要每一个公民通过税收来偿还的而法国这个6600万人口的国家到2017年底已经负债高达22998亿欧元！而美国更是达到了21万亿美元的天文数字！所谓国家债务，说起 ...全文	未
独家乐视金融板块拆解：首卖保险经纪牌照，健帆生物接盘乐视系旗下资产不断被冻结和拍卖之际，其金融板块资产的处置亦有动作财经记者独家获悉，其旗下的悦保保险经纪有限责任公司日前已完成交割，成为其金融资产处置首单接盘者是珠海健帆生物科技有限公司旗下子公司据悉，股权转让协议 ...全文	未
独家互联网行业反腐：拍蝇打虎猎狐目前很多互联网公司都在内部设有反舞弊的专门团队和部门，比如阿里的廉政合规部京东的内控合规部百度的职业道德委员会等，它们往往独立于各个业务部门，向公司创始人或者联合创始人直接汇报。美团点评的监察部原本向王慧文汇报，在今年改为向美团点评联合创 ...全文	未
独家互联网行业反腐：拍蝇打虎猎狐目前很多互联网公司都在内部设有反舞弊的专门团队和部门，比如阿里的廉政合规部京东的内控合规部百度的职业道德委员会等，它们往往独立于各个业务部门，向公司创始人或者联合创始人直接汇报。美团点评的监察部原本向王慧文汇报，在今年改为向美团点评联合创始人穆荣均汇报今日头条内部反腐的部门叫道德监察委员会，头条内部还设有匿名邮箱，内部可以写匿名信举报滴滴内部设立廉政合规部，直接向CEO程维汇报。互联网行业反腐：拍蝇打虎猎狐	未
独家今上午 成都一小区几坨被分解的尸体从天而降！	未
独家｜“今日头条”的金融布局：收购保险经纪、证券投资咨询、申请分期商标	未
独家  优酷原总裁杨伟东涉经济问题配合警方调查 牵涉这！就是系列综艺财经记者独家获悉，阿里对于杨伟东的调查已持续一段时间，杨伟东此次涉嫌贪腐的项目主要集中在优酷于2018年推出的这就是系列综艺，主要是关于综艺项目的收支问题该系列综艺以这！就是街舞打头阵，后陆续推 ...全文	未
独家优酷原总裁杨伟东配合警方调查 牵涉《这就是》系列综艺	未
独家先割腕再跳海 生死瞬间警察叔叔纵身一跃	未
独家！共享单车内心独白	未
独家刚刚，XX豹电动车人去楼空！行业洗牌加剧！	未
独家|加多宝任命中粮系前高管，高层回应完善架构并非中粮接盘	未
独家:华为就保释听证会表示:相信会有公正结论	未
独家｜华润集团正式通知：吴向东离任华润置地首席执行官	未
独家！发现乐清失联男孩藏匿处的，是永康的两位福尔摩斯（视频）	未
独家 | 周琦没改年龄！“大魔王”小学球友让美国专家闭嘴	未
独家围挡砸人事件 伤者讲述惊魂6秒 商场垫付医疗费 涉事店铺负责人正在接受调查	未
独家 | 大润发接管欧尚事件大起底	未
[独家]宝哥观点：意大利德比尤文占优 昨天火线6中6！	未
独家对话中山横栏镇党委书记劳国南：横栏照明灯饰产业有多强	未
独家对话刘二海:瑞幸不是流量生意 靠钱不能解决一切刚刚完成2亿美元A轮融资的瑞幸咖啡，近日再次宣布完成2亿美元B轮融资，其估值飙升至22亿美元瑞幸咖啡董事此次B轮融资领投人愉悦资本创始及执行合伙人@刘二海 近日接受新浪科技的独家专访深入分析了瑞幸商业模式的本质：独家对话刘二海:瑞幸不是流量生意 靠钱不能解决一切	未
独家山东菏泽住建局正在开会讨论昨晚公布的取消限售政策财联社12月19日讯，记者从山东省菏泽市住建局独家获悉，12月18日晚菏泽市住建局发布取消限售政策引发广泛争议后，今天早上起菏泽市住建局内部一直在开会，目前会议仍未结束，预计下午住建局会有回应。（财联社记者 李洁）	未
独家  幼儿园误开紫外线灯20分钟 30余幼儿眼睛被灼伤	未
独家|广州坠亡案死者家属：目前没拿到尸检报告	未
独家！庭审为何落泪孟晚舟日记首次回应北京日报记者21日从华为公司拿到一份孟晚舟女士近日写的日记，是她看到日本居民来信后的首次个人回应。她在日记中写道：保释那天律师说，不少陌生人打电话表示愿意用自己的财产为我担保。他们根本不认识我，但他们知道华为，认可华为，愿意相信我。听着律师 ...全文	未
独家|延期四次未成交，奇瑞增资扩股项目“流拍”	未
独家心太大！女子公交车上丢了包，10多万的银行卡能找回来不	未
独家@成都车主  昨晚你收到这条短信了吗部分车主被吓了一跳	未
独家：承德南站内部大揭秘	未
独家技术层面还出错了专家称编辑CCR5基因并不能抗艾滋病南方科技大学副教授贺建奎（注：南科大称其已经离职）在一对双胞胎身上动了基因刀，编辑了胎儿身上CCR5基因，以用来免疫艾滋病抛开伦理与规范暂且不谈，单就这项技术而言，已经有科学研究给出结论，编辑CCR5并不能预防中国的艾滋病病 ...全文	未
独家报道！今天，苍南的这个地方被挤爆了！！发生了什么	未
独家披露边防警察的日常	未
独家！招行回应：未收到监管部门的窗口指导通知	未
独家揭秘！我们找到了资阳万达背后四大不为人知的真相...	未
独家揭秘：数据分析，狮航737MAX到底经历了什么	未
独家揭秘！杭黄铁路开通在即！大量细节披露...	未
【独家】新一批“两类公司”11家试点企业名单浮出水面	未
【独家】新光控股向已违约债券提出3年偿债草案 5天后又有20亿债券到期	未
独家  最严停复牌新规显效！A股停牌家数首次低于20华尔街见闻获悉，今日（12月7日）两市停牌18家，停牌率0.5，为资本市场首次少于20家 实时快讯	未
独家|李渊真的向突厥称臣吗？唐史专家张国刚解读“大唐胡风”	未
独家|欧菲光牵头拟以30亿元收购日本JDI公司33%股权	未
独家！武器装备科研生产许可目录正在调整  将对军工配套企业产生较大影响	未
独家沈阳一小区午夜传来狼叫声 这么瘆人的声音究竟是什么	未
独家沈阳两晚21辆车被卸腿 警方如何智擒盗贼	未
独家|法国男足前主帅多梅内克有意执掌中国国足	未
独家|洛娃集团董事长胡克勤回应债券违约：系合作银行贷款发放突然中断所致 正多举措筹措资金	未
独家｜游资恶炒东方通信收警示函，华泰荣超的“大牛们”会收手么	未
独家爆料！这家酒吧将彻底颠覆苍南人的夜生活！就问你敢来嘎么	未
独家猛料！远安那起骇人听闻的拆迁伤人事件终于水落石出了！	未
独家  王光谦院士正面回应媒体质疑天河工程的几个问题	未
独家！珠海市住建局回应：对辖区相关楼市政策调整将有统一说明	未
独家电报医药带量采购谈判仍在进行中 上午只确定预入围名单并未协商价格财联社12月6日讯，记者在国家带量采购投标谈判日现场确认，此次谈判上午主要是预入围的制药企业，并未谈及价格，中标价格是下午谈判内容，目前仍在进行中，市场此前传言的价格并不准确（财联社记者 徐红）	未
独家电报医药带量采购谈判仍在进行中 上午只确定预入围名单并未协商价格财联社12月6日讯，记者获悉，医药带量采购谈判仍在进行中，此次谈判上午主要是预入围的制药企业，并未谈及价格，中标价格是下午谈判内容，目前仍在进行中。	未
独家电报医药带量采购谈判：阿斯利康吉非替尼预中标价降价75财联社12月6日讯，记者获悉，国家带量采购投标谈判日正在进行，部分药品的预中标价披露，阿斯利康公司的吉非替尼降价75正大天晴的恩替卡韦降了93北京嘉林的阿托伐他汀口服降价幅度超过80医药股集体暴跌	未
独家电报宁波银行称未接到监管窗口指导通知 银保监会人士正了解情况财联社12月20日讯，针对媒体报道监管部门窗口指导部分银行适度控制2018年全年利润增速一事，宁波银行回复财联社记者称没有接到相关通知，也没有看到任何文件，常熟银行回复称具体不清楚。此外，记者获悉，银保监会相 ...全文	未
独家电报菏泽市住建局办公室：就取消限售 目前没有收到省里或市里的最新指示菏泽市住建局一位工作人员回应记者称，通知是昨天晚上发的，我们也没有想到会引起市场如此大的反应，有点意外。今天上午一大早住建局已经召集局里人员就昨天的通知开会。（财联社记者 王海春）	未
独家电报菏泽市住建局：由于后台系统在调整 目前取消限售还没有正式启动财联社12月19日讯，菏泽市住建局官网昨日发布的有关取消限售的通知显示，该通知落款时间为12月14日。对于取消限售的政策是否已开始执行，菏泽市住建局相关工作人员回应财联社记者称，由于后台系统还在调整，目前这一政策处 ...全文	未
独家电梯惊魂！成都某小区业主被困80分钟，应急按钮不管用！	未
独家｜监管窗口指导疑云：大行、股份行利润增速或个位数，实质影响究竟几何？	未
独家网约车合规大限将至 滴滴面临不可能完成的任务网约车新政实施各地陆续出台地方细则以来，滴滴平台上的人车总体合规率比较低。一位行业监管人士举例称，真正有效的监管手段包括APP下架甚至断网，企业诚信体系降级，主要责任人纳入失信名单等等。网页链接	未
独家：蒋劲夫自首后精神恍惚 家暴后满屋是血不实(图)	未
独家！行政副中心办公区启用的第3天，更多细节被曝光！	未
独家街头扮惨乞讨  半小时收入近千元 成都职业乞讨人你捐助过吗	未
独家观察丨马克龙发声 法国“黄背心”抗议运动会偃旗息鼓吗？	未
独家视频红绿灯路口乞讨 要钱不要安全	未
独家视频长沙渣土车撞击校车！孩子们靠它救了命家长一定要看！	未
独家 | 解剖京东数科：刘强东持股或超25%，仍是实际控制人	未
独家：《谁来给医院看病》听听医院是怎么说！	未
独家调查  湘潭大学联建街，如此这般，出了事怎么办	未
【独家】辽宁省职业年金受托人评选今天下午发标书	未
独家述评  养犬法治盲区少 闯祸胚就少迄今，全国各地凡有地方立法权限的城市，大多颁布了养犬管理条例，顾名思义，立法规范的是人，不是狗。盲区，如何打通养犬管理，也需要普法和执法的技术改进全面的社会发动，让养犬人充分知晓法定权利和义务，对守法的好处和违法的后果都有明确预期让所有人都知晓违法养犬事件发生时，该如何有效处置，正是打通养犬管理法治盲区的技术关键。 新民晚报独家述评  养犬法治盲区少 闯祸胚就少	未
独家|金立进入破产程序，初步重组方案出炉不排除未来引进“白武士”	未
独家陈光明专户产品或缩短募集期，渠道零售额度已过半，后续公募产品正在路上华尔街见闻独家从渠道获悉，正在火爆发售的睿远基金专户产品在首日已经完成过半的零售规模募集，为控制规模，陈光明亲自管理的睿远基金洞见价值一期可能会缩短原定的募集期。独家睿远首只专户产品或缩短募集期，零售渠道销售额度已过半，后续公募产品正积极筹备	未
独家：陈羽凡今日起接受社区戒毒三年 需每周报到一次陈羽凡被认定吸毒成瘾，石景山分局责令其接受社区戒毒三年。据新京报报道，陈羽凡从今日至2021年12月16日，要到其所在社区北京市朝阳区六里屯街道办事处报到，正式接受社区戒毒。搜狐娱乐从知情人士处了解，陈羽凡接受社区戒毒的地方有专门帮助戒毒的工作人员，陈羽凡需要每周去社区报到一次。据悉，社区戒毒人员一般都是半个月报到一次，之后会一个月或者三个月报到一次，负责监督的工作人员还会不定期检查。被责令接受社区康复的人员如果拒绝接受社区康复或者严重违反社区康	未
独家首发全国男子20强阿刚原创广场舞 《向往拉萨》！	未
独居女孩下班回家发现家里来了一个陌生男生，这可怎么办	未
独居女孩感觉半夜被监视，装下摄像头后，竟然发现......	未
独居女孩防身用	未
独居女孩防身用，想要不！	未
独 居 山 野 ，梦 色 的 黑	未
独居老人家中摔倒多处骨折 靠3盒牛奶撑过6天6夜	未
独居老人家中摔倒多处骨折 靠3盒牛奶撑过6天6夜因凌晨起来上厕所，半途摔倒在地，她一直未能起身。当够着那3盒救命牛奶时，株洲的张娭毑已5天5夜滴水未沾粒米未进了。因联系不上母亲，察觉到不对劲的女儿女婿从长沙回到株洲，才发现躺在地上气息奄奄的张娭毑。此时，她已在冰冷的地面上躺了6天6夜。她说，这些天她从未放弃，一直努力挪动。	未
独居老人家中摔倒多处骨折 靠3盒牛奶撑过6天6夜因凌晨起来上厕所，半途摔倒在地，她一直未能起身当够着那3盒救命牛奶时，株洲的张娭毑已5天5夜滴水未沾粒米未进了因联系不上母亲，察觉到不对劲的女儿女婿从长沙回到株洲，才发现躺在地上气息奄奄的张娭毑此时，她已在冰冷的地面上躺了6天 ...全文	未
独居老人辞世，遗书上写我于昨晚走了，两个月后遗体才被人发现 这是去年发生在南京六合区延安北路一栋老居民小区里的酸心事。有邻居闻到对面屋子传来一股异味。联想到居住的老大妈已近3个月没有见到人，邻居立即反映给社区。社区工作人员赶到后敲门无人应答遂报警。警方赶到现场，打开房门发现老人已经死亡。从留下的遗书看，这名独居的81岁老太，疑为在2个月前某日死亡，至被发现时已过去2个多月。警方辗转联系到老人在外地的儿子。老人的遗书字迹清晰俊美。遗憾的是，老人在遗书中提出遗体速火化，一切从俭，却因没有被及时发	未
独山一老人误上高速路，倒地不起！交警冲进车流把她抱走附视频	未
独山县举行扫黑除恶冬季宣传月活动	未
独山子市民，你今天再忙也要点开看看	未
独岛酒店海昌公园，魔都这个地方要火！	未
独库公路，中国版的66号公路，从海洋到冰山再到火焰	未
独有英雄驱虎豹，更无豪杰怕熊罴！	未
@独生子女们，这个假期为你专享，部分省份可休20天！	未
独生子女家庭看进来，领钱有你吗	未
独生子女就是要啃老啃老指的是已成年具有社会生存能力的年轻人，还依靠父母或亲戚养活自己，在不断奶的状态下生存。是一种消极的现象。啃老族（eaten-old groups），又称吃老族傍老族或尼特族。尼特族是NEET在台湾的译音，NEET的全称是（Not currently engaged in Employment， Education or Training），最早使用于英国，之后渐渐的使用在其他国家。它是指一些不升学不就业不进修或不参加就业辅导，终日无所事事的族群。在英国，	未
独生子女就是要啃老啃老指的是已成年具有社会生存能力的年轻人，还依靠父母或亲戚养活自己，在不断奶的状态下生存是一种消极的现象啃老族（eaten-old groups），又称吃老族傍老族或尼特族尼特族是NEET在台湾的译音，NEET的全称是（Not currently engaged in Employment，  ...全文	未
独生子女户家庭快去登记！	未
独生子女护理假出发点是好的，不过如果条件允许还是有个兄弟姐妹比较好互相有个照应	未
独生子女护理假在私企里面是没有用的，谁会给你放这个假。	未
独生子女护理假对公务员国有企业应该是可以的，但是私企的话这个规定应该是没用	未
独生子女护理假 我们父母年轻的时候鼓励他们只生一个，那个时候还有独生子女津贴，现在他们老了，生病的时候只能相互照顾，远在外地工作的我只能请长假陪伴，才感受过这样的问题，所以如果真的可以，希望能考虑给独生子女这样的优待	未
独生子女护理假民企连双休日都办不到，这个更不具备什么实际意义，当然公务员估计能行	未
独生子女护理假看到这个话题，开始还以为是给身为父母者照顾独生子女的假期，后来才知道是反过来的，是独生子女照顾父母的。放假，从员工的角度当然是高兴的。从老板的角度，却是一件苦恼的事情，意味着用人单位又增加了成本。这不仅是薅资本家的羊毛，也是挖社会主义墙角。这个假期对所有用人单位都适用，包括国家机关国有企业和民营企业。即使是民营企业，利润下降就等于税收减少，同样会给国家带来损失。如果独生子女们真的有那份孝心去照顾父母，这些社会成本也是值得的。但在实际执行中，这个假期恐怕会成为很多独生子女的旅游假。如果	未
独生子女护理假 确实，以前是说过只生一个好，政府来养老！//@有人喊我青大王:国家财政不拨款，所有的支出全靠企业，扯淡呢对于小微企业来说，等于是全公司员工放假20天，这期间还得给工资！太扯淡了。国家来养老真的是一句空话。	未
独生子女护理假纯粹是想当然的规定。我在《对职工保护过度，谁还敢投资湖北》一文中，曾对湖北省制定出的诸多假期感到惊讶。我在该文中分析：我们不妨以一位能完整享受假期的湖北女工为例，计算一下她一年可以享受的假期（产假婚丧假不计）：1国家法定假期11天2双休104天3年假15天4痛经假每月2天，一年24天5护理老人假15天6夫妻异地探亲假30天（体制内的享受，还不包括路途时间），合计199天。如果她全年没有事假病假，满打满算也只能工作165天到166天，每月上班不到14天。即使私	未
独生子女护理假肯定引发争议。因为陪伴父母和孝敬老人与子女数量多少无关，有些子女成群的老人依旧孤单寂寞冷，这与世风日下有关，也与中国养老理念和方式的深刻嬗变有关。担心河南这条充满善意和理想化色彩的规定起不到预期效果除了非独子女有意见外，独生子女未必因此能病床前伺候，基本还是护工为王。不如在社会化养老尤其是社区服务上多投入并提升服务能力和水平。	未
独生子女护理假肯定引发争议因为陪伴父母和孝敬老人与子女数量多少无关，有些子女成群的老人依旧孤单寂寞冷，这与世风日下有关，也与中国养老理念和方式的深刻嬗变有关担心河南这条充满善意和理想化色彩的规定起不到预期效果除了非独子女有意见外，独生子女未必因此能病床前伺候，基本还是护工 ...全文	未
独生子女护理假这个假不要也好，独生子女不符合人类发展规律，一对夫妇生一对孩子，才是人类社会良性发展的趋势。	未
独生子女护理假这个护理假是瞎胡闹，尽孝是子女的义务，不是雇主的责任这个护理假相当于将子女的义务转化为企业的责任了20天假期就是差不多一个月不上班，企业还得发工资，今后谁还敢雇独生子女这和女性朋友大姨妈假一样，看起来是关心某一群体，其实是逼迫企业对这部分人区别对待，就业更 ...全文	未
独生子女护理假 随着一代代独生子女长大成人，独生子女家庭开始面临养老压力。近日，河南省最新《人口与计划生育条例》中明确规定，独生子女父母年满60周岁后，生病住院治疗期间，给予子女每年累计不超过20日的护理假，护理假期间视为出勤。而这一规定也属全国首创。这样的独生子女护理假，如果能够执行到位还是非常好的，关键是执行方面，尤其是企业，如何确保这些规定的假执行下去，这才是问题的关键。独生子女，在亲情方面，一直都是最难如人意的难题，尤其是夫妻双方都是独生子女的，情况更加突出。从某种意义上来说，还是非独生子女	未
独生子女注意了！你可能将比别人多休15天假！还带薪	未
独生子女父母退休后，养老金能多领一点吗	未
独生子女的痛：不敢远行，不敢穷不敢死。因为爸妈只有我！	未
独生子女的痛：爸妈在病床上，而我在通讯录里	未
独生子女需要面临很多前所未有的问题，有兄弟姐妹的你是无法理解的！生活身边事儿 早安哈尔滨@哈尔滨同城 @微博小秘书	未
独立小桥风满袖，平林新月人归后	未
独立报：D-苏亚雷斯可能去阿森纳，身价1400万镑根据独立报报道，丹尼斯-苏亚雷斯希望能在1月离队，寻求更多的出场时间，而球员也被介绍给了包括阿森纳在内的英超俱乐部据悉，D-苏亚雷斯的身价仅在1400万镑左右独立报称，巴萨愿意放苏亚雷斯离队，而他的经纪人也立刻帮他寻找起了下家 ...全文	未
独立报独立报称阿森纳现在对其他球队对厄齐尔的报价持开放态度。该报道称埃梅里现在对厄齐尔仍然没有一个清晰的定位，同时埃梅里与厄齐尔在关于德国中场的战术角色上也发生了分歧。	未
独立游戏就不收钱了，免费散散吧//@那个什么胖子:泥潭这是接到推广了	未
独腿小哥杵拐送外卖 每天走4万多步	未
独臂剪纸艺人：微笑面对生活磨难 手起刀落剪出乾坤	未
独臂剪纸艺人 手起刀落剪出乾坤	未
独自去偷欢 网页链接	未
独自在一个城市生活的体验大概就是这样吧，有同感吗	未
独自练习憋气泳池身亡... - 独自潜水旅行要注意哪些	未
独自赡养19年  八旬儿媳把公公养成百岁寿星	未
独自赡养19年 八旬儿媳把公公养成百岁寿星	未
独董华生眼中的万科之争：从一开始，他就在告诉我们一件事	未
独角兽+创投补涨超华科技（7连板）竞价跌停	未
独闯10年，非洲到底有什么毒	未
独龙族：奔在希望路上的独龙族	未
狭间直树：康梁关系演变背后另有一层围绕谭嗣同的纠葛	未
狭间直树：民国初梁启超对日态度和日本知识界对华态度之变化	未
狮吼TV娃哈哈居然跨界做起了这个生意	未
狮吼TV杜嘉班纳事件引发的求生欲测试	未
狮子vs兔叽 微博视频	未
狮子一天的食量居然等于150个人的周末大餐它们的速度居然可以达到60km/小时看了下面关于狮子的5个事实，鹅真实的怕了@腾讯视频纪录片 纪录片王朝 微博纪录片联盟	未
狮子合唱团鼓手退团！萧敬腾与团员相互拥抱落泪	未
狮子大开口 特朗普要求韩国分摊军费涨一倍	未
狮子头上看铁路，快通车了	未
狮子座真的这样吗	未
狮子座遇渣经历可以拆分为以下几个步骤：1自己干净磊落，就以为别人也干净磊落2看出不对劲儿了，希望并且相信对方会直说3上述情况，在人渣的世界里根本不存在！4人渣TMD继续编，骗狮子5狮子傻猪精，重复第一步结局 : mmmmmm了一个大p	未
狮子是没有具体的原则的，很多人看起来，狮子非常随和，但是其实没有原则是最大的原则，在他们说随便的时候，其实心里有个底线，只是不表露，没有牵扯到底线问题，好商量。当狮子在说：你主意吧，我随便的时候，他们心里其实也有了备用的方案，如果你把皮球踢了回来，他们也就拿出备用方案了。	未
狮子有多么缺心眼	未
狮子树。	未
狮子王VS猫子王，我真是飘了，竟然想要养狮子！	未
狮子男应该不会吧我觉得	未
狮子真的是这样吗?	未
狮子老虎为何不攻击大熊猫打不过吗饲养员透露其中实情	未
狮子鼓手退团原因曝光 萧敬腾：他要继承家业	未
狮航737MAX事故初始调查报告出炉，以及解读	未
狮航坠机调查报告	未
狮航坠海前关键11分钟曝光:＂人机互斗＂直到坠海	未
狮航失事客机黑匣子显示 飞行员多次尝试重新操控	未
狮苏//@舅夜://@郭斯特:好好苏	未
狮雄不发挥，你当我是小汪吗	未
狱务公开监狱人民警察的权利义务和纪律要求	未
狱后重生范三左手食指上戴着一枚深褐色琥珀戒指，那是朋友送给他辟邪的自今年8月份开始，52岁的范三成为沈阳的一名殡葬师他的日常工作，是为亡者净身穿戴好寿衣放进纸棺，再送至殡仪馆火化同时，还为家属提供出殡净宅等一条龙殡葬服务 狱后重生	未
狱警与艾滋病犯的博弈:他们若想要你命不需要武器	未
狱警勇斗歹徒牺牲重庆市民自发送别22日，重庆南川区法院法官田晓被歹徒当街刺伤，路过的狱警刘彦在追赶歹徒过程中被刺伤，于23日不幸牺牲，年仅30岁。据重庆南川区法院通报，犯罪嫌疑人曾某曾因寻衅滋事罪被判刑，当时田晓任审判长。知情人士告诉北青报记者，当时刘彦和其他两位同事公务返回途中，路过事发地点，看到有人在呼救，立即开车追击嫌疑人。接近后，三人下车追赶嫌疑人，坐在副驾驶的刘彦一个箭步冲出去，抓到嫌疑人，但不幸被嫌疑人刺伤，当场血流不止，随即失去意识。刘彦牺牲后，遗体由警车护送，回到他工作过的南川监狱。	未
狱警将缝衣针扎入被监管人指甲缝！济南检方已立案侦查	未
“狸猫换太子”骗取40万退鞋款  如此“创业”4嫌犯落网	未
狼再坏，蛇再冷，不如人难懂！	未
狼再坏，蛇再冷，都不如人心狠！	未
狼很快会来	未
狼 无 情，蛇 冷 血，人难懂！	未
狼来了全网苦寻5天的男孩找到了！家庭教育何其重要	未
狼来了！在德国狼不仅来了，还伤人了！在德国这些地方要当心了......	未
狼烟的家长里短	未
狼牙大队老大刚军转干上任当镇长，竟遇下马威，看他该如何面对...	未
“狼牙山五壮士”是编造出来的吗？	未
狼牙队长含泪退役，只为了给妹妹筹集五十万的治疗费用而不得不...	未
狼狈为奸 狼被围歼	未
狼狈！又有华人被警察押下飞机...航空从业者揭露，坐飞机千万别任性！	未
//@猎人瓦西里://@樊建川://@辽视第一时间://@中国消防:大家觉得怎么样	未
//@猎人瓦西里:这个可以打110吗那得把警察累死。	未
《猎天使魔女》创作者神谷英树暗示与卡普空合作项目《猎天使魔女》创作者神谷英树曾经是卡普空的员工。而且白金工作室的资深员工也有很多都来自卡普空旗下的Clover工作室。根据神谷英树最近一则推特的内容，他们可能再次与卡普空进行合作。虽然神谷英树曾经表示依然尊敬卡普空，但白金工作室和卡普空并没有过任何合作项目。他们最后一次合作是《龙鳞化身》，但那个项目已经被取消了，所以白金工作室和卡普空始终没有过合作成果。 神谷英树在网络上表示：卡普空和白金是一家。附的照片是神谷英树和辻本良三的合影，而辻本良三正是卡	未
猎奇《中国离婚简史》：支付宝都出电子离婚证了	未
猎户进山，奇遇沐猴搏击黑熊，看到真相呆住了	未
猎-歼系统何有意义？不再是猎人单打独斗，猎物暴露即是死亡	未
猎物已捕获	未
猎聘郑州管城回族区人民医院招22名医师	未
猎虎出动	未
猎虎天天有，驾车要谨慎！	未
猎虎日常打call，风里雨里我们在等你。	未
猎虎是常态，酒后莫开车！	未
猎豹	未
猎豹廉文化不是自己的坚决不能拿	未
猎豹文苑遇见乡愁	未
猎豹汽车滁州公司涂装车间开展六严考核行动方案培训	未
猎豹汽车长沙公司组织开展四季度预备党员培训	未
猎豹浏览器默认开通监听互联网带来的信息时代，个人已经没有隐私，这种现象在欧美电影中已经很常见，还记得电影中的天眼吗，一款监视整个城市的软件，没有一个人有隐私，今年上映的犯罪片《解除好友:暗网》，再次揭露了网络便利带来的的危险处境，监听，是拒绝的。	未
猎豹浏览器默认开通监听 我宿舍跟舍友说去吃黄焖鸡，打开今日头条就是北门的黄焖鸡	未
猎豹浏览器默认开通监听这个太霸道了，很多朋友每天收到来自全国各地的陌生电话和短信，难道我们的信息就是被这些APP给泄漏的吗以前通过座机骚扰，现在变成了专属手机烧热，你若不接，有的猖狂的甚至多次拨打每一次接听都是一次心碎，在移动互联快速发展的今天，如何保护隐私和严惩信息骚扰	未
猎豹称广告欺诈是第三方SDK所为 专业人士：猎豹很难脱责专注安全领域的自媒体黑奇士表示，如有证据证明猎豹合作的SDK有问题，猎豹很难脱责。猎豹是否对合作的SDK进行有效监控，事前安全审核过往信誉审核是否到位也是问题。仅仅断绝合作，那跟花了钱的广告主怎么交代，人家的损失谁来赔	未
猎豹移动推出国内首款超市机器人“豹小秘”	未
猎豹老司机大雾天这样开车才安全	未
猎豹芒果触宝与上海消保委沟通：发布新版本，移除涉隐私权限	未
“猎鲨”文化与战鹰共舞，这群航空兵不一般	未
猎鹰9号又跳票了//@Steed的围脖:印度火箭已射，打响头炮！ 查看图片 //@Steed的围脖:经过一晚上的跳票，现在谁都没有发 接下来的顺序是这样的：下午18:40，印度GSLV Mk 先发晚上22:31，不回收的猎鹰9号上场明晨0:37，欧空局的联盟号发射明天9:44，德尔塔IV重型升空 。	未
猎鹰9号运载火箭由于额外检查推迟发射日期	未
“猎鹰”是小儿科？美刊称俄正建造核火箭	未
猎鹰火箭着陆失控真相大白，第一现场目击海上漂	未
猖狂丨平潭海上响起爆炸声，再现无名船炸鱼事件！炸药从何来	未
猖狂！侨港光天化日之下有人抢金发夹！当晚被抓获！	未
猖狂！化州一正常行驶小车突遭逆行车辆砸窗车！	未
猖狂！河南周口盗贼公行，恳请公安抓紧破案！	未
猖狂！ 滨州三名女子组团在万达某服装店行窃！	未
猖狂！福建一公交司机被3名男子打到骨折！监控还原事件全程	未
猖狂！衡水1男1女深夜竟在车上干这勾当，警察来了还打警察！	未
猛一看还以为是消防车被撞了。。。人没事就好，辛苦啦	未
猛兽总是独行，牛羊才成群结队。	未
猛啦: 柴房发现一条23斤的过山峰长达3.6米， 很多广西人没见过	未
猛地一看，我以为年轻时期乔丹 美国洛杉矶	未
猛如虎 微博视频	未
猛戳下方彝乡楚雄，看本地新闻 信息 大事件直播，通道已经开启！	未
猛料！今天城南城北两热盘公开样板间！内部细节全曝光	未
猛料！容县平坡村的上空，突然惊现直升飞机！	未
猛料！常熟滨江这条路上惊现多辆豪车 原因竟是	未
猛料张家口爆炸23死 爆炸声响四五次 请看详情	未
猛料蔚县又上央视 这次是.....要走向世界请看视频	未
猛烈四荣往融水方向一辆客车和皮卡相撞车头被撞得稀巴烂	未
//@猛犸君侯://@猫叔Mack: 年度大戏开更了	未
猛男技师上门服务女网友们纷纷评论要下单	未
猛虎作揖狗熊跳舞猴子骑车......国际皇家马戏团在昌吉每天演3场！免门票！	未
猛虎落泪//@粽粽粽粽粽粽粽:马评论//@文科班校花酱:评论真的看哭//@花泽美美:哈哈哈哈哈哈哈哈哈哈评论大型强撩现场//@珍惜处男:哭辽 查看图片	未
猛龙东部霸主，费城还缺一环，恩比德很孤独	未
猛龙詹蜜追星记！笑哭猛龙球员范弗里特趁着罚球期间和主动和詹姆斯击掌受宠若惊的老詹回过头来再次和他握了一下手	未
猛龙队中锋瓦兰修纳斯因手术休战四周	未
猜一下这个东西是汽车的什么配件来的！	未
猜一下这是哪里的抄手@路食记重庆小龙坎	未
猜一下，马化腾说的这是一个veto right（否决权）的问题，指的是什么滴滴	未
猜一猜多久能查到他//@穆罕默德阿卜杜拉:时间地点都交代清楚了，这算自首吗	未
猜下这红酒多少钱一瓶	未
猜不中车话说，今天上班搭了一下隔壁小老妹的帝豪GL，就在我相当enjoy躺在副驾时，突然发现了一个特殊的按钮，这....究竟是干嘛用的呢（答案是四个字哦）	未
猜不出，周边还凿了三个眼儿	未
猜个车呗众友聊车	未
猜中了前面，没想到还是翻车了。。。	未
猜你想看干式报警阀组	未
猜准了有赏：-../.-/-.../../-./--./-..-/../.-/---/.---/../.-/-./--./-.../..-/.---/../.-/-./-.../..-/.../.-/-.	未
猜：刚刚上市就是敢说不愁卖的它，到底是谁	未
猜图：揭西龙潭某某村	未
猜字谜：一人一张口，口下长只手（打一字）	未
猜字谜：横算直算，二四得八（打一字）	未
猜对了一半，克莱两投不中，麦金尼补扣了哈哈哈	未
猜想分析和推断：戈恩被捕带给我们的影响	未
_猜我在哪	未
猜歌名 微博视频	未
猜测以后红包越来越小，快趁着现在扫几个吧	未
猜猜今天谁来现场看球了	未
猜猜今晚有没有猎虎行动	未
猜猜图三是啥没想到没过年就晒起了干货	未
猜猜她是哪家的婉莹小姐[给你小心心]	未
猜猜我们在干嘛明晚见。	未
猜猜我们是谁巴萨ForaBara	未
猜猜我在哪	未
猜猜我在哪儿	未
猜猜是哪个城市的小吃马住挨个去打卡	未
猜猜是哪家店即将开业Coming Soon@新田360广场_郑州国贸店	未
猜猜看据说这漆盒，一眼就能看出年代答案	未
猜猜蜀黍一天要换多少个轮胎	未
猜猜这两张图的回复有多少是瞎扯淡	未
猜猜这是哪里切下来的组织	未
猜猜这是潭山镇哪个村	未
猜猜这是谁	未
猜猜这是谁（wanghongjiemi_）（weiboguolu）	未
猜猜这是谁国际乒联巡回赛	未
猜猜郜林和王大雷在看什么设计台词： 。。。。。	未
猜瓜子的骗子：论如何快速地亏成穷光蛋	未
猜电影：别慌咱们导弹开路	未
猜电影：已经三个数了！	未
猜谜大会开始	未
猜车站揭晓答案17号线徐泾北城站，你答对了吗	未
猜这个瓦罐是干什么用的，第一个猜中的有奖。	未
猜！这是什么车上面的刹车盘	未
猜：这款SUV，也能扮猪吃老虎	未
猝不及防的假动作。体育V势力	未
猝不及防！突然出现的杀人鳄，离我只有一米	未
猝死前两分钟，他还向她说了晚安	未
猝死童工每天工作10余小时 曾是“尖子生”	未
猥亵女乘客男子求别曝光来！让我们一起转发为他保密。//@少女12岁 ：本来大家还不知道，现在全国人民都知道了，看你还敢不敢了//@-炜豪 ：公安哥哥说还没听过这么奇怪的要求，那就曝光吧一手微评	未
猥亵女童！北海一画室男老师被刑拘！	未
猥琐女学员，三哥大闹奶茶店	未
猥琐男躺火车座位下偷摸女孩 被乘客一巴掌扇蒙圈一位中年男子躺在火车的座位下面，用身体不断磨蹭女孩的脚，还伸出手不停的抚摸。女孩靠在座位上睡着，对男子的举动并没有察觉。坐在斜对面的乘客拍下了这一幕，并扇了猥琐男一巴掌后怒斥滚！男子灰溜溜地离开了	未
猩猩猴子都没有下巴，人类为什么会有	未
猩猩真的很呆	未
猩猩臂最近有点流行，巴巴托斯也来一个	未
猩红热传染性极强，通过飞沫传染。这种情况不停课，是对自家孩子和班级孩子都不负责。乐兮周一看医生，疑似猩红热，我立刻向学校老师说明情况，并给两天内接触过的小朋友家长一一告知。孩子健康第一位，无论是你的孩子，还是别人的孩子。	未
猩红臆想Artist：Dae-K	未
猪八戒明天上线，技能比孙悟空逆天！S14赛季皮肤御兽曝光，归属冷门英雄！	未
猪农哭诉：只有经历过非洲猪瘟的养猪人，才知道它的可怕！	未
猪吧//@M大王叫我来巡山:应该是猫//@万事屋纸纸酱:扇贝//@回忆专用小马甲:猫头鹰//@一个特别无聊的网民：乌龟吧//@肥宅不快乐日记:考拉//@Tiger公子:老虎	未
猪哥亮KTV叫小姐，结果来了个种人塞的公车萍...	未
//@猪哥:味道云南 这个女人太可恶了！@云南警方@昭通身边事@昭通大小事@昭通公安官方微博	未
猪圈为邻  村民叫苦	未
猪场料线引起饲料霉变的控制关键点及措施	未
猪场的温度控制原来是这么做的！	未
猪宝宝还不赶紧转起来	未
猪屎猪尿混在猪血里，这家“猪血豆腐”每天卖出数千斤	未
猪年牛市(附股)	未
猪年生肖茅台矩阵首发日期确定(图)	未
猪年紫气东来，3生肖钱财接不赢，富贵满堂，尤其第三个！	未
猪是不知道喂肥了要被宰的，即便你告诉它，它也不会懂//@文竹雨亭:你把转基因安全证书拿出来看看//@DSNatlarge:我真是觉得袁伯伯真是太傻了为什么要为这么多白眼狼辛辛苦苦操劳一辈子求求你们没文化就不要	未
猪游记第三期常德公寓再无张爱玲	未
猪猪女孩	未
猪猪女孩 们都知道了吗	未
猪猪女孩本孩收了	未
猪猪女孩马走了	未
猪猪//@萩风号:上次去有个路过的游客说这是野猪吗 查看图片	未
猪王重900多斤	未
猪瘟下的莆田，结婚酒席竟然办成了这样...	未
猪瘟传染人吗猪肉可以吃吗阆中人注意，最全防控指南来了！	未
猪瘟雾霾黑心酒店确实让很糟心曼哈顿Baby Max便携式母婴消毒器年底现金减免活动正在进行中，让UVC-led消毒黑科技一起呵护您的宝宝健康成长，点击链接或扫描二维码领取优惠券。@Mahaton曼哈顿智汇消毒	未
猪笼草捕食野生碧池	未
猪精女孩的又一个安利，试着把大衣大棉袄什么的平铺压在被子再睡觉，亲测暖和的不想起床。羽绒服没什么用，太轻了容易掉下床，厚重的半裙可以压住脚那一段，珊瑚绒睡衣靠近头这边，可以伸出手盖着玩手机。	未
猪肉别再用清水洗，教你一招，脏东西自己跑出来，每个家庭都能用！	未
猪肉可以吃，猪瘟不传染人最全非洲猪瘟科普防控指南来了	未
猪肉安全丨海勃湾区未发现非洲猪瘟疫情......	未
猪肉排骨横尸坦洲街头求你别在路上拉屎	未
猪肉放心吃！鄂尔多斯全面排查生猪未发现异常！	未
猪肉，猪瘟，最新报道！！	未
猪肉 猪肉 猪肉，新消息	未
猪肉 猪肉 猪肉，杀年猪了，都来看看	未
猪肉还能吃吗10个问题带你科学了解非洲猪瘟农业农村部23日发布，北京房山内蒙古包头排查出非洲猪瘟疫情。8月首次发现非洲猪瘟以来，全国共发生70余起疫情，累计扑杀生猪约60万头。为何疫情数量不断增加猪肉还能不能吃价格会上涨吗戳图了解转发周知，不信谣不传谣！@人民日报	未
猪肉还能吃吗10个问题带你科学了解非洲猪瘟农业农村部23日发布，北京房山内蒙古包头排查出非洲猪瘟疫情自8月首次发现非洲猪瘟以来，全国共发生70余起疫情，累计扑杀生猪约60万头为何非洲猪瘟疫情数量不断增加猪肉还能不能吃价格会上涨吗戳图了解不信谣不传谣！ @人民日报	未
猪肉还能吃吗10个问题带你科学了解非洲猪瘟农业农村部23日发布，北京房山内蒙古包头排查出非洲猪瘟疫情。自8月首次发现非洲猪瘟以来，全国共发生70余起疫情，累计扑杀生猪约60万头。为何非洲猪瘟疫情数量不断增加猪肉还能不能吃价格会上涨吗戳图了解转发周知，不信谣不传谣！	未
猪肉还能吃吗10个问题带你科学了解非洲猪瘟农业农村部23日发布，北京房山内蒙古包头排查出非洲猪瘟疫情自8月首次发现非洲猪瘟以来，全国共发生70余起疫情，累计扑杀生猪约60万头为何非洲猪瘟疫情数量不断增加猪肉还能不能吃价格会上涨吗戳图了解转发周知，不信谣不传谣！	未
猪肉还能吃吗10个问题带你科学了解非洲猪瘟农业农村部23日发布，北京房山内蒙古包头排查出非洲猪瘟疫情自8月首次发现非洲猪瘟以来，全国共发生70余起疫情，累计扑杀生猪约60万头为何非洲猪瘟疫情数量不断增加猪肉还能不能吃价格会上涨吗戳图了解转发周知，不信谣不传谣！  ...全文	未
猪肉还能吃吗十个问题带你了解非洲猪瘟。	未
猪肉还能吃吗非洲猪瘟会传染人吗农业农村部新闻办公室今天上午9时发布了北京市房山区排查出的非洲猪瘟疫情。在今天上午就非洲猪瘟防控工作有关情况举行的新闻发布会上，中国动物卫生与流行病学中心副主任黄保续为消费者吃了定心丸：非洲猪瘟不是人畜共患病，不会感染人。同时，它也不会感染除了猪之外的其他动物，不影响食品安全。（中国青年报中青在线记者 李晨赫）农业农村部：可放心食用经检疫猪肉	未
猪肉里发现虫子真相竟然是...	未
猪肉里有虫子CCTV新闻记者调查视频！	未
猪脚姜不！是！黑！暗！料！理！	未
猪血糕（对华晨宇很久以前的微博进行转发1点赞1评论3的操作，就有可能换取饭票，然后12点的时候兑换势力榜鲜花）	未
猪身上不能吃的部位，你知道吗	未
猪都要上树了？ 元旦隐贤山庄嗨翻天	未
猪麻崽你这个混球！昨天辛苦洗干净晒干的垫子你特么一来就弄脏了最后是看他吃了1cup还没走我想想还是再加一点吧然后趁我在放东西他把脑袋就凑到饭勺里吃上了我拿起来要倒进碗里他还哈我然后被我反哈回去愣了一下下	未
猪麻崽我看你是飘了，莲花罐罐你都敢剩下不吃光！你把我的钱吐出来！[米奇大哭]	未
猫不抓老鼠，改玩蛇了	未
//@猫叔Mack: //@万事风过耳:249不见了，其他还在，捞之	未
//@猫叔Mack: 没有什么能够阻挡，我对食物的向往。//@好茶贪香又恋花:	未
猫只有到了医院才怂哈哈哈在家作威作福，到了医院之后	未
猫可以吃狗粮吗	未
猫和老鼠打网球今日体坛	未
猫和老鼠有这段	未
猫和老鼠朋友圈背景图	未
猫和老鼠死忠粉报道	未
猫咪不小心挂在了房顶边上，同伴不去救反而还打它，落井下石呀！	未
猫咪后院的VR游戏发售以后。。。。猫：	未
猫咪后院的VR游戏发售以后猫：	未
猫咪在家捣乱对我的口红下了毒手，居然还冲着我一脸坏笑！	未
猫咪想吃桌上的鱼，三番五次想捞一爪子尝尝，被主人阻止了，可怜兮兮的 V影响力峰会红人的诞生 萌宠部落格	未
猫咪被困在房子里，房外的兔子看到后，竟选择这么做，暖爆！	未
猫头鹰//@一个特别无聊的网民：乌龟吧//@肥宅不快乐日记:考拉//@Tiger公子:老虎	未
猫头鹰书吧方舟子：人类与瘟神的较量	未
猫头鹰书吧方舟子：当你点上一支烟	未
猫头鹰书吧方舟子：食物会相克吗	未
猫头鹰书吧李长青：关于冠心病的忽悠	未
猫头鹰书吧纪小龙：生命可以从试管中开始	未
猫头鹰从橱子里拿出茶壶。今天晚上，我要泡一壶眼泪茶。他说。他把茶壶抱在怀里。现在，猫头鹰说，我要开始了。猫头鹰坐直身子，开始想一些难过的事情。椅子断了腿。猫头鹰说，他的眼睛开始流泪。歌不能唱，猫头鹰说，因为歌词已经忘掉了。猫头鹰开始放声哭。一大粒泪水滚下来，掉进茶壶里。汤匙掉到炉子背后，一直没人看到。猫头鹰说。更多眼泪流出来，掉落到茶壶里。书不能读，猫头鹰说，有几页被撕掉了。时钟停了，猫头鹰说，没有人去上发条。猫头鹰一直哭，一大粒一大粒的眼泪落入茶壶。早晨	未
猫头鹰的脖子，之前说过，它可以，你不行，莫强求。	未
猫头鹰蝶伪装恐吓能力：蛹期伪装成毒蛇，成蝶伪装成猫头鹰！	未
猫头鹰警察，抓赌很有一套！	未
猫奴们都是被猫咪小时候的样子萌骗了吧o()o V影响力峰会红人的诞生 萌宠部落格	未
猫宁	未
猫宁昨晚因为什么熬夜的鸭	未
猫怀疑主人偷吃了鱼干，趁主人睡着去闻他的嘴：朕是来破案的！	未
//@猫撞://@Tiger公子:难受//@MoodyAhri://@然后下面就没了://@M大王叫我来巡山:比例这么高。。真的心凉//@尸姐: 哎//@楚惜刀://@春风十里桃花至：30这个数据的来源查看图片	未
猫改不了吃鱼	未
猫既是固体又是液体，你也不知道有一天它会流到哪里！	未
猫是你的爱宠，还是城市的伤口？	未
猫是精神鸦片吗揭穿了喵星人的这些阴谋，你依然无法自拔	未
猫杂货铺小过程 钢笔淡彩教程作者：竹取水彩 （转）@钢笔淡彩教程	未
//@猫毛飘散://@曲炯 : 野猪冰壶	未
猫深情的看着狗子一眼，狗子竟无视猫后。。	未
猫爸偷袭！竟然把自己儿子掏到地下......这怕是后爹吧！	未
@猫猫的勋勋：又是周一一早，宜宾道安检又排队，只有一个队，安排两个安检员，男的在包过安检后再扫，然后安检口就特别乱	未
猫生病真是件磨人的事儿，可总要面对吧，就像总要面对逐渐衰弱的自己	未
//@猫病患者芦呱呱://@开水族馆的生物男:啧啧啧啧//@战争史研究WHS://@北京人不知道的北京事儿:再回顾一下这段表演，重新感受一下这仨的演技。。。交通事儿的秒拍视频	未
猫的呼噜声真的很催眠 越听越困 微博视频	未
猫的集合	未
猫看蛇都是7倍慢速，何况你个人//@微影帝:这是高手[Aloha]	未
猫科中的气鼓鼓短圆肥-兔狲	未
猫群是如何过冬的来挤一挤	未
猫肉多少钱一斤在线等挺急的	未
猫腻	未
猫虽然怕水，但喜欢吃鱼，就像我经常嫌弃你，但还是想要和你永不分离。	未
猫要是懂事起来，真的会让人想哭...	未
猫课堂       急救手册之抗凝血毒鼠药中毒	未
猫贩子偷盗几百只猫咪，还要把它们做成火腿肠所幸大量爱心人士赶到现场，并通知了相关执法部门......动保法出台之路还很漫长，但是只要每个有爱心的人贡献一点绵薄之力，就会有更多的猫狗活下去！[加油] 猫贩子偷盗几百只猫咪，还要把它们做成火腿肠，简直畜生！	未
献出救命血 南充“金丝猴”驰援为遂宁患者献血	未
献力中药普查，无畏风雨兼程他们一直在行动着	未
献县10岁男孩走失第22天最新消息......求网友再转一次！	未
献县 11月27日 停电信息，看看有你家吗	未
献县307106车祸！	未
献县交警被省台曝光	未
献县公安局悬赏通告	未
献县冬季取暖烧煤补贴标准公布！	未
献县县长信箱回复网友这些问题	未
献县召开新的社会阶层人士联谊会 成立大会	未
献县失踪男孩李泽宇被找到情况是这样的...	未
献县失踪男孩的姐姐首开直播：介绍相关情况！	未
献县失踪男孩至今未找到！	未
献县打掉一个敲诈勒索恶势力犯罪集团	未
献县扔垃圾失踪的孩子找到了艹他妈的	未
献县水牛店现偷车贼	未
献县河城街收费站一面包车因超载被查！	未
献县警方发布悬赏通告，看到这人请马上报警！	未
献县这两个路口将设置限高设施！下月开听证会！	未
献县这个村，99的人路过都晕圈！	未
献县部分公交线路调整2019年农村宅基地收费标准	未
献县高官路线2没有公交车交通局回复	未
献礼自治区60周年第二次社会治安清查整治行动来袭，30多名犯罪份子落网	未
献礼退休教师 家庭医生上门服务	未
献给13亿中国人的短片：这40年，如果没有你......	未
献给13亿中国人的短片：这40年，如果没有你……	未
献给1970-1979年出生，农村长大的人们	未
献给步入中年的70后	未
献给每天都很困的你	未
献血	未
献血  今天你送一血了吗	未
献血，究竟对身体有益还是有害真相在这！	未
猴叔上山下乡记之三那山那水那保亭	未
猴子一个人去了西安，还在怂恿我过去。而我打算下午继续暴走，蹦哒着，迎接每辆像司机的车，说不定哪天偶遇。	未
猴子全责！	未
猴子摘桃	未
猴子还行//@王志安:这待遇，快赶上实验室的猴子了。//@丁香园: 母亲感染 HIV 不负责，孩子感染 HIV 不负责，孩子畸形不负责，中途退出实验退还费用罚款 10 万。研究伤害封顶赔偿 5 万。 //@丁香园: 基因编辑项目的知情同意书，其中包括研究伤害顶额赔偿5万元，项目组承担每对夫妇28万	未
猴拳 微博视频	未
猴撤步又来也！	未
猴桥的群众看这里，谁是你的派出所所长谁是你的社区民警都在这里	未
猴//@艾甜atte:来了//@筋脑伤:所以后背真的是黑的来预约了//@洛晴晴_://@蕾蕾后院的甜菜://@嗜兴://@陆轩和:转发微博	未
猴节！泰国办猴子自助餐节 众猴吃喝不忘撩客	未
猴说我真人的皮肤比无美颜自拍的好，说自拍显得糙。	未
猴蹦蹦跳跳去洗漱，一头撞到门梁上 微博视频	未
猴醉了，路都走不好，还一个劲唠唠叨叨烦死了，幸亏有平平一路给扶到酒店 微博视频	未
@猿儿还好吧：请问一下，咱河北区的暖气啥时候能热上来，预产期还有一个月，暖气一直连温度都没有（不冰手，但是也不温)，打电话报修过一次，维修人员说就是这个温度，河西的暖气就很暖和，难道全市不应该是统一的么，年年都没落下过暖气费，这温度一直没有太让人恼火啊@天津8890	未
獨家：G7意大利外長聲明或寫入《廣島宣言》理念	未
獨家：調查顯示日本男性23%女性14%終生未婚	未
玄武一机关人员创作并演唱《垃圾分类总动员》歌	未
玄武区召开“打好污染防治攻坚战”工作推进会	未
玄武区孝陵卫街道开展“宪法宣传周”系列活动	未
玄武湖，黄了！	未
率先来华投资兴业 侨商为何敢饮“头啖汤”？	未
玉佛人说水陆丨为何瑜伽焰口能跨越生死，让亡者和生者同时获益	未
玉兰油11-10：网页链接	未
_//@玉兰盛开时:人家泰国佛牌上都是如来佛祖的扮演者朱广龙老师，咱们自己国家的纪念馆挂个演员咋就不成了哈哈。	未
玉城未满2岁女童坐着TA时遭遇惊魂一刻！这种宝宝爱坐的东西安全隐患可不少	未
玉屏：不让广场舞成扰民舞	未
玉屏举行全国交通安全日宣传活动	未
玉屏交警开展百日安全行动夜查行动	未
玉屏实现乡村卫生室医疗废物规范化处理全覆盖	未
玉屏老年消费教育基地挂牌成立	未
玉屏金竹：油茶树下种人参	未
玉屏镇：加强寄递渠道检查严防非洲猪瘟传播	未
玉屏马路边打牌的爷爷奶奶都去了这里	未
玉山多家单位工作作风被曝光后，他们这么做了	未
玉林一大货车在路上起火，黑烟数米高，场面甚是吓人！	未
玉林一女子骑电车闯红灯理直气壮： 我天天闯，能活下来就好了！	未
玉林一家理疗馆围满了男男女女，又发生了什么事	未
玉林一男子以留宿为借口，目的是想干这缺德事！	未
玉林一货车与小车相撞，女司机被夹在驾驶室	未
玉林一货车与摩托车相撞，一人生死未卜！	未
玉林一货车行驶途中发生翻车，万幸的是...	未
玉林：争当乡村振兴的排头兵	未
玉林人买菜水果时小心电子秤猫腻，赶快告诉家人！	未
玉林人注意！7天如家汉庭等酒店检出致病菌，你还敢住吗	未
玉林人注意：元旦假期火车票开售，这些放票时段请记好	未
玉林人注意！有人在按摩椅上出事了！商城的那些电动按摩椅你还敢坐吗	未
玉林人速看！2019年正式放假通知来了，五一只有	未
玉林侬看过来，你想知道的驾驶人审验问题都在这里.....	未
玉林侬，近期上南宁注意了，需带证刷脸进城！	未
玉林：农村改革先行区勾画乡村振兴新蓝图	未
玉林北高铁站真的要来了还有征地通知书这事你怎么看	未
玉林又有大事件！12月15日，将有一大批玉林人挤满这个地方，只因为	未
玉林，地也不大物也不博，没有那么多牛羊肉，人口也这么多，可以吃狗肉吗//@执木君:我觉得有点欺负人啊 人家什么都没有 地也不大物也不博 没有那么多牛羊肉 人口也这么多 捞鲸鱼吃不是自然规律吗	未
玉林城区一货车行驶中起火.....	未
玉林某夫妻利用孩子乞讨真是够不要脸的！	未
玉林某校女生遭绑架挖器官！真相是...	未
玉林某路段这个弯道是不是有鬼整天有车翻下农田！	未
玉林"狗肉节"冲突降温：爱狗者转向教育当地下一代不要吃	未
玉林狗肉节爱狗人为救狗将其高价买下，360只花了十万余元！	未
玉林男子结婚，竟和一只鸡拜堂这是什么传统	未
玉溪一司机路遇鬼车惊出冷汗！原来他看见了这一幕...	未
玉溪一家长接送孩子时做了这件事后被贴罚单！网友：罚得好！	未
@玉溪人：你的手机号终于自由了！不再锁定运营商，只需发一条短信...	未
玉溪人最怕的事终于来了！独生子女看完扎心了	未
玉溪人赶紧收藏！手把手教你怎么办理携号转网！不到1小时全部办完！	未
玉溪北城中学门口一大车爆胎！吓坏路人！	未
玉溪华宁：以法育人 县监管场所开展宪法日主题活动	未
玉溪华宁：消防演练进行时  校园消防安全从娃娃抓起	未
玉溪发布市管干部任前公示！何俊民拟任市直单位副县级领导职务	未
@玉溪司机  夜查继续！下一个路口，蜀黍与你不期而遇	未
玉溪司机注意啦！车牌号实现终生制！交强险不再强制交950元	未
玉溪有身份证的赶紧看，公安部正式宣布，马上全面执行！	未
玉溪独臂大侠无证驾驶被蜀黍截停，乘客竟称开的真稳	未
玉溪网约车新政来了，司机朋友你们怎么看	未
玉溪路黄桷井蟠龙冲...这几天，内江部分地区要停电！	未
玉溪这群人是在捕鱼吗真相暖哭玉溪的每一个人...	未
玉环2019年度城乡医保保费开始扣缴，截止至	未
玉环一女孩，因为作业，跑走了！	未
玉环人民医院改扩建开工时间定了！	未
玉环：公职人员客串交警，轮流上岗执勤	未
玉环小麦屿村发生货车侧翻司机被困 因....	未
玉环：整个停车场都被我们承包了！俩毛贼面对一停车场的车高兴坏了，然而	未
玉环：气不气花3100买手机，结果收到一包胡辣汤	未
玉环漩门湾大桥最新进展	未
玉环车主注意！11月27日起，玉环桐岭第一隧道夜间封闭施工，请注意绕行！	未
玉皇大帝年纪很大了，但不肯改叫玉皇老帝，因为他怕人跟他打招呼就说：来了老帝	未
玉磨铁路全线长508.5公里 普洱到昆明预计3.1小时！！！	未
玉磨铁路普洱站已经建成这样了	未
玉竹深碧叶支离，残阳鸿雁南归去人间大道何以得雀米猫鱼我吃梨祝冬夜安好	未
玉米价格--12月5日	未
玉米价格回调风险加大，你做到应变准备了吗	未
玉米期货交割区域将扩至全国	未
玉米补贴正在发放中，请注意查收	未
玉茂一级公路最新进展：合江段征地拆迁公告	未
玉门人，交220元城乡居民医保的，真相来啦！	未
玉门人挺住！沙尘刚走，又要下雪了。	未
玉门市关于文明出行综合整治专项行动的公告！	未
玉门市法院召开案款发放大会，集中发放执行案款220万余元！	未
玉门市第一人民医院2018年公开招聘聘用制护理人员公告	未
玉面小嫣然猛然发现这个月的话题发帖数没达标	未
玉龙县的鱼米之乡，关于九河你不知道的事情	未
玉龙雪山日照金山 微博视频 晴天	未
王一彪：对40年改革开放的回顾与思考	未
王一菲 特效最终屈服于老王的美貌	未
王三三要去周游世界了 DAY3：曼谷 LINE 室内主题乐园 （LINE Village Bangkok）体验就一句话：照片九宫格不够发，等我的第二条	未
王三街的民族团结故事	未
王三运秘书唐兴和受审，当庭“认罪悔罪”	未
王三运秘书唐兴和受审 当庭“认罪悔罪”(图)	未
王世坚上节目 拿《出师表》形容赖清德讲话	未
王世坚称赖清德报告像《出师表》 网友：蔡是阿斗？	未
王世坚称赖清德检讨沉痛悲壮，像诸葛亮《出师表》	未
王东峰付建华在张家口爆炸起火现场指挥处置工作并看望慰问受伤人员	未
王东峰任河北书记	未
王东峰任河北省委书记	未
王串场随处乱烧纸现象严重，从设施和人员入手解决	未
王之元荐读基因编辑婴儿事件国家发声，湖北省的医生想评职称先要懂法律	未
王乐乐发文劝大家别把车借人王乐乐发文讲述亲生经历，称5月13号自己花300w买了辆法拉利458，由于没有驾照一直让我朋友开着，6.11朋友在小区道上开了160码，当时自己也坐在车上，没刹住车车撞的特别严重，因为没上保险修要80100万，我没修直接卖了185w！当时他答应帮自己承担一些，因为我知道他也没钱同意了，结果从6月份到11月份，一直拖着自己不给钱，而他自己每天天在外面玩，每次一提钱的事就逃避，到现在甚至直接不回信息了，昨天他直接回我你想怎么样就怎么样吧，自己真的要被他气死了，自己信任你把	未
王乐乐献爱心中午王乐乐发微博为单亲妈妈的重病女儿捐出1314元，基本退出网络的王乐乐经济状况肯定没有这些大网红好，却依然能捐钱出来属实是难得，这样的好事也要让大家看到，最近看到很多网红都在做善事，希望这份爱心可以继续接力下去，这才是网红应该做的。	未
王乐乐献爱心！为患病儿童捐款1314元！丈门天命专场讽刺祁天道散打哥，ks官方出手将其封禁！	未
王二妮红了，儿子被曝光网友：跟王二妮长得一点都不一样！	未
王二妮老家豪宅曝光	未
王二小13岁死于日本人手中，儿时玩伴为其守墓58年！为了全村人的安全，不怕牺牲，保护住了全村的人，这种舍己为人的做法也不是每个人都可以做到的，向小英雄致敬！！！	未
王二小13岁死于日本人手中，儿时玩伴为其守墓58年！致敬！！！	未
王云祥调研水污染防治工作	未
王五仁jio下安了弹簧 微博视频	未
王亚伟产品清盘引震动 公奔私基金经理压力大欲回流 _ 东方财富网如果这种情况延续，公司快活不下去了。近日，老王向中国证券报记者诉苦。三年前，他辞去公募基金经理的职务，借助粉丝的力量设立了一家中型私募基金。但现在他表示，如果时光... 王亚伟产品清盘引震动 公奔私基金经理压力大欲回流	未
王亚伟清盘引震动 公奔私基金经理压力大欲回流	未
王伟中任广东省委副书记 叶贞琴任广东省委常委	未
王伟中任广东省委副书记、叶贞琴任广东省委常委	未
王伟中任广东省委副书记(图/简历)	未
王伟中同志任广东省委副书记 叶贞琴同志任广东省委委员、常委	未
王伟中同志任广东省委副书记、叶贞琴同志任广东省委常委	未
王伟中同志任广东省委副书记 叶贞琴同志任省委常委	未
王传君：经历过断舍离，现在烟火气很重	未
王俊凯PS童年照为董子健庆生 意外提供表情包素材	未
王俊凯 wjk 三字弟弟 921 王俊凯粉丝	未
王俊凯与小姐姐聊天后娇羞一笑	未
//@王俊凯今天犯规了吗:跟着王俊凯益起来 在追梦的路上。十八岁成人之际，开启焕蓝梦想基金，随即建成启智图书馆，和十八间悦读室。@TFBOYS-王俊凯 王俊凯先生不仅一直参与各类公益活动，积极宣传环保理念，更是以极大的热情与执着投身环保公益事业，带动粉丝们宣扬正能量	未
王俊凯大粉糖包君//@奶酷小夏天:既然热sou来了 那我们正好让所有人看看这是什么狗皮膏药的骚操作。	未
王俊凯 安安是麻麻的宝贝，不是怪物！来麻麻怀里！@TFBOYS-王俊凯	未
王俊凯广东下雪突然就冷了，室内没有暖气！北方人不能理解南方人的冷是怎样的冷！	未
王俊凯必胜客品牌代言人王俊凯此刻之外生日会 王俊凯 180922十九岁生日会 饭拍视频一则@TFBOYS-王俊凯	未
王俊凯 想玩这个游戏，但是一直在...生成中	未
王俊凯成为拥有最多长辈粉的明星，国名度再次被证明	未
王俊凯 我忘了我明天还要加班，先睡了走过路过别忘了踩踩我	未
王俊凯有纹身?放大后，粉丝直呼	未
王俊凯的头卡在栏杆里！城管队员迅速出发解救！嘉兴爆料 22号下午3点嘉兴执法队员正在执行公务，突然听到外面有哭叫声，跑到外面一看，一家住户阳台的护栏外探出一个小脑袋，一边哭一边在喊救命。执法人员马上冲上三楼，只见一个小孩蹲在阳台地上，头卡在阳台的护栏外，哭叫不停，旁边有一个老婆婆急的手足无措，于是四个人马上施救，很快将孩子救出，所幸孩子没有大碍。原来小孩叫王俊凯，在奶奶收被子的时候调皮把头伸出去酿成了意外。@TFBOYS-王俊凯 你要不要来认领一下你的小老弟 via@海宁在线	未
王俊凯/空巢螃蟹的思念脑袋里放小烟花，心脏里融跳跳糖。@TFBOYS-王俊凯	未
王俊凯 至此，日短夜修，梦里与你相遇的时间最长@TFBOYS-王俊凯	未
王俊铭深入企业开展调研帮扶工作	未
王保平任东南大学常务副校长 吴刚任副校长(图/简历)	未
王保长要来巫山品恋橙赏红叶了	未
王健林再打“文旅牌” 投420亿在西北建两座万达城	未
王健林再打“文旅牌”：投420亿在西北建两座万达城	未
王健林出售百年人寿百年人寿成立于2009年，总部位于大连，是东北地区首家中资寿险法人机构。主要经营人寿保险业务，从事提供人寿保险健康保险人身意外保险再保险获批准使用自保费产生的所得款项及中国银保监会所批准的其他业务。截至2017年12月31日，公司注册资本77.948亿元，总资产686.78亿 ...全文	未
王健林又出手了，花420亿要干这事！	未
王健林好友35亿卖掉万达商管1.5%股权 永辉接手	未
王健林好友35亿卖掉万达商管1.5%股权 永辉超市接手	未
王健林好友35亿卖掉万达商管1.5%股权，永辉超市接手	未
王健林好友35亿卖掉万达商管1.5股权，永辉超市接手	未
王健林投420亿在西北建两座万达城	未
王健林最想灭掉的这只老鼠，一年躺赚2746亿！	未
王健林最想灭掉的这只老鼠，又躺赚2746亿！	未
王健林：有钱时，不交五友没钱时，不求五人	未
王健林梦碎万达影视：投资人撤离，蹉跎三年估值大幅跌去2013年万达东方影都开工，被看作是万达进军影视制造领域，打造电影全产业链的标志。五年后影都正式开业，大股东已换成了融创。万达影视三年内多次希望通过重组进入上市公司万达电影而未遂，导致投资人全线撤离，其估值和业绩均大幅下跌。如今，影视行业已从三年前风口上的猪，变成三年后风中的落叶。万达集团的影视板块在三年中也是震荡剧烈，其中包括人事变动和业务动荡。（棱镜）网页链接	未
王健林联手4大富豪，投230亿在大山里面盖商场，如今却成空城	未
王健林花400亿建雷人青花瓷建筑，网友：就像一堆乱放的碗！	未
王储，建议枪毙	未
王光谦院士回应天河工程：初衷是为了解决黄河缺水问题近日，中国科学院院士王光谦回应关于天河工程业界质疑和担忧的几个问题。他说，天河工程的初衷是为了解决黄河缺水的问题，现阶段天河工程还是科学研究项目，尚在科学探索研究阶段关于气象学界集体缺席前期论证的质疑，王院士回应：气象专家的数量比水利专家还多。 回应天河工程 王光谦院士正面回应媒体质疑天河工程的几个问题	未
王光谦院士回应天河工程：初衷是为了解决黄河缺水问题近日，中国科学院院士王光谦接受中国网@议库 专访，正面回应关于天河工程，业界质疑和担忧的几个问题王光谦回应，当下和未来，黄河缺水的形势依然严峻，天河工程的初衷是为了解决黄河缺水的问题，现阶段天河工程还是科学研究项 ...全文	未
王光谦院士回应天河工程：初衷是为了解决黄河缺水问题近日，中国科学院院士王光谦接受中国网@议库 专访，正面回应关于天河工程，业界质疑和担忧的几个问题。王光谦回应，当下和未来，黄河缺水的形势依然严峻，天河工程的初衷是为了解决黄河缺水的问题，现阶段天河工程还是科学研究项目，尚在科学探索研究阶段关于气象学界集体缺席前期论证的质疑，王院士回应：气象专家的数量比水利专家还多。 回应天河工程王光谦院士回应天河工程：初衷是为了解决黄河缺水问题	未
王光谦院士回应有关“天河工程”的质疑：尚处在探索研究阶段	未
王八吃秤砣！印度铁了心不再甘愿做小弟，不仅拆台还挥出了小拳拳	未
王兴东：必须依法治理影视行业把权力关进法律的笼子	未
王兴质押在摩拜科技全部股权	未
王兴质押在摩拜科技全部股权 无法保证未来能盈利	未
王军下访走访秦州区部分城中村和棚户区改造项目	未
王冬斌副区长实地检查东城区禁毒教育基地建设工作	未
王冰在全市安全生产工作会议上强调 时刻绷紧安全生产这根弦 为全市经济社会发展保驾护航	未
//@王冰汝:今天保释听证结束，仍然没有裁定。明天继续。	未
王凤英：悉心照顾卧床婆婆在社区传为佳话	未
王凯 一人份的孤独 王凯大江大河发布会，居然戴眼镜了！太苏了点吧！组里都说求王凯快点去演个斯文败类（图源水印）	未
王凯凯你是压轴，你要好好说多要面子的王先生	未
王凯版千手观音加霹雳舞加跳着跳着就逃回座位了	未
王刚儿子近照罕见曝光，才10岁就是学霸长相酷似爸爸	未
王利芬：戴威，你要学史玉柱，千万别做贾跃亭！王利芬：戴威，你要学史玉柱，千万别做贾跃亭！戴威最近在ofo公司内部邮件上有这么一段话：冬天已经来临，风雪也将随至，在最困难的时候，我们仍需坚守信念，哪怕是跪着也要活下去，只要活着我们就有希望。 这段话，从创业的素质和品质来说是没有问题的，这个是一个值得赞扬的品质，但是投资人的钱你是可以去拿去打水漂的，因为那是风险投资。但现在你是挪用用户的押金，这是两个性质不同的问题。如果你跪着活下去，还要创造一个打完最后一颗子弹向死而生的所谓创业英雄的形象的话，你	未
王力军收购玉米案入选指导性案例 能否管住非法经营罪	未
王力宏手指冻僵画面曝光 演唱会中断机智应变	未
王力宏晒老婆三胎B超照征询儿子名字 结果评论笑惨了	未
王力宏给儿子取名“王一”，五笔没有一笔是弯的，寓意正直	未
王励勤任副主席	未
王勇会见国际狮子会会长	未
王卫想做电商平台是痴人说梦。京东是一家在物流之上的电商公司，但本质还是互联网公司。顺丰是一家想做电商的物流公司，本质还是物流公司。区别在哪到底什么叫互联网公司互联网公司的壁垒到底在哪互联网公司的最大壁垒在于庞大的线上流量。没有这个，你就只能寄生在别的平台上，不可能做的起 ...全文	未
王双全到温州调研公安机关服务民营经济发展工作	未
王受文：中美不再对其他新的产品加征新的关税	未
王受文出席国新办吹风会介绍外资企业设立商务备案与工商登记“一口办理”有关情况	未
王可任广西壮族自治区党委常委(图/简历)	未
王台红石崖黄岛... 西海岸的退伍军人注意！青岛市退役军人信息采集正式开始，现在...	未
//@王君超:如果在看到一位男士在女士被迫喝酒时予以保护，那就好好珍惜他吧！//@王佳航: 非常无良了//@Pfaueninsel: //@乡下宁宁://@侯虹斌:转发微博	未
王哥庄大馒头香飘海内外 商户进入“忙年”节奏	未
王哲林罚球前这个飞吻，什么水平	未
王喆是王思聪弟弟？知情人士:无血缘关系只是朋友	未
王喜玲的生活“三级跳”	未
王嘉关晓彤林心如等明星与29名HIV感染少年烛光晚餐	未
王嘉尔  王嘉尔 不一样的游戏 公告超话值班表已排出如图，从今日起超话管理按值班表进行。粉丝如有任何疑问（包括屏蔽内容安利加精等）都可在当日向对应的站子私信咨询，我们会在收到后第一时间回复和处理。一起为了@王嘉尔 超话环境努力	未
王嘉尔看女团反应亮了 网友：没有感情的鼓掌机器	未
王嘉尔 音乐制作人王嘉尔 王嘉尔 不一样的游戏 181207 王嘉尔@王嘉尔 永登浦签售高清你一出现 就打败了我所有的负面情绪你不在时 就剩我一个人和他们打仗有时赢 大多时候输所以一定要有你才可以Different Game[音乐] （cr.wjs_s2 资源.芝士焗虾）集资链接:网页链接打榜教程：网页链接	未
王嘉尔 音乐制作人王嘉尔 王嘉尔 不一样的游戏 王嘉尔@王嘉尔 Itunes相关排名WOLOI Love ItPhoenixMade It HungerDifferent Game Creo en mi [拳頭][拳頭][拳頭]冲鸭 一起开启王嘉尔的时代Different Game 集资链接: ...全文	未
《王国之心3》欧美限定版PS4 PRO主机	未
《王国之心3》游戏截图	未
王国发同志逝世(图)	未
王国奇：百姓的老熟人	未
王国生到河南省高级人民法院省人民检察院调研时这样强调	未
王国生离任湖北省长，已调其它省省委书记	未
王坤拟任甘肃医学院院长！符红斌拟任平凉市委常委	未
王培安：流动人口呈半城镇化状态 需实现社会融合	未
王堰镇黄岗镇方集镇.....阜南这些地方要修路了！快看有你老家吗	未
王大爷和三个儿子	未
王大爷您又出来遛弯了	未
王大爷晒棺...	未
王大爷照顾我们立农这个小皮孩辛苦啦	未
王天辰张佳宁新剧现重逢情节 网友称“过瘾”	未
王奇任江苏省人民政府秘书长 张敬华不再担任	未
王奋彦在我县督查时强调要千方百计完成年度目标任务	未
王姐：我一定要成为快手网红我：王姐：上次xxx直播的时候，只有60个人看，我给他评论，他居然都不cue我，就只cue那些给他送礼物的王姐：我从今天开始，我就要在快手发视频，等我变成大网红，我倒要看看，我再去评论，他到底还cue不cue我！（斗志昂扬	未
王媛可叶一茜同框似少女，这是生过两个孩子的妈？	未
《王子变青蛙》翻拍 男女主疑定范世琦搭档邢菲	未
王子异抵制私生公告自子异出道后，收获了越来越多粉丝的喜爱，也面临越来越多的关注。其中不乏一些涉及到子异的隐私甚至带来困扰的私生行为，已严重影响到了子异的生活和工作。对此，我们作出如下倡议：反对所有私生行为禁止查询个人信息：包括以任何手段查询买卖子异非公开行程航班酒店及个人信息。禁止追车：此行为无论对他人和自己的安全都是严重的不负责存在极大的安全隐患，请在爱他的同时把他的安全摆在第一！禁止蹲点：在工作场地酒店及公寓等场合蹲点甚至跟踪等行为，已经打扰到子异私人生活，侵犯了子异个人空间。禁	未
王子异[超话]王子异6am 12.19早安贴背着行囊四处行走守着诺言浮浮沉沉你是我心电图上的一座高山早安@王子异 今天你为啵唧努力了吗，戳链接看看今日份打卡有没有完成B宝的奶粉罐：网页链接阳光信用值提升攻略： ...全文	未
王子异[超话]苏宁公益 随手公益，涓涓善意。ISEE和正能量偶像王子异 一起让乡村孩子童年不孤单@王子异	未
王学圻20年后再演话剧，他说感觉熟悉又胆怯	未
王学圻：20年后再演话剧，熟悉又胆怯	未
王宁任北京市教工委书记(图/简历)	未
王宁、殷勇任北京市委常委	未
王宁、殷勇任北京市委常委 现任常委班子12人	未
王宇：放宽市场准入 发展民营金融机构和中小银行	未
王安顺：靠着一股拼劲啃下改革发展“硬骨头”	未
王宝强住所的监控视频曝光，视频显示马蓉与其母亲在到达王宝强家门口后，曾试图跳起来将监控打掉，但不小心将身上的剪刀掉落在地上，随后她拿起剪刀进入屋内。	未
王宝强住所监控曝光！马蓉称被施暴却手持剪刀？如今已跑离医院！	未
王宝强住所监控视频曝光 马蓉疑砸摄像头剪刀掉落	未
王宝强儿子近照，父子俩人一模一样，网友：绝对亲生的	未
王宝强家暴马蓉是蒋劲夫给你的灵感吗  漏勺	未
王宝强家视频监控曝光， 马蓉与母亲到达后试图跳起来将监控打掉， 身上的剪刀还掉了 微博视频	未
王宝强家视频监控曝光， 马蓉与母亲到达后试图跳起来将监控打掉， 身上的剪刀还掉了王宝强家视频监控曝光， 马蓉与母亲到达后试图跳起来将监控打掉！	未
王宝强方面知情人否认打马蓉 称“警察一直都在”	未
王宝强殴打马蓉后，马蓉进入了喜剧圈	未
王宝强现身海南岛国际电影节红毯 心情大好未受马蓉影响	未
王宝强离婚案 这些配角也抢戏	未
王宝强马蓉离婚案维持原判 财产分割将继续打官司	未
//@王小亚: //@李子的围脖://@微荫: //@作者C://@头条新闻: 男子泰国杀妻骗保案遇害人母亲发声。节哀。	未
王小佳女儿连麦骂旗下女徒：你是s.b吗驴家班小志新号开播讲自己酒后必出事！	未
@王小刀说球还有啥可多说的，听的最多说的最多的就是：米兰，只要是你，多久都等	未
王小川评微信张小龙与字节跳动张一鸣：善良 vs 聪明昨天微信首先在iOS平台推出了7.0版本，带来了重大改版，微信大改版也上了热搜。今天中午，搜狗CEO王小川在微博表达了对微信的看法。详情点击：王小川评微信张小龙与字节跳动张一鸣：善良 vs 聪明	未
//@王小浪://@段子楼:巫师有嘻哈//@柿子要怎么逆天：//@商小略:有道理啊//@斯迪奥夫曼斯基:太合理了无法反驳//@岛田胖腿虎:哈哈哈哈哈！//@团被丙呼吱:沉默了你们不要破坏我的幻想了，现在满脑子重庆大妈机关枪对骂//@詹绿斯塔尔:LinHam一秒三十个缴械咒谁与争锋	未
//@王小浪://@江南大野花:冤冤相报何时了//@查查查儿:真狼啊//@cpyoverdosed://@咸鱼王_歪:哈哈哈哈哈哈//@蓝鲸财经记者工作平台: 都是狠人 查看图片	未
_//@王小浪:_//@江南大野花:最右有理有据_//@想赶紧毕业的Alexis:西方人用嘴巴传情达意，东方人用眼睛传情达意，比如西方人常用的颜文字是:）这种，突出嘴巴，东方人常用的是_这种，突出眼神	未
//@王小浪://@辣条娘: //@碳酸瓶:今日//@小飞坦的太太扑克:我要看看这次判刑什么程度//@杠杠__再起不能:说不出话//@那就要问问我手里的剑了:.....//@-音速山谷-://@再世衣锦夜 :今日反婚//@黑猫白袜子 : 唉//@Alexis_Quin :12月还没过完七个了	未
王小琴是谁黑户40多年，她要给自己找个身份	未
王小金：对于社工的疑惑，在于你不够了解	未
王小鲁：改革开放是全民参与的结果 核心是市场化国民经济研究所副所长王小鲁表示，在改革开放40年的时间里，核心的变化是从计划经济体制转向市场经济体制，市场化是核心。如果没有市场化，这个改革开放就没有核心了，就失去了它的灵魂。王小鲁：改革开放是全民参与的结果 核心是市场化	未
王局活动挺多@东至媒体人	未
王岐山：中国开放的大门不会关闭，只会越开越大	未
王岐山会见哥伦比亚外长特鲁希略	未
王岐山出席的这个活动 有什么来头？	未
王岐山出席的这个活动，有什么来头？	未
王岐山布局反腐 “四步棋”环环相扣	未
王岩辞在重点工程工地督导检查工作时强调：绷紧安全生产弦，守住生态环保底线	未
王峰评ofo困局：互联网巨头势力争夺进入白热化的代价继马化腾评ofo溃败原因 之后，蓝港互动董事长王峰发表了看法。他认为，其一，这是互联网巨头势力争夺进入白热化的代价，若传统VC主导会好些。其二，对创业者来说，总想找个大哥照应着，这种心态不好，早晚物是人非。王峰评ofo困局:互联网巨头势力争夺进入白热化的代价	未
王市长谈破解交通瓶颈问题：高铁和机场！都会在不远的将来变成现实...	未
王师傅的一分卡汇总	未
王希勤任清华大学常务副校长 向波涛任党委副书记	未
王希勤任清华大学常务副校长，向波涛任党委副书记	未
王干赵天成：社会转型夹缝中的马桥事件	未
[ 王庆：市场最后一跌可能已经发生 未来上涨概率大于下跌 ] Alpha峰会直播重阳投资总裁兼首席经济学家王庆提到，压制中国股市的两大关键因素（紧信用贸易）在四季度发生了方向性转变，明年上半年某个时间点社融增速将企稳反弹，经济底出现。股市上涨概率大于下跌。直播：华尔街见闻Alpha峰会即将开始	未
[ 王庆：市场最后一跌可能已经发生 未来上涨概率大于下跌 ] Alpha峰会直播重阳投资总裁兼首席经济学家王庆提到，压制中国股市的两大关键因素（紧信用贸易）在四季度发生了方向性转变，明年上半年某个时间点社融增速将企稳反弹，经济底出现股市上涨概率大于下跌直播：华尔街见闻Alpha峰会即将开始	未
王府井小吃街，可见你们之间的血海深仇	未
王建军慢四第三讲外侧截步月亮花（内附12 个 交谊舞 视频）	未
王建太参加主题党日活动时强调 办好百姓关注的小事实事	未
王异三国最贞烈的女子和最忠义的母亲	未
王得源：非科班出身社工如何快速适应社工行业	未
王德发，透心凉 微博视频	未
王心凌自曝曾被色狼偷摸腿：生平第一次完全傻住	未
//@王志安:50年前中国差点消灭麻雀。	未
//@王志安: 好想去庭审现场围观。	未
@王志安是你了。	未
王志安评蒋劲夫事件:若是日本人演艺生涯就此结束	未
//@王志安:转发一下	未
王志民探望刘廼强家人12月13日晚，香港中联办主任王志民专程到已故全国人大常委会香港基本法委员会港方委员刘廼强先生家中，向其家人表示深切哀悼和亲切慰问，并转达中央领导及有关部门负责人对刘廼强先生逝世的哀悼和对家属的慰问。刘廼强先生家人对中央领导及王志民主任和有关部门负责人的关心问候表示感谢。王志民探望劉廼強家人	未
王志民探望刘廼强家人12月13日晚，香港中联办主任王志民专程到已故全国人大常委会香港基本法委员会港方委员刘廼强先生家中，向其家人表示深切哀悼和亲切慰问，并转达中央领导及有关部门负责人对刘廼强先生逝世的哀悼和对家属的慰问刘廼强先生家人对中央领导及王志民主任和有关部门负责人的关心问 ...全文	未
王志玉：回乡建车间 创业又扶贫	未
王忠民：无论是预防缓释还是隔离金融风险，都不能一刀切12月9日，全国社会保障基金理事会原副理事长王忠民在2018三亚财经国际论坛上表示不管是用预防的缓释还是隔离式的方法解决金融风险，所有的问题都应由市场主体在供需之间处理，一刀切之手在这儿不能存在同时，他还表示，目前我国 ...全文	未
王忠民：无论是预防缓释还是隔离金融风险，都不能一刀切12月9日，全国社会保障基金理事会原副理事长王忠民在2018三亚财经国际论坛上表示。不管是用预防的缓释还是隔离式的方法解决金融风险，所有的问题都应由市场主体在供需之间处理，一刀切之手在这儿不能存在。同时，他还表示，目前我国金融面临在货币向左，信用向右的局面。我们已经把货币政策从各个方面已经放宽了，但是信用传导，无论是流动性还是信贷杠杆，或者证券化等等，所有的信用敞口都传递不过去，该用钱的地方拿不到，想传导过去的意愿和工具都传导不过去。王忠	未
王快水库开始开闸发水了！	未
王快水库开始开闸发水了！沿线要注意安全	未
王思聪16岁发现家里有钱，而我都32了还没发现，我家可真会藏钱。	未
王思聪16岁才知道家里有钱：骗小孩是中国家长最大的蠢前几天王思聪又双叒叕上了热搜。因为有媒体报，他小时候一直以为自己家境平平，直到16岁才发现真相。他跑去跟父亲王健林求证。父亲回答：这都被你发现了。网友纷纷表示：我都二十多岁了，我爸妈可真沉得住气啊。但其中也出现了一些不同的声音：骗小孩是中国家长最大的蠢呈现真实，往往就是最好的教育。小时候我爸会清清楚楚告诉我，家里每个月收入多少钱，基本开支是多少，如果不够花怎么办，如果能攒点，可以做什么。这让我很受益，直到现在，也一直对钱有清晰的认	未
王思聪16岁的时候才发现家里很有钱。某网友：我都过了16岁生日很多年了，爸妈真能沉住气。	未
王思聪为什么会跟投分答：为知识付费的时代之门已经打开？	未
王思聪关注了章若楠？引网友热议：她不是网红呀	未
王思聪打电话向林更新借钱，林更新：别逗我玩！俩人关系真好	未
王思聪抽纯金狗牌 网友吐槽：希望能给队员们换一个好的生活环境吧，看了鲁豫有约和电竞不凡之后真糟心	未
王思聪点赞刘强东道歉，随后刘强东律师声明：女方主动与刘强东先生亲热，没有任何拒绝或不情愿，房间里发生的一切都是自愿行为。	未
王思聪索赔近1亿，唱响乐视体育挽歌12月31日是乐视体育承诺上市的最后期限，如若不然，贾跃亭乐视网等原股东将承担约110亿余元以内的回购责任。11月以来，越来越多的投资者发起司法仲裁，王思聪也加入了追债行列，要求赔偿经济损失近1亿元，尽管他的投资并未亏钱。现在的乐视体育是家僵尸公司，原股东贾跃亭远遁海外不归，乐视网基本沦为空壳，离职员工苦等赔偿金和报销款。乐视体育曾辉煌过，2016年贾乃亮孙红雷周迅等十多位明星参与B轮融资，合计投资逾1亿元，此外刘涛一个人就投入了5000万元。@棱镜在腾讯	未
王懿律赢了雅思组合更有压力这场胜利只会给我更多的压力吧，因为你之前从来没赢过，你肯定没有压力，输嘛大家都无所谓的，但赢了后大家都会对你有期待，我觉得这是一种压力至于夺冠后如何庆祝，黄鸭组合表示哪有时间啊，明天就要打联赛了	未
王政柱将军回忆录：千里送金，忠诚于党 他是忠诚于党的金身将军，是毛主席枣园的老朋友战争年代，他长期在领袖和老帅身边做参谋，是我军卓越的军事指挥员和优秀的后勤工作领导者他就是王政柱将军今天，王政柱将军的儿子王延为我们讲述父亲一生难忘的记忆（中国军网微信）  ...全文	未
王敬雅评《董小宛入清宫与顺治出家考》︱清代疑案与疑案考据	未
王文天大使：在柬中资企业要守法经营	未
//@王旭东同学:对啊，为什么卖不动。	未
王晓光爱喝酒，且只喝年份茅台每当有酒局时，王晓光都会吩咐下属，给他准备一箱酒饭局结束后，箱子里经常还剩四五瓶没有开封的酒他办了四张酒类专卖证书，在贵阳开了四家名酒专卖店，交给家人打理他自己负责货源，由家人进行销售名酒专卖店生意清淡时，他还授意下属去自家店采购王晓光 ...全文	未
王晓光爱喝酒，且只喝年份茅台。每当有酒局时，王晓光都会吩咐下属，给他准备一箱酒。饭局结束后，箱子里经常还剩四五瓶没有开封的酒。他办了四张酒类专卖证书，在贵阳开了四家名酒专卖店，交给家人打理。他自己负责货源，由家人进行销售。名酒专卖店生意清淡时，他还授意下属去自家店采购。王晓光边收边卖，将巨额利益收入囊中。报道称，在他落马前的半年内，他老婆将家中上百瓶名贵白酒倒入下水道。据估计，这段时间王晓光夫妇倒掉的白酒价值数十万。2017年4月，王晓光到某名酒集团调研白酒产业发展进展情况8月，黔酒中国行活动	未
王晓光配得上「老师」这个称呼了。	未
王晓彤、韩雨会师女子9球世锦赛决赛	未
王晓旭  写给自己	未
王晓晨真拼命，毛衣外面还要穿透视礼服，正面看粉丝都不高兴了	未
王晓晨自曝是“口红控” 空降评论引粉丝疯狂表白	未
王晓晨 麻婆豆腐嫦小娥从黄帝宫移驾我浪，化身豆腐西施今天不是青岛话版的点豆腐，而是仙女版的送豆腐！解锁直男女神和麻婆豆腐奇妙的化学反应快来看直播吧	未
王晨会见吉尔吉斯斯坦第一副总理博罗诺夫	未
王晨会见塔吉克斯坦副总理伊布罗希姆	未
王晨会见苏丹全国大会党代表团	未
王晨会见香港友好协进会访京团	未
王晨:加强和拓展人大预算审查监督	未
王晨：加强和拓展人大预算审查监督	未
王晨在扬州会见吉尔吉斯斯坦第一副总理博罗诺夫	未
王晨在扬州会见塔吉克斯坦副总理伊布罗希姆	未
王晶捧她三年未火，两位影帝都带不动她，如今沈腾却带她赚翻了	未
王朝模式倒计时！队长们准备战斗吧	未
《王朝》纪录片上映，网友家里的猫咪狗子坐不住了...	未
王李张刘...看看你的姓氏图腾长啥样	未
王杰之任中核集团党组成员、纪检组组长	未
王杰班命名53周年，王杰部队干了一件大事！	未
王松雪漠王十月中国作家第一村村民眼中的东莞是这样的	未
王柏仲任吉林省四平市副市长	未
王柏仲任四平市副市长	未
王栎鑫晒童年女装照和儿子神相似 自称是姐姐	未
@王树国：天津站前广场和后广场（通莎客运站）进入地下通道时，最近设置了安检环节，但只有一趟安检通道，经常排起长队，作为天津的交通枢纽，为了安全，进行安检是必要的，但如此设置非常影响出行效率	未
王树泉赴公安部治安局汇报食药环侦工作	未
王楠王涛谈中国足球：一直向好发展就有希望 里皮掌控力下降，昨日，@王楠Nora 和@足迹王涛 作客2018双十大体育新闻微访谈，畅谈中国足球，王楠对国足的亚洲杯备战进行了详细介绍，王涛则坦承里皮近一年对国足掌控力下降，所以年初至今国足成绩不如人意。但两人都认为只要国足一直向好发展，未 ...全文	未
王楠穿着拖鞋坐在小板凳上，板着脸在训斥儿子，随后，儿子被罚面壁思过，看上去还算听话对于儿子被罚的原因，郭斌留言表示：对老人没礼貌对我们的长辈在王楠家里因为母亲跟儿女相处时间较多，负责唱白脸管教体罚，而经常出差的父亲负责唱红脸所以说法国禁止打屁股法案这种事情只是针对 ...全文	未
王正方出书《十年颠沛一顽童》：一个老顽童眼中的童年往事	未
王正方：跟后面的欧洲导演比起来，贝托鲁奇肯定是大师	未
王毅6个词概括今年中国外交	未
王毅：不要求尼泊尔选边站 将建中尼铁路	未
王毅:两国元首同意保持密切交往 双方将适时再互访	未
王毅：两国元首同意继续保持密切交往 双方将适时再次进行互访	未
王毅：两国元首同意继续保持密切交往，将适时再次进行互访	未
王毅：两国元首将适时再次进行互访	未
王毅：中方愿意扩大进口 逐步缓解中美贸易不平衡的问题	未
王毅：中方愿扩大进口 缓解中美贸易不平衡的问题	未
王毅:中方愿扩大进口 逐步缓解中美贸易不平衡问题	未
王毅：中方愿扩大进口，逐步缓解中美贸易不平衡问题	未
王毅：中方阐述了在台湾问题上的原则立场	未
王毅：中美两国元首将适时再次互访	未
王毅：中美两国元首将适时再次进行互访	未
王毅：中美之间共同的利益大于分歧 合作的需要大于摩擦 	未
王毅：中美元首同意适时再次互访	未
王毅：中美双方朝着取消所有加征关税的方向加紧磋商	未
王毅：中美将朝着取消所有加征关税的方向加紧磋商	未
王毅会见印度国家安全顾问多瓦尔	未
王毅会见印度马哈拉施特拉邦首席部长法德纳维斯	未
王毅会见尼泊尔外秘巴拉吉	未
王毅会见巴基斯坦外长库雷希	未
王毅会见朝鲜外相李勇浩	未
王毅会见朝鲜外相李勇浩(图)	未
王毅会见朝鲜外相李勇浩，耿爽做情况简介	未
王毅会见柬埔寨副首相贺南洪	未
王毅会见柬埔寨青年联合会主席洪玛尼	未
王毅会见泰国外长敦	未
王毅会见玻利维亚外长瓦纳库尼	未
王毅会见缅甸国际合作部部长觉丁	未
王毅会见西班牙外交大臣博雷利	未
王毅会见越南副总理兼外长范平明	未
王毅会见阿富汗首席执行官阿卜杜拉	未
王毅分别会见尼泊尔外秘巴拉吉、非盟首任驻华代表奥斯曼	未
王毅：十年同舟路，今朝再扬帆	未
王毅：半岛局势出现重大转机 中国作用始终如一	未
王毅：半岛局势出现重大转机，中国作用始终如一	未
王毅同卡塔尔副首相兼外交大臣穆罕默德共同主持中卡政府间战略对话机制首次会议	未
王毅同哥伦比亚外长特鲁希略举行中哥外交部第九次政治磋商	未
王毅同朝鲜外相李勇浩举行会谈	未
王毅同朝鲜外相李勇浩会谈:这是我们今年第5次会晤	未
王毅同老挝外长沙伦赛举行会谈	未
王毅：将反腐败国际合作“天罗地网”织得更密	未
王毅将访问老挝、印度	未
王毅应约同法国外长勒德里昂通话	未
王毅接受非盟首任驻华代表奥斯曼递交委任书	未
王毅用6个词概括2018年中国外交	未
王毅用六个关键词概括2018年中国外交	未
王毅：美国不必人为制造新对手	未
王毅：美方表示将继续奉行“一个中国”政策	未
王毅：美方表示继续奉行一个中国的政策	未
王毅谈中国公民海外安全:对霸凌不会不管	未
王毅谈中国公民海外安全：对霸凌行径不会坐视不管	未
王毅谈中国外交：不为迷雾所惑 不被风浪所阻 劈波斩浪、砥砺前行	未
王毅谈中国引领全球治理变革：世界乱象中的中流砥柱	未
王毅谈中美关系：不人为制造新对手 避免自我预言实现	未
王毅谈中美关系：不人为制造新对手，避免自我预言实现	未
王毅谈中美关系：不必人为制造对手，避免自我预言实现	未
王毅谈中美关系:不必制造对手 避免自我预言实现	未
王毅谈中阿巴外长对话达成六点共识	未
王毅谈第二次中阿巴外长对话达成六点共识	未
王母山随想我徜徉在天台之上/赵学铭	未
王永利：币值一定范围贬值压力会激发人们扩大投资和消费	未
王永康强调：要严厉打击偷热等非法行为12月14日晚，省委常委西安市委书记王永康在调研西安全市保供气保供暖工作时强调，要站在讲政治讲党性的高度，树牢以人民为中心的发展思想，时刻牢 记民生无小事民心是最大政治，始终把市民群众温暖放在心上，切实以务实举措解决好群众最关心最急迫的问题，确保群众温暖过冬。市委书记晚上调研保供气保供暖工作12月14日晚，省委常委市委书记王永康在调研西安全市保供气保供暖工作。王永康来到西安秦华天然气有限公司看望慰问工作人员，在96777服务热线中心和调度中心，	未
王永康调研西安保供气保供暖工作：全力以赴保供气，严厉打击偷热等非法行为12月14日晚，省委常委西安市委书记王永康在调研西安全市保供气保供暖工作时强调，要站在讲政治讲党性的高度，树牢以人民为中心的发展思想，时刻牢 记民生无小事民心是最大政治，始终把市民群众温暖放在心上， ...全文	未
王江平到三家部属单位调研党建工作 提出四点要求	未
　　王沪宁宣读表彰决定（2　全文完）	未
王治军同志到纳雍县调研公安工作	未
王治郅亚运会告别战，12块金牌全挂在他脖子上|日签	未
王治郅：早饭时间队员必须到齐，迟到罚500谈到主教练身份，大郅说他对球员有着自己的要求，比赛和训练都要拿出100的状态。对于球员的私生活，大郅也不会过多去干预，看电影逛街都是被允许的。但大郅也要求全体队员都要遵守一条规矩，大致说：我要求早饭时间队员都必须到齐，如果有人迟到了每次扣罚500，这没有任何情面可讲。在大郅看来，全队在一起吃早饭，也是球队凝聚力的培养。	未
王洞︱念老友乔晓芙医师	未
王洪光中将谈2019年台海局势：火山即将爆发	未
王浩信提名视帝 自曝争夺视帝最大对手是马德钟	未
王海，曾是中国打假第一人，1995年3月，王海在北京隆福大厦买了两副索尼耳机，他意识到这可能是假货，紧接着又买了10副，依据《消法》第49条提出了双倍赔偿的要求，被称为打假第一人。2014年，他购买假货一共消费1444笔，消费额为202.5元，赚了400多万。2016年双11那天，他将主要目标锁定肉类保健品和服装等，打算花100万抢货，然后索赔1000万。他坦承这一行很赚钱，不到30万的单不接，我不赚钱，哪来的钱去打假与我们这些职业打假人相比，假货和欺诈对消费者的危害更大吧。王海说。	未
王海运：当下局面的主要症结是美国患上霸权主义焦虑症2019环球时报年会中国国际战略学会高级顾问王海运表示，美国身患霸权主义焦虑症是当下局面的主要症结他认为，美国的霸权诉求有些出于理性，但更有些是极端，这种情况下中国外交环境向好十分困难但另一方面，我们可以看到，世界大 ...全文	未
王源 公益微博正文速来 控评	未
王源公益 控评 快来转发打卡微博正文	未
王源公益相关微博正文	未
王源切身体验上海北京温差，上海出发淡定从容，北京到达幼小可怜无助，冷的源哥都不刚了@TFBOYS-王源	未
王源参加伯克利面试 时隔一年，王源履行诺言，被网友偶遇在北京参加了美过名校伯克利音乐学院的面试。还记得去年在采访中王源透露对音乐的热爱和美国名校伯克利音乐学院的向往，如今真的在向着梦想前行！加油，少年	未
王源参加伯克利面试网传王源去参加了今天的伯克利音乐学院北京面试，去参加这场面试被偶遇的还有偶练的钱正昊。王源没有路透偶遇图，还没办法求证，弟弟十八岁的年纪，不管怎么样，都大胆去做自己所有想做的吧	未
王源录节目时透露出国读书决心：考不上就再考	未
王源 成年人王源今天冲浪了吗 哥哥一抬眼，小尾巴的心就被轻易的偷走啦@TFBOYS-王源	未
王源 我的账号出问题了 现在上不了热转了今天负责带转微博转出来 大家一定要第一时间点进去控评！！现在的控评任务还不算重 但是参与度还不够 希望大家今天都能全力以赴 多多切号参与控评！！	未
王源打脸粉丝彩虹屁 自侃不是天使是成年人	未
王源新青年 稍稍控一下微博正文	未
王源 热搜 号召1.占领广场 2.广场精选和热门微博自觉控评	未
王源生日会现场与工作人员对话意外泄漏	未
王源真的是我亲生儿子 我小时候家里不管有什么礼盒都要被我拆开//@一位仙子母亲:小柠檬在干哈呢	未
王源粉丝彩虹屁翻车现场王源微吧：啊啊啊啊啊啊你是天使吧！！王源：我是人！成年人！哈哈哈哈哈哈哈哈哈成年人了很骄傲	未
王源 这个反黑澄清汇总链接，你们能打开吗网页链接 打不开的人，复制地址到浏览器再打开。	未
王源这个红毯上的小细节好戳我啊！！签完名给工作人员递签字笔的时候，特意调转了笔尖，防止笔水画到工作人员的手上反应很快很暖[米奇大哭]	未
王滨兼任国寿资管董事长获批	未
王烈，现年88岁，国医大师。目前吉林省健在的国医大师就两个。1000元挂号初诊费，贵吗 查看图片	未
王爷军太不靠谱！胡塞武装宣称击落沙特彩虹4无人机据海外媒体报道，也门胡塞武装日前宣称击落一架沙特CH-4侦察打击一体化无人机。来源@河婆大脚ason007	未
王爷饿了 番外休息一周再画，不如今天先上个广告吧《王爷饿了》@艾格吃饱了 联名零食礼包王爷吃饱了预售开启！礼包预售期间赠送烫金色纸1Q版立牌2首发版火球买手app，记得领30元优惠券！艾格通贩版12月10日21:00，00，宝贝详情 （前20名可以to签）	未
王牌特工工作手册	未
《王牌特工》男主与2年女友情断！把头发全剃了	未
王牌雇主：ASF科技客服/财务招聘	未
王玮：让我意想不到的事情出现了 诺亚使命愿景大使故事	未
王玺玉为省委统战部全体党员作党课辅导报告	未
《王珂半夜收到暧昧短信，刘涛机智行为，让暧昧女孩自觉离开。牛》  王珂半夜收到暧昧短信，刘涛机智行为，让暧昧女孩自觉离开。牛	未
王瑞子《大江大河》饰万人迷 照进王凯心中	未
王瑞林同志逝世 习近平李克强栗战书等到八宝山革命公墓送别	未
王瑞林同志逝世 习近平等到八宝山革命公墓送别	未
王瑞林同志逝世，习近平等到八宝山革命公墓送别	未
王瑞林同志逝世（因标题超长，请用电头前标题）	未
王瑞林逝世 习近平等到八宝山革命公墓送别	未
//@王甜DAER:没有理所应当的关心，	未
王登渤拟任甘肃省文联党组书记，提名为省文联主席候选人	未
@王白白 暴力拆解	未
“王的女人”田朴珺临时取消直播计划，微博发言：风雨同舟	未
王的陨落據馬來西亞傳媒報道，近日在社交網站流傳一段短片，顯示一名男子疑偷食，遇上捉姦，他全身赤祼匆匆爬出窗外躲避，當時雙手苦苦抓住窗邊，但最終因支撐不住，從約三樓高跌落地下一個垃圾桶後金融段子王	未
@王盐_CharlesWang：凛冬将至对互联网行业人员流动性的一些看法	未
//@王知无:瓦力，不接受反驳。	未
王石：参加气候大会十年，应对气候变化是企业生存的本能	未
王磊同志视察道路交通安全生产工作	未
王祖蓝女儿像自己？毛舜筠安慰：长大会变样	未
王祖蓝晒女儿超声波照片 庆老婆李亚男34岁生日	未
王祖蓝祈祷女儿像李亚男 称会陪生孩子和剪脐带	未
王祖贤退出娱乐圈15年，关之琳11年，不接戏靠什么生活？	未
王祥明任中国建筑工程总公司总经理(图/简历)	未
王福满：我喜欢“冰花男孩”这个名字，但我的名字是王福满	未
王稳庄镇就创文迎检进行再强调再部署西青在行动日前，该镇组织机关各科室各村和社区负责人就创文迎检工作进行再强调再部署。会议要求各科室各村和社区要突出重点精准发力全面做好迎检准备落实属地主体责任，严格按照职责分工，对照创文测评体系，做好相关迎检工作。	未
王稳庄镇开展创文入户宣传西青在行动近日，按照创文部署会上的有关精神，该镇社区干部及各村党员干部进行分片包户入户宣传，与住户进行充分的沟通交流，说明创文和百姓的关系创文带来的新变化以及争创文明城区 建设幸福西青的工作目标。	未
王立任湖北鄂州市人民政府副市长、代理市长	未
王立任湖北鄂州市委副书记  提名市长候选人	未
王立彤调研粮食安全工作	未
王立铭紧急发声：为什么基因编辑婴儿在今天不可原谅	未
王笛一席爆款演讲  我今天要讲袍哥，一个在四川散布最广的秘密社会组织	未
王简嘉禾：努力冲击世界纪录但经验不足	未
王红、赵冰任国务院参事室副主任(图/简历)	未
王美强：一村一草一牛百富兴义网	未
王老吉凉水铺又遭爆欠薪知情人士：老员工都走光了全球第一家凉水铺1828王老吉凉水铺，在2017年9月正式进驻台北，不过短短一年时间就被爆出欠薪消息，Ettoday新闻云接获知情人士透露，几个月前就发生过干部反应拖延薪水跟加班时数超时却不给薪，或是时数计算上有出入等问题，直营店第一间第 ...全文	未
王老师是四川全兴球迷。	未
王老湿你是魔鬼吗这是坐了多少次飞机，才把流程记这么熟练的不过小编得说一句，安全演示收小桌板调直座椅靠背不使用充电宝等等这些都是为了大家的飞行安全，希望可以得到旅客朋友们的理解和配合	未
王者之县，江苏究竟有多少	未
王者之战第二日  降温降雨鱼情变  王者之争进入白热化	未
王者哈迪斯 晚安 我的哈尼们明天8点虎牙131410不见不散[污]我更博了[吃瓜]	未
王者峡谷里的英雄，如果可以坐在一块吃饭，哪个英雄最尴尬王者荣耀每日话题	未
王者归来，它已不是那个微软！	未
王者漫画丨揭秘这位高傲王子那已经尘封的过去...	未
王者的背影。	未
王者般的操作 每日笑话微博	未
王者荣耀12.11正式服更新英雄调整内容，李信王昭君达摩削弱，沈梦溪黄忠安琪拉赵云曹操成吉思汗铠增强王者荣耀	未
王者荣耀12.25体验服更新狂铁李白猪八戒调整（又调到跟上次差不多的水平）廉颇继上次大招增强后，一二技能蓝耗降低，要崛起了吗具体可参照上次更新对比数据微博正文	未
王者荣耀：3英雄平衡，热门英雄李信被削弱，上官婉儿加强很多	未
王者荣耀：V8玩家和普通玩家的差别在哪里看完你就知道了	未
王者荣耀：上单有个皇帝叫刘邦，中单有个皇帝叫嬴政，野区叫	未
王者荣耀上官婉儿上线已经两天了，在今天婉儿的胜率终于出来了，看到之后果然惨不忍睹，很多手不灵活的玩家基本没有飞起来过V影响力峰会游戏V势力	未
王者荣耀上官婉儿排位胜率仅31.55，大家觉得什么水平	未
王者荣耀不适合18岁以下？青网协是这样给游戏分级的	未
王者荣耀东皇太一新皮肤KPL限定皮肤曝光，会是逐梦之什么呢王者荣耀	未
王者荣耀体验服12.21更新内容:橘右京宫本武藏狂铁钟无艳廉颇后羿增强，李白明世隐削弱，猪八戒增强王者荣耀	未
王者荣耀体验服在今天下午进行了英雄调整，调整英雄包括猪八戒李白狂铁廉颇，其中李白和狂铁属于回调，廉颇则是小幅增强，而猪八戒伤害被削弱。V影响力峰会游戏V势力	未
王者荣耀：别再苦练李白王昭君了，用他全图打酱油，躺着上分！	未
王者荣耀：单发平A伤害谁最高百里守约垫底，榜首平A比大伤害高	未
王者荣耀卧谈会 2018年马上过去了，大家还记得这一年王者荣耀圈儿里发生了哪些比较大的事吗	未
王者荣耀卧谈会 一直玩一个英雄是什么体验	未
王者荣耀卧谈会 如果有一天你退游了，你觉得会是什么原因	未
王者荣耀发布新LOGO！王者荣耀换新LOGO，听说AI已经完虐人类战队了	未
王者荣耀：司马懿龙坑瞬间秒杀5人，只用了1秒！	未
《王者荣耀》启动人脸识别验证 被一半人拒绝	未
王者荣耀启动人脸识别验证 被一半人拒绝上月底，人脸识别验证将率先在王者荣耀中启用凡拒绝验证，或经验证与实名不符的用户，健康系统将统一视作12周岁及以下未成年人，将其纳入相应的防沉迷监管在未通过验证的用户中，有98.2的用户属于拒绝进行人脸识别的情况腾讯还透露了来 ...全文	未
《王者荣耀》启动人脸识别验证 被一半人拒绝上月底，人脸识别验证将率先在《王者荣耀》中启用。腾讯表示：在收到弹窗提示的疑似未成年用户中，有近一半的用户拒绝进行人脸识别。腾讯还透露了其中的一些趣事，尤其是来自孩子们的各种搞怪奇招，比如捏着嗓子假装自己是70岁高龄老爷爷，甚至还有偷偷将妈妈的身份证跟睡着的妈妈本人摆在一起合影，企图蒙混过关。真是苦了这些孩子了。	未
王者荣耀：女友融了粉丝8套铭文，问他选游戏还是女友	未
王者荣耀：孙尚香：发生什么了王昭君：没看清，李信：看回放吧！	未
王者荣耀：宁愿挂机也不愿意玩坦克，这四个理由太真实！	未
王者荣耀：官方发布猪八戒相关信息，玩家对他的尾巴很感兴趣	未
王者荣耀：官方发布近期战士胜率榜，宫本武藏和孙悟空都上榜了	未
王者荣耀：官方爆料猪八戒峡谷实战测试，大招半个圈束缚敌人	未
王者荣耀：当前版本SNK英雄处境如何娜可T1，橘子垫底	未
王者荣耀 很多玩家都有过这样的疑惑：同一个英雄一样的出装和连招，为什么自己用起来和职业选手大神主播的差距那么大（via@王者_Alex ） 王者荣耀：想把一个英雄玩到精通，需要从哪些方面提升自己	未
王者荣耀 我都这样叫了 他应该叫我啥 微博视频 王者荣耀	未
王者荣耀：新版王昭君怎么上王者看完就知道了	未
