痴情男子蹲守书店50天寻女孩真相却令人不寒而栗！近日，有媒体爆料一男子对一位姑娘一见钟情，于是不上班靠亲戚救济在书店苦等姑娘50天，并试图到法院起诉该女子今日，网友爆料说这位孙先生压根不是什么一见钟情，而是有目的在固定地方蹲守妹子，寻找下手对象还有人指正孙先生早在两年前 ...全文	未
痴情男子蹲守书店50天寻女孩真相却令人不寒而栗！近日，有媒体爆料一男子对一位姑娘一见钟情，于是不上班靠亲戚救济在书店苦等姑娘50天，并试图到法院起诉该女子。今日，网友爆料说这位孙先生压根不是什么一见钟情，而是有目的在固定地方蹲守妹子，寻找下手对象。还有人指正孙先生早在两年前就已经如此。痴情男蹲守书店50天寻女孩网友爆料其是惯犯	未
＂痴情男＂蹲守书店50天寻女孩？网友爆料其是＂惯犯＂	未
痴情男”蹲守书店50天寻女孩？网友爆料其是“惯犯”	未
痴汉汤库里汤普森NBA吐槽大会金州勇士	未
痴狐因爱葬送万只同伴，二十年后为子断臂求药	未
瘆人！柳州这个小区有处楼道深夜频出诡异怪声，业主夜不能寐发求助	未
瘦了30斤，谈经验	未
瘦子过来找我买玉米。不会放过任何人的钱	未
瘦小离家胖了归，乡音未改肉成堆。儿童相见不相识，惊问胖子你是谁。	未
瘦小离家胖了归乡音未改肉成堆儿童相见不相识惊问胖子你是谁	未
瘦弱流浪狗死死咬住玩具球，救助人：它还在等着跟主人玩......	未
瘦肚子只需一把椅子即可6个动作，每个30秒，最后一个站在椅子旁的动作就当放松了！	未
“瘦身”、扩容 大小房企攻守有道	未
瘫痪多年蜗居40平破房子！丹东一男子的身份让人震惊	未
瘫痪多年蜗居40平破房子！辽宁一中年男子的身份让人震惊	未
瘫痪老人阳台轻生，危急时刻辅警徒手爬楼解救！	未
瘾君子英德市区拒绝检查，结果在车上搜出	未
癌症克星？ “广谱”抗癌药并非对所有实体瘤都有效	未
癌症晚期捐出所有罹患癌症晚期放弃治疗捐出所有，这个平凡退休女工是中国人最暖的样子她叫王娅，一名普通的天津退休女工。从1989年捐给希望工程100元开始，从未间断捐赠之路。然而命运却开了一个大玩笑，如今，她罹患胰腺癌晚期，她放弃用昂贵的化疗药，却毅然捐出平生仅有的一处房产继续助学，还签署了遗体捐赠协议。而她最大的遗憾竟是，没有更多时间为孩子做事了。（光明日报）生命如此更绚烂 退休女工王娅的助学故事	未
癌症晚期捐出所有罹患癌症晚期放弃治疗捐出所有！这个平凡退休女工是中国人最暖的样子她叫王娅，是一名普通的天津退休女工。从1989年捐给希望工程100元开始，从未间断捐赠之路。然而命运却开了一个大玩笑...如今罹患胰腺癌晚期，她放弃用昂贵的化疗药，毅然捐出平生仅有的一处房产继续助学，还签署了遗体捐赠协议。而她最大的遗憾是，没有更多时间为孩子做事了。via.@人民日报	未
癌症村毒气臭水...国外的蓝天白云，是中国人的命给的	未
《癌症村毒气臭水...国外的蓝天白云，是中国人的命给的》癌症村毒气臭水...国外的蓝天白云，是中国人的命给的	未
癌症能不能治好，一个医生终于说出了真相所有人都应该看看	未
癌症试药人的求生一搏	未
癌细胞最怕它，人人能做到，请告知您的家人！	未
登别这个地方，年轻人应该没有能受得了的，能走的估计全走了。我想象了一下，一年两千万给我住五年，我不愿意。	未
登封人注意！最近，很多人都接到了这个陌生号码！	未
登封市公安局招特勤人员50名！/市区360度电子监控抓拍地点公布	未
登封机动车单双号限行13问！	未
登封电动车上牌开始！市区5个办理地点公布....	未
登山则情满于山，观海则意溢于海。刘勰《文心雕龙》黄山	未
登山者罗静：儿子、母亲与八千米雪山（上）	未
登山者罗静：儿子、母亲与八千米雪山（下）	未
登录儿子的优酷会员发现观看记录里有美妆教程//@阿里游戏: 爸妈发现我的游戏昵称叫我是天涯，于是在结婚系统里找到了我的对象叫我是海角//@你好-斑马:看电影前还去了斑马推荐的西餐厅！//@淘票票: 而且还经常买最后一排情侣座//@阿里影业: 发现最近买的电影票都从一张变成了两张	未
《登月第一人》：成功的登月行动，失败的登月电影	未
登机了再见Las Vegas 美国麦卡伦国际机场 McCarran International Airport	未
登机前注意手提行李重量！澳航执行新规，手提行李将称重，限重7公斤	未
登登真乃神人也............	未
登记完了，谁说的有光荣牌，我都想好怎么挂家门口了！哪有，哪有，哪有........	未
登记证书是交警发的，行驶证也是交警发的，驾驶证也是交警发的。运管部本来就是重复部门，既然国家没有设立过，早就应该取消！	未
登记通知60岁69岁居民请关注	未
登贝莱	未
登贝莱.via@NzoGraphic	未
登贝莱再秀长途奔袭破门，巴萨“坏小子”完成自我救赎	未
登贝莱在迪拜	未
登贝莱 天使还是魔鬼？	未
登贝莱接受惩罚朗格莱：这个问题应该由教练组和高层决定。我不知道是否会发生什么，但是我们应该多关注他在场上的重要表现。	未
登贝莱接受惩罚朗格莱：这个问题应该由教练组和高层决定我不知道是否会发生什么，但是我们应该多关注他在场上的重要表现	未
登贝莱推特点赞了球迷和RAC1记者罗梅罗对他的猛烈批评。球迷说：登贝莱应睡在训练基地。记者说：不吸取教训，不会利用时间。他完全按照自己的时间表行动。这是对整个俱乐部的不尊重。而且是又一次。	未
登贝莱更新ins巴萨	未
登高楼社区个人调解工作室成百姓心中金字招牌	未
白上黄下，这走势?不太好	未
白乙化：英勇抗战 血沃幽燕	未
@白云人 2018年最后1个多月，这些事儿别忘记办了！	未
白云偶尔会遮住蓝天，但蓝天永远在白云之上。R.I.P	未
白云分局组织开展法制宣传日宣传活动	未
白云区：立行立改中央生态环境保护督察组回头看群众信访投诉转办件	未
白云区结对帮扶水城县旅游，冬季就来水城耍	未
白云区龙岗曾氏：800年前落户，广州地区曾氏人口最多分布最广一个分支	未
白云机场T1城轨站开建 广州北站7分钟可达机场近日，新白广城际轨道在白云机场的T1站全面施工，工期计划三年，至2021年9月完工。届时，珠三角多个城市的旅客将可搭乘城际轨道直达广州白云机场T1和T2航站楼，从广州北站到白云机场仅需7分钟，从深圳机场搭乘城际轨道到白云机场需要78分钟，从清远搭乘城际轨道到白云机场需要40分钟。	未
白云机场将直通城轨！未来广州北到机场只需七分钟	未
白云深处有猴子//@陕州关帝庙:你这人太坏！你不想当猴子，别耽误别人当猴子啊！人家还卖十块钱门票呢，供人参观！	未
白云路快递小哥捅伤前同事！他说对方欠他一辆电动车	未
白云预警发布中心白云区气象台发布寒冷黄色预警信号：受冷空气影响，预计今晚起北风逐步加大，未来几天我区气温将明显下降，从6日17时07分起，白云区寒冷黄色预警信号生效，请注意添衣保暖。网页链接	未
白云预警发布中心白云区气象台发布寒冷黄色预警信号：受冷空气影响，预计今晚起北风逐步加大，未来几天我区气温将明显下降，从6日17时07分起，白云区寒冷黄色预警信号生效，请注意添衣保暖网页链接	未
白云预警发布中心白云区气象台解除寒冷预警信号：目前冷空气影响已减弱，未来几天我区气温逐渐回升，白云区气象台于12月15日10时53分解除寒冷预警信号。早晚仍寒凉，请注意适时添减衣物。网页链接	未
白云预警发布中心白云区气象台解除寒冷预警信号：目前冷空气影响已减弱，未来几天我区气温逐渐回升，白云区气象台于12月15日10时53分解除寒冷预警信号早晚仍寒凉，请注意适时添减衣物网页链接	未
白伏迷路妇女已被接回家！	未
白俄国防部：俄罗斯在白俄租借军事设施问题将于2019年得到解决白俄罗斯共和国国防部长安德烈拉夫科夫在接受俄罗斯卫星通讯社记者采访时指出，莫斯科没有正式向明斯克申请延长本国在白俄罗斯境内军事设施的租赁期限，该问题很可能将在2019年得到解决。网页链接	未
白俄罗斯从俄罗斯接收第5套“道尔-M2”防空导弹系统	未
白俄罗斯官员表示白将继续扩大对华出口	未
白俄罗斯总统“口误” 民众集体裸体工作(组图)	未
白俄罗斯总统呼吁欧亚经济联盟消除内部贸易壁垒	未
白兆林到振太镇开展镇级访谈工作	未
白先生	未
白公馆。	未
@白刃格斗英雄连：燃油车占用充电车位，该不该管理解决这种行为	未
白卫生纸和黄卫生纸到底哪个好	未
白卫生纸和黄卫生纸到底哪个好扶沟人现在终于知道了！	未
白卫生纸和黄卫生纸到底哪个好新密人你知道吗	未
白卫生纸和黄卫生纸到底哪个好现在终于知道了！	未
白卫生纸和黄卫生纸到底哪个好现在终于知道了！辛集那些事	未
白卫生纸和黄卫生纸到底哪个好真相竟是这样的	未
白卫生纸和黄卫生纸怎么选现在终于知道了！	未
白卫生纸和黄卫生纸还有区别到底哪个好	未
白发红娘揭相亲现状:女硕士为相亲改学历为本科	未
白发脱发拿什么来拯救三千烦恼丝	未
//@白叶生: 转发	未
白圩这条路开始施工整修啦，抖路将会一片坦途....（上林时空）	未
白垩纪的出租车？中外科学家发现琥珀中的伪蝎“搭车”鸟类	未
//@白城以北:	未
//@白城以北:什么情况	未
//@白城以北://@我不是蛐蛐: 转发微博	未
//@白城以北:第一个全网被追着退押金的企业//@金山:融了十几个亿美金，我这199的押金都退不出来了。再这样我要报警了@平安北京	未
//@白城以北:转发微博	未
白墙灰瓦故事浅，雨后老巷清溪路	未
白墙竹窈窕，黛瓦燕呢喃。	未
白天与黑夜的碰撞，这是你与城建的三年！	未
白天为国接盘，晚上为国清理雾霾，我这样雷锋中的雷锋，哪里找?//@坐海静观潮:高级5毛	未
白天互攻击晚上一起喝酒 台民意代表为民作主了吗	未
白天互相攻击晚上一起喝酒，台湾民代如何为民作主	未
白天他是剑桥大学的天才博士，晚上却是操控暗网的性变态	未
白天你说晚上聊，晚上你又说你困了。	未
白天外卖小哥 晚上街头唱歌 网友：有梦想谁都了不起	未
白天外卖小哥，晚上街头唱歌 网友：有梦想谁都了不起	未
白天外卖小哥晚上街头唱歌 网友：有梦想谁都了不起	未
白天开会，晚上加班开会，明早还有会，真想过一个月只赚10万的打工仔日子	未
白天恨不得提早退休颐养天年晚上又像是打了鸡血不知疲倦工作日感叹人到中年一放假又能嗨满两天沙雕网友百八千个个都是不老仙	未
白天我还是个正常思考工作的女孩，可一到晚上。我就控制不住自己，脑子里想的全是苏喂苏喂！！！	未
白天抓环保，晚上忙脱贫，他累倒在办公桌前再也没起来11月11日，是个周末，周新波像往常一样坐公交到栾川县庙子镇政府工作。然而，在办公桌前整理脱贫攻坚工作资料时，他突发心肌梗塞，于当日上午9时30分离世，年仅44岁。近日，栾川县委决定追授周新波同志栾川县优秀共产党员称号，并在全县党员干部中开展向周新波同志学习活动。白天抓环保，晚上忙脱贫，他累倒在办公桌前再也没起来	未
白天拍的加州骚蓝皮卡丰田TACOMA了解一下。现在是凌晨2点45，睡不着，约了9点提试驾车拍片，第一次用这个路子，不知道靠不靠谱，希望一切顺利。这才是老司机胡说不胡说	未
白天树化玉 晚上挥刀砍老缅@提刀探花在缅北 的一直播（下载App-gt网页链接）	未
白天玩沙子逛车展 晚上干什么 4辆房车自驾阿拉善英雄会游记(2)	未
白天的工作越多越累，晚上就越不想睡觉。 被深深地戳中了。。。	未
白天的我。晚上的我。	未
白天睡觉唯一的烦处。。总被快递电话吵醒	未
白天送晚上偷！连云港奇葩老太一夜偷走50多个开业花篮！	未
白天鹅宾馆出书披露英女王当年就餐菜式	未
白头偕老 //@Dear_许幻秦: 夫妻对拜，送人洞房//@妖孽段公子:等好久啦//@小甜饼漫漫:快进洞房吧	未
白孔雀开屏的那一瞬间简直美炸了。。。迷信一下，转发许愿，万一实现了呢	未
白学之家	未
@白宇WHITE 你还有三十九分钟。	未
白宇翻牌反黑站 其实有时候蛮钦佩反黑站的粉丝，要看那么多辱骂自己偶像的言论，最后还得整理链接组织反黑真的挺不容易的，反黑站的也是粉丝，偶像觉得他们辛苦了，翻牌也没什么毛病啊，这没啥好黑的吧。	未
白宇翻牌反黑站 多转转	未
白宇翻牌反黑站 广场	未
白宇范丞丞，撞了个衫！	未
白宇被曝恋情后深夜空降粉丝群：千万不要盲目来爱我	未
白宇这个圣诞 牵我的手 和舍友去商场吃火锅 我直奔kfc，在他们点完单菜都上齐的时候我carry着大包小包回来了舍友：姨，你又去为了by采购了啊 @白宇WHITE哥哥爱你！牵手手！！	未
白宇这样对粉丝头条说道。	未
白宝山事件牵出的这个人，告诉国人中国禁毒的决心就是这么大	未
白宫4个关键职位换将 这轮人事调整意味着什么？	未
白宫4个关键职位换将，这轮人事调整意味着什么	未
白宫办公厅主任凯利将离职 谁来接任“守门人”一职？	未
白宫办公厅主任将辞职？美媒：他与特朗普的关系已陷入僵局	未
白宫办公厅主任约翰凯利宣布今年年底辞职（图一，二），有人形容白宫像一艘沉船，里面的老鼠都在往外跑（图三）。前国务卿蒂勒森说川普想做违法的事情，但不知道那是违法的 （图四）美国司法部几乎已经管川普叫罪犯了（图五）坐等川普被起诉，我喝酒庆祝	未
白宫发言人：特朗普将出席达沃斯论坛	未
白宫：埃尔多安邀特朗普2019年访问土耳其	未
白宫“大管家”这次真的要走人？80后的他成最热继任者	未
白宫官员放风 任正非的女儿就是成为要胁中国放弃2025中国制造计划的人质 小编评论 痴人说梦	未
白宫宣布从叙利亚撤军 特朗普:已击败＂伊斯兰国＂	未
白宫宣布美国从叙利亚撤军	未
白宫宣布阿拉斯加进入紧急状态，地震学家：当地或有更多地震	未
白宫宣布阿拉斯加进入紧急状态 当地或有更多地震	未
白宫幕僚长一职或空缺 特朗普:候选人有10到12人	未
白宫幕僚长在挑人，特朗普女婿：要不我来？	未
白宫幕僚长"选秀"上演反转剧，伺候总统有多不容易？	未
白宫幕僚长“选秀”上演反转剧 伺候总统有多不易	未
白宫授权可使用“致命武器”能否“阻吓”移民？	未
白宫授权“致命武器”能否“阻吓”移民	未
白宫施压德国车企 敦促其扩大在美国投资在白宫考虑对欧洲产汽车加征新关税之际，特朗普向德国主要车企的高管施压，敦促他们扩大在美国投资大众汽车和戴姆勒高管都表示，他们认为会谈后加征新关税的可能性降低白宫施压德国车企 敦促其扩大在美国投资	未
白宫：特朗普G20峰会期间将与文在寅举行会晤	未
白宫:特朗普和普京在G20峰会期间曾举行会谈	未
白宫：特朗普和普京在G20峰会期间曾举行会谈	未
白宫眼里的德国什么样？德媒：对美贸易顺差巨大	未
白宫称不认为俄罗斯确实想保留《中导条约》白宫国家安全委员会发言人马奎斯向卫星通讯社表示，美国不认为俄罗斯确实想保留《中导条约》。网页链接	未
白宫称土耳其总统埃尔多安邀请美总统特朗普于2019年访问土耳其	未
白宫称愿就边境建墙一事与国会合作 避免政府关门	未
白宫称美国已开始从叙利亚撤军	未
白宫称美国已开始从叙利亚撤军19号，美国媒体援引美国国防部官员的话报道称，美国正在计划全面并且迅速地从叙利亚撤军。随后，白宫发言人桑德斯也发表声明称，随着在叙利亚打击极端组织的战事取得成果，美国已开始撤回驻叙利亚美军。不过，白宫方面并没有说明是否是从叙利亚全部撤军 ...全文	未
白宫称美国已开始从叙利亚撤军19号，美国媒体援引美国国防部官员的话报道称，美国正在计划全面并且迅速地从叙利亚撤军。随后，白宫发言人桑德斯也发表声明称，随着在叙利亚打击极端组织的战事取得成果，美国已开始撤回驻叙利亚美军。不过，白宫方面并没有说明是否是从叙利亚全部撤军。有消息称，美国国务院在叙利亚的所有官员将在24小时内撤离，而美军将在60到100天，或比这更短的时间内全部从叙利亚撤出。对于撤军的决定，一些美国国会议员不太买账，他们认为，从叙利亚全面撤军的举动，是犯了与奥巴马政府时期	未
白宫称美国已开始从叙利亚撤军 约2000人全部撤出?	未
白宫称美国已开始从叙利亚撤军美国白宫19日称，随着在叙利亚打击极端组织伊斯兰国的战事取得成果，美国已开始撤回驻叙美军。白宫发言人桑德斯当天发表声明说，五年前，伊斯兰国是中东地区一支非常强大而危险的势力，如今美国已击败控制了一定区域的哈里发国，但这并不意味着打击伊斯 ...全文	未
白宫称美国开始从叙利亚撤军	未
白宫经济顾问：美国将不再补贴电动车和可再生能源	未
白宫：美国已开始从叙利亚撤军当地时间19日，美媒报道，美国正在计划全面且迅速地从叙利亚撤军。随后，白宫发言人桑德斯发表声明称，美国已开始撤回驻叙利亚美军，但并未给出具体时间表，并未说明2000名美军是否全部撤军。有分析称，特朗普急于撤军的主要原因是认为从中没有获得足够多的好处。白宫宣布从叙利亚撤军 特朗普:已击败quot伊斯兰国quot	未
白宫：美国开始从叙利亚撤军美国总统特朗普19日在社交媒体上表示，美军在叙利亚的任务已经完成。白宫发言人桑德斯随后确认，美国已经开始从叙利亚撤军。特朗普在社交媒体上说，我们已经击败了在叙利亚的伊斯兰国，我认为这是在我任期内美军有必要待在叙利亚的唯一理由。桑德斯随后发表声明称，美军已经开始从叙利亚撤离，我们在叙利亚的使命已经进入新的阶段。白宫称美国开始从叙利亚撤军	未
白宫表示愿就边境建墙一事与国会合作 避免政府关门	未
白宫表示正考虑为修筑美墨边境墙筹资的“选项”	未
白宫记者晚宴明年不邀请笑星 特朗普乐了：我是不是得参加了？	未
白宫顾问：愿为建边境墙做任何事 包括关闭政府	未
白家屯 哎呀！婆婆你碰倒我了，全身疼，不去医院，想吃蟹黄罐头，雄的！	未
//@白家屯的白阿姨:上海！我们大姐的救助搭档，今年已经被遗弃好几窝了，基地现在有30多只狗狗了，根本来不及送，阿姨拍照不能体现狗狗的可爱，绝对买家秀要超过卖家秀的那种想帮阿姨减减负，想给狗狗招聘捡屎官！	未
白居寺长江大桥最新施工进度，即将进入桥面施工阶段	未
白居易拼“国考”	未
白岩松：不重视保险规划的家庭，是没有希望的家庭！	未
白岩松：你为什么总是不高兴	未
白岩松：论资排辈的时代才是一个正常的时代	未
白岩松谈“教育与更全面的人”	未
白崇禧将军的小儿子叫白先敬。据说，小儿子每次跟人打架回来，白崇禧第一句话常常是问：是欺负别人还是被别人欺负如果听到是儿子欺负他人，儿子就会当场挨揍。之后，他还要拎着儿子的耳朵，亲自上门给人家道歉。但是，如果是被别人欺负了，白崇禧会补问儿子一句：你还手没有如果没有还手，也会挨揍，只会比前一种情况揍得更狠。这样的教育不会出两种人：狂徒和懦夫。因为这样潜移默化的结果，会让人渐渐生有两颗心：敬畏的心和无畏的心。无畏，方能有所为敬畏，才能始终有所不为。	未
白市水电站：党员突击队冲在机组检修第一线	未
白师，后来到赫鲁晓夫楼的预制板技术，也是从这里发展的么	未
白拉姆节丨藏族人的传统妇女节... ...	未
白敬亭实力宠粉，与胡彦斌撞衫，网友：难道胡彦斌也是小白鸽？	未
白敬亭小时候 哈哈哈你们是魔鬼吗我白不要面子的吗	未
白敬亭小时候的视频找到了！有些真实	未
白敬亭送女生三盒藿香正气水最近，有网友爆料，白敬亭学生时代一口气送给女生，三大盒藿香正气水！起因是闻到了藿香正气水的味道，随口说了一句真难闻，惹得同桌女同学不理他了，为了表示歉意所以买了三盒藿香正气水，送给对方并赔礼道歉！	未
白文郝家坡村老汉炒炒面唱曲子，高手在民间啊！(视频)	未
//@白斩鸡叮: //@蟹不要face://@盒居塔://@阿瑞趴在Tardis上: //@箱子想了想说:如果所有人都继续做，那么执法成本高，法不责众是我国常态如果太多人因此停止，那么执法成本低，可以专项打击。所以问题是，我不知道还有多少人在继续做。现实囚徒困境。	未
白族古镇里的美国“村民”：我有一个中国梦	未
白，旦，田，甲，旧，电，申，由，曱甴	未
白果腐竹莲子粥缓解尿频	未
白柏：没有技术的进化，就没有互联网金融行业正本清源，科技赋能如果没有技术的进化，今天可能不会坐在这里讨论互联网金融这个行业。今日，爱钱进首席公务事务官白柏在2018金融科技赋能实体经济高峰论坛上表示。白柏认为，金融的本质没有改变的，通过技术通过互联网的手段更好的辨别风 ...全文	未
白柏：没有技术的进化，就没有互联网金融行业正本清源，科技赋能如果没有技术的进化，今天可能不会坐在这里讨论互联网金融这个行业。今日，爱钱进首席公务事务官白柏在2018金融科技赋能实体经济高峰论坛上表示。白柏认为，金融的本质没有改变的，通过技术通过互联网的手段更好的辨别风险，做风险定价，解决信息不对称等问题。快速形成一个产业或者形成一个公司的整体业务水平。白柏：没有技术的进化，就没有互联网金融行业	未
白桦：确曾帮助贺建奎联系“基因编辑”受试患者，但后情不知	未
白桦：确曾帮助贺建奎联系基因编辑受试患者，但后情不知首例基因编辑婴儿中国诞生据外媒报道，贺建奎开展首例基因编辑婴儿的受试患者们，是通过艾滋病感染者互助组织白桦林联系的。11月26日晚，白桦林全国联盟创始人白桦表示，贺建奎团队在去年三四月份初次联系了该组织，向该组织征集愿意参加基因编辑试验的患者。前后大概有一两百患者和家属找来询问，想要了解参与其试验。我们就把想要了解这个项目的人的微信等联系方式推给了贺建奎团队，之后就是他们单线联系了，我们没有参与。白桦表示，到底生了男孩女孩	未
白水一秒变牛奶！你和孩子常喝的这种饮料，太可怕了！	未
白水一秒变牛奶！建瓯人，看了还敢喝吗	未
白水一秒变牛奶成本不到5毛钱！这种饮料你还敢喝吗	未
白水县人民陪审员拟任命人员公示	未
白水县出台了《2018年煤改洁替代奖补工作实施方案》	未
白水县最新便民信息	未
白水县某单位招聘工作人员	未
//@白水城主Ger: //@麻辣兔头氵良起来://@烤肉酸苔丝菜鱼火锅://@木村啊木村://@北国佳人李春姬:太不容易了。同时这个案子也告诉我们，你保持沉默终将沉没。遭遇不平等和歧视应该奋起对抗它。你不是一个人抵御逆流。你是群体的一分子。	未
白水首个村通上天然气，168户群众告别煤炉，用气取暖	未
白沙滩镇翁家埠村：150多万元现金现场发 村民红利带回家	未
白沙路街道一民宅着火，三岁孩子被困命悬一线！多亏这几个人挺身而出两度冲进火场！	未
白沟黑加油站，竟然藏在河道内	未
白河90后女孩写了一封感谢信，原来是因为	未
白河县凉水村集中开展环境卫生大整治	未
白河县向荣社区协同城关镇市场监管所开展食品环境卫生及安全生产检查工作	未
白河县安坪村开展环境卫生市场监管安全生产专项整治活动	未
白河县安坪社区开展安全生产巡查	未
白河县市场监管局积极开展124全国法制宣传日活动	未
白河县构朳镇玉门村集中开展环境整治活动	未
白河县桥儿沟社区开展食品药品巡查	未
白河县汉江综合治理月镇段正式开工兴建	未
白河县清风社区开展义务清扫活动	未
白河县紧急寻人（32岁男）	未
白河县紧急寻人（55岁男）	未
白河同城社区论坛冬天的田园	未
白河同城社区论坛医树	未
白河同城社区论坛柿子树	未
白河同城社区论坛熏腊肉	未
白河城关镇一七旬老人走失   警民联手将其安全送回	未
白河警方帮助触电身亡死者家属获得25万元赔偿款	未
白河警方心系群众 主动作为 帮助触电身亡死者家属获得25万元赔偿款	未
白洋淀大堤边上村住户在拆旧厕 / 三台部分区域在插小红旗	未
白洋淀流域生态环境治理保护工作调度会召开	未
白海豚的家保住了！珠海横琴填海不予审批！	未
白熊夜话 你为什么会起现在这个昵称呢	未
白玉兰为什么越卖越贵真相尽然是........	未
白玉虽好，原来是套	未
白璧无瑕据说是这两天被疯狂转发的混血女孩：泰国爱尔兰混血儿Jessie Vard，19岁！  令人慨叹的是四个字：白璧无瑕！   真没有整过容 图转自： @soft_cute	未
白璧无瑕据说是这两天被疯狂转发的混血女孩：泰国爱尔兰混血儿Jessie Vard，19岁！令人慨叹的是四个字：白璧无瑕！ 真没有整过容或者P照片 图转自：@soft_cute	未
白痴，参加调查会自动转发，卷入大量不是我粉丝的人。你一个旱鸭子站在游泳池边指导别人怎么游泳，你不觉得滑稽么//@Bigreywolf99:但是你这数据不准确，这个问卷调查面对的是你的粉丝群，就像网络里的一个平行宇宙的一样如果让某某大v发这个调查，估计能给你整出50的人道毁灭	未
白痴！澳男子为搏眼球爬出行驶中列车车厢	未
白癜风找钟晶，能治好还便宜钟晶在哪里贵州贞丰龙河村地名小，百度找在深山，医术高，天南海北有远亲 比一比，看谁的广告词更有菜@最美乡村女医生_钟晶	未
白白台历无料发完了之后过几天微博会再进行几十份抽选，到时候关注一下消息！	未
白百何与神秘男再被拍到一起回家 工作人员不回应	未
白百何方回应与小鲜肉彻夜K歌：蓄意断章取义	未
白百何被曝新恋情 工作人员否认：只是工作伙伴	未
白百何讲述与家人相处心得 与元宝关系亲密如朋友	未
白百何谈与儿子相处像朋友 夸元宝“特别懂事”	未
白皮书	未
白皮书：中国建成了世界上规模最大、覆盖人口最多的社保体系	未
白皮书：利用大数据管理个人信用风险是大势所趋	未
白皮红薯出售太阳灯出售招聘送货员门面转让房屋出租出售等	未
白石水库好人多！（图视频）	未
白种元的迷之年龄	未
白羊座：我缺点之一就是很健忘	未
白羊座的人压根不适合给别人准备礼物，根本藏不住，还在准备中呢，就已经憋不住告诉别人：我准备买个XX送给你！	未
白美美短篇 早上六七点我还睡得很香，毛毛突然嚎了起来。我出来一看，窗台上来了一只鸽子，我弹了一下玻璃它就走了。我和毛毛分别回到床上：	未
白肥一场后暴瘦34斤 任贤齐回应新片停工：只能等	未
白色沙滩Siesta Key美国Siesta Beach	未
白色现代小轿车肇事逃逸，警方发布协查通报！	未
白色私家车不避让行人， 把两位老人的轮子刮到了。	未
白茶清欢无别事 我在等风也等你微博视频	未
白菜一毛钱一斤其实你可以卖5毛1斤的，看看专家咋说	未
白菜上的这个东西千万不要扔了，原来是个宝！	未
白菜上的这个东西千万不要扔！原来是个宝！	未
白菜价也卖不掉！含税1499往返欧洲！499长滩，699冲绳....南航公告，将推100预选座位服务！	未
白菜价买燕窝的背后，竟然隐藏着这么多不为人知的秘密	未
白菜价人工钻 //@喷嚏网铂程:	未
白菜价近期宁波飞这些城市比高铁还便宜最低1-2折	未
白菜价，还是买的起的	未
白菜出事了，电视台曝光！你家在吃这种白菜吗	未
白菜出大事了，电视台都曝光了！	未
白菜出大事了，电视台都曝光了，你家在吃这种白菜吗	未
白菜号太拼了 都开始用直播推某宝红包了	未
//@白菜: 已充值并设置不过滤21点开查看图片	未
白血病患儿父亲们组队 专做家庭除甲醛和甲醛检测	未
白衣天使肖双双动车上抢救危重患儿	未
白衣天使请负起责任来！给娃儿开益生菌，结果错开成了鱼肝油	未
白衣少女爬出博罗东江大桥护栏外，究竟因为什么事这么想不开	未
白裙超模	未
白话视频老板王师虎下乡慰问，遇到村里最后一个五保户 摇头码圣！哈哈	未
白赚了2000万2017年夏天，英冠球队诺维奇为了降低工资额，防止出现财务危机，不与队中多名高薪球员续约，当中就包括了27岁本土中卫瑞恩-本奈特。之后，财势雄厚的狼队为了冲超，直接给了高薪，免费签下了本奈特。这名中卫不单只上赛季帮助球队成功冲超，本赛季还协助球队稳居英超中游，他一直都是球队的主力右中卫。本周，狼队提前与本奈特续约两年半，新合同到2021年夏天。英媒评估，这名本土中卫的身价，与富勒姆从斯旺西引进的莫森差不多，2000万镑左右。PS：从《FM2014》开始，瑞恩-本奈特一直是博主的F	未
白起下令斩杀20万赵降卒，并不残暴，反而是大忠和大仁	未
白起不记得我，这一个月也莫得慕甜甜少爷和肆哥的图都快被我看出个洞嗝崽的工期也才过了三分之一快回家吧	未
白那个宇不像是三天前发的三个问号，像是三个月前	未
白那个宇，星饭团昨夜托梦给我，它好久没工作了，觉得占着我内存不好，它希望你能出来冒个泡，让他发光发热奉献一下	未
白酒行业历次调整规律：内生为本，外因放大经过白酒三轮调整的复盘对比，结论：周期本质，白酒行业的周期性变化，行业内在失衡是根本，宏观政策外因是调节器周期过程，调整期内负面效应由产业链各环节不断放大若遇经济周期及政策限制因素叠加，则调整幅度更深更强招商食品2019年度投资策略寻火炼真金，蓄势再出发	未
白重恩：中国经济何处破局12月25日，经济学家清华大学经济管理学院弗里曼讲席教授院长白重恩在人文清华讲坛发表名为《中国经济何处破局》的主题演讲，盘点了2018年的经济形势，指出政府驱动投资的降速在方向上是正确的，否则会陷入低效投资的恶性循环。政府驱动投资降速的同时，希望民间投资能增速，但企业税费负担较高，不利于民间投资的增速。为了实现中国经济高质量发展，需要采取一系列改革措施，其中养老保险降费和其他配套的社保改革，将是盘活棋局的一个有力措施。白重恩：中国经济何处破局	未
白金汉事件持续发酵中，泉州一校区也停课，公司负责人至今未出面	未
白银三县两区大范围停电通知，速看！	未
白银人别再吃了，正在大量上市，快通知家人朋友！	未
白银今晚上央视，抓紧去看	未
白银区公示一份名单，共102名，有你吗	未
白银城区新能源公交车今日正式上线，部分公交路线有变化	未
白银市人社局公示一批单位和个人，快看看都有谁	未
白银市平凉市关于干部任前公示的公告	未
白银这些单位和个人拟被评选为全省残疾人群众体育先进单位和先进个人	未
白问会呼吸会变色的手机壁纸 给你不一样的玩机体验	未
白雪映飞瀑！牡丹江镜泊湖28年后再现冬季大瀑布！	未
白雪皑皑 西藏拉萨迎今冬首场大雪12月18日，西藏拉萨降下今冬首场大雪，整个城市被白雪覆盖。到中午时分，雪越下越大，很多大人和孩子一起赏雪堆雪人等。在布达拉宫广场大昭寺八廓街等旅游胜地，不少远道而来的游客纷纷拍照留念，记录下这美丽时刻。气象生活（中国新闻社）	未
白雪皑皑 西藏拉萨迎今冬首场大雪12月18日，西藏拉萨降下今冬首场大雪，整个城市被白雪覆盖。到中午时分，雪越下越大，很多大人和孩子一起赏雪堆雪人等。在布达拉宫广场大昭寺八廓街等旅游胜地，不少远道而来的游客纷纷拍照留念，记录下这美丽时刻。（江飞波）	未
白露将至 秋风凉夜易干燥 南通人要注意保暖多补水！	未
白露身不露 苏州人怎么过？	未
白领有房有车却在高铁偷行李箱 被抓后称想找刺激	未
白领男子月入过万，疯狂追求50多岁家政大姐！@去商场就露馅......	未
白领男子月入过万，疯狂追求做家政的大姐，背后原因不简单......	未
白领男子疯狂追求做家政的大姐，送手机送衣服只是为了套路。	未
白领男月入过万，疯狂追求做家政的大姐！背后原因不简单......	未
白马王子//@第六駆逐隊電:当驱逐舰的//@凝萌酸岬:开驱逐舰的//@御原凛音厨w:搞时光机的//@黒雪姫廚:开发量子通讯设备的//@桐谷华厨:工具人	未
白马酒庄Cheval Blanc联合庄主去世，生前是比利时首富	未
“白马骑士”雪中送炭不到两月，索菱股份因何突然卸了妆？	未
//@-白骨命薄-://@飘飘_勇敢的飘: 犯罪有人养老//@云娘笑无禅://@lreinnn:想到了那个强迫卖淫的垃圾出狱了还能有养老院住//@气泡吕:我偶尔想起来就会捐一点太让人难过了//@豌豌豆豆豆豆豆纸://@欧洲大白脸:	未
//@白鱼Fiasili:...//@AtomBombBaby小陆://@丁香园:pmid:24472744，要看论文原文的可以看下。 查看图片	未
白鹤伸出翅尖蠢蠢欲动	未
白鹿洞书院：让“千年文脉”活起来	未
白龙江边又在捞什么，可咋来！	未
白龙邱村一辆垃圾压缩车打破了街道的宁静	未
百万GTR现东莞，本不会注意，但没想到车标却被改成天籁	未
百万候鸟为何 选择上涉湖过冬？	未
百万医疗险如何选	未
百万围观>>甩站闯红灯！可一车人都说这位黄石司机是好样的	未
百万天价住院费引热议，长沙回应2岁幼儿打疫苗死亡  医脉3分钟	未
百万年薪被“砍”六成，首席人才官与基金公司对簿公堂	未
百万彩礼逼走穷小伙，三年后成富翁回来，长脸了！	未
百万玛莎拉蒂停空地1年后剩空壳 车主:喇叭都不留	未
百万玛莎拉蒂停空地1年后剩空壳 车主：喇叭都不留胡先生去年年初买了一辆玛莎拉蒂总裁轿车，但他发现这辆车不太适合自己，于是胡先生又买了一辆路虎越野车代步于是这辆玛莎拉蒂就一直停在宁波江北洪塘一家商业广场外的空地上12月15日晚上，打算去移车的他突然发现，车被人拆解得只剩下一个空壳 ...全文	未
百万玛莎拉蒂停空地，一年后只剩空壳！	未
百万现金征文我和新浪的故事	未
百万级货量，AJ11 Concord 如愿入手了吗pic via:sneakavenue	未
百万网友在社交平台上晒私. 密丁 字.裤，背后的真相令人心酸......	未
百万网友在社交平台上晒私密丁字裤，背后的真相令人心酸......	未
百万豪车停空地 一年多竟成这样！	未
百万车祸，学徒遭坑惨@温州市交警五大队 ：崔某驾驶大众轿车与兰博基尼发生碰撞，兰博基尼车损高达上百万。崔某推开车门落荒而逃。20分钟后，一名曾姓男子声称是驾驶员。经调查，崔某让学徒顶包背锅，念及师徒情深，曾某一口答应了。崔某记12分罚款2100元关12天曾某罚款300元关6天。	未
百万，青春，景色//@心外無物CV:体格 温度 景色，其他两个真准，温度是啥//@当时我就震惊了:平凡性欲百合//@Finally_clean_: 金钱 向日葵 睡眠//@hero龙哥的小澜孩:百万 初婚 刺激 ???哈哈哈哈哈哈	未
百世再起一张快递网，这次在泰国！	未
百事在英国推出薯片袋回收计划12月10日，百事公司英国子公司 Walkers 在其官网上宣布，Walkers 将正式推出薯片袋回收计划，由合作公司 Terracycle 负责回收及专业处理，薯片袋最后将被生产成再循环产品，回收薯片袋不限品牌。消费者可以选择自行前往英国 190 个收集点，或者由快递员上门收取包裹，而所有费用将由 Walkers 承担。（综合）	未
百事正统不可玷污！//@yikecat:这种机器里的其实都是一样的，哈哈！	未
百人名单透露马云鲜为人知的身份	未
百人行动洗河涌！海珠这13条河涌将变样！	未
百人齐跳水稻田 徒手抓鱼乐满天	未
百亿保健帝国权健，和它阴影下的中国家庭	未
百亿保健帝国权健，和它阴影下的中国家庭这家凭借天价保健鞋垫和负离子卫生巾起家的公司，在令人瞠目的 7000 多家加盟火疗店的掩护下，花了 14 年，在中国构建起一个年销售额接近 200 亿的保健帝国。它许以千千万万参与者关于健康和财富的梦想，但梦想更像是一场泡影。（@丁香医生 ）百亿保健帝国权健，和它阴影下的中国家庭	未
“百亿保健帝国阴影”女童父亲：有新证据 将再诉权健	未
“百亿保健帝国阴影”文中女童父亲：已有新证据，将再诉权健	未
百亿奶粉大战在县城	未
百亿贵妇吴佩慈变身包工头 巡视自家建造宫殿	未
百亿资本豪赌社区团购，长沙为何成了风暴中心	未
百亿阔太吴佩慈又有新礼物，纪晓波这次送她皇宫吗？	未
百企帮百村村企联姻 架起致富桥	未
百位风云浙商影像展沈国军	未
百余名海外华裔青少年在重庆与大熊猫亲密接触	未
百余名海外华裔青少年在重庆开启寻根之旅	未
百余头鲸鱼搁浅新西兰海滩 一半已死一半将安乐死	未
百余幅流失海外克孜尔石窟壁画及洞窟复原影像兰州展出	未
百余手抄报集中展播宣传宪法	未
百余“雪人爸妈”暗中较劲，2019 个作品，你猜哪个能先红？	未
百元保费能享百万元医疗保险？ 重点是免责条款	未
百元旅行团，买到的真是老玉器看清旅游中的这些猫腻	未
百元话费怎么拿参加这个答题就可以！食品抽检你话事	未
百分百脑袋放空接大锤冲锋	未
百分百识别目标！俄罗斯最新测试的量子雷达真这么厉害吗？	未
百县千红新农人 建英家里杀年猪了，农村杀年猪是大事，建英回到家中洗手给大家做年猪汤，大家吃过年猪汤吗	未
百变sense王李昇勋人间维他命李次长消息181127 JTBC4 Vlive频道发布 李昇勋相关： [13集 预先公开 17:00(北京时间下午16：00)]李次长和朋友们(EK，灿曹)的无理数in鸡龙山(翻译：aye)@xiexietamong WINNER户外HOON礼：网页链接一纸HOON约：网页链接李昇勋存爱罐(长期)：网页链接每日净化(长期)：网页链接	未
百变女孩韩xiao红的提问箱 网页链接	未
“百名外国摄影师眼中的北京”开展 拍摄时间跨越20年	未
百名大妈手写编号组团拦婚车：一般千元起步，不给钱不让走	未
百名大妈拦婚车，千元起步，不给不让走！	未
百名大妈组团拦婚车，不给钱不让走！	未
百名大妈组团拦婚车：不给钱不让走，一般千元起步	未
百名大妈组团拦婚车千元起步 不给钱不让走	未
百名大妈组团拦婚车：千元起步，不给钱不让走  最多1天拦5家	未
百名大妈组团拦婚车，得到礼钱后按编码分发...	未
百名大妈组团拦婚车要钱：一般千元起步，不给钱不让走	未
百名大妈组团拦婚车要钱：千元起步，不给不让走，要完按号分钱...如果你遇上了...	未
百名大妈组团拦婚车要钱：千元起步 不给钱不让走	未
百名大妈组成强盗团，专堵豪车不给钱不让走！	未
百名“改革先锋”中，竟有两名都是江苏这所学校的校友	未
百名浙商如何看2019？	未
百名海外华裔青少年黑龙江开启“寻根之旅”	未
百名红通人员中48人落网 追逃追赃天网越织越密	未
“百名红通人员”唐东玫归案	未
“百名红通人员”已归案54人	未
“百名红通人员”曾子恒从加拿大主动回国归案	未
“百名红通人员”蒋雷回国投案	未
百名红通人员蒋雷回国投案12月14日，在北京首都国际机场，百名红通人员蒋雷回国投案 12月14日，在中央反腐败协调小组国际追逃追赃工作办公室统筹协调下，在新西兰执法部门的协作配合下，经中央有关部门和北京市追逃办密切合作，百名红通人员蒋雷回国投案这是第55名归案的百名红 ...全文	未
百名红通人员蒋雷回国投案14日，在中央反腐败协调小组国际追逃追赃工作办公室统筹协调下，在新西兰执法部门协作配合下，经中央有关部门和北京市追逃办密切合作，百名红通人员蒋雷回国投案。这是第55名归案的百名红通人员。（中央纪委国家监委网站）百名红通人员蒋雷回国投案	未
百名红通人员蒋雷回国投案14日，在中央反腐败协调小组国际追逃追赃工作办公室统筹协调下，在新西兰执法部门协作配合下，经中央有关部门和北京市追逃办密切合作，百名红通人员蒋雷回国投案这是第55名归案的百名红通人员（中央纪委国家监委网站）网页链接	未
百名红通人员蒋雷回国投案14日，在中央反腐败协调小组国际追逃追赃工作办公室统筹协调下，在新西兰执法部门的协作配合下，经中央有关部门和北京市追逃办密切合作，百名红通人员蒋雷回国投案。这是第55名归案的百名红通人员。（中央纪委国家监委网站）百名红通人员蒋雷回国投案！	未
百名红通人员蒋雷回国投案又一百名红通人员回国投案！蒋雷，中国汽车工业协会原常务副会长兼秘书长（副局级）中国贸易促进委员会汽车行业分会原会长，涉嫌贪污罪，2007年4月11日外逃至新西兰。百名红通人员蒋雷回国投案	未
百名红通人员蒋雷回国投案又一百名红通人员回国投案！蒋雷，中国汽车工业协会原常务副会长兼秘书长（副局级）中国贸易促进委员会汽车行业分会原会长，涉嫌贪污罪，2007年4月11日外逃至新西兰网页链接	未
“百名红通人员”蒋雷回国投案(图)	未
“百名红通人员”蒋雷回国投案 系第55名归案红通人员	未
“百名红通人员”蒋雷被劝返回国 反腐败国际追逃追赃再添战果	未
百名红通已有30人到案 其他“红通人员”在干啥	未
百名车主评新车：2017款领克01	未
百味重大 今日持续降温，CQUers一定要注意保暖喔另外！重庆部分地区已经降雪  那...今年能在重大看一场雪吗  雪落下的声音-琥珀琴师钢琴演奏版	未
百味重大 我来到你的城市，走过你来时的路 好久来重庆嘛@西南交通大学 成都西南交通大学	未
百味重大 突然发现虎溪二食堂喜提手工吉他一把（图片来自日常发现身边事的小薇朋友圈）	未
百味重大 立交桥链接着山城我愿链接夜里每个人的梦（图片 by 李定能）	未
百味重大 重庆有震感！ CQUers感觉到刚刚地震了吗（数据已更新） 查看图片	未
百团大战：打出敌后抗日军民声威	未
百场和合讲堂进农村文化礼堂-海门街道明辉村葭沚街道红星村	未
百城公益行丨赶在寒冬来临之前	未
百城百县百企调研	未
百城百县百企调研行｜东风的“创享空间”：工程师成了赛车手	未
【百城百县百企调研行】井冈山市切实拔掉“穷根” 因地制宜奔小康	未
百城百县百企调研行｜合肥：从铁路“局外人”到高铁枢纽	未
百城百县百企调研行︱海南农垦勇蹚改革深水区	未
百城百县百企调研行｜造车复兴号：三千次隔音试验和焊接大师	未
百城百县百企调研行｜阿里帝国初定：马云20年创业为何能成	未
百城百县百企调研行｜飞鹤乳业：质量不能为任何事情让路	未
百头巨头鲸鲸搁浅！全球海域正面临史无前例的生态浩劫	未
百姓发布台不要命了都匀惊现拥抱式驾车	未
百姓发布台昨夜 都匀毛尖大道发生惨烈车祸	未
百姓发布台注意了 都匀这些客车的票价有调整	未
百姓发布台自行车在马路中逆行，还要不要命	未
百姓发布台都匀市中心这个公交站点信息不完善！	未
百姓发布台都匀街头 男子猛摇银杏树	未
百姓发布台都匀街头 驾驶员花样停车	未
百姓发布台都匀这家大超市卖假烟《特种兵深入敌后》今晚开播	未
百姓发布台驾驶员请注意：都匀境内这条高速要封路！	未
百姓宣讲活动走进国网重庆市电力公司	未
百姓少跑腿、政府有效率、企业更安心，看2018年各地落实“简政放权”有良方	未
百姓故事与跨省大盗过招	未
百姓故事荣成老人与大天鹅的不解之缘	未
百姓无小事，麻涌下来这样为百姓办实事	未
百姓民主恳谈出政府明白账，全国基层协商民主样本在这里	未
百姓民生十二社区在台阶处安装扶手小学生走进警营体验交警工作	未
百姓民生文明餐桌活动在独山子餐饮业全面开展	未
百姓生活（1051）兰花最喜欢养料路上见一男子在一棵树上掰被虫蛀了的树皮。出于好奇问他咋回事：他开始给我讲起了养兰花的常识最后才得知，把树皮捣碎后用水煮一下，把虫卵煮死后，将其与土搅在一起。他讲得很专业，我弄不懂。源/@富而不贵	未
百姓生活：这个玩法叫什么，你玩过吗我们家乡叫火流星，因为晚上玩的时候，里面点燃木炭，一旦转起火红火红。看起来简单，不掌握要领不但转不起来，反而老打到自己。小时候会玩，现在玩不转了。源/@贵而不富	未
《百姓问事》：公园公厕不能建而不管	未
百子湾一市场凌晨起火	未
百家姓 ，你认识几个。	未
百家民企调查：雾霾预警就必须停工，企业靠什么吃饭中国中小企业协会执行会长张竞强说，一刀切的管理方式，看似执行政策雷厉风行，实则是只顾管理方便，不顾企业是否方便，给不少民营企业的正常经营带来困扰百家民企调查：只要有雾霾预警就必须停工是否合理	未
百家碎戏：两个儿子尽孝	未
百家碎戏：借钱凑彩礼，还钱借高利贷，结局令人意外！	未
百家碎戏--咱村的妇女主任 第一集	未
百家碎戏：城里来的保姆	未
百家碎戏--接儿子回家	未
百家碎戏--日落黄昏情	未
百家碎戏：跪在坟前的儿女	未
百家碎戏：难缠的姑妈	未
百家碎戏：面对卸任村主任的问题，新任是如何解决的	未
百家网络平台天天看南充宣传扩散矩阵，上周看了啥	未
百家饭的风俗是讨米，那这个要钱是什么操作	未
百岁翁万戈将家藏183件书画文物捐赠波士顿，含沈周董其昌	未
百岁老人五世同堂 孝道家风远近闻名	未
百岁老人成为手机迷：随时要把手机放在身边	未
百川能源：拟2亿元至4亿元回购股份	未
百巷苏州  苏州这条巷子火了！每天无数人排队，只为了	未
百年上海船厂年内关停造船业务上海船厂有着156年历史，现隶属于中船集团，其主力船型包括6-8万吨散货船中型集装箱船等，年造船产能120万吨。界面新闻记者从上海船厂内部获悉，由于所处的崇明岛所确立的世界级生态岛发展定位，该船厂将不再继续修造船业务，停产期限为今年底百年上海船厂年内关停造船业务	未
百年不遇！失去海外市场的美国14亿磅奶酪滞销堆冰库	未
百年人寿将易主 回应称我们也不知情12月17日晚间，绿城中国（3900.HK）公告称，其全资附属公司绿城房产今日与卖方订立股份转让协议，拟收购百年人寿保险股份有限公司（以下简称百年人寿）9亿股股份，相当于百年人寿股份总数的11.55股权，交易金额为27.18亿元。公告中，绿城中国并未披露 ...全文	未
百年前 京城内九门的作用	未
百年前潮汕发生的7.3级大地震！死伤无数....	未
百年古柏树躺倒水塘成活树桥，插入泥土的枝丫生根长成了桥墩在湖北孝昌县观音湖风景区的大山之中，百年以上的古柏树称不上稀奇，人们已司空见惯。但在观音湖风景区汤砦村，还有着由活着的古柏树倒在水塘中形成桥的奇观。这棵古柏树的主干长约七八米，向西倒在水塘上面，与水塘边的路面平行成为一座树桥。在主干的三四米处有4根枝干插入泥土中，支撑着桥身形成桥墩还有2根朝上的枝干，仍然在枝繁叶茂地努力生长着。据孝昌林业部门考证，这棵倒伏在水塘中的柏树的树龄在百年以上。（楚天都市报）	未
百年村小	未
百年波兰PL100 下午四点的格但斯克	未
百年波兰PL100 与波兰国家档案馆（Naczelna Dyrekcja Archiwow Panstwowych）的研究员Anna Krochmal女士讨论苏联和俄罗斯对卡廷事件的反宣传把它与所谓波苏战争期间波兰虐待苏俄战俘联系在一起听她介绍才知道，这种说法不光在中国的军事和历史网站和论坛里有，在欧美一些国家的类似 ...全文	未
百年波兰PL100 华沙起义纪念馆旧地重游图6的有机玻璃砖重量3公斤，是一个人火化后剩下的骨灰的重量1944年8月1日华沙起义爆发后不久，从8月5日开始，德国党卫军在华沙西郊的Wola区屠杀了六万多既没有参加起义，也毫无防备的市民，以威胁恐吓起义者屠杀方式是封锁一个街区，把所有居民一栋楼一 ...全文	未
百年波兰PL100 在参观华沙起义博物馆前，先有幸会见了Pawe Ukielski 副馆长他说这里一年接待五十万游客，这已经达到了本馆的接待极限，所以团队游览需要提前五个月以上预约而且每年开放权限允许学校申请来这里上一节历史课，几小时内就会把全年时间预定满华沙起义在冷战时期因苏联原 ...全文	未
百年皇姑屯火车站1911年，京奉铁路延长，在奉天城根修一新站，起名为沈阳站，原沈阳站因在皇姑庙和皇姑坟附近，因此改名为皇姑屯站。 沈阳24小时	未
百年老店，仅差一年	未
百年老店又“翻车”！同仁堂这次事端牵扯到医保…	未
“百年老店”戴维斯杯改革后将走向何方？	未
百年茶村变游园（乡村发现·村庄）(图)	未
百度也To B了 李彦宏内部信宣布组织架构调整：加速云上百度进程百度今日发布内部信宣布组织架构调整，将智能云事业部（ACU）升级为智能云事业群组（ACG），同时承载AI to B和云业务的发展搜索公司及各BG的运维基础架构和集团级共享平台整合至基础技术体系（TG）。调整后，ACG由尹世明负 ...全文	未
@百度地图 你们可以哈，导个中国移动营业厅领着我离目的地300米楼上楼下转两圈。	未
百度宣布高级债券拟发行计划，用于还债和一般企业用途	未
百度崔雪莉吧现在开始退款，今天18:00p .m开始新链接，每人限购一支/一本，禁高价转出（原价可）话要说在前面，黄牛类人物可不必参与，后续发货期间如果有看到高价倒卖商品者不予发货，全款不退，如果商品已收到无法杜绝此类情况倒卖者将被全面拉黑 全部商品都是雪吧高价购得优先提供给爱雪莉的桃子，心怀不轨者尽早远离。口红348/支全款包国际及国内运费写真258/本全款包国际及国内运费相机348/个全款相机只售卖给内部人员，暂不开放售卖链接 口红21个名额（雪吧自占一名）写真20个名额（雪吧自占	未
百度推广裸奔八年：互联网广告放纵之谜	未
百度搜到冒牌特约维修店：价值21万的名表被修坏了	未
百度搜索落地页标题规范：严禁标题党！	未
百度教育事业部总经理张高宣布百度大脑3.0发布	未
百度有那个贴吧吗里面有欠网络贷款人集合在一起的那种贴吧看到有人科普过，好像那些本身就负债累累，浪迹天涯的人。他们从第一笔网贷开始就没打算还钱了这样一想非常可怕，下了这个决心的人，其实已经打算在社会上消失了，会成黑户的。	未
百度李泰容吧新吧主上任公告	未
百度百盈开卖基金 首批上线5款产品	未
百度网盘：18 年 12 月 25 日至 19 年 12 月 31日期间未登陆将取消 2T 免费存储空间百度网盘今日发布调整公告，2018 年 12 月 25 日至 2019 年 12 月 31 日期间未登陆过百度网盘账号的用户，已获得的 2T 免费存储空间将调整至 100G，已登录至少一次的用户可继续使用已获得的 2T 免费存储空间。	未
百度网盘:18年12月25日至19年12月31日期间未登陆将取消2T免费存储空间百度网盘今日发布调整公告，在此期间未登陆过百度网盘账号的用户，已获得的 2T 免费存储空间将调整至 100G，已登录至少一次的用户可继续使用已获得的 2T 免费存储空间。 想继续使用的小伙伴快去登录一下吧	未
百度网盘2T空间要缩水：一直没登录的用户注意了2018年12月25日至2019年12月31日期间，未登录过百度网盘帐号的用户，已获得的2T免费存储空间将从2020年1月1日开始调整为100G。该政策对经常使用百度网盘的用户并没有太大影响，受影响的是一部分拥有账号却一直未登录的用户详情点击：百度网盘2T空间要缩水：一直没登录的用户注意了	未
百度网盘：一年内不登录，储存空间将由2T缩减为100G	未
百度网盘空间调整 不登录用户网盘容量从2TB缩水到100GB百度网盘是许多人存储分享在线文件的首选。但百度对免费用户的限制越来越严格，今天百度又宣布了新的网盘空间调整通知，今天起到明年底，如果免费用户不登录百度网盘，那免费容量会从2TB缩水到100GB，不过只要用户在此期间登录网盘至少一次，那么2TB空间还是保留的。对于网盘业务来说，运营方很难从个人用户那里赚到钱，而且面临着沉重的监管压力，百度网盘现在分享版权内容很容易就被和谐。百度网盘之前靠着免费2TB空间的宣传吸引了大量用户，但是另一方面这样	未
百度网盘空间调整公告，点击登录即可保留已获得的空间不被回收： 网页链接	未
百度表示坚决落实网信办联合调查组整改要求	未
百廿添五，黉门新启 珞珈山，东湖水，永是珞珈人。	未
百强县里，读懂另一个中国	未
百强！哪个权威部门又把南安列入榜单了快来看看吧！	未
百态安徽女安检员自称把男艺人摸了个遍，机场：已停职	未
百所高中加入"黄背心"示威 高喊马克龙辞职	未
//@百折不挠的熊坚强:转发微博	未
百斤大鱼冰封江面 渔民破冰挖鱼	未
百无一用是深情，不屑一顾最相思。醉过方知酒浓，爱过方知情重，追过方知词穷，伤过方知心痛。	未
百日专项整治行动丨喝了酒或可御寒，但一定不能驾车！	未
百日交通零违法注意注意！这些车主赶紧来领奖啦！	未
百日会战135分钟快速反应  永州市12个县区城区快警全面运行	未
百日会战之星资兴公安有个黎三多！	未
百日会战刚刑满释放，又作案20余起！	未
百日会战南县：再次开展设卡清查统一行动，抓获违法人员9人	未
百日会战只因，在人群中多看了你一眼	未
百日会战喂，我是你领导！不，你是骗子！	未
百日会战女子知道支付密码后，竟将闺蜜微信余额转空	未
百日会战安仁：对200名客车司机开展涉毒驾驶员排查工作	未
百日会战安仁：新婚第四天，他背着老婆做了这件事	未
百日会战市公安局苏仙分局召开发布会，集中公布5起重大案件侦办情况！	未
百日会战开展易制毒化学品从业人员业务培训 筑牢安全防线	未
百日会战快警迅速出击  他们无处闪躲	未
百日会战慈利一小偷去骨科医院偷上瘾，出狱后又去了......	未
百日会战抓到小偷第一句：怎么又是你	未
百日会战护学小二郎，警色满星城	未
百日会战株洲举行打击盗窃两车专项行动第二次集中退赃大会	未
百日会战栽了！瘾君子在集市重操旧业	未
百日会战止损50余万元！长沙市反电诈中心快速出击	未
百日会战沅江：看了自己的朋友圈后，他坐立不安	未
百日会战治安大队捣毁一聚众赌博窝点	未
百日会战派出所里，母女相逢	未
百日会战看了自己的朋友圈后，他坐立不安	未
百日会战确认过眼神，抓的就是你！汝城警方这波操作厉害了	未
百日会战祁阳县城区快警正式运行	未
百日会战练为战 砺精兵巡特警大队开展应急处突科目演练	未
百日会战综合执法警察支队成功打掉一损毁旧衣回收箱团伙	未
百日会战蒸湘警方捣毁一飞车抢夺团伙	未
百日会战这个逃犯，被自己的衣服出卖了	未
百日会战邵阳县召开外流贩毒信息摸排工作暨业务培训会	未
百日会战铁血警察勇擒盗贼后，被女孩的一封信暖化！	未
百日会战雨湖公安严打第三只手犯罪，让街面治安更清净！	未
百日会战鲁滨逊附体七旬嗲嗲野外生存好几天，竟是因为...	未
百日安全行动12月3日15时许，@天津高速交警 在津滨高速滨海收费站开展检查行动时，发现一辆由西向东行驶的京YJ6607号牌白色金杯牌小客车状态异常，遂立即拦检高速交警核查确认，该车驾驶人王某为河北省邯郸市人，未取得机动车驾驶证而驾驶机动车驶入高速公路，违反了中华人民共和国道路交通安全 ...全文	未
百日安全行动丨西安交警发布18处秋冬季高速公路团雾易发路段	未
百日安全行动停办所有手续 全城布控查缉	未
百日安全行动印江县交警城管频频联手网格式整治脏乱堵	未
百日安全行动印江县多部门进客运企业开展冬季客运安全检查	未
百日安全行动卸下危险的重量，撑起安全的道路治理百吨王	未
百日安全行动大曝光2018年我市终生禁驾人员名单（一）	未
百日安全行动-大警示普定交警开展客运车辆视频巡查（第二十七）	未
百日安全行动宕昌公安交警开展冬季农村道路交通违法行为整治行动	未
百日安全行动文明交通 平安乡村梅河口市交警大队深入农村开展文明交通知识宣讲活动	未
百日安全行动昨日，@天津津南交警 咸水沽大队在天津大道开展了针对闯禁行货车的治理工作，期间对多辆违反禁令标志指示的违法驾驶员依法进行了处罚	未
百日安全行动梅河口交警严字当头夜查酒驾保安全	未
百日安全行动泉州这些路段存在安全隐患，驾车出行的你要注意了！！！	未
百日安全行动湄潭交警持续发力整治酒驾醉驾违法犯罪行动！	未
百日安全行动玉山交警联合县教体局召开全县校园周边交通安全大宣传大排查大整治活动部暑会	未
百日安全行动 百日安全行动开始以来，@天津红桥交警 共查获处罚涉牌违法行为11起，其中变造号牌2起套牌4起，查获处罚涉酒违法行为14起，其中醉驾5起。丁字沽大队在科学研判的基础上，用两天的时间查获4辆涉牌违法车辆。	未
百日安全行动自作聪明改号牌 被查获后悔不已	未
百日安全行动近日，@天津南开交警 开展了集中夜检行动，重点对大货车超载涉牌涉证等违法行为进行治理。	未
百日安全行动酒治不觉，还需久久为功	未
百日安全行动  飙车族你们要小心了！	未
百日安全行动 黑校车超员载学生上路 泾阳交警当场查获	未
百日攻坚丨失驾还敢上路，究竟为何如此胆大	未
百日攻坚事故责任大反转，究竟是怎么肥四	未
百日攻坚，交警蜀黍可不只是查车	未
百日攻坚以为这样就能蒙混过关交警：不存在的！	未
百日攻坚六年免检不是六年不检，逾期未检验当心被处罚！	未
百日攻坚刑警五中队再发力 一周抓获三名网上逃犯	未
百日攻坚前车突然急刹， 后车撞上追尾， 究竟是谁的责任	未
百日攻坚十大交通文明陋习：会车时开远光灯	未
百日攻坚十大交通文明陋习：开车使用手机	未
百日攻坚十大交通文明陋习：跨越隔离设施	未
百日攻坚十大交通文明陋习：非机动车逆向行驶篇	未
百日攻坚园区警方开展僵尸车专项清理行动	未
百日攻坚园区警方联合多部门开展大清理行动	未
百日攻坚在行动临澧县召开棚改工作调度会	未
百日攻坚在行动武平东留今日拆除违建3300平方米中山等乡镇已准备就绪	未
百日攻坚在行动：武平岩前今天拆除1700平！中山东留等多乡镇跟进中	未
百日攻坚   夜间整治有开始，但永远没有结束	未
百日攻坚战贺州交警在行动 新一批醉猫名单出炉	未
百日攻坚  无证醉酒驾驶还带上妻儿，你的心可真大	未
百日攻坚昆明交警在行动，周末整治不降温！	未
百日攻坚  昆明交警强化农村地区交通安全管控，筑牢冬季路面通行安全	未
百日攻坚昨晚的鹤警君小编在钟鼓楼直播什么	未
「百日攻坚」昭阳交警联合农机部门开展拖拉机整治行动	未
百日攻坚曝光台11月12日至11月26日违停车辆曝光	未
百日攻坚曝光台12月5日至12月6日违停车辆曝光	未
「百日攻坚」曝光台：2018年11月逾期未报废挂车微型面包车重型货车名单	未
「百日攻坚」曝光台：2018年11月逾期未检验挂车微型面包车重型货车名单	未
百日攻坚曝光查处的6名醉猫名单	未
百日攻坚男子用人格担保未酒驾 一个举动引起交警怀疑	未
百日攻坚请拒绝乘坐超载客运车	未
百日攻坚货车突然怼上半挂车，上演惊险一幕！	未
百日攻坚  这些人以后不能再开车了！首批终生禁驾名单曝光	未
百日攻坚这样做驾驶证直接降级，他在拘留所里肠子都悔青了	未
百日攻坚进行时 东侨20天完成104国道改线便道铺设	未
百日攻坚醉驾倒车，竟撞上了来接自己的网约车	未
百日攻坚魏城镇派出所抓获一名寻衅滋事网上在逃犯	未
百日整治	未
百日整治交通事故实现零死亡这个大队有何秘籍	未
百日整治你是伪装者蜀黍可是名侦探	未
百日整治外卖小哥：生活不容易，奔波忙碌莫忘尊法守规	未
百日整治失驾仍上路，查你没商量	未
百日整治酒驾逃逸被抓获！案情原来是这样	未
《百日的郎君》褒奖休假 都暻秀因行程不参与	未
百日行动别侥幸！交警夜查，每天十几名醉猫落网	未
百日行动  周末连续三晚，全城亮警灯，56只醉猫被抓！	未
百日行动  小车公路上演速度与激情，被平乐交警查处！	未
百日行动 开州区公安局组织辖区机修业开展恳谈会	未
百日行动贺州交警掀起整治风暴！查获毒驾1起，酒驾20起，涉牌涉证8起！	未
百日谈（二十）7月2日	未
百日谈（二十三）7月2日	未
百日谈（二十六）7月28日	未
百日谈（二十四）7月11日	未
百果园是怎样卖水果的	未
百株极度濒危植物抵达三峡库区有望落地生根	未
百济神州吴晓滨：PD-1的竞争不在于价格，而在于产能	未
百湖小偏方核桃皮能治好嵌甲病，你来试试呗	未
百湖问暖家里不热，请往这儿戳！	未
百盛关门，西安饭庄拆迁，钟楼商圈路在何方	未
百科自然阿尔山-湖泊	未
百米冲刺，一跃而下，在4楼高台外沿的民警冲过去将轻生女子拉下	未
百米长酒店餐厅，第21个来的人没得吃。	未
百美村宿行客旅游 韩徐庄的清晨，晨曦中，村中的芦苇花结满了白白的霜花，村中的老人与他家的狼青在村头晒太阳，狼青很乖，寸步不离老人左右，有了狼青的陪伴，老人就会减少对儿女的思念。老人说，村子经过扶贫改造后，旧貌换新颜，干净漂亮，他们住在这里幸福的很！	未
百胜中国卖牛排要先过流量关	未
百舸争流“善”为先 浙江嘉善借“海”扬帆远航	未
百色一摩托车驾驶员坠入30米高天坑	未
百色一摩托车驾驶员坠入天坑，救援人员在30多米的洞底发现他...	未
百色一臭美女子竟跑到公园的花丛里面去拍照	未
百色两孩子身高未达1.2米，上公交只有一个能免票	未
百色交警关于开展非机动车专项整治的通告	未
百色吃货们注意了！全广西城区将禁止露天烧烤，最高罚2万元！	未
百色哥们厉害平时一只手开车，酒后双只手开！	未
百色市2018年勤廉榜样拟表彰对象公示！	未
百色市内惊现2米多黄金大蟒蛇，男子赤手空拳抓住！	未
百色市右江区新政务中心喜迁新址	未
百色市平果县某小区一对情侣疑为情自杀	未
百色收费站正式通车！四车道进，六车道出	未
百色相亲网上线了！	未
百色至泮水路段，一辆（东陵朴圩）班车撞到路边差点玩完	未
百色这5家景区拟评为4A级旅游景区，你打卡过几个	未
百色这个小偷真心胆大！居然跑进公安局里偷车	未
百色高速路上两车追尾，司机被困现场沙糖桔遍地	未
百花苑小区周边，亟待整治！	未
百蓝SuperJunior 金厉旭 厉旭mini2辑 lt沉醉于你gt全款代购全款97元 (已包含国际国内邮费 无赠品)：网页链接首批截止时间：2018年12月2日 下午18:00目前已知专辑配置：2种封面随机1种6种小卡随机1种首批赠送1张海报购买1张时两种封面随机发，购买2张及以上时会分配不同的封面购买1张时两种封面随机发，购买2张及以上时会分配不同的封面购买1张时两种封面随机发，购买2张及以上时会分配不同的封面专辑均为韩国直邮，所以请务必正确填写身份证号姓	未
百词  1126周一精选词组（社会篇）	未
百词  1128周三精选词组（社会篇）	未
百货楼新华书店门口炸串，吃过的举个爪！	未
百辆宝马车齐聚元谋浪巴铺土林风景区搞事情！	未
百里三廊结硕果  龙王垭上景飘香	未
//@百里胧月x:继续冲啊	未
百队百村百场！桐庐这场关于文明的竞赛阵势大得呀	未
百鬼夜行 by @黑熊XXX  胶片的味道	未
百鬼夜行网切！	未
百鬼祈福庙SR染色皮斗鸡百鬼弈真蛇百战你们做了几个。	未
皂 河 的 菊	未
的哥一周两次主动归还乘客失物	未
的哥开车玩斗地主，女乘客一路上心惊胆战，如此开车怎么行	未
的哥捡到手提包 急寻失主！这已不是他第一次做好事了	未
的哥玩这种尖板眼    或罚2万元	未
的哥私接小马达撞枪口上！5年内不得从事出租客运！	未
的哥这样做，人民日报和新华社都关注了	未
的哥逆行飙车竟引得无数网友拍手叫好：紧急关头，才知道超人真的存在	未
的哥驾车速度120迈乘客还让加速：被抓头发挥拳头喊给我开快点	未
的哥高峰逆行救乘客：快走快走，钱算了！11月14日，深圳的哥刘师傅被几名市民拦下，1岁孩子突发急病由于情况紧急，刘师傅当下决定逆行抄近路并报警备案，用最快的时间将孩子成功送医下车时刘师傅挥手道快走快走，钱算了，因抢救及时小孩并无大碍	未
的士急救来了！重庆首批参与城市应急救护的志愿者上岗	未
的士拒载议价处罚！东湖高新区整治光谷广场出租车营运秩序日前，东湖高新区运管所和@平安光谷 交警大队在光谷广场联合开展出租车营运秩序和非法营运整治行动。昨日重点在光谷广场地铁口鲁磨路民族大道等黑车聚集地，严查严处非法运营以及私家车网约车从事非法营运等违法行为。共检查 ...全文	未
的士拒载议价处罚！东湖高新区整治光谷广场出租车营运秩序日前，东湖高新区运管所和@平安光谷 交警大队在光谷广场联合开展出租车营运秩序和非法营运整治行动。昨日重点在光谷广场地铁口鲁磨路民族大道等黑车聚集地，严查严处非法运营以及私家车网约车从事非法营运等违法行为。共检查出租车50余台，查获拒载议价的士4台，均按照《武汉市城市客运出租汽车管理条例》给予暂扣营运证从业资格证等处理。汉警提示为保护自身的合法权益，请市民远离非法运营的黑车或网约车。高新区交通运输主管部门投诉电话65522	未
的姐放空十余公里送还乘客手提包：我也曾掉过东西 感同身受	未
的总向长青公路意外身故的士司机捐赠10万元记者冯炜强报道：的士从业人员总会今日向上月30日在青衣长青公路发生导致5死32伤严重交通意外中不幸身故的的士司机吕志远的亲属捐赠了10万港元的支票。另外，中国人农业银行又向的总爱心基金会捐赠15万港元的支票。	未
的确，他们不指望回头客。爱吃不吃，谁让你饿来着//@尚可磨冶:流水客宰一次就足以，这就是当下这些短视之辈做生意的理念，除了赚钱其他都无关紧要	未
的确改变了球的运行路线，不判也可以，判了也没话说。	未
的确是这个情况，绝大部分副教授学校里混个肚子饱。我这两年外出宣传书的时候，不少活动现场遇到一些出门捞钱的教授。补贴生活还是需要有副业的。	未
的确是这样。	未
的确是这样	未
的确，这玩意儿存世的越来越少了，因为他的转子发动机故障率太高，而且国内似乎没有太靠谱的维修技术，所以基本上都夭折了，极个别还能见到的，也都是便宜到惨不忍睹（十多万块） 查看图片	未
皆为儿子缝终于补好一个家 儿子丢失后老裁缝20多年做3套衣服	未
皆大欢喜！冷水江男子被拐年，回家抓获人贩子！	未
《皇后的品格》17、18集预告照公开 张娜拉假扮宫女调查太皇太后死因（图）(图)	未
《皇后的品格》工作人员揭发29小时超负荷工作 举报“杀人式”工作模式（图）(图)	未
《皇后的品格》：架空路上的陈年狗血	未
皇后脑残粉//@主治医湿:值	未
皇城村的小康路	未
皇城根儿-陶笛那些事丨第227夜丨	未
皇姑屯火车站关闭 曾见证军阀张作霖被日军炸死	未
皇子：你这是玩的女枪还是滑板鞋英雄联盟	未
皇家戴切酒吧，中午12点才开门，先边上溜达溜达。	未
皇家海军开始在黑海进行长期部署	未
皇家海军的战斧训练蛋。目前皇家海军（RN）的特拉法加级和机敏级核潜艇（SSNs)）都装备了战斧巡航导弹，型号包括Block IIIC型和Block IV型，其中战斧Block IIIC预计将于2020年退役，所以2014年开始英国就提出加购了新一批Block IV型，该型不仅可以对地还可以反舰。英国提出的请求为购买总计达65套的战斧Block IV TTL，同时包括贮存器试验和通信设备技术支持作战飞行试验工程和后勤保障支持等。战斧Block 导弹预计2020年进入舰队服役。	未
皇家马德里VS梅里亚大名单：网页链接门将：纳瓦斯，卡西利亚，卢卡后卫：卡瓦哈尔，巴列霍，瓦拉内，奥德里奥佐拉，雷吉隆，哈维桑切斯，弗兰加西亚中场：巴尔韦德，略伦特，阿森西奥，伊斯科，塞瓦略斯，菲达尔戈前锋：巴斯克斯，马里亚诺，唯你修斯，克里斯托。	未
皇家马德里准备用伊斯科和科瓦契奇交换阿扎尔	未
皇家马德里可能将在半决赛再一次对阵鹿岛鹿角	未
皇家马德里在11月11日与塞尔塔的比赛后就缺少了卡塞米罗对球队的支持，不过巴西人在周五回到了训练场，他已经接近回归。卡塞米罗独自完成了无球训练，他应该可以及时在世俱杯前回归，也入选了球队征战世俱杯的大名单。纳乔也经历了很长的伤病时间，他正在改善，不过...网页链接	未
皇家马德里梅利利亚的国王杯 比赛开始啦有谁在看呢halamadrid	未
@皇家马德里足球俱乐部  @皇家马德里篮球俱乐部 HalaMadrid	未
皇帝柑出售丨800平厂房出租丨富高里找合租丨出售红橙丨未摘纽荷尔脐橙出售丨出租车转让丨求购货车丨二手农用机转让	未
皇庭国际偿债压力大 郑康豪财富缩水40亿屡败屡战两次被要求协助调查的郑康豪回归履职似已摆脱法律风险，但其实际控制的皇庭国际财务危机仍未解除。作为闻名的潮汕商帮之一，郑康豪入主皇庭国际已经9年，但其仍未将皇庭国际拉出业绩不佳的泥潭。今年三季报显示，公司实现的营业收入同比增长22.31，而净利润却下降6.08。盈利能力下滑的同时，公司面临着不小的财务压力。截至三季度末，公司短期借款3.70亿元，一年内到期的非流动负债8.92亿元，而公司货币资金只有2.41亿元，资金缺口超过10亿元。二级市场上，受重	未
皇庭国际：拟回购公司股份2亿元至3亿元	未
皇庭国际：拟回购公司股份2至3亿元财联社12月9日讯，皇庭国际发布公告，公司拟以同心投资基金股份公司22.34股份与皇庭集团有限公司旗下的重庆皇庭珠宝广场有限公司100股权进行资产置换同心基金22.34股份置出价格6.91亿元，重庆皇庭100股权置入价格 6558万元，差额由皇庭集团及其关联方以债权 ...全文	未
皇族养心堂：解决肌肤问题从修护肌肤屏障开始	未
皇朝早期史——哈布斯堡在瑞士（1000-1500）	未
皇权富贵[给你小心心] 范丞丞[超话] [给你小心心]范丞丞[超话] 站一波皇权富贵！范丞丞穿出来的这件衣服简直不能更眼熟！做个预测：范丞丞的裤子什么时候能穿在Justin身上@范丞丞Adam0616 @jjjustin0219	未
皇牌空战7将有大逃杀模式 海量新截图公布万代南梦宫公开了皇牌空战7：未知空域的大量新情报和游戏截图，将会提供大逃杀和团队死亡竞赛两种多人模式玩法，其中大逃杀模式最多支持八人同场竞技，玩家通过对其他玩家的战斗机造成伤害或直接击落获得分数，一旦有人达到了胜利分数 ...全文	未
《皇牌空战7》将有大逃杀模式 海量新截图公布万代南梦宫公开了《皇牌空战7：未知空域》的大量新情报和游戏截图，将会提供大逃杀和团队死亡竞赛两种多人模式玩法，其中大逃杀模式最多支持八人同场竞技，玩家通过对其他玩家的战斗机造成伤害或直接击落获得分数，一旦有人达到了胜利分数或者倒计时归零（最高分者获胜），比赛就会自动结束。	未
《皇牌空战7：未知空域》多人模式详情公开万代南梦宫公布了《皇牌空战7：未知空域》的多人模式信息，分为团队战和大逃杀模式，最多可支持8人对战。团队战为4V4模式，击落全部敌机或取得最高分。大逃杀模式无法组队，所有玩家之间都是敌对状态。本作将于2019年1月17日登陆PS4/Xbox One平台，Steam版则会在2月1日发售。	未
//@皇贵妃123: 转发微博	未
皇馬今天的訓練(12.14)	未
皇马三场比赛的时间敲定：（北京时间）1月7日凌晨1点30分，西甲第18轮，皇马vs皇家社会1月10日凌晨4点30分，国王杯16强首回合，皇马vs莱加内斯1月14日凌晨3点45分，西甲第19轮，皇家贝蒂斯vs皇马	未
皇马与阿贾克斯的欧冠1/8决赛两回合将分别在2月中旬及三月中旬进行，皇马先客后主。	未
皇马丢球了，3-1领先比分。	未
皇马主场净输三球队史头一回，欧冠三连庄正在走下神坛	未
皇马主帅索拉里：无需与齐达内做比较	未
皇马全队完成了今日训练：卡塞米罗雷吉隆参加了全队部分训练纳乔进行单独恢复训练伊斯科库尔图瓦本泽马贝尔在室内进行恢复性训练。	未
皇马公布对阵中央陆军首发：库尔图瓦奥德里奥索拉巴列霍哈维-桑切斯马塞洛马科斯-略伦特巴尔韦德伊斯科阿森西奥本泽马维尼修斯。替补：纳瓦斯卡瓦哈尔瓦拉内克罗斯莫德里奇贝尔巴斯克斯。	未
皇马，到此一游	未
皇马又丢球了6分钟连丢两球主场0-2莫斯科中央陆军	未
皇马名宿	未
皇马国王杯对手，莱加内斯	未
皇马在伯纳乌被人进了仨，而且并不是巴萨	未
皇马在梅西的时代得到了那么多欧冠冠军，巴萨球迷会感到沮丧吗哈维：不会。因为梅西的时代还没有结束，如果你认为这就是梅西的全部，那太让人惊讶了。在没有他的时候，俱乐部只有一个欧冠，他来之后我们获得了五个。梅西的时代并不差，而皇马也延续了他们的历史。他们在C罗加盟前已经有9个欧冠冠军。但梅西改变了巴萨的历史。他们在过去15年都奉献了独特的足球。	未
皇马备战梅利利亚	未
皇马官方发来慰问。安息 查看图片	未
皇马小将雷吉隆偷袭皇马官方账号 躺在阿布扎比酒店床上跟大家说早安 新的一天从懒床开始 皇马世俱杯 皇马 halamadrid 微博视频	未
皇马愿为迪亚斯支付1000万欧元，但曼城要价两倍根据马卡报消息，皇马与曼城已经开始就迪亚斯的转会进行谈判，皇马愿意以1000万欧元签下迪亚斯，让他冬季加盟曼城的19岁西班牙小将迪亚斯的合同将在明年夏天到期，而他加盟皇马的意愿也非常明显根据此前多家媒体的消息，球员愿意在明年夏天 ...全文	未
//@皇马新闻: @马塞洛MarceloTwelve	未
皇马本场比赛的首发十一人。	未
//@皇马球迷俱乐部: 皇马青训专家有话说	未
皇马男模团踩场哈扎本扎耶德体育场 以有球训练完成了 2018世俱杯 决赛前最后一练 马里亚诺和阿森西奥则分别进行了单独的训练 皇马训练 halamadrid	未
皇马 皇马首发：跟半决赛相同。	未
皇马第一次换人：贝尔换下本泽马	未
皇马首发名单！！！！库尔图瓦，卡瓦哈尔，拉莫斯，瓦拉内，奥德里奥佐拉，塞瓦略斯，略伦特，莫德里奇，巴斯克斯，贝尔，本泽马。直播地址：网页链接	未
皇马首发库尔图瓦卡瓦哈尔拉莫斯瓦拉内克罗斯本泽马莫德里奇马塞洛LV略伦特阿森西奥	未
皇马首发：库尔图瓦卡瓦哈尔拉莫斯瓦拉内马塞洛马科斯-略伦特莫德里奇克罗斯巴斯克斯贝尔本泽马。	未
皇马首发：纳瓦斯，奥德里奥佐拉，巴列霍，哈维桑切斯，卡瓦哈尔，巴尔韦德，略伦特，伊斯科，唯你修斯，马里亚诺，阿森西奥。	未
皋兰县妇联组织参加12.4国家宪法日宣传活动	未
//@皋兰山的狼://@连线记者://@苏枍北:他们重要的是吃到政策的红利	未
皎梅镇运牛车再次遇袭，一场战斗由此引发	未
皎漂港正式开工 马六甲海峡已非不可替代！	未
//@皓伦王明川:	未
//@皓月Dubnation：哥，坐我车回家不	未
//@皓月微尘://@清秋锁愁眉:	未
皓齿揭开微笑的秘密，从此告别口腔雾霾	未
皖B司机注意！交警统一查酒驾时间表公布，这几天必查	未
皖H08891皖HA3666皖H不礼让斑马线	未
皖HC0007皖HK9960皖H不礼让斑马线	未
皖HT1748皖HPA168皖H不礼让斑马线	未
@皖L司机必看，统一严查时间表公布，违者或吊销驾驶证！	未
皖事通 APP有关情况说明！网页链接	未
皖北的雪来了，合肥的雪即将在明天开启，而等雪的你...	未
皖美乡村旅游线路发布，涉及六安3条8个村，快看有你家吗	未
皖美发现：大美宿松	未
皖通科技停牌筹划控制权变更事项 受让方银谷科技曾拟作价28亿元装入三变科技	未
皖通科技控股股东拟变更为南方银谷 公司股票于12月14日起复牌	未
皖院的夜，如何度过，看看别人的夜生活吧！	未
皮一下 微博视频	未
皮主席骑电动车带儿子离开诺坎普 可把孩子冻坏了北京时间12月6日凌晨，西班牙国王杯1/16决赛次回合，巴萨主场4-1击败莱昂尼萨，总比分5-1淘汰对手。尚未痊愈的苏亚雷斯，以及梅西皮克等主力球员都纷纷带着孩子在看台上为队友们加油助威。而在赛后，皮克带儿回家成为了麻烦事。之前，由于驾照积分被扣完，皮克仍然驾车被交警截停，事后他被处以4.8万欧元的重罚。如今，皮主席还在处理驾照方面的事宜，因此，他只能驾驶电动自行车载着儿子米兰回家。网易体育 @网易新闻客户端	未
皮克和梅西在训练中	未
皮克和米兰	未
皮克带着米兰	未
皮几万一年不见咋变这样了，你们认得出来不	未
皮卡丘	未
皮卡丘要出来打人了 微博视频	未
皮卡皮卡//@YonDir:最后一张是魔鬼	未
皮卡皮卡啾咪（咿这是我失散多年的兄弟吗）带着飞猪去旅行查看图片	未
皮卡皮 皮卡啊啾	未
皮孩淘气将头卡进凳子里，亲妈边拍视频记录边大笑不止	未
皮尔·卡丹：西装界“大哥大”的奢侈与救赎	未
皮尔洛：加图索他绝对应该继续待在米兰帅位上。现在的情况是他的错你在开玩笑吗米兰现在有10名球员处于伤病中。他无疑应该就是米兰的主教练。	未
皮尤调查：近三成美国人能一周不用现金购物日前美国民调机构和智库机构皮尤研究中心发布了一项调查结果。其中显示，美国人对实体货币的依赖程度越来越低，29的美国成年人表示已经能一周不用现金购物详情点击：皮尤调查：近三成美国人能一周不用现金购物	未
皮尤调查：通过社交媒体获取新闻的美国人已超纸媒报告显示，五分之一美国成年人称其经常通过社交媒体获取新闻，略高于经常通过纸媒获取新闻的美国人（16），这是自皮尤研究中心开始在其调查中提出这个问题以来的第一次皮尤调查：通过社交媒体获取新闻的美国人已超纸媒	未
皮！微信也能发弹幕攻击好友，能看清吗	未
皮条办主任这个名字，有东西	未
//@皮海洲:不忘养育之恩，孝，从每一个人做起。	未
//@皮海洲:今日9点（每周五早上9点），《海洲实话》将在9度财经直播平台进行现场直播。今天的话题是《ST长生强制退市：教训过后 投资者保护还应提上日程》，就市场关心的ST长生强制退市以及投资者损失的赔偿话题与投资者交流，进行实话实说。欢迎关注，欢迎互动。《海洲实话》恭候您的大驾光临！	未
皮熊家的孩子是真皮萨沙捏脸还捏上瘾了以后如果皮主席有了女儿，希望他能好好带孩子	未
皮特刚说完mnuchin又有出来改口径了。这会说是川总亲自主导谈判，也有农业部能源部和商务部的大员参与。文中说了，和之前皮特采访中的说法矛盾。	未
皮皮胡上线！胡歌为粉丝签书写下五个字逗笑网友	未
皮皮虾我们走没有虾蟹的冬天咋可能是完整的	未
皮编  皮卡离经叛道渐行渐远 今天能把他拉回正轨嘛	未
皮肤干，喝莲藕怀山长生汤	未
皮肤干裂皴红起湿疹直接毁颜值宝宝冬季皮肤护理要注意了	未
皮肤干要吃！淡化色斑要吃！整天玩手机电脑更要吃！	未
皮过了啊 微博视频	未
皮雷：登贝莱能帮巴萨夺冠，我不会选择用他来换内马尔阿森纳传奇人物皮雷在接受采访的时候表示，如果巴萨为了重新签下内马尔而放弃登贝莱，那这是错误的做法我很欣赏登贝莱，我们总是在谈论梅西，但登贝莱这家伙也很棒他很年轻，他现在做的事情我们小时候也做过现在他需要做到的是在生活 ...全文	未
盆友们，你们如果到了松江地面，一定要吃农家菜老大啊！！已经二刷的农家菜馆，还想去三刷四刷 圆圆吃上海 周末带父母去佘山玩，带他们去吃了这家！一家两代人都很满意美滋滋！ 先说图里没有的，他们家的金华梅干菜桶饼，每次等位的时候我都要买上好几个，超！好！吃！（吃太快了没来得及拍菜品你们看图就知道了，是那种朴实地道的农家菜！每一个都便宜又好吃！红烧肉酱汁浓郁肥而不腻蒸双臭闻起来臭吃起来香羊杂汤料多而鲜美栗子土鸡肉嫩栗子绵密芹菜炒牛肉说不出的好吃！哈哈哈哈哈我也不知道该咋	未
盆友们！哪一副！	未
盆友的盆友的小孩的作业	未
盆底动画丨及时检查合理医治，不给子宫钻空子	未
盆景心法暨五体	未
盆栽里的房子，太厉害了！头一次看到	未
盆隐者作业23残片灌木原母半成品修剪	未
盈利的核心是懂得市场规律（A股的规律），市场一定是按照自然规律在走的（政策导向），绝对不是某个机构能操纵的（受政策影响），不要轻易认为今天跌了，就因为某个机构操纵（政策导向变了），你就害怕，最终市场该怎么走还是会怎么走（大量资金出逃），市场恶意的行为只会影响一时，不会改变市场（这个行业会一路走低），如果掌握了这一点，至少你的交易水平就会提高很快（亏的相对较少），这个市场有很多新手就知道打听小道消息，也不做研究（韭菜就是这样被收割的），这跟成熟的交易员完全是相反的（散户永远的痛）。	未
盈江公安交警严查四类重点车全面净化冬季道路交通出行环境	未
盈江公安交警五零举措深推百日攻坚再提冬季事故预防能力	未
盈江县人民政府组织召开黄标车治理淘汰工作推进会	未
盈江县公安局勐腊派出所积极开展净边专项扫毒行动宣传工作	未
盈江县公安局指挥中心到挂钩点铜壁关乡三合村松克村民小组开展脱贫攻坚工作	未
盈江县公安局盏西派出所持续推进户籍制度改革宣传工作	未
盈江县公安局组织开展《宪法》集中宣传活动	未
盈江县禁毒办开展禁毒防艾工作宣传进村寨活动	未
盈江森警参与边境一线重点林区森林防火武装巡查巡护行动	未
益一课 185一文读懂公益慈善组织从业者和志愿者有何不一样	未
益一课 186速读，慈善组织是否必须要参加全面的评估	未
益丰药房老百姓大参林和一心堂的现金流情况对比	未
益之源，密封玻璃储物罐500ml 3.9到手发过好多次了，3块9，真的是史低价了，把握住！	未
益佰制药1.62亿输血大股东 再6.6亿贱卖资产自救 近日，公司宣布，拟斥资1.62亿元购买公司控股股东实控人董事长窦啟玲及其一致行动人窦雅琪名下的6套房产。记者发现，益佰制药向大股东购买房产的背后是大股东财务告急。根据公司12月20日晚披露的公告，窦啟玲及其一致行动人窦雅琪的股权质押比例高达99.86，在公司股价半年腰斩的背景下，其平仓风险如箭在弦上。网页链接	未
益生菌包治百病医生：没有想象中那么好	未
益生菌增强免疫力？未必！	未
益研晨会  超级富二代理财子公司落地，22万亿银行理财市场要变天！	未
益研晨会  高善文最新讲话：市场估值指标处于极值，历史罕见！	未
益视频16岁少年捐献器官拯救7人，谁来帮他延续篮球梦2017年，一个爱篮球的16岁少年叶沙因突发脑溢血不幸离世。父母忍住悲痛将儿子的心脏肝脏肺脏左右肾脏左右眼角膜进行了器官捐献。这些受助人有矿工公司职员学生，他们为叶沙做了一件事组建了一支球队，延续叶沙的篮球梦，他们每个人的队服上还画着受捐献的器官。我们就是叶沙，叶沙就是我们。 益视频  16岁少年捐献器官拯救7人，谁来帮他延续篮球梦	未
益跑探秘之打卡点及任务大曝光！	未
益阳220元医保缴费要抓紧了，有人可以少缴，甚至不缴...	未
益阳一女顾客试衣时忘取试戴项链并带走，导购可能面临6000元赔款	未
益阳一父亲倒车时，不慎将自家孩子压死！	未
益阳一男子倒在公路，头部溢血，大批群众围观！	未
益阳一男子夜晚倒在血泊中，现场警灯闪烁，大量群众围观...	未
益阳三桥附近，发现一具女尸！	未
益阳三桥附近发现一具女性浮尸，警方到达现场	未
益阳人以后坐车去北京，不用半小时就能到！速达4000公里/小时！	未
益阳人注意了！你身边有这五种人吗赶紧打电话举报吧	未
益阳公安联合出警突击检查，这些问题要注意了！	未
益阳医保220元，今年到底该不该缴该怎么缴统统告诉你！	未
益阳又一批村干部出事了，快看是你们村的吗	未
益阳发生老鼠吃蛇的怪事，简直逆天了！	未
益阳市卫生计生委事业单位招聘工作人员体检替补公告	未
益阳年轻女子在网吧内无故发飙！接下来的一幕失去控制....	未
益阳：建筑工地深夜施工，周边居民深夜12点拍下这一幕	未
益阳：我区部分学生感染诺如病毒处置工作有序推进	未
益阳某代理人虚开商铺套取10余万！还搭上了自己的舅舅！结果...	未
益阳某妇幼保健院女医生介绍病人买保健品，收红包，终于被处分了	未
益阳沅江：蒙面大盗抢走四千元现金，竟是熟人作案	未
益阳泥江口惊现人贩子开车抢小孩假的！	未
益阳纪检对涉黑涉恶下手了，居然还有人充当保护伞！	未
益阳资江河内发现一具无名浮尸，急寻死者家属！	未
益阳这伙人阻挠南益高速施工建设拘留！	未
//@盐二久://@渝言诶哈诶哈_2018://@薯泥沒有派對://@一只战斗森: 查看话题详情我看到第一名的时候简直不敢相信，太开心了朱一龙未来可期@朱一龙	未
盐亭人注意了！自贡5400余吨假盐被查获，涉及成德绵多地！你可能买到了假盐！！	未
盐亭人注意：元旦火车票已开售！这些放票时段你得知道	未
盐亭县疾控中心接受省二级甲等疾控机构等级评审	未
盐亭县通报1起扫黑除恶治乱专项斗争典型案例	未
盐亭寻亲续男子两三岁被拐，40多年后千里寻亲终相认！	未
盐亭这31位车主，绵阳交警通知你去办理车辆注销登记！	未
盐亭龙顾井渡口改公路桥即将建成通行！沿线11个村2万余人不再过河难！	未
盐务局领导子女“吃空饷”为何久拖不决？	未
盐务局领导子女＂吃空饷＂久拖不决 回应:情况太复杂	未
盐务局领导子女吃空饷久拖不决 回应:情况太复杂	未
盐务局领导子女集体“吃空饷”，为何久拖不决？	未
盐务局领导子女集体吃空饷，为何久拖不决丨新京报快评	未
盐城一出租车疯狂绕道宰客！12元路程收小孩55块钱！	未
盐城一司机撞死人，跑了，赶快自首！	未
盐城一司机无证驾驶，被查后说：千万别告诉我老婆！	未
盐城一女子疑流产多次，跳楼真相扑朔迷离	未
盐城一女子酒驾昏迷不醒，竟是中毒了！（视频）	未
盐城一婚外情女子在情人新房楼顶跳楼身亡，亲人还原过程...	未
盐城一小区深夜盗窃案告破，小偷竟是一伙中学生！	未
盐城一市民家中惊现两张百元大钞，据说价值连城！赶紧看看你家有吗	未
盐城一环卫工拾金不昧 婉拒千元酬谢	未
盐城一男子竟偷偷干这事，监控拍下全过程...	未
盐城一私家车撞上护栏，栏杆直接插到车里！	未
盐城一饭店放倒多人，原来是因...	未
盐城一饭店放倒多人，原来是这玩意作祟	未
盐城一黑科技车被曝光，速来围观！	未
盐城下雪了！最先玩雪的，竟然是大熊猫！	未
盐城东台男教师夜闯女教师宿舍 已被停职	未
盐城严管餐厨废弃物 未经许可私卖泔水最高罚3万	未
盐城交警“百日安全行动”进行时，两天查获酒驾33起	未
盐城交警铁骑招兵买马，10个名额，月薪4500元，这几类人员优先聘用！	未
盐城人注意了！2019年放假时间表出炉，清明休8天，端午变9天，过年连放半个月不是梦	未
@盐城人，看到这2个男生请立刻报警，不要手软！	未
盐城人速看！春节假期或将延长至15天全国人大提出...	未
@盐城人：降温！大风！冷空气来了！	未
@盐城人，雾必小心！本周将迎6天超长雾霾，来势汹汹	未
盐城公安派出所见证改革开放40年变迁	未
盐城出租车宰客，权威处理来了！	未
盐城南部飘起零星雪花，大熊猫雪中忘我吃竹子	未
盐城发布大雾红色预警 大部分地区能见度小于50米	未
盐城发布浓雾橙色预警 高速公路关闭	未
盐城唯一！亭湖区被授予“全国国际象棋之乡”	未
盐城城南新区多部门联合整治培训机构，关停取缔44家！	未
盐城多家小区物业安装电梯控制卡，引发网友热议	未
盐城大丰附近海域发生3.3级地震	未
盐城大丰附近海域发生3.3级地震 震源深度14㎞	未
盐城女子拾金不昧不留名 失主失而复得喜极而泣	未
盐城市区239家校外培训机构 收到整改通知书	未
盐城市区新建6座公厕 计划增设便民设施	未
盐城市委专项巡察组要来射阳这2个乡镇巡查了！	未
盐城市委专项巡察组要来滨海这个乡镇了！	未
盐城市委专项巡察组要来阜宁这两个乡镇了！	未
《盐城市快递市场管理办法》发布 2019年起施行	未
盐城开展农民工维权专项行动 为期3个月	未
盐城或周边求脱团 投稿ID：@不良呆又呆 男95年金牛180/63冷菜师有房无车不烟少酒详见长微(本平台所有征友，未经投稿人同意前，禁止一切抄袭/复制原文作为直发的行为，谢谢配合)	未
盐城房屋拆迁最新动态，看看有没有你家	未
盐城推食品检测“三个任你点”	未
盐城有戏	未
盐城本周多阴雨天气 中期有较强冷空气	未
盐城本周将迎6天超长雾霾，来势汹汹	未
盐城求脱团 投稿ID：@z风间琉璃 男，92年，186cm，盐城人，有房有车，本科，外企技术人员，详见长微博(本平台所有征友，未经投稿人同意前，禁止一切抄袭/复制原文作为直发的行为，谢谢配合)	未
盐城海边一声巨响，腾起蘑菇云	未
盐城消防员太帅了！徒手挖泥救人被疯传！	未
盐城生活垃圾分类和治理工作成效明显 无害化处理率95％	未
盐城盐都各地科学开展秸秆综合利用	未
盐城第一家希尔顿酒店即将落户，竟然在	未
盐城网络仲裁院揭牌，成为华东首家云上仲裁基地	未
盐城要改名了！新名字竟然叫...	未
盐城“超级风”把大树连根拔起	未
盐城这位辅警不得了，竟屡次被国家级媒体授奖	未
盐城：避让电瓶车 轿车撞桥栏杆	未
盐城首部实体法政府立法项目《盐城市快递市场管理办法》 明年1月1日起施行	未
盐城高架工地上的女工友：每天能挣200多，凭劳动供孩子读书	未
盐城：高速因浓雾关闭  开辟绿色通道为救护车放行（视频）	未
“盐”多必失 小心宝宝身边的“隐形杀手”	未
“盐”多必失 小心宝宝身边“隐形杀手”	未
@盐山人  奔走相告9日！这家医院免费检查慢阻肺和肺功能	未
盐山县举办第三期新一届农村两委正职培训班	未
盐山县关于退役军人和其他优抚对象信息采集工作的通告	未
盐山常惠公路正式通车！道一声交通人辛苦了！	未
盐山民政局救助站救助一位走失老人！大家快来帮她找到家！	未
盐桥街：某商铺二楼冒出阵阵浓烟，邻居和消防都来老！	未
盐池最近很火！接二连三被曝光...	未
盐池经常发语音聊天的赶紧看，告诉家人朋友！	未
盐池这些人不用上班却收入过万！其实	未
盐津两名男子喝醉酒后躺在地上，满脸鲜血！	未
盐津公安交警迅速处置一起摩托车超员网红	未
盐津：开展为期1个月的环境卫生综合整治专项行动	未
盐津正在整治农村卫生，村支书怎么干	未
盐津男子请吃杀猪饭，结果倒赔4.8万！请客吃饭一定注意了	未
盐湖城的冬天。 美国盐湖城国际机场 Salt Lake City International Airport	未
盐湖惊现野生白狐！长约半米通体雪白！百年难遇	未
·盐源县：两名县委常委拟到企业任职 不保留公务员身份	未
盐灰密测量进行中12月6日，国网江苏检修公司输电检修中心一班所辖区段近段时间雾霾天气频频出现，输电线路易发生闪络事故。班组人员对绝缘子表面污秽物进行取样测量，认真分析测量结果，判断绝缘子的绝缘配置是否达标，进一步保障线路安全稳定运行。	未
盐田交警在行动  12月18日8时许，盐田交警在辖区开展重点违法整治行动，重点查处酒驾涉牌涉证无证驾驶等违法行为，保障辖区道路交通安全畅通@盐田发布 @深圳交警 @深圳公安 @深圳微博发布厅	未
盐田交警在行动 12月24日晚上，盐田大队铁骑队员在辖区对违停车辆进行违停拍照取证@盐田发布 @深圳交警 @深圳公安 @深圳微博发布厅	未
盐田交警在行动 交警蜀黍在辖区进行行人非机动车整治@盐田发布 @深圳交警 @深圳公安 @深圳微博发布厅	未
盐田交警在行动 又查获一辆5次违法未处理车辆，蜀黍扣证处理@盐田发布 @深圳交警 @深圳公安 @深圳微博发布厅	未
盐田交警在行动 常态整治持续中@盐田发布  @深圳交警  @深圳公安	未
盐田交警在行动 您的爱车有违法行为要赶紧处理鸭，违法行为超过三次以上蜀黍会依法扣证处理@盐田发布 @深圳交警 @深圳公安 @深圳微博发布厅	未
盐田交警在行动猎虎整治行动进行中，蜀黍提醒广大车友：周末莫贪杯，莫酒驾！@深圳交警 @盐田发布 @深圳公安 @深圳微博发布厅	未
盐田交警在行动 重点违法整治开展中@盐田发布 @深圳交警 @深圳公安 @深圳微博发布厅	未
盐田交警在行动 铁骑蜀黍在后方陆域对违停车辆进行拍照取证@盐田发布 @深圳交警 @深圳公安 @深圳微博发布厅	未
盐边一男子拨打110千余次，说：我想你我喜欢你	未
@盐边人：想知道县城区内绿线如何划分吗快戳进去看！	未
盐边新变化候鸟老人眼中的盐边新变化（五）	未
盐边新变化候鸟老人眼中的盐边新变化（六）	未
监利一领导家属居然违规领取城镇低保，结果	未
监利：两办出台《意见》要求全县各级各部门大力支持检察公益诉讼	未
监利人情怀- 那棵苦柚树	未
监利多部门联合执法查处一辆移动的炸弹车	未
监利开展打击欺诈骗取医保基金专项行动！	未
监利惊现200多年前的排神屋，就在这里！	未
监利惊现200多年前的神牌屋，就在这里！	未
监利某未成年对一花季少年放火行凶，还拿手机录下行凶过程！	未
监利玉沙小学门口的这一幕，让人提心吊胆！	未
监利的共享单车现在怎么样了，一段视频来告诉你！	未
监守自盗，山阳一人将一个约三吨重的庞然大物趁夜黑之际盗走	未
监守自盗 延津一酒厂俩工人弄走30件酒	未
监守自盗！潮州这位快递员居然偷起了快递！	未
监守自盗 狂偷洗化用品监控曝光 蟊贼落入法网	未
监察法在监察工作原则和方针方面的规定与刑事诉讼法相关精神保持一致	未
监察法有关被调查人的规定与刑法、刑事诉讼法等既有一致又有区别	未
监拍  人民广场两小偷作案被抓个正着	未
监拍:偷车贼在汤坑三门凹作案全过程	未
监拍幼师暴力欺辱幼儿 家长欲查看监控被拒近日，河北石家庄某幼儿园，一名女幼师在幼儿午休时多次用推搡拍打等暴力方式欺辱幼儿，甚至还一度压在孩子身上。发现幼儿异常的家长要求查看监控被拒，事后学校竟然拒绝家长入校。目前，家长已经报警处理，案件正在进一步调查中。网页链接	未
监拍幼师暴力欺辱幼儿 家长欲查看监控被拒近日，河北石家庄某幼儿园，一名女幼师在幼儿午休时多次用推搡拍打等暴力方式欺辱幼儿，甚至还一度压在孩子身上发现幼儿异常的家长要求查看监控被拒，事后学校竟然拒绝家长入校目前，家长已经报警处理，案件正在进一步调查中网页链接	未
监控下暴露的真相：人为什么要善良	未
监控下暴.露的真相：有钱没用，你得善良	未
监控下暴露的真相：有钱没用，你得善良	未
监控下暴露的真相：有钱没用，你得善良 via@末那大叔	未
监控下暴露的真相：有钱没用，你得善良（好文！）	未
监控下暴露的真相：有钱没用，你得善良有时候，善良是本性，不是选择。良心是存在我们心里的三角形，你一动歪心思，它立马转动起来，把你割得生疼。但你要是坏事做多了，它便磨平了棱角，你也就不觉得痛了。比起当个麻木不仁的聪明人，我愿意吃点亏，受点委屈。生而为人，请务必善良。作者：@末那大叔监控下暴露的真相：有钱没用，你得善良	未
监控下暴露的真相：有钱没用，你得善良  监控下暴露的真相：有钱没用，你得善良	未
监控下暴露的真相：纵然人在流浪，心却在天堂	未
监控全拍下来了！赶紧把手机还给她！手机里有人家很私密的写真照片，还有公司的重要资料，没了会受处分！	未
监控全纪录：广南两熊孩子趁人不备 冲进商店抱上东西就跑	未
监控实拍：一寸长一寸强！终究还是给自己玩进坑里了！	未
监控实拍到屋子里发生的灵异事件，令人看后毛骨悚然！	未
监控实拍！普宁池尾某小区现疯狂面包车，3秒套走小狗！	未
监控实拍！潍坊一小轿车与一面包车相撞	未
监控实拍！潮汕某小区现疯狂面包车，3秒套走家犬！	未
监控实拍疑似鬼魂如隐若现！	未
监控实拍街头离奇的一幕，小车好好的说飞走就飞走了！	未
监控已拍下！11月27日下午！事发：石臼海纳超市！	未
监控录像拍下偷摩托车全过程！	未
监控拍下三桃一小偷偷东西全部过程，有人认识吗	未
监控拍下力大无穷小偷，偷车直接抬走...	未
监控拍下力大无穷小偷，既然抬起一辆电动车...	未
监控拍下，十堰姑娘厕所门口突遭咸猪手！她的反应太赞了	未
监控拍下，女司机地下停车场开车的一幕！	未
监控拍下惊人一幕，现在看还不晚...	未
监控拍下昆山中环诡异一幕！大货车突然交警都看懵了	未
监控拍下的惊险一幕。	未
监控拍下的惊险一幕小男孩放学回家路上被人盯上，当坏人强制抱走男孩时一位路过的阿姨听到呼喊声，迅速冲过来把孩子救了下来阿姨救下的，不止是这一个孩子，她更是救下了一家人的希望	未
监控拍下的惊险一幕小男孩放学回家路上被人盯上当坏人强制抱走男孩时一位路过的阿姨听到呼喊声迅速冲过来把孩子救了下来阿姨救下的不止是这一个孩子她更是救下了一家人的希望	未
监控拍下青州少女少男一大早在中都不雅一幕，现在的孩子...	未
监控拍下！青州这大爷火了！公交车上抢夺方向盘踩油门...	未
监控拍下马蓉试图毁坏摄像头监控，跳跃后掉落剪子凶器。	未
监控拍下马蓉试图毁坏摄像头监控，跳跃后掉落剪子凶器。 蓉儿，你可长点心吧搞笑	未
监控拍的，不看不知道！	未
监控新市东街某超市，女子顺走一盒避孕套	未
监控曝光乞丐捐钱真相：有些人在流浪，但心在天堂	未
监控曝光！凌晨3点，阜阳这个外卖小哥竟干这事.......	未
监控曝光！双鸭山3名男子吃完烧烤直接走人，健忘还是吃霸王餐老板发了个朋友圈，结局令人意外！	未
监控曝光！多伦多湛山精舍功德箱4次被盗，白人小偷竟还烧香祈福！	未
监控曝光！大连情侣频繁盗取快递包裹！直到这一天终于傻眼了	未
监控曝光！头盔男竟干这事...	未
监控曝光年底了！谷饶的乡亲们要注意这些问题...	未
监控曝光！抓手还是抓手腕几厘米决定孩子生死，90的人不明白！  细节关乎生命	未
监控曝光！警方悬赏20000缉凶！东北银看见赶紧报警！	未
监控画面太过火辣，需要冷静一下	未
监控视频曝光！昨晚十八米街，一女子不文明之举必须曝光！	未
监控视频曝光！警方征集四川乐山公交爆炸嫌疑人线索，见到此人立即报警！	未
监控视频曝光：资阳一小偷只用五分钟就偷走一辆电瓶车！	未
监控记录下的一幕：纵然人在流浪，心却在天堂！	未
监控记录，蚌埠105公交车上发生的这一幕！令人肃然起敬......	未
监控还原了事件发生的真相！为孩子们祈福！	未
监控还原事件发生的真相！转发为孩子祈福！	未
监控还原，国外通缉犯路旁与警察枪战互射	未
监控迟早把人给吓死 是有点惊悚哈网页链接	未
