致30的财务人，2019年拼了命也要考取这张证！	未
致一百年后的你	未
致不回我消息的人： 评论区见...	未
致不能长大的孩子：有些战争让我们无处可逃	未
致业主的一封信！	未
致亲爱的新乡市民：限行不是目的，蓝天才是向往	未
致今年的最后一个月	未
致：从工地上出来的那些人！！！	未
致伊宁市市民的一封信	未
致全体四平市民的一封信	未
致全体市民的一封信	未
致全体莱州市民的一封信	未
致全县扶贫工作队员家属的一封信	未
致全国环卫工人的慰问信	未
致全市职业驾驶人的一封公开信	未
致全市驻村干部的一封信	未
致全省广大农民工朋友的一封信（附举报投诉电话）	未
致初学者：即使你再菜，也请务必做好这7点	未
致前任：再见你，我已经对你无爱无恨	未
致命旅行：天津男子涉杀妻骗保3000万背后此前，天津男子杀妻骗保的消息引发关注在留给世界的最后一个背影中，张英左手抱着女儿萱萱，坐在普吉岛度假村露天泳池的台阶上，用右手食指指向天色相接间的落日在张仁俭夫妇眼里，31岁的女婿张凡，只是个面目模糊的身影他们曾经一致认为，女婿是 ...全文	未
致命格斗术街头暴击玩锁喉，狠犊子被抓坐牢14个月！	未
致命煤矸石：人倒下比枪打的还快	未
致命煤矸石倒地比枪打死的还快。死里逃生的周青峰事后判断，让他们倒下的，正是这股气味，硫磺的气味。按照当地说法，这是一次意外偶发事件，但记者走访当地发现，这起致6人死亡的事故背后，也折射出当地煤矸石的排放之乱。	未
致命煤矸石致命煤矸石：人倒下比枪打的还快 昏沉几秒钟后，周青峰本能地往山坡上爬煤矸石块撞击的痛感，让快喘不上气来的他有了点嗅觉：一股刺鼻的硫磺味10多米深的坡下，5名倒下的同伴，却再没动弹当天出事前半小时，周青峰他们扛着铁锹，从煤矸石坡下到沟底，打算运一具尸体这具尸体是 ...全文	未
致命煤矸石致命煤矸石：人倒下比枪打的还快 昏沉几秒钟后，周青峰本能地往山坡上爬。煤矸石块撞击的痛感，让快喘不上气来的他有了点嗅觉：一股刺鼻的硫磺味。10多米深的坡下，5名倒下的同伴，却再没动弹。当天出事前半小时，周青峰他们扛着铁锹，从煤矸石坡下到沟底，打算运一具尸体。这具尸体是周青峰的姐夫刘练师，一天前来此捡炭倒地不起。周青峰以为姐夫摔死了，便找了其他村子的4名村民帮忙运尸回家 致命煤矸石：人倒下比枪打的还快	未
致命百草枯	未
致命错误：股权分配的4大逆鳞	未
致外卖，别再给我送廉价饮料了！	未
致奋战在艾滋病防治工作一线的全体医务工作者的一封信	未
致实体店：把价格做烂了，也就离死不远了	未
致宿舍楼下那些亲热的情侣们：	未
致富有道这对90后夫妻，种艾草托起致富梦... ...	未
致富辣椒“潮起潮落”	未
致巡警防暴支队里的永恒榜样：有一份怀念从未变淡	未
致市民朋友一封信	未
致市民的一封信创文明城市 做文明市民	未
致 帮 过 我 的 贵 人！	未
致平江所有争当贫困户的人！	未
致广大农民工朋友的一封信（附青海省各地举报投诉电话）	未
致广大市民关于开展扫黑除恶专项斗争的公开信	未
致广昌微生活所有粉丝的一封信	未
致废品同行：宁可累死在路上，也绝不闲死在家里	未
致我们终将远离的子女！	未
致我们终将远离的子女看后感触极深，所有人都该看看	未
致我们终将逝去的中学时代	未
致我的老同学：多少人就这么散了之后，再也没有聚齐过！	未
致所有为人子女者。	未
致所有善良，缺心眼儿的人	未
致所有女孩 。	未
致所有帮助过我的人	未
致敬11月30日，对安徽来温务工的李付美来讲，天空都是灰暗的。突如其来的噩耗，让她和儿子泣不成声。丈夫的离世，家庭顿失顶梁柱，但她强忍悲痛在《人体器官捐献登记表》上郑重签名，签署完相关协议后，丈夫高世杰被推进了手术室，捐献出了肝脏脾脏和眼角膜。这一天，5条生命因他重获新生。	未
致敬18岁的教官！体育馆铁门倒塌瞬间被18岁教官撑住：我躲了，小孩咋办！延安市黄龙行知实验学校聘请的军训教官王梦豪从军训场地黄龙县体育馆离开，体育馆一扇铁门突然倒塌，而一名幼童此时正站在体育场大门前准备出门危急时刻，王梦豪冲着幼童大喊一声跑！同时用双臂撑向倒塌的 ...全文	未
致敬2018影响中国社会发展的人！	未
致敬！-20 他们雪中赤膊训练12月中旬，西藏阿里气温降至零下20，寒风如剑，大雪纷飞。武警西藏总队阿里支队第四季度魔鬼周极限训练拉开战幕。为锻造特战队员综合能力，为维稳处突擦枪磨剑，他们进行了雪浴搏击等训练。向在祖国边关守卫万家灯火的战士们致敬！（视觉中国）	未
致敬40年（16）：借船出海，网红医生林小清	未
致敬40年，“一棒接着一棒跑下去”	未
致敬40年，“一棒接着一棒跑下去”(评论员观察)	未
致敬40年三堡人民法庭的前世今生岁月如歌，法平似水改革开放40年来，江苏省徐州市铜山区法院紧跟时代步伐，见证了中国法治的发展进程三堡人民法庭的恢复重建，是铜山法院发展史上的大事在三堡法庭项目奠基的重要历史时刻，展示三堡法庭的历史变迁，记录前辈们在平凡而神圣岗位上的奋斗足迹 ...全文	未
致敬40年丨椰树王光兴：椰汁封王	未
致敬40年亲历中国铁路40年一点不差，差一点也不行的传奇故事小东站位于辽宁省锦州市黑山县小东镇境内高（台山）新（立屯）线46公里557米处，1948年12月1日投入运营，现隶属沈阳局集团公司阜新车务段。	未
致敬40年亲历中国铁路40年再见！皇姑屯火车站1911年，京奉铁路延长，在奉天城根修一新站，起名为沈阳站，原沈阳站因在皇姑庙和皇姑坟附近，因此改名为皇姑屯站。	未
致敬40年亲历中国铁路40年再见！皇姑屯火车站 1983年，皇姑屯站的能力和利用率已达到饱和程度，难以适应日益发展的运输需要，后来，它的西面建成了沈阳西站，皇姑屯站的车流便移至沈阳西站，它则成了沈阳铁路枢纽的一个缓冲站。1999年3月，车站因客货运输量减少降为三等站。	未
致敬40年亲历中国铁路40年再见！皇姑屯火车站 2001年，原沈阳铁路局按照秦沈客运专线的总体部署，对皇姑屯站部分站舍拆除重建，对老站舍给予保留。 2003年10月，原沈阳铁路分局对站舍又一次进行改造，车站焕然一新。	未
致敬40年亲历中国铁路40年再见！皇姑屯火车站 2012年，因站场改建需要停用，拆除皇姑屯站中间旅客站台，停办旅客乘降业务。	未
致敬40年从田间到餐桌，北大荒绿色食品是这样来的	未
致敬40年公正之路新中国行政诉讼第一案包郑照诉苍南县政府强制拆除案1985年8月1日，农户包郑照在浙江省苍南县舥艚镇东面的河滩上毁堤抛石填河形成三间屋基，后建成三间三层楼房，并办理了房屋产权登记1987年7月4日，苍南县政府以未经合法审批占用水道为由，组织人员强行拆除了包 ...全文	未
致敬40年达坂城的风中一吻调车作业人员在大风天气中进行连接作业，机车与车厢风中一吻[给你小心心][给你小心心][给你小心心]，见证历史时刻。	未
致敬40年这是一张80年代的成都老照片，快来猜猜这是哪儿成都公交	未
致敬40年铁路播报火车门被冻住了 乘务员多了项工作：撞门！	未
致敬40年 高铁遇见你 惊险19分钟！高铁上演生死大救援	未
致敬！88岁拾荒老人匿名捐款1万元 已坚持行善10年近日，浙江宁波88岁老人姜善庭颤巍巍地来到派出所，请求民警帮忙转捐1万元善款而这1万元，只是他众多捐款中的一次原来，10多年来，姜善庭老人只要身体条件允许，就每天去拾荒而为了尽可能积攒捐款，他更是在生活上一再节流，经常每 ...全文	未
致敬！88岁拾荒老人匿名捐款1万元 已坚持行善10年近日，浙江宁波88岁老人姜善庭颤巍巍地来到派出所，请求民警帮忙转捐1万元善款。而这1万元，只是他众多捐款中的一次。原来，10多年来，姜善庭老人只要身体条件允许，就每天去拾荒。而为了尽可能积攒捐款，他更是在生活上一再节流，经常每顿只吃素菜，有时一个面包就可以抵一餐。为老人点赞！中国人的故事 （中国新闻网）	未
致敬！88岁拾荒老人匿名捐款1万元 已坚持行善10年近日，浙江宁波88岁老人姜善庭颤巍巍地来到派出所，请求民警帮忙转捐1万元善款。而这1万元，只是他众多捐款中的一次。原来，10多年来，姜善庭老人只要身体条件允许，就每天去拾荒。而为了尽可能积攒捐款，他更是在生活上一再节流，经常每顿只吃素菜，有时一个面包就可以抵一餐。为老人点赞！匿名捐款10余载 宁波耄耋老人拾荒行善令人泪目	未
致敬！万余官兵扫雪除冰 一夜无眠昨天，苏皖地区一场大雪如约而至。今早，当你以为道路上积雪成冰寸步难行时，却发现道路上的积雪早已铲除。你看见的是干净通畅的马路，看不见的是军人们在风雪中扫雪除冰的身影。如果今天在路上，你遇到正在清雪的部队官兵，请对他们说声：辛苦了！	未
致敬  上百名居民把房门钥匙放在片警手里，这种做法竟救了两条命	未
致敬！东至县官港镇夏联村一男子捐赠器官 1人救5人	未
致敬丨年近九旬的独居老人，被遗弃的八岁女童她们和这位女警官之间有着怎样的缘分	未
致敬丨老人自愿上街巡逻，只因她们的默默付出三次落泪的背后有着怎样的故事	未
致敬，中国军人	未
致敬中国军人	未
致敬，中国军人！ 请记住这些中国军人	未
致敬中国医师老中医挂号费曾长期0.5元 29年工作量相当于常人51年在四川雅安天全县中医医院有一位老中医，他的挂号费曾经长期只收0.5元，并且全年无休。这名医生叫陈怀炯，今年已经74岁了。作为四川省首届十大名中医之一的陈怀炯，每天早上6点赶到医院一直干到下午3点回家吃饭，下午6点又回到医院一直工作到晚上10点，一年365天，天天如此，雷打不动。（中新网）	未
致敬中国医师老中医挂号费曾长期0.5元 29年工作量相当于常人51年在四川雅安天全县中医医院有一位老中医，他的挂号费曾经长期只收0.5元，并且全年无休这名医生叫陈怀炯，今年已经74岁了作为四川省首届十大名中医之一的陈怀炯，每天早上6点赶到医院一直干到下午3点回家吃饭，下午6点又回到医院 ...全文	未
致敬！为保护国家重点试验平台 黄群宋月才姜开斌3位勇士壮烈牺牲8月20日，受台风温比亚过境影响，大连出现罕见的暴雨狂风。中国船舶重工集团有限公司第七六研究所国家某重点试验平台出现险情，第七六所副所长黄群平台负责人宋月才平台机电负责人姜开斌，在对平台进行加固作业过程中不幸被狂风巨浪吞噬，坠海牺牲，试验平台安然无恙。监控记录的最后影像是三人在300米长的码头，面对巨浪，倒下后又冲上前的身影。勇士们，走好！（新华社）网页链接	未
致敬！为把座位让给百姓，他们全都站立乘车28日中午， 一号线上，虽然车厢里还有许多空座，但一帮军人为了老百姓能有座位，主动选择站立乘车。这就是中国军人！ 你们辛苦了，也坐下歇歇吧！	未
致敬  几天的时间里，十几辆车全部瘫痪！警方在监控中发现了神秘身影	未
致敬！多家媒体报道了这位霸州英雄！	未
致敬奉献者做这件事没有酬劳，却有数十万慈溪人抢着做！	未
致敬我们在给儿子发微信时，他们可能在给父母留遗书	未
致敬打拐女警骆敏历经25年，救回百余被拐儿童。当骆敏带着赖兆梅被拐20多年的儿子回到喜德县和民村时，近千人穿着彝族服装敲锣打鼓迎接他们这位在凉山州被称为比男人还能扛的女捕头。从警25年来，骆敏辗转多地，解救被拐儿童一百余人！功德无量，致敬！	未
致敬排雷勇士你愿为他们转发吗去年12月中越边境云南段，排雷战士正用血肉之躯，进行第3次大规模排雷。前2次排雷行动中，牺牲1人，负伤30余人，因伤致残12人！而这次雷区更危险世界罕见。不怕艰难困苦不畏伤残牺牲，转发，致敬排雷勇士！ 何来岁月静好，是有人替我们负重前行！致敬英雄！	未
致敬改革开放40年 买买提江托乎尼牙孜：用生命谱写忠诚 面对凶残的暴徒，他用自己的身躯挡住刺向牧民的刺刀，大义凛然血洒疆场面对威胁人民生命财产安全的案事件，他死抠细节亲自讯问，一心为民彰显忠诚面对送到眼前的诱惑，他第一时间联系纪委，一身正气两袖清风2015年10月13 ...全文	未
致敬改革开放40年 买买提江托乎尼牙孜：用生命谱写忠诚 面对凶残的暴徒，他用自己的身躯挡住刺向牧民的刺刀，大义凛然血洒疆场。面对威胁人民生命财产安全的案事件，他死抠细节亲自讯问，一心为民彰显忠诚。面对送到眼前的诱惑，他第一时间联系纪委，一身正气两袖清风。2015年10月13日，在搜捕制造拜城县918暴恐案件的暴徒过程中，买买提江临危不惧冲在前面，将牧民护在身后，与暴徒展开殊死搏斗，被暴徒残忍杀害。缅怀 买买提江托乎尼牙孜：用生命谱写忠诚	未
致敬改革开放40年 今天，老中青三代警察，有点心里话想跟你说	未
致敬改革开放40年 广西公安一甲子 发布了头条文章：《致敬改革开放40年丨南宁交警经历的变与不变》	未
致敬改革开放40年 数十年前，上海浦东还只是一片阡陌农田数十年后，这里已是高楼林立，全球金融机构汇聚于此.....乘着改革开放的东风，浦东发生了翻天覆地的变化随着城市建设的日新月异，社会治安形势也在不断改变今天，让我们走进浦东最具魅力的金融中心陆家嘴，感受繁华之下的有序之美 ...全文	未
致敬改革开放40年正在直播中	未
致敬改革开放40年 那些年，我们用过的相机勘察照相机，是民警破案的重要帮手。它粗大的快门声，记录下许多难以保存的第一现场，为案件的侦破立下汗马功劳。一台台小小的照像机，见证了公安队伍的峥嵘岁月在改革中不断进步，在变迁中保持本色。 @警民直通车-奉贤	未
致敬改革开放天蚕歼灭记	未
致敬！昨天，这里成了全宜春的焦点	未
致敬来时路 昂扬再出发――写在改革开放四十周年之际	未
致敬！永州退伍军人扑灭山火 52岁壮烈牺牲	未
致敬消防员 //@嘉善老顾:危难时刻显身手，致敬	未
致敬消防英雄们//@文玩史菌:永远留在我们的心中//@IT总司令: 致敬英雄//@战车二代目: 向英雄致敬！//@鍋盖頭司令: 致敬，英雄走好	未
致敬消防英雄 //@张大曦:转发微博	未
致敬！游走在死亡边缘的他们，背后的故事更让人心惊	未
致敬王选，致敬那些还在力争还原历史真相的中国人！	未
致敬，脱下军装的武警边防战友！12月25日，公安现役部队官兵集体退出现役。他们的身份从武警边防，向人民警察转变，对于他们来说，别有一番滋味在心头。但是他们深知，从军装到警服，不变的是坚守与担当。向他们致敬！（中国警察网）	未
致敬，脱下军装的武警边防战友！2018年12月25日，公安现役部队官兵集体退出现役，不再列武警部队序列。一代代边防卫士用青春和热血，筑起了维护边境沿海地区和对外开放口岸，安全稳定的钢铁长城。公安边防部队的光辉业绩，祖国和人民不会忘记！再见，武警边防！你好，人民警察！（中国警察网）	未
致敬英雄（一）：参军入伍是报效国家，我不后悔，家人也不后悔。	未
致敬英雄！刑警遭嫌疑人驾车撞飞，全身换血6次缝146针	未
致敬英雄 周口牺牲消防战士获批烈士12月6日，河南郸城，一排污渠在清淤时发生坍塌，消防支队班长闫亚隆带队前往救援，救援中现场突然坍塌，造成3名指战员被土方埋压，闫亚隆同志经全力抢救无效，不幸牺牲，年仅22岁详情网页链接	未
致敬英雄！河北两警察街头浴血	未
致敬英雄！湛江一女子跳河寻短，环卫工人海军战士等奋不顾身出手施救	未
致敬菏泽电视台天天帮办，再见！	未
致敬让中国走出黑暗的英雄们	未
致敬//@身份证110开头的90后小北京:将军孤坟无人问，戏子家事天下知！	未
致敬！这些年在他们背后默默奉献的军属	未
致敬！这些默默付出的隆昌人！	未
致敬！退伍军人见义勇为扑灭山火，52岁壮烈牺牲	未
致敬  重大城科缅怀11.27大屠杀殉难烈士	未
致敬韶关英勇辅警跳楼追捕毒贩，双脚粉碎性骨折	未
致敬飞行员背后的一群人！	未
致新沂人的一封信！	未
致景观人：博览群书藏心腹，泥巴地里践真知！	未
致村官的一封信：你还好吗	未
致某位盆友	未
致泾河新城2019年新农合参合群众的一封信	未
致环球唱片：不给王心凌好的宣传，劈你的雷正在路上 劈你的雷正在路上	未
致老去的7080后，这些东东你们都吃过吧！	未
致老去的7080后，这些东西你们都认识吧	未
致老同学: 多少人就这么散了， 再也没有聚齐过 (看哭了)	未
致自己	未
致自己的一段话	未
致自己：起早摸黑，忙忙碌碌...	未
致自己起早摸黑，忙忙碌碌	未
致自己：辛苦了......	未
致自己，这些话永不过期	未
致自己，这段话永不过期。	未
致自己，这段话永不过期	未
致艰难生存的你	未
致身边的人！	未
致辖区居民朋友的一封信	未
致辖区职业驾驶人的一封公开信	未
致这些年来农业路上一直孤立无援的你	未
致那些婚后当甩手掌柜的伪奶爸：	未
致那些已经老去的70后，80后，90后（我不承认），吃过这些吗	未
致那些讨好型人格的女孩子阅读V时代	未
致顺其自然，20年来您的捐款被用在这些地方	未
致骑友  天冷了，骑行还是要继续！	未
舆情几天前，宿州北方中学一名电工触电身亡，希望校方妥善处理。据悉，目前，学校已由北方中学租给江苏树德教育集团。	未
舆情反馈针对某省企驻宿内（病）退职工的诉求，有关部门高度重视，目前正在全力解决中！PS：建议合法维权！	未
舆情处置后还需做的几件事	未
舆情聚焦｜换不换物业，这家近2000户的小区“闹开了锅”	未
舆论哗然三华人买一张商务舱机票轮流坐	未
舆论哗然！贺建奎回应基因编辑婴儿试验：仍有一名研究志愿者怀孕	未
舆论漩涡中的基因编辑婴儿实验 律师专家这样说26日，世界首例免疫艾滋病基因编辑婴儿在中国诞生消息引发争议。据悉，上述成果由南科大副教授贺建奎领团队完成。深圳卫计委表示，该项目未按要求备案，已启动调查。当晚，四川46名律师联名发布声明，建议司法机关介入调查，依法追究相关联方责任。舆论漩涡中的基因编辑婴儿实验律师专家这样说	未
舆论虽有令人生畏的力量，但它是由一群无知的自鸣得意的傻瓜营造出来的。我认识几百个记者，其中大多数的个人见解毫无价值，但当他们报纸上说话时，那就成了报纸的意见，于是，他们的话也就成了震憾社会的雷鸣般的预言。马克吐温现在，人人都可以是记者了。	未
舆评  一堂送给川农大的网络舆情课	未
舉個例，1000個納指12月W3PUTS，三周時間成本，deep in money ，單合同成本低於一美元，取決進場價格，收盤八倍回報， 做空是實體，50萬做FANG，目標是避險和套利。/@但斌:哪有那么容易！你避险别人也这么想，成本呢//@克里斯托夫-金:反过来，一早起来，见势不妙，下单做空或Put，避险成功，获利匪浅。	未
舌尖上的世界 传统布拉肠，做法还是蛮特别的，但我觉得嫩度有余，却少了一点点滑韧劲儿@鲜城 理想生活季 Nicole探食记微博视频 舌尖上的世界	未
舌尖上的内江 据说每所大学外头都有的饼，没得哪个学生不喜欢，像我这种上了班的也要专门跑去吃	未
舌尖上的大连 杀猪菜@若水ruoshuigp 分享到村里吃杀猪菜啦图片顺序：水煮肉，血肠，煮猪肝猪心拼盘，拌猪蹄，自酿纯粮食酒，猪皮冻，炖酸菜，炖萝卜干，生拌嘎巴虾。 还有黄瓜拌猪头肉，炸地瓜丝拌大白菜，香酥花生米，蒜毫炒肉，芹菜炒肉，凉拌绿豆芽等，都是地道的农家特色菜。 城市V聚力	未
舌尖上的大连 老孟罐羊@大富豪Hang 分享种草很久 今天来试试 招牌罐羊 里面是羊蝎子和萝卜 来得早才有 来晚就吃不到了 今天刚刚好 来了还有 小罐子配着小泥炉 咕噜咕噜煮着真香 羊蝎子很嫩 一锅里面六块 吃肉吸骨髓 汤有些咸配着饭还行 铁丝小串有些淡 烤牛胸口不错 胸口是薄片烤的干巴的 不会很腻 小串都是论把卖 一把十串 烤两个鸡胗很肥 味不错 凉菜推荐凉拌黄喉 满满的一盘黄喉 配着辣椒油 很脆 很适合下酒 最后极力推荐他家的鲜羊肚大碗饭 满满一大碗饭配着大块的羊肚 整碗辣度三颗星 不能吃辣的也	未
舌尖上的大连 辽B：小串@红豆菜夹馍分享11点营业，11点15到的，排队的人不多，但我觉得辽B有点饥饿营销，为什么这么说呢，因为一个人一个小锅，基本上等待的时候都在炸串的时候，正常像更新街呀马栏子那家清真炸串，都是2个锅，2个人说说味道，不推荐大家装进袋子里吃，面裹得挺多的，放进袋子里面就软了，然后就不好吃了！辣酱还是不错的算是我比较喜欢的，微辣带点甜，挺好！最出彩的是头一次吃鸡胗，挺好吃！鹌鹑蛋比其他家都贵一倍。所以不推荐 城市V聚力 地址：沙河口区广平街	未
舌尖上的安全：小作坊食品安全整治计俗话说民以食为天，食以民为安然而，长期以来，食品小作坊缺乏监管及相应依据和标准，一直是管理上的老大难很多看似诱人的小作坊食品，背后的生产环境怎么样卫生情况是否达标等，只能凭商贩的良心及自觉这样一来，不法商贩有机可乘，也给消费者 ...全文	未
舌尖上的安全：小作坊食品安全整治计俗话说民以食为天，食以民为安。然而，长期以来，食品小作坊缺乏监管及相应依据和标准，一直是管理上的老大难。很多看似诱人的小作坊食品，背后的生产环境怎么样卫生情况是否达标等，只能凭商贩的良心及自觉。这样一来，不法商贩有机可乘，也给消费者带来巨大健康隐患。因此，规范食品小作坊的生产经营行为迫在眉睫。 小作坊食品安全整治应疏堵结合	未
舌尖上的成都 成都，是一座吃货去了就不想离开的城市。via@-秋小鱼	未
舌尖上的日俄战争：吃发霉黑面包的败给了吃大白菜的	未
舌尖上的邻里情:南郊一社区内大厨教居民做菜	未
舌里红 枣夹核桃仁1000g 卷后29.9每颗独立包装 到手两斤啊！ 枣加核桃线下一斤就是这个价了吧！养身的局局女孩赶紧入吧	未
舍不得却一定要拆！看喜洲人解读蓝绿红三线的划与用！	未
舍不得放	未
舍友经常玩游戏声音很大，提醒好几次也不听，怎么办。真的好想骂她啊	未
舍夫沙万的夜/ 摩洛哥真的到处都是	未
舍小家顾大家。	未
舍小家顾大家 紫阳有个驻村干部叫林斗安...	未
舍得一身剐，敢把飞机拉下马	未
舍得酒业拟发布《关于为全资子公司对外融资提供担保的议案》	未
舍得酒业“舍得”营销吸流量	未
舍近求远的善举都是假慈悲	未
舒一口气。	未
舒兰发现疑似野生东北虎//@长春饭店小奶油:发现野生的真不容易啊，为了保证老虎的安全舒兰的赶紧绕道走	未
舒印彪任中国华能集团有限公司董事长、党组书记	未
舒印彪任国家电网公司董事长、党组书记(图)	未
舒圣祥：碳九泄露事件谁给了企业瞒报的胆子根据我国《刑法》，犯不报谎报安全事故罪，情节严重的，处3年以下有期徒刑或者拘役情节特别严重的，处3年以上7年以下有期徒刑。目前，包含涉事企业法定代表人在内的7人已被采取强制措施。这些胆大妄为之徒，不把泉港40万人民的生命与健康放在眼里，等待他们的，必然是法律的严惩。网页链接	未
舒城17岁女孩失联4天！急寻人，求转发！	未
舒城：2名7，8岁儿童报警！称再龙舒花园小区内	未
舒城：5岁小女孩意外走丢！民警操着一口方言2小时找回	未
舒城一居民楼道突发大火，警民联合救援！	未
舒城一村民新房刚上梁遭亲弟媳烧纸哭丧	未
舒城：一觉醒来，睡在自己下铺的竟然在干那事	未
@舒城人：这个打麻将的谁认识	未
@舒城人速看：女包工头飙歌，工地的男人们都疯了！	未
舒城准备结婚的注意！民政部最新要求 不带这样玩	未
舒城到六安设收费站！网友坐不住了，直接给省领导写信...	未
舒城：加强肉品安全监管，让市民吃上放心肉！	未
舒城又一村干部，侵占村集体资金问题，被查！是你们村吗	未
舒城：城关一个村正在全省公示！厉害了	未
舒城：晓天独山村扶贫工作队长张家安！他的事都在传...	未
舒城：有人拍下的城区三拐塘市场内这一幕，都看看吧！	未
舒城：桃溪路三中门口惊魂车祸，驾驶员被撞断腿	未
舒城：民警变身蜘蛛侠，徒手爬上教学楼	未
舒城河棚镇泉石村，是你家乡吗	未
舒城：漆黑的夜里老人跌入池塘，危在旦夕！	未
舒城百神庙：民警化身蜘蛛侠，徒手爬楼保平安！	未
舒城网友求助：恳求好心人救救她襁褓中的小天使！	未
舒城警方：贾某抓获归案！	未
舒城话：夫妻打架，一个劲抓！	未
舒城话：女子叫出租，聊的不上双！	未
舒城话：小妇女遇到黑出租，聊的不上双！	未
舒城：这个国际比赛将在舒城举行，城区部分主干道将实施临时交通管制！	未
舒城：这里被入千年古镇候选名单！	未
舒城：阙店警察卧底合肥工地，斗志斗勇追逃犯	未
舒城：面馆突发大火，一屋顾客瞬间吓跑！（附视频）	未
舒客 牙膏32支牙刷 24.9到手这个jia格，在超市只能买一支牙膏回家这里有三支啊！！还送牙刷啊！	未
舒文任四川乐山市人民政府副市长	未
舒服了//@M大王叫我来巡山:卧槽太爽了真的讨打//@粽粽粽粽粽粽粽://@江南大野花:看得有点舒适，这反应更临场//@SNH48-王也:大型舒适现场 谁在街上搞我 不要怕我手重 //@咸鱼王橙:最右熟读并背诵//@午后狂睡:就像社交网站上跟陌生人开玩笑一样	未
舒服了！还有上一条的图8是动图不知道出啥bug变慢动作了，耐心等待可以观看在线rua刷子	未
舒梅切尔：穆里尼奥确实将自己置于了聚光灯下，那不是正确的方式，也不是你希望曼联主帅做的。有传言称主帅和一些球员处于战争中。这种事情发生过很多，但俱乐部总会处理好更衣室的情况。我想看到博格巴作为球员，能像他在其他方面一样出色。他在社交媒体上很棒，他把自己打造成非常重要的球员 ...全文	未
舒梅切尔：穆里尼奥确实将自己置于了聚光灯下，那不是正确的方式，也不是你希望曼联主帅做的。有传言称主帅和一些球员处于战争中。这种事情发生过很多，但俱乐部总会处理好更衣室的情况。我想看到博格巴作为球员，能像他在其他方面一样出色。他在社交媒体上很棒，他把自己打造成非常重要的球员。我们看到他在尤文在国家队中的表现，但在曼联却不行。最重要的是，无论你的商业价值多高，身价多高，你都不能凌驾于俱乐部或教练之上。现在好像是博格巴赢得了战役，但在我这行不通，这在曼联不能发生。球队要处理好这种情况，博格巴或其	未
“舒淇小姐不认识赖小民”	未
舒淇晒与冯德伦合照罕见秀恩爱 甜喊老公“帅哥”	未
@舒磊1986 这个是千玺家乡的！黔阳冰糖橙那个！是怀化洪江市的！这个黔阳 你们查查	未
舒马赫不再卧床不起，并且已经把输液用的管子拔出。体育V势力	未
舒马赫出事后五年花了 1.1 亿人民币治疗的故事告诉我们什么1多挣钱2买保险3找个真爱4如果是想活得久一点还是尽量别玩高危的极限运动吧	未
舒马赫又“醒了”？其实之前是人工昏迷：全身麻醉的升级版	未
舒马赫受伤已5年：主教透露与病中车王握手细节主教透露与病中舒米握手细节 我开始与科琳娜-舒马赫和她的母亲进行了交谈，接着一位医生将舒马赫带到了起居室。主教甘斯维透露，我介绍了我自己，并告诉他（舒马赫）我是一位秘密的粉丝，我经常观看他的比赛，我对于有人能够在如此高的速度下驾驭一台机器感到非常惊讶。我问候了迈克尔并抓着他的手，他的手很温暖。有些事情可能很难通过言语传递，但接触却能够做到。抓住一个病人的手是耶稣向他提供安慰与亲近的最深切的方式。这对我来说很重要。 F1 KeepFightin	未
舒马赫已苏醒？外媒疯传“苏醒”一说或属臆测(图)	未
舒马赫并不是沉睡了五年然后苏醒的。实际上他2014年6月16日就醒了（路透社报道，图1），只昏迷了半年。这一波新闻是因为每日邮报体育版昨天发了一个报道，这个报道是他们号称独家采访的，目的是纪念他受伤五周年。我还没有看到正规媒体的确认，但每日邮报自己也只是说他现在已经不再卧床而已（图2） ...全文	未
舒马赫昏迷五年后苏醒不再卧床无需插管维持生命舒马赫已经昏迷了5年，即将迎来50岁生日。18日据英国媒体报道，舒马赫目前已经不再卧床不起，也无需通过插管来维持生命体征。目前消息还未证实。为了治疗，舒马赫的妻子科琳娜卖掉别墅和私人飞机，据统计已经花掉大约2000万欧元gtgt外媒爆舒马赫昏迷五年后苏醒不再卧床无需插管	未
舒马赫真的苏醒了吗？	未
舒马赫苏醒了！因滑雪摔伤卧床五年的F1车王，终于从沉睡中苏醒了！舒马赫苏醒了汽车V峰会V影响力峰会	未
舒马赫苏醒了 记住今天这个日子，2018年12月18日，距离车王昏迷还差11天就满5年整。这一天，车王终于从5年的昏迷中苏醒过来！尽管车王目前语言交流尚存在困难，但已无需通过插管维持生命。不管怎样，这都是个值得开心的日子。车王苏醒，证明了两点，爱是可以创造奇迹的，但没有钱爱就没有创造奇迹的基础。车王出事后，爱妻科琳娜始终不离不弃，她卖掉了一套别墅和私人飞机，雇佣了一支由15人组成的医疗团队，全天24小时看护。这个医疗团队每周的费用就高达10万欧元。统计表明，车王昏迷期间治疗费用高达1.1亿元人民币。	未
舒马赫苏醒外媒：舒马赫昏迷五年后苏醒！不再卧床无需插管维持生命舒马赫已经昏迷了5年，在他即将迎来50岁生日时，好消息传来了18日据英国每日邮报每日镜报报道，舒马赫目前已经不再卧床不起，也无需通过插管来维持生命体征为了治疗，舒马赫的妻子科琳娜卖掉了一套别墅和私人飞机 ...全文	未
舒马赫苏醒外媒：舒马赫昏迷五年后苏醒！治疗花费2000多万欧元舒马赫已经昏迷了5年，在他即将迎来50岁生日时，好消息传来了。18日据英国《每日邮报》《每日镜报》报道，舒马赫目前已经不再卧床不起，也无需通过插管来维持生命体征。为了治疗，舒马赫的妻子科琳娜卖掉了一套别墅和私人飞机。而据英国媒体统计，科琳娜已经花掉了大约2000万欧元。@澎湃新闻 外媒爆料：舒马赫昏迷五年后苏醒！不再卧床无需插管维持生命	未
舒马赫还需要经过多久才能完全恢复网页链接	未
舒马赫醒了外媒透露车王康复细节媒体了解到，舒马赫并没有卧床不起，也不是靠输液维持生命。舒马赫接受着最为精心的看护和治疗，预计每周的费用超过5万英镑。现在能够透露的是，舒马赫和全家住在自己的房子里而不是像有些媒体报道的居住在特地为他的恢复而建造医疗设施内。曝舒马赫康复细节 或已苏醒	未
舒马赫醒了是今天最舒心的消息啦早在四年前就有过醒了的新闻，当时只是有意识吧，还得靠仪器维系生命。这次是情况大大好转啦，希望下次的报道是舒马赫康复	未
舔个以巴也要一直骚扰 微博视频 海绵宝宝片尾曲	未
舔枪是几个意思 微博视频	未
舔狗今天营业的是不是早了点还没到晚上呐你们感受一下这个黏糊劲 微博视频	未
舔狗的一天！	未
//@舜云槿:人家是为了做空你的股票罢了！	未
舜宇四大流派长老团  冬练苦功	未
舞choo闪耀 不齐舞团天黑人容易犯错 屋顶会着火@微博舞蹈微博视频 舞choo闪耀	未
舞剧《红色娘子军》编导之一李承祥逝世	未
舞台换景如何不穿帮？探秘国家大剧院演出后台	未
舞台摆阵吸观众好运？易烊千玺工作室发声明辟谣	未
@舞月闲云：不知从什么时候开始，标语牌遍布大街小巷，各个居民小区也不例外，而且越是靠近小区大门口，标语牌悬挂越密集。我所在的小区围墙是铁栅栏，通透敞亮，视线很开阔，车辆行人进出非常方便安全。然而自从悬挂了标语牌之后，人为地制造了视线盲区，车辆行人进出小区，里面的看不到外面，外面的也看不到里面，汽车电动车行人经常碰撞剐蹭，严重影响小区居民的出行安全。	未
@舞月闲云：不知从什么时候开始，标语牌遍布大街小巷，各个居民小区也不例外，而且越是靠近小区大门口，标语牌悬挂越密集我所在的小区围墙是铁栅栏，通透敞亮，视线很开阔，车辆行人进出非常方便安全然而自从悬挂了标语牌之后，人为地制造了视线盲区，车辆行人进出小区，里面的看不到外面，外面的 ...全文	未
舞者的故事我靠国标舞，活了下去	未
舞蹈混剪哎[给你小心心][给你小心心][给你小心心]	未
舟山一感染HIV的六旬老人，差点走入绝境！请多关心老人的情感生活	未
舟山中远海运重工Karish FPSO项目正式开工	未
@舟山人，新规出台，你的电动车还能上路吗	未
舟山人眼中的创城是这样的	未
舟山工厂交付首架波音737浙江新闻客户端12月15日消息，波音与中国商飞在舟山共同设立的737完工和交付中心于12月15日交付首架飞机，中国国际航空公司接收了这架飞机。这架交付的飞机为737 MAX 8机型，首先在美国华盛顿州伦顿工厂进行组装，于2018年11月9日抵达舟山，之后在中国舟山工厂进行完工。737完工和交付中心是波音公司首个在海外的此类工厂，占地40多公顷，由浙江省舟山市负责建设，目前已基本落成。该工厂将覆盖整个737 MAX飞机家族，包括从适应高原机场的MAX 7到高运力的MAX 10	未
舟山帮12月全市招聘会预告舟山廉租房如何申请	未
舟山帮新城鼓吹山拟规划新建小学这些公交站点有调整	未
舟山帮昌国街道招聘了我市新增22个网点办理交管业务	未
舟山帮普陀建成舟山首条诚信示范街区迁户口要带哪些材料	未
舟山所有骑电动自行车的人，今天宣布的这个政策一定要了解！	未
舟山波音737完工和交付中心交付首架飞机	未
舟山波音完工和交付中心向国航交付首架飞机	未
舟山@波音的首架波音737MAX交付仪式即将开始，仪式将在完成中心的车间内举行。这个18500平米的机库内设有三个机位，其中两个用于飞机的内饰和座椅安装施工，另一个用于飞机维修。大家来猜一猜除了飞机之外，今天波音还为国航准备了个什么礼物 舟山  朱家尖岛	未
舟山海底高铁隧道 虽然高铁隧道仍在启动过程中，但是海底隧道已经有啦翔安海底隧道(东通道):大陆第一条海底隧道	未
舟山渔民捕获254斤大鱼 体长近2米价值6万	未
舟山船老大捡到的很可能是波音水翼船，造价半个亿！18日，舟山渔民捡到无人游船一事上了热搜。游船预计明天抵达沈家门港口。海上通（舟山）卫星通信有限公司董事长夏林多说，游艇与波音水翼船相似，造价5000万左右。台州一位从事造船业30来年的船厂负责人否认这说法，认为是一艘游艇，如内部装饰豪 ...全文	未
舟山连下7天雨大降温！今晚冷空气杀到，直接入冬了	未
舟随一水远，路出万山分	未
航务局长为"砂霸情人"当保护伞 打压情妇竞争对手	未
航天信息：集成电路基金等拟对上海航芯增资	未
航天国际化发展论坛国家航天局告诫，当你看到商业航天利益的时候，请不要忘记国家责任	未
航天科技清理旗下僵尸企业，天合导航将被注销	未
航拍2018年11月的定远	未
航拍30多名塔利班分子做早操，被美军无人机一锅端	未
航拍三台镇山西村（三）	未
航拍上海迪斯尼乐园	未
航拍“世界最大”难民营	未
航拍丨兰州（1980年）VS（2018年）	未
航拍！今天，南宁城市东西向快速路主线通车了！从清川到埌东只需半小时	未
航拍你从来没见过的沅水北岸	未
航拍 全长约16公里， 金山这条路通了	未
航拍兴国圆通古寺	未
航拍印尼巽他海峡海啸灾区	未
航拍新疆博湖冬景 不是江南胜江南	未
航拍柳林，能看到你家吗	未
航拍栖霞大山深处的一个小村庄，几十户人家的规模	未
航拍：榆林黑龙潭景区！	未
航拍漳县三岔崖，第一次见！	未
航拍片：空中看阳马	未
航拍融水落久电站最新工程进展，计划年底封顶大坝组图	未
航拍视频三台镇一角（二）赶紧找找自己的家！	未
航拍视频：歼-20、歼-16、歼-10C进行混编飞行训练	未
航拍视频看变化：安阳机动车单双号限行首日丨交警部门提醒三点注意事项！	未
航拍赤城西大村平房区拆迁现场 ！最后的影像	未
航拍黄陂振光篇，能发现你们祖屋在哪里吗	未
航拍：黑龙潭景区！	未
航拍龙口小山村，惊现一个心形湖！！！	未
航旅快讯 23日清晨6时许，国务院国资委主任肖亚庆一行专门乘坐由成都航空执飞的ARJ21的EU6661（成都衡阳）航班，并亲自感受机上座椅灯光客舱服务等，在飞机到达巡航高度后还去往后舱体验乘坐舒适度。并表示会一如既往全力支持国产商用飞机的发展，该航班由成都航空党委副书记总经理查光忆担任责任机长。截止目前为止ARJ21飞机已安全飞行近7000小时，累计载客约20万人。	未
航旅快讯中国驻印尼使馆提醒在印度尼西亚公民注意海啸预警和安全！	未
航旅快讯 中银航空租赁拟购买三架波音777-300ER飞机中银航空租赁(02588)发布公告，于2018年12月10日与@波音 订立一项协议，同意购买三架波音777-300ER飞机。	未
航旅快讯 川航新开通8条国际航线网上值机服务@四川航空 新开通一批国际航班网上值机服务，包括成都重庆广州出港的8条国际航线，有乘坐上述国际航线的旅客可以在起飞前一日14：00点后，可以登录川航官网，输入购票证件后选择座位完成网上值机。出行当日还需在川航国际值机柜台换取纸质登机牌，完成值机手续。截止目前，川航已开通9个城市出港的45条国际（地区）航线的网上值机服务。	未
航旅快讯@巴西航空工业公司 与全球最大的E-喷气系列飞机运营商美国共和航空签署了一份100架E175商用喷气飞机确认定单合同。在7月范堡罗航展上，双方宣布了该订单购买意向书。按当前目录价格计算，该确认定单总价值达46.9亿美元，并将计入巴航工业第四季度确认定单储备。交付将于2020年开始。该合同还包括另外100架E175喷气飞机购买权，并可转为E175-E2。合同累计订单达200架，如所有订单均转为确认定单，按照目录价格计算，合同总价值则达93.8亿美元。	未
航旅快讯 @巴西航空工业公司 与巴西蔚蓝航空就先前宣布的21架E195-E2订单签署确认定单合同，该订单在今年7月范堡罗航展上以购买意向书（LOL）的形式宣布。按当前目录价格计算，该合同总价值达14亿美元，并将计入巴航工业第四季度确认定单储备。 蔚蓝航空与巴航工业曾于2015年签署了30架E195-E2确认定单，加上新的订单蔚蓝航空E195-E2确认定单将达到51架。蔚蓝航空同时也是E195-E2机型的全球启动用户，预计将于2019年接收首架E195-E2机型。	未
航旅快讯据日媒，@中国南方航空 预计于2019年2月1日起复航每周两班（周一及周五）的广州名古屋直飞航线。机型为737-800。此航线在2016年3月开始停飞至今。广州地区大约有130家来自日本中部地区的企业入驻。	未
航旅快讯 近日@云南红土航空 新开南昌-烟台-延吉航线，南昌-烟台-延吉航线航班号为A67322/A67321，每周一三五七执飞。截至目前红航机队规模为7架，预计年底还将接收一架。	未
航旅快讯 阿曼低成本Salam航空接收首架@空中客车 A320neo，CEO穆罕默德将亲自执飞调机回阿曼首都马斯喀特的航班。	未
航旅纵横告知我飞机9:50起飞，而机场塔台的菇凉告诉我10:09起飞。你们认为哪个准	未
航旅趣闻 初见卡萨布兰卡，比想象中现代的阿拉伯城市，物价跟上海差不多，很多法殖民痕迹，上学必修阿拉伯语和法文，可选修英德西，路人会回应你的微笑，还没遇到导游说的抢手机飞车党 摩洛哥卡萨布兰卡	未
航旅趣闻 猜航空公司	未
航母与F-35B，日本又要“大建”了吗？	未
航母刚修好又要出来生事？西方大国蠢蠢欲动，网友：想再回修理厂	未
航母太多退役后怎么处理？美国海军给出惊人答案，直接炸沉养鱼	未
航母杀手現形！ Google地图意外曝光俄匕首导弹部署地点俄罗斯总统普丁表示，匕首可以在反弹道飞弹防御系统周围以10倍音速（约时速1.2万公里）的速度飞行，因此被视为航母杀手近日有网友通过Google地图在俄罗斯西部阿赫图宾斯克()的军用机场，发现疑似导弹的部署 ...全文	未
航母螺旋桨原来这么大，尼米兹号航大修画面曝光尼米兹号正在美国华盛顿州布雷默顿的普吉特湾军造船厂进在为期15个月可用性升级和各种系统更新，该舰计划于2019年5月返回海上进行海上试验，为未来的部署做准备。	未
航母被称为吸金兽 航行100公里要花多少钱？	未
航测案例： 航拍喀斯特地貌全地形1:500图，你不知道的那些事儿	未
航海日记：嫦娥四号发射那天，我看到了星空和日出	未
航海日记：睡湿床板、抓老鼠…听远望7号船员讲故事	未
航海日记：睡湿床板、抓老鼠 远望7号工程师讲过去的事	未
航炮	未
航班动态受大连大雪影响，截至12:30，南航取消12月8日在大连进出港的25个航班。对于提前取消的航班，南航官方客服95539直属售票处销售代理将通过短信电话邮件等方式通知受影响旅客，同时将为旅客妥善办理退票或变更服务。南航温馨提醒您，出行前可先登录南航官网www.csair.comAPP微信公众号或南航e行微信小程序，以及致电南航客服热线查询航班动态，如遇航班延误或取消，也可通过上述渠道免费办理机票退票或改期。客服热线话务繁忙时，建议优先选择网上渠道办理机票退改，以节省您的宝贵时间	未
航班永远晚点了，请记得我爱你.... （北京潮生活）	未
航班被取消了 我们坐在机场难过一小时了来得及的吧每天每人多拍一点对吧我自己也多拍拍对吧 来得及的吧呜呜呜呜	未
航班运行动态微提醒	未
航空公司为何拒绝给喷气客机配备降落伞，内幕令人吃惊！	未
航空兵某旅开展夜间自由空战对抗训练	未
航空发动机涡轮叶片与轮盘连接，我的知识弧又膨胀了	未
航空器突发意外怎么办？常州举行应急救援演练	未
航空基地发布重污染黄色预警，建议适量减少户外运动	未
航空安全管理	未
航空安全航空安全今天凌晨在卡拉奇机场，巴基斯坦国际航空公司的ATR72-500（AP-BKW），与停放在机坪上的沙欣航空波音737-400（AP-BJU）相撞。目前尚无人员伤亡的消息，ATR72的左发动机与油箱损坏。据报道，当时ATR72正由飞机维修人员在机坪上进行发动机地面试车。图片来源：SherySyed_/Twitter	未
航空 小盆友们有没有想过，我们不站在喷气发动机后方的原因包括______	未
航空工业集团成国有资本投资公司试点企业	未
航空数据：11月中国民航机场起飞延误最短的是山东（13.9分钟），最最最延误的是南京禄口机场，居然平均延误41.8分钟	未
航空新时代，未来的飞机也许不再需要引擎了	未
//@航空新视野-赤卫:转发微博	未
//@航空物语:	未
航空票务员直签招聘工作人员月薪达6K-1W！签订正式合同......	未
航空科普飞机备降与迫降的区别	未
航空能亏钱，也算是个人才	未
航空 讲真，如果飞行视角是个可选服务的话，_____元以下你可以接受	未
航空词汇知多少原型机	未
航空词汇知多少防冰装置	未
航空那些事儿 @ofo小黄车官方微博 不为人知的其他业务图片来源见水印	未
航空那些事儿 一名乘坐昨天阿拉斯加航AS401航班的旅客在网上发文称，AS401航班在准备降落西雅图机场时，由于大雾不得不在上空盘旋，在无尽的盘旋中飞行员突发奇想，向管制员申请能不能带着旅客到东边雷尼尔雪山观光一下，没想到管制员还真的同意了这名乘客的说法并未得到航司证实，不过AS401确实在 ...全文	未
航空那些事儿@上海航空 目前运营的3架空客A330-200飞机（B-5931B-6545B-6546)将于2019年3月1日正式调回东航上海飞行部执管。预计下月三架波音787-9将开始在浦东运营目前东航湿租上航33E执飞的国际中远程航线。与此同时上航部分33E也将在1月15日左右在虹桥开始它们在上航机队最后一个月的 ...全文	未
航空那些事儿 东航明晨开航伦敦盖特维克@东方航空 将于12月7日起使用@空中客车 A330-200飞机开航每周三班的上海浦东伦敦盖特维克航线，航班号MU201/2。据了解首航航班注册号为B-8226（内部代号33H）。	未
航空那些事儿 @中国南方航空 计划于2019年1月1日起，在南航实际承运的国内航班上，推行100预选座位服务。 如果旅客在办理座位预选时，可勾选自动值机，南航将于航班起飞前自动办理网上值机手续。如果旅客在航班起飞前 4 小时未主动选座的旅客，南航将自动为旅客预选座位，并办理网上值机手续。原则上机场人工柜台不受理座位调整需求，仅提供行李托运服务。 有金银卡南航的会员可以提前选择前排座位，没有的话对于想在柜台换安全出口的旅客或将成为历史	未
航空那些事儿 京津冀中小型航空公司将首次集中落脚大兴国际机场据中新网，北京大兴国际机场非主基地航空公司业务用房及机组出勤楼项目本月初开工建设。作为建设方的首地集团董事长党委书记裴汝波今天表示，该项目预计2020年6月30日完工。届时将吸引京津冀中小型航空公司进驻北京大兴国际机场，进一步改善其运营条件。目前，首都航空河北航空等6家非主基地航空公司针对综合办公机组公寓等提出了明确的面积需求。	未
航空那些事儿 去哪儿网与东航推出专属学生票 昆明部分航线不到火车票价一半作为学生党，想要一场说走就走的旅行，首先还是会先看一看自己囊中是否羞涩。不过最近好在@去哪儿网 联合@东方航空 为大学生订制专属学生票。只要通过去哪儿旅行APP完成学生认证，满足16-23周岁，购票和出行航班日期均在11月20日-12月31日的学生即可享受到超值东航学生票，此次活动范围覆盖东航达90以上的航线。例如：11月30日昆明至杭州航线的机票含机建燃油费价格只需360元。而高铁需要806元。另外除了能够享	未
航空那些事儿 国泰鸿运小猪悄然上市ins上已有不少网友晒出了@国泰航空 2019猪年的鸿运小猪生肖玩偶，目前该款玩偶已在国泰官方网店上线。你喜欢这一代的设计吗	未
航空那些事儿 小圈今天又坐了一架上航的飞机，飞机上是东航的cc，今天凌晨起虹桥机场依旧是雨夹雪天气，凌晨3点开始，东航技术虹桥维修基地按照除防冰预案，开始对停在机坪上的飞机进行预除防冰工作，感谢为保障飞机准点和安全而辛苦工作的民航人 上海上海虹桥国际机场	未
航空那些事儿 当地时间28日，印度航空一架波音787客机在斯德哥尔摩阿兰达机场的跑道上滑行时，飞机左翼翼尖和机场的房子发生轻微的碰撞。事故发生在距离航站楼约50米处，飞机上当时有179名乘客，暂未有人员受伤的报告。	未
航空那些事儿 很少在国内用电子登机牌，因为以前即便用电子登机牌，安检过完还是要塞给你一张小纸条，一直保留到登机口复核今天广州出发再次尝试使用电子登机牌，过安检时已经不再需要纸条，真正实现了电子登机牌一路通行，环保又方便，赞一个	未
航空那些事儿 斐济航空正式成为寰宇一家 connect成员当地时间12月5日，@斐济航空 正式成为寰宇一家 connect成员（oneworld connect partner）。全球第一个oneworld connect logo被贴在斐济航空最新引进的一架波音 738 MAX 8上，斐济航空已与英航国泰澳洲美航这4家寰宇一家成员建立代码共享常旅客计划对接休息室开放等合作关系。此外所有寰宇一家红宝石及以上会员在搭乘斐济航空时都可享受优先值机待遇，蓝宝石绿宝石会员还享有优先登机待遇。	未
航空那些事儿民航局公示新一批航司申请国际航线：1@昆明航空公司 申请2019年3月1日新开丽江-仰光航线2成都航空 申请2019年1月10日 成都-苏梅岛航线	未
航空那些事儿 看一眼少一次的涂装 上海上海虹桥国际机场	未
航空那些事儿 @英国航空 一架波音747-400执飞伦敦-内罗毕的BA65航班，起飞后由于起落架问题返航，目前飞机在英国坎特伯雷上空低空盘旋消耗燃料，航旅圈持续关注。	未
航航在阳台玩肥皂泡泡。他挥舞着泡泡棒，冲着天空大叫：泡泡！你带我去！你一定要带我去！	未
航航的第一幅画。我配上了一本正经的胡说八道解说词。	未
“舰”拔弩张！东南亚两国为挣海域 军舰炮弹上膛随时开火不相让	未
舵手导航  下周大概率走反弹行情	未
船上75头牛34头羊，船长几岁网友：小学题目都不会了	未
船上75头牛34头羊，请问...这是一道小学作业题，很多人却答不上来	未
船东注意：你以为安装洗涤器就没事了小心排放不当也要遭罚！丨航运界	未
_//@船人_浦东大道:反应太慢，应该改成：羽凡提醒您洁身自好，远离毒品。	未
//@船人老姚:暖//@猪眼观人://@苏幕遮1991: 转发微博	未
船底顶罗布线行走记录	未
船开了！在湖熟钱家渡3.8公里的河上慢渡，依水吃枕水眠	未
船用变压器防护等级变化是否影响航行？想不到，里面还有这种道理	未
船老大这么说乐清海洋与渔业局及乐清渔政站的工作人员均表示尚未获得与此相关的上报信息。全中国一年能捕到几条黄唇鱼啊捕不到的！捕了34年鱼的岱山籍船老大钱志芳自问自答，从1983年下海后，他没听说过谁捕到黄唇鱼。至于一条黄唇鱼胶卖出200万，他觉得可能黄唇鱼现在比大熊猫还稀有了吧。	未
船舶在大海中失火	未
船舶是否必须配置变压器	未
“船舶设计大师”何炎平：16年研发大国重器打破国外垄断	未
良医  基层医生不赤脚，新乡医又吃香了	未
良心不会痛吗7元小吃扫码只付1分钱，云南一老人卖小吃月亏2000元	未
良心不会痛吗昆明老人大学门口卖小吃月亏2000元：7元一份，很多人仅扫码支付1分钱	未
良心不会痛吗昆明老人大学门口卖小吃月亏2000元  7元小吃扫码付1分	未
良心不会痛吗老人卖小吃月亏2k，7元/份多人仅扫码支付1分	未
良心企业家：个税应该从3万起征政协委员福耀玻璃创始人曹德旺：按通货膨胀的比例算，现在个税起征点应该是3万，而不是3500元，我员工平均收入是6000多都要被征。我是贫困出身，对这个阶层非常同情。我没忘记自己的过去，我还是站在穷人的立场上讲话。 你若支持请转发，点赞！	未
良心何安扫雷英雄伤口的纱布还没拆，无良商家胆敢开始恶搞！	未
良心拆包无聊的魔方，我真不相信这个小东西能减压	未
良心记者揭秘：蜂蜜市场骗局！她亲赴深山后，发现惊人真相！	未
良心记者揭露土蜂蜜市场内幕！亲赴秦岭深山，发现惊人真相！	未
良机不出远门就能与专家面对面北京301医院介入科专家张金山出诊哈尔滨	未
良药苦口利于病 忠言逆耳利于行网页链接	未
良言一句三冬暖，恶语伤人六月寒。请好好说话，请务必善良！	未
艰难的养老！看完心情难以平复！	未
艰难的反复下控制风险最重要 微博季 全国首辆5G公交车开通@宇辉战舰 的一直播（下载App-gt网页链接）	未
艰难的权衡取舍是不可避免的。当我问她如何看待有些人批评MeToo，说该运动将犯罪嫌疑人交由社交媒体审判时，她停顿了一下，然后说：人类文明的发展到现在为止还不具备说我们可以给人去开舆论法庭的程度，一定会出问题但是对性骚扰来说走司法途径同样是不公平的。	未
艰难谋生的加沙渔家女	未
色彩 在你无话可说的时候就别说话，在你不知如何回答别人的话的时候就保持沉默，这是生活中一个很好的策略。 毛姆遇见艺术超话大神评选	未
色彩解决这两个长期困扰你的问题！快速上分！	未
色胆包天！50岁老汉拐骗17岁少女做情人，与正妻一起生活！	未
色胆包天！菏泽一50岁老汉拐骗17岁少女做情人，与正妻一起生活！	未
色胆天来大 文学海样深：文人学者的“荒唐事”	未
色达下雪了，陪我去一趟，可好	未
色达攻略，人均不到1000的攻略投稿：@头为什么那么大啊	未
色达的白天与黑夜。图@没有黑色铅笔的愿意 四川旅行	未
色达稻城之旅2天成都吃吃喝喝作者@两只江少女的日常	未
艳势番之新青年大雪 夜深知雪重，时闻折竹声。	未
//@艳纸和喵_LetsAdopt:转发微博	未
艹//@WA2000-legend://@吴毛P ://@种崎敦美 :哈哈哈哈哈//@織屋Oriya :被骗了//@海拉鲁之光 :草//@TDT_TDT :?//@一个巨型沙粒 ://@犬几 :	未
艹，杆得扁桃体又疼了，健康估值贬损250个基点。明天赌场还开门，碎觉。	未
艹....眼看来不及了准备跳起来减少伤害，没想到高估了自己的弹跳和滞空，低估了自己的质量......	未
艹！网络不是法外之地，请你立即删除，以后不许上传这么难听的声音啊！	未
艹，莆田系医院！//@冷月如霜:（3/3）这特么是啥查看图片 //@冷月如霜: （2/3）批准签字 查看图片//@冷月如霜: （1/3）伦理申请书 查看图片	未
艹，这是那年天津//@白城以北:转发微博	未
艹，连孩子都不放过扩扩//@M大王叫我来巡山:好吓人扩散对孩子下手真的丧病//@丸子安利菌:太可怕了	未
艺人没脑子别连累工作人员好吗	未
艺兴一直都很低调的在做慈善公益这么善良的男孩子，为什么一直有人造谣伤害他	未
艺声-ins头像换新	未
艺声回复：在12月过去之前 知道吧?//@火焰_FlamingELF团站:始源评论：艺声哥 fighting	未
艺声评论：童童也	未
艺术与社群｜广州“上阳台”：作为共治组织和公共空间	未
艺术区里的“无声”餐厅	未
艺术区里的无声餐厅	未
艺术家要对社会问题发言 电影导演谢晋曾这样说	未
艺术家雷童，一个从来不玩游戏的人，花两万块买电脑，专门用来吃鸡三个月之后，开始思考：为什么一定要吃鸡比如说我可以画写生，我可以不吃鸡，吃鸡才是最高兴的吗吃到鸡了又不给我钱。所以在得知自己荣获了 VICE 评选的 V BEST 年度人物，雷童的第一反应是：有钱吗 在吃鸡游戏里写生的雷童不和规则讨价还价，他直接去做点别的事情	未
艺术村落里的诗与远方（乡村发现·村庄）(图)	未
艺术类“速成”考生考试不占优势	未
艺眼看世界2019年的潘通流行色Living Coral 珊瑚红	未
艺考备考艺考生备考文化课 要学会扬长补短	未
艺考是高考的捷径？你想多了	未
艺考生VS普通人的差别，你中枪了吗	未
艺考生训练现场	未
艺起涨姿势 跑步伤膝，登山损膝，平时不喜欢运动的人，常将此话作为偷懒的借口。其实，运动可以减轻关节炎的痛感维持受累关节周围的肌肉力量减轻关节僵硬程度预防功能减退改善心理健康和生活质量。只要记住以下这七点，跑步不但不伤膝，还能壮膝[加油]	未
艾丽华到我市督导十四冬筹备工作	未
艾伦·布林克利：美国历史学家如何“围攻”特纳的边疆思想	未
艾利森苏朵儿发图，呼吁大家保护大象，关爱野生动物而就在今年五月，卢娜伊凡娜林奇也向公众讲述大象目前的遭遇，告诉人们不要忽视这类美丽动物的痛苦	未
艾因点杀河床率先闯入世俱杯决赛	未
艾因罚进4-3//@FIFA世界杯: 河床罚进3-3//@FIFA世界杯: 艾因罚进3-2//@FIFA世界杯: 河床罚进2-2//@FIFA世界杯: 艾因罚进2-1//@FIFA世界杯: 河床罚进1-1//@FIFA世界杯: 艾因罚进1-0	未
艾媒舆情  2018年 DG 事件舆情监测分析报告	未
艾德生物肺癌基因检测产品在中国台湾地区获批	未
@艾格吃饱了 他们家今天的推送简直要人命。。。	未
艾森在研小分子抑制剂针对系统性红斑狼疮展开研究	未
艾溪湖大桥出现大量怪虫 黑压压一片......	未
艾滋免疫基因编辑志愿者招募平台:贺建奎提4个条件	未
“艾滋夫妇”第14年：活着得生机盎然	未
艾滋家庭要孩子，只能用基因编辑吗	未
艾滋渣男炫耀战果：已传染40多个女生  别以为危险离你很远！	未
艾滋渣男高调炫耀感染女大学生，广场舞艾滋大爷传染给10多个舞伴...我们到底该如何正确看待艾滋病	未
艾滋病不是世界末日，而是他重生的开始生长在通州的白桦和他的白桦林	未
艾滋病专家:＂基因编辑＂非万能 是对基因图谱的践踏	未
艾滋病专家张林琦：基因编辑并不能完全保护婴儿，不用此方法也可达到预防效果11月27日上午，全球100多位华人艾滋病研究专家联合签署声明，反对贺建奎所进行的免疫艾滋病基因编辑婴儿临床试验。带领此次声明签署的清华大学艾滋病综合研究中心主任非洲科学院院士张林琦表示：我们有非常有效的方法防止新生儿不得艾滋病，而不需要这么大动干戈，通过这种对基因图谱的践踏的方式来达到目的。 艾滋病专家张林琦：基因编辑并不能完全保护婴儿，不用此方法也可达到	未
艾滋病专家质疑基因编辑婴儿预防HIV:无实用性 带给人类极高风险	未
艾滋病，了解一下为何你也该做艾滋病检测	未
艾滋病人张家港街头求拥抱，竟然发生了这一幕	未
艾滋病，你检测过吗威信县开展第31个世界艾滋病日宣传活动...	未
艾滋病，你检测过吗镇雄有多少例艾滋病你知道吗	未
艾滋病健康热线开通一年 高危行为后“恐艾”咨询不断	未
艾滋病公益组织回应：以为是南科大项目去年3月，贺建奎通过北京艾滋病公益组织白桦林发布该项目临床试验志愿者招募信息白桦林负责人白桦表示，2017年3月前后南方科技大学副教授贺建奎主动联系自己，介绍自己的研究项目，并表示希望通过白桦林招募临床试验志愿者白桦说，自己始终 ...全文	未
艾滋病公益组织回应“基因婴儿”  以为是南科大项目	未
艾滋病公益组织回应＂基因婴儿＂ 以为是南科大项目	未
艾滋病其实并不可怕，可怕的是无知与谣言消除艾滋歧视，让世界充满爱。	未
艾滋病到底可不可怕?	未
艾滋病到底是咋回事三个十堰艾滋病患者为你讲述TA们的经历	未
艾滋病到底是咋回事这篇文章讲得明明白白！	未
艾滋病发威前，身体发出3个求救信号知道早能挽回一命！	未
艾滋病可防可控不可怕	未
艾滋病，大竹的案例，戳进来了解下..	未
艾滋病，太吓人了！但它离我们并不远	未
艾滋病宣传进校园 防艾知识你了解多少	未
艾滋病尿检包首入河南高校，购买者可自我采样、匿名查询结果	未
艾滋病患者婚后生下健康宝宝！真相令人......	未
艾滋病戒毒人员：戒毒所像一所学校	未
艾滋病援助热线开通一年：中午是来电密集期，恐艾咨询不断	未
艾滋病援助热线开通一年：中午是来电密集期，恐艾咨询不断去年世界艾滋病日前夕，北京红丝带之家开通了一个面向全国的守护健康援助热线 4000681221现场，北京地坛医院艾滋病诊治专家赵红心接听回答了首个热线咨询电话一年中，15名工作人员先后接听了一万多个来电，有询问艾滋病用药问题 ...全文	未
艾滋病援助热线开通一年：中午是来电密集期，恐艾咨询不断去年世界艾滋病日前夕，北京红丝带之家开通了一个面向全国的守护健康援助热线 4000681221。现场，北京地坛医院艾滋病诊治专家赵红心接听回答了首个热线咨询电话。一年中，15名工作人员先后接听了一万多个来电，有询问艾滋病用药问题的，有确诊后不知所措的，也有恐艾人群一遍又一遍的来电从一年来的接听情况看，午餐时分成为来电高峰高危行为后恐艾咨询不断最怕暴露隐私成为热线的三大特点。为此，工作人员们很少吃上一顿完整的午饭，常常一个电话就是	未
艾滋病携带者用针筒扎人？酸碱体质很科学？11月谣言盘点(图)	未
艾滋病日丨艾滋病盯上青年人，我们该如何应对	未
艾滋病日来到，记得戴安全帽	未
艾滋病日，蔡甸疾控走进监狱做了什么?	未
艾滋病是威胁人类健康与生存的第一大病魔，主动检测，知艾防艾，共享健康	未
艾滋病是怎样侵蚀你的身体的，这个一定要了解！ 更多奇闻异事，可以进我微博看！	未
艾滋病有了后悔药，高危性行为后72小时内可自救！海南人如何获取看这里！	未
艾滋病有了后悔药！高危性行为后72小时内自救，东莞近百人已开药	未
艾滋病检测包进入陕西高校自动售货机陕西中医药大学里，艾滋病病毒尿液检测包被置入一台特制的饮料零食自动售货机中，该检测包里附有详细的检测说明书，售价30元检测可进行自我采样，将样本投入到尿液标本收集柜后便可完成检测同时，检测者通过尿液检测包内的编号在网络上就能即时匿名查询检 ...全文	未
艾滋病检测包进入高校售货机！大学生须知的真相是...	未
艾滋病检测包进入高校，大学生防艾须知道这些真相！	未
艾滋病检测包进石大，大学生防艾须知	未
艾滋病检测包进高校售货机:售价30元可匿名查结果	未
艾滋病检测包进高校售货机！大学生须知的“真相”是...	未
艾滋病检测包进高校售货机！大学生须知的真相是...	未
艾滋病母婴传播率已经将至历史最低水平	未
艾滋病渣男炫耀又感染一名大学生 专家：或涉刑事犯罪	未
艾滋病渣男炫耀感染大二女生事件引发热议，艾滋病离我们并不远！	未
艾滋病的发展史	未
艾滋病盯上年轻人！我们该如何应对！	未
艾滋病“盯上”青年人入侵“象牙塔”，我们该如何应对？	未
艾滋病“盯上”青年人，我们该如何应对？	未
艾滋病真的那么可怕吗你需要了解的艾滋病真相都在这了！	未
艾滋病，真相颠覆你的想象	未
艾滋病离你我并不遥远，今天，将乐人需要了解这些	未
艾滋病离得很远藤县人注意了！	未
艾滋病离我们有多远	未
艾滋病离我们有多远这些知识昭通人了解一下	未
艾滋病离我们遥远吗民警说：我身边的战友就吃过阻断药物	未
艾滋病，究竟是个什么病这两天，免疫艾滋基因编辑婴儿震惊了世界。可是，大家知道艾滋病是怎么诞生的吗它又是怎么传到全世界的我们又该如何去预防网页链接	未
艾滋病群诱骗大学生这些人渣，就应该原地爆炸	未
艾滋病群诱骗女大学生老年人得病比率暴增这到底是......	未
艾滋病群诱骗女大学生老年人艾滋病比率暴增这到底是......	未
艾滋病防治，任重而道远！	未
艾滋病高危性行为后72小时内自救，东莞近百人已开药！	未
艾滋·门诊·日记	未
艾滋防控专家权威解读你最关心的那些事	未
艾灸一个小部位，宫寒没有了，肚子赘肉也没了	未
艾灸的最终目的竟然不是治病，而是...	未
艾特ta 告诉ta	未
艾特一下你的好友，让她们看着办[米奇比心] .	未
艾特一下你身边最像它的人@	未
艾特你心里的那个ta。	未
艾特你觉得需要这东西的朋友	未
艾特你觉得需要这个东西的朋友	未
艾特出你身边那个这么开车的人	未
艾米竟然有乔治巴顿车钥匙，老唐接到手里却怂了	未
艾维替尼获“十三五”重大专项立项 应用于肺癌领域	未
艾美赛珠单抗注射液已获批上市	未
艾草老姜泡脚粉120包 9.9拍1发4，到手4袋共120包！！现在冬天睡前泡泡脚睡觉时脚都不会冰冷冷的	未
艾薇儿要来长沙？	未
艾蜜丽的五件事 微博视频	未
艾诚带你揭秘巴黎名媛舞会：任正非女儿首次曝光  艾问人物	未
艾问毛大庆：46岁创业，你要什么图什么 艾问企投家	未
艾问洪清华：BAT的钱，你不要 艾问企投家	未
节俭是天然的财富，奢侈是人为的贫困	未
节假日搭违建 城管部门“秋”后算账	未
节假日放假么	未
节前“停薪” 美国政府约80万雇员黯淡过圣诞	未
节前停薪 美国政府约80万雇员黯淡过圣诞圣诞节前夕，白宫外的国家圣诞树因养护费没有着落而暗淡无光，仰赖捐款才得以点亮。虽然国家公园等景点关闭让游客失望，孩子们或许可以得到一点安慰。军方延续63年的传统，依旧提供了平安夜追踪圣诞老人服务。北美防空司令部追踪圣诞老人网 ...全文	未
节后三记“组合拳”让你满血复活	未
节后开门红，炒房资金转战A股？	未
节哀	未
节哀！昨天刷屏的产后妈妈走了，丈夫的朋友圈看完泪奔！	未
节庆期间消费提醒！预防保健品欺诈，蜀黍来支招。教您识别套路，合理选购保健品 ！	未
节振国：威震冀东的抗日英雄	未
节操呢？《闺蜜2》陈意涵薛凯琪张钧甯尬舞越南MV	未
节日前夕，美国海军陆战队司令罗伯特内勒在挪威科威特阿富汗深入一线慰问部队。海军陆战队司令（CMC）是美国海军陆战队军阶最高的军官，是参谋长联席会议成员。海军陆战队司令受海军部长直接领导而非海军作战部长负责海军陆战队的组织政策规划项目，另外也要向总统和国防部长和海军部长提供涉及海军陆战队相关事务的建议。在海军部长的领导下，海军陆战队司令负责联合战斗司令部中海军陆战队的人事和资源调配。还有着美国法典第10编第5043节所规定的各项职责或者将这些职责委派给其下属军官。与其他参联会成员一样，海	未
节日气息越浓郁，反而越开始担心自己会落单的度过那一天。	未
节日经济悄然生变 商场促销瞄准元旦和春节	未
节日经济悄然生变 商家将目光瞄准元旦、春节促销	未
节日说第七个全国交通安全日	未
节日越来越临近啦	未
节气  今日大雪。	未
节气  今日大雪	未
节气今日大雪	未
节气今日大雪，你家初雪到货了吗	未
节气今日大雪，就在刚刚，常州初雪已至！但这个真相还是要了解下	未
节气大雪寒风迎大雪 三九天气暖	未
节气村的故事｜共享单车的大雪天	未
节气村的故事｜节气村的2018年	未
【节气长长图】小雪:北风萧,雪花飘,腊肉挂高高!	未
节目不管录到多晚，史航老师从始至终的聆听，会让你觉得踏实心安//@鹦鹉史航：今年乌镇戏剧节，她在通宵录影之后，专门从杭州开车到乌镇，参加这次白日梦朗读会，读完就开车回去。只能说，是个好朋友，也是个好文青！这封信，她演绎得很好。	未
节目已经开始！直播间网页链接央视影音客户端下载	未
节目早知道	未
节目预告：醉酒后的闹剧	未
节目预告：首儿所财务管理新模式  让数据变成资产	未
节约光荣，浪费可耻，所以今天吃烤肉时，自助甜筒楼爸只挤了这么一揪揪，邻桌小男孩下手那叫一狠啊	未
节约用纸	未
节能减排丨绿色生活，我们可以这么做	未
节能监察办法  2016年第33号令	未
芒市交警夜间查缉及酒驾整治，检查点在这些地方...	未
芒市各级各部门打好非洲猪瘟防控保卫战	未
芒市茶路（五）：江东乡仙人洞边河寨“唐茶”(图)	未
“芒果台”2亿买徐悲鸿油画 卖家:为避曲解不卖了	未
芒果台出价2亿，买下徐悲鸿名画！为了救一家上市公司据电广传媒披露，子公司湖南有线集团拟将油画《愚公移山》以2.088亿元的价格出售给民众所熟悉的芒果台湖南广播电视台。电广传媒或也能借此解决燃眉之急。除了卖画，电广传媒也在卖旗下控股子公司的股权，例如近期公告显示：2018年7月12日在联合利国文化产权交易所有限公司，公开挂牌转让亿科思奇60股权。根据有关进展情况，由深圳市创新投资集团有限公司等九家机构，以联合受让方式摘牌，受让总金额27，630.00万元。（21）神操作！芒果台出	未
芒果台出价2亿！ 愚公移山终破纪录却是以这样的方式对电广传媒而言，所亏似山海，山海不好平2018年6月，电广传媒子公司湖南有线试图拍卖知名油画愚公移山，但最高1.89亿元的出价，没达到1.9亿元的约定最低成交价12月14日，遗憾流拍的名画终以逾2亿元的交易价格 ...全文	未
“芒果台”出价两亿！这家上市公司卖掉徐悲鸿名画，理由很现实	未
芒果树外卖APP征名公告	未
芒果树外卖今晚开会，有意见的赶紧提！	未
芒果树外卖获元江首家《云南省网络食品交易第三方平台备案信息表》	未
芒果疏果一般要进行几次	未
芒果花期要谨防出现狗尾巴花（视频）	未
芒果评论前排十有十张门票帮忙点点原博机票酒店灯牌都准备好了	未
芒棒的群众看这里，谁是你的派出所所长谁是你的社区民警都在这里	未
芗城医保中心明天要搬迁了！以后办理业务要到新场所来！	未
@芙蓉市民，公安部今起施行6方面18项便民措施，和你有大关系	未
芙蓉警事长沙百万市民关注这个微信号，再不来你就OUT了！	未
芜湖一卡通12月1日即将发行！老的公交IC卡怎么办	未
芜湖一卡通即将发行，老的公交IC卡怎么换	未
芜湖一男子从四楼跳下！前一分钟，究竟发生了什么?	未
@芜湖人 这路公交车会说话，你知道吗?	未
芜湖供水管改道城南停水36 小时 近30 万人受影响	未
芜湖：全国司机只能服你！开车穿墙，把墙撞个大窟窿！	未
芜湖发布寒潮预报！明后天都可能下雪  芜湖早阅读	未
芜湖周边的这些玻璃栈道，去过的都吓哭了！	未
芜湖大司马丶开始直播了，快来斗鱼直播一起围观吧大司马：高端局走一走，杀他一十九，斗鱼直播间地址：网页链接 dsm大司马解说的微博直播 .	未
芜湖：失踪16年后的奇迹！户籍被注销！竟以这种方式跟家人团聚	未
芜湖将新增一批可刷医保卡的药房医疗机构  芜湖早阅读	未
芜湖市民反映有震感！真相在这里！	未
芜湖:救护车与渣土车相撞致2死3伤，事故责任已认定	未
芜湖籍散货船在长江万州段侧翻 5人失联	未
芜湖：肇事逃逸心存侥幸，企图瞒天过海，跑得了吗	未
芜湖被中央环保督察组点名：整改敷衍应付推进不力 生态问题仍突出12月3日，中央生态环保督察通报回头看典型案例，芜湖市被点名。通报称，中央生态环保督察组在对芜湖市进行下沉督察时发现，芜湖市对部分中央环保督察整改工作敷衍应付推进不力，生态环境问题仍然突出。芜湖被中央环保督察组点名：整改落实不力	未
芜湖轨道交通有新进展了！即将进行车站主体施工	未
芜湖这家开了26年的香肠老店，里面藏有年味！	未
芜湖限养犬管理办法将报批：一户限养一只犬 禁养大型犬烈性犬上个月，芜湖警方起草的限制养犬管理办法社会征求意见结束。目前，芜湖警方正整理修改，并将报市人大常委会审批。走完程序后，管理办法将正式出台。根据办法，限养区每户限养一只小型犬，禁饲大型犬烈性犬。芜湖一个家庭将限养一只宠物狗 明确不允许寄养	未
芝加哥农产品期价11日涨跌不一	未
芝加哥农产品期价13日涨跌不一	未
芝加哥农产品期价14日涨跌不一	未
芝加哥农产品期价17日涨跌不一	未
芝加哥农产品期价18日涨跌不一	未
芝加哥农产品期价20日涨跌不一	未
芝加哥农产品期价21日涨跌不一	未
芝加哥农产品期价24日涨跌不一	未
芝加哥农产品期价２３日涨跌不一	未
芝加哥农产品期价５日涨跌不一	未
芝城后花园，这里有很多历史是您需要知道的......	未
芝士蟹柳面包无法拒绝	未
芝麻头条这里有些赛事不好中签抓住直通机会帮你圆梦！	未
芝麻头条雾霾侵袭，冬训无法正常进行这里有份最全攻略送给你！	未
芥园西道治安派出所组织参观利剑高悬 警钟长鸣警示教育主题展	未
芦墟大宅门之 沈氏长次二公及素行堂	未
芦姐在线焦作人	未
芦苇荡现状	未
芬兰 Kakslauttanen Arctic Resort 冰屋酒店	未
芬兰Lapua的雪景 让你去住一个月，愿意吗	未
芬兰一保险公司新型圣诞礼物险面世以为是变形金刚，结果是国际象棋以为是芭比娃娃，结果是秋衣秋裤如果每年都有那么一两个特别值得吐槽的圣诞礼物，那么今年恭喜你全部都不！会！让你满意！据芬兰赫尔辛基新闻透露，圣诞老人的心愿收集器从1993年过了保修期后，一直时好时坏今年彻底损坏。无论你是大朋友还是小朋友，都再也收不到自己心愿中的圣诞礼物了。外界甚至有传言，圣诞支持率也受牵连下滑，甚至可能于2019年取消提前获取这一内部消息的芬兰某保险公司，率先推出新型圣诞礼物险，来确保收礼人因为不	未
芬兰两棕熊林中激烈打斗 互相摔跤撕咬	未
芬兰人如何游泳	未
//@芬兰天鹅://@救救孩子的发际线:土豆：一家人就要齐齐整整在一起	未
芬兰将用空气生产食物 芬兰在赫尔辛基附近建立了一个实验工厂，用空气和水来生产食品。据GTM报道，基于廉价原材料的批量生产计划于2021年实现。网页链接	未
芬兰推全球首个5G套餐 每月400元流量任用不限速据芬兰媒体报道称，该国运营商Elisa已经正式宣布商用5G网络，并且还推出了全球首个5G移动套餐，每月收费50欧元(约400元人民币)，无限量的使用5G流量，其网速最高可以达到600Mbps(75MB/s)，最快明年年初使用。	未
芬兰推全球首个5G套餐：每月400元流量任用不限速据芬兰媒体报道称，该国运营商Elisa已经正式宣布商用5G网络，并且还推出了全球首个5G移动套餐，每月收费50欧元（约400元人民币），无限量的使用5G流量，其网速最高可以达到600Mbps（75MB/s），最快明年年初使用。芬兰推全球首个5G套餐：每月400元流量任用不限速	未
芬兰推全球首个5G移动套餐：每月400元流量任用不限速据芬兰媒体报道称，该国运营商Elisa已经正式宣布商用5G网络，并且还推出了全球首个5G移动套餐，每月收费50欧元(约400元人民币)，无限量的使用5G流量，其网速最高可以达到600Mbps(75MB/s)，最快明年年初使用芬兰推全球首个5G套餐：每月400元流量任用不限速	未
芬兰的极光酒店	未
芬兰的雪中世界	未
芬兰的雪白世界	未
芬兰研制出蜜蜂用疫苗	未
芬兰，社交恐惧症的天堂	未
芬兰运营商Elisa已经正式宣布商用5G网络，并且还推出了全球首个5G移动套餐，每月收费50欧元（约400元人民币）。这价格...有点贵吧！	未
芬太尼一夜＂爆红＂ 人福医药澄清产品从未出口美国	未
芬太尼不被大众熟知 为何美国关切度不亚于贸易战	未
芬太尼意外火了 人福医药董事长做出如下解释	未
芬太尼意外火了 人福医药董事长王学海这样解释	未
芬太尼成网红的背后——“实验室毒品”监管与研制拼速度	未
芬太尼是个什么东东，美国居然要开打新鸦片战争！	未
芬太尼是什么东东	未
“芬太尼”概念股集体紧急澄清：没有任何相关产品出口到美国	未
芬太尼爆红的背后：监管与“实验室毒品”研制抢速度	未
芬太尼爆红的背后：监管与实验室毒品研制 抢速度	未
芬太尼：由鸦片化身而来的麻醉药	未
芬太尼等8种物质被我国新列为毒品这两天在中美元首的会晤中，作为毒品的一个种类，芬太尼这个词多次出现，中方表示，我国决定对芬太尼类物质整类列管。芬太尼通常用作疼痛药物或麻醉剂，但易引发吸毒欣快感，也易导致呼吸抑制心率下降。2017年，我国将8种物质新列入了非药用麻醉药品和精神药品目录，予以管制，其中就包括多种芬太尼类似物，这也就意味着这些物质在法律意义上成为了毒品。	未
芬太尼类毒品在街头还有一个名字叫China White是的，在这场史无前例的危机中，出人意料的是中国是重要的一环因为大多数人工合成的鸦片类药物，在中国制造，从中国输出，尤其是毒性极大的芬太尼执法人员说，正在有越来越多的芬太尼通过邮寄方式流入美国，给执法构成挑战美国的第一次鸦片战争：芬太尼之战	未
芬太尼：绝命毒师和裂变的第三代毒品	未
芬森今天乔丹上身了么	未
芬森：我的猴撤步没有猴哥厉害，所以我只能玩右撤步，而且竟然还进了！我也挺惊讶的！！NBA吐槽大会	未
芭提雅暴雨被淹，乐观泰国人家门口漂水灯	未
芭提雅积水了然后就成了这个画面，在街上就可以放水灯了。	未
芭比小剧场芭比双十一网购了很多衣服包包和鞋子，疯狂收快递拆快递	未
芭能御姐易烊千玺5点清扫街道 公益是现在和以后的梦想，是想一直做下去的事情。@TFBOYS-易烊千玺 凌晨5点参与2018爱心陪你过冬天公益活动，千玺表示第一次感受到北京的冬天如此寒冷，并且呼吁大家平时要注意环保，随手做公益。让我们和他一起践行保护环境的义务，传播更多的正能量。	未
芭能御姐蔡徐坤[超话] 我觉得应该有更多的人关注到这样的行动，然后身体力行的来尽到自己的一点力量，正能量偶像@蔡徐坤 身体力行地号召粉丝大家一起关注脱贫攻坚战星光行动 ，关注公益，从你我做起。	未
芭莎明星慈善夜捐款明细 出来了，真相会迟到但永远不会缺席，蔡徐坤一声不吭捐了60w，不为炫耀，只为澄清谣言。未来粉丝也会继续跟随蔡徐坤热心公益，希望大家可以少点恶意对这个善良 正能量的青年偶像吧@蔡徐坤	未
芭莎男士今日份工作	未
芭蕉子 正在bilibili 直播 菜鸡互啄快来了解一下吧网页链接	未
芭蕉林中上演特战反恐大片，邀你来观战！ 全体注意！ 暴恐分子 藏匿于前方芭蕉林，上级命令我们对其实施捕歼12月23日，武警广西总队崇左片区魔鬼周极限训练进入第三天，上午刚进行完长途行军的特战队员还没来得及休息，对讲机里就传来了新的命令。一场捕歼战斗就此拉开战幕，一起来看！（谭华东余海洋）	未
芭蕉湖新装一个污水过滤器	未
芮城领跑者运行监测月报引争论：政府部门报告更应严谨	未
芯片制造商，高通公司今日在官网宣布，中国福州中级人民法院通过了高通针对苹果公司四家中国子公司提出的两个临时禁令，要求他们立即停止针对高通两项专利的包括在中国进口销售和许诺销售未经授权的产品的侵权行为。	未
芯闻3分钟量子加密技术中国领先高通发布首款5G芯片Sprint宣布与三星合作富士康创始人郭台铭回应裁员BT将华为移除	未
花1000块赚回2万块1月5号，中国微商50的头部品牌老板/团队长都过来参会，现场报名的1000人会组成2个500的微信社群，线上互相沟通认识，1月5号线下见面认识。现在行业内一个粉丝价值20元，单单你通过社群加到1000位高端微商老板人脉，就已经挣回2万元... 网页链接 网页链接	未
花10万养生，女子肠子都黑了！吃这东西的南通人赶紧看看吧	未
花10万养生，女子肠子都黑了！吃这东西的常州人赶紧看看吧	未
花10元钱看场地下魔术，看完后屁股都在抽筋	未
花1万元报名画画班 孩子摔跤留疤谁担责！	未
花200元体验骑马却被马踩了 消费者任性还是马场保护不到位？	未
花20亿盖了12年的酒店，全在地下，住一晚3万	未
花20亿盖了12年的酒店，全在坑里，住一晚3万	未
花21万买地下车位没产权证，业主诉开发商得知系人防工程	未
花250万买的茅台味道不对，一查竟买了1400余瓶假酒今年2月至7月，王某花费250万元向林某购买茅台酒1400余瓶直到有客户提出酒的味道不对，王某才请人鉴定，得知这些全是假酒12月6日，林某被抓获据审查，林某听说用真瓶装假酒出售可以赚钱，便动了心思大量进口假酒销售，从中非法牟利	未
花30万买百万豪车，没想到.....近日，太原男子朱某在参加珠海电影节的途中，打听到有人卖便宜车，就花30万元买来了一辆价值百万的宝马没想到车还没开回家，就在天门被交警查获这竟是辆没有手续的黑车对于朱某伪造机动车号牌行驶证的违法行为，民警依法作出了罚款10000元，并处拘留10日的 ...全文	未
花30元喜提手机单反？大热的“福袋”，装的是实惠还是风险？	未
花3分钱干了一件天大的事今天很多人关注到了这个信息，一名5岁女孩从上铺摔下导致脑部重伤1000万未曾谋面的人，每人花了3分钱，帮助了这个家庭这是支付宝相互宝的首个大病互助案例，小女孩爸爸原本加入是为了帮助别人，这份善心换来了千万人对自己宝宝的帮助这样的互助计划，武汉的亲们加 ...全文	未
花4000元验dna抓偷奶贼为实现公平正义，为维护法律权威，不需要考虑成本	未
花4000元验dna抓偷奶贼从违法必究的角度说是值得，但室友之间还是没有必要这样，太伤感情了	未
花4000元验dna抓偷奶贼 去台湾旅游的人，一定要了解这一条法律！要评论这件事，我们要先搞清楚，海峡两岸关于偷窃的法律规定有些不一样。根据《中华人民共和国刑法》第二百六十四条规定，盗窃罪是指以非法占有为目的，盗窃公私财物数额较大或者多次盗窃入户盗窃携带凶器盗窃扒窃公私财物的行为。一般来说，在大陆，盜窃财物1000元到3000元会被认定为数额较大，在大陆才可能会被追究刑事责任。在大陆，除了扒窃等行为不考虑窃取金额大小外，一般低于1000元值的小偷小摸行为，不会被追究刑事责任。在台湾地方法	未
花4000元验dna抓偷奶贼山猫科普 要评论这件事，我们要先搞清楚，海峡两岸关于偷窃的法律规定有些不一样根据中华人民共和国刑法第二百六十四条规定，盗窃罪是指以非法占有为目的，盗窃公私财物数额较大或者多次盗窃入户盗窃携带凶器盗窃扒窃公私财物的行为一般来说，在大陆， ...全文	未
花4000元验dna抓偷奶贼很早以前，看柏杨先生的杂文里面谈到：台北有个老头，他经常坐计程车往来于某个路段。有一回打车，他认为计程车司机多收了二十台币，跟司机吵了起来。司机不承认，固执的老头为了证明自己的正确，硬是在该路段来来回回打了几趟计程车。新闻出来后，很多人嘲笑老头，认为得不偿失，而柏杨先生却盛赞老头这种较真的精神。台北警方为抓偷奶贼花费四千元人民币验DNA，看了这个新闻，我觉得两岸统一有很大希望。因为台北警方认真践行了群众利益无小事的理念，这说明两岸在群众问题上的认识是一致的。这种共识是	未
花4000元验dna抓偷奶贼维护社会的公平正义就应该从这种小事开始捍卫，不冤枉一个好人，也不放过一个坏人。	未
花4000验DNA抓到嫌犯其实是反映了台湾经济的衰退。现在大陆丢个手机什么的都懒得报案，因为有那时间不如去赚钱买个新的。大陆生机勃勃充满机会，每个人都在努力发展创造。台湾经济停滞缺乏机会，所以才会为了一瓶酸奶大动干戈！	未
花40年消灭千年沙漠，这家人把命留在这里，将毛乌素变绿洲。联合国也说世界要向中国致敬	未
花4万考了11年才拿到驾照！男子摆酒席放烟花庆祝：不容易啊…… 	未
花4万考了11年才拿到驾照！男子摆酒席放烟花庆祝：不容易啊……	未
花4万考了11年才拿到驾照！男子摆酒席放烟花庆祝：不容易啊最近，江苏宿迁泗洪的陈先生出了名，原因是他顺利通过了驾照考试，而这个驾照拿得真是不容易，整整考了11年（法制晚报）网页链接	未
花5千租女友回家见父母，女友的异常行为，将我吓懵	未
花7万整鼻子效果不满意 西安28岁女孩拆完线哭了	未
花与招贴 / Poster Design	未
花丛中的小猫子	未
花之声丨薰衣草	未
花了52万！青岛大姨排毒足疗药浴掏空家底！身体却	未
花了6年，推特终于认清这是个“假普京”	未
花了 I 亿就建了个环！真是败家！中国又贵又奇葩的建筑竟然还有这些...	未
花了一亿就建了个环！真是败家！中国又贵又奇葩的建筑竟然还有这些...	未
花了万亿日元，百架F35请回家，日本就不用再怕歼20了吗	未
花了不少冤枉钱《马卡报》：自从普约尔退役后，巴萨在引进中卫方面已经花费了1.19亿欧元。2014年 马蒂厄 2000万2014年 维尔马伦 1900万2016年 乌姆蒂蒂 2500万2017年 马隆 500万2017年 米纳 1100万2018年 朗格莱 3700万2018年 穆里略 200万	未
花了八秒删了你的联系方式花了八分钟删了所有的聊天记录花了八小时扔掉了所有与你有关的东西花了八天静下来花了八个月才开始忘记你结果你一个电话 说了一句 在吗所有记忆全部复活	未
花了钱找yxh发的东西也不是一个人拍拍脑袋就决定得了的，就是说审核的这一圈压根没觉得这个营销方式有问题这比一个人做决定还恐怖好吧	未
花伦：坏孩子的天空依然一望无际	未
花儿为什么这样红?鄢陵医师为什么这么名?	未
花儿视频  会场上又见了脑子杨柳哥	未
花儿视频 《可怜的下苦人-西藏版 》亥牙	未
花儿视频：园子里长的绿韭菜-何清祥 马红莲	未
花儿视频 《浑身的肉儿想干了》伊万柏	未
花儿都谢了	未
花光160万国家赔偿的他，平反4年后偷牛被抓46岁的黄家光再次出名了。上一次出名在4年前，2014年9月，被指故意杀人蒙冤入狱近17年的黄家光获得平反，引起了媒体的密集关注。这一次则是他几近花光160万元国家赔偿后，在家乡偷牛被抓了现行。他是如何在4年内花光赔偿款的南方周末记者采访了 ...全文	未
花十多万吃保健品，竟然浙江女子肠子变黑爱美的你别再买了	未
花叶像瀑布一般的金鱼藤，你认识这种唇膏花么	未
花呗推春运分期免息计划	未
花呗推春运火车票免息计划 最高票价不超过1000元	未
《花呗每次都提前还款，会给个人信用和芝麻分造成啥影响涨见识了》花呗每次都提前还款，会给个人信用和芝麻分造成啥影响涨见识了	未
花呗、白条、信用卡分期消费大比拼，“超前消费”到底有多贵	未
花呗、白条、信用卡 “超前消费”到底有多贵	未
花呗的额度决定了我这个月的生活质量最近tank收到了一条留言，迟迟没想好该如何回复。刚好今天读到一篇新闻借钱炒股1700万亏20万，感慨颇深，整理成文。希望在回复留言的同时，能引起大家的一点思考吧。（tank）	未
花四千块买的车子，竟然要看运气！上林这位网友的遭遇让人气笑了！（上林时空）	未
花园村消防队成保护神  参与救灾1000多次  挽回经济损失数以亿计	未
花园路开展打击欺诈骗取医疗保险金工作专项部署会	未
花垣上央视了！两名青年人失足被困30米深洞 消防深夜营救	未
@花垣人，老板在群里发红包，抢到最大一份的你......	未
花垣十八洞村又开了一家新店	未
花垣县非洲猪瘟防控工作会召开	未
@花垣朋友们来看看你点的外卖，商家是否持有双证，80多家被整治	未
花垣这个苗绣项目先后培训827名绣娘，500多名妇女回家...	未
花垣驻村随想	未
//@花城客:每年四万多人吧	未
花城广场目前也是人潮汹涌，建议大家提前了解目的地交通路况，有序出行	未
花城记	未
花姑娘 微博视频	未
花嫁一花未采用的草稿，最终稿采用了左上右下又在装嫩了（x	未
花子播报11.30今日头条因违法医疗广告被罚300万亚太区舒缓减压类美容新品劲增	未
花子播报12.5ISAPS最新全球医美数据出炉山东3岁小女孩得罕见乳腺癌	未
花子播报12.6公安部通报破获特大海外医疗诈骗案亚洲奢侈生活成本最高城市出炉	未
花季姐妹误服百草枯 荆州武汉两地上演生死救援家长太大意！一个多月前，荆州13岁女孩甜甜和10岁妹妹妍妍，不幸误服了装在饮料瓶中的农药百草枯，随后出现腹部疼痛呕吐现象，病情危急。家人立即将她们送往当地医院救治。经过洗胃补液治疗后，甜甜仍不停恶心呕吐，只能连夜转往武汉医治。所幸，目前姐妹俩已康复出院。家长一定要注意！农药这类物品不要放在小朋友拿得到的地方。荆州武汉两地生死救援 误服百草枯的花季姐妹返校了	未
花季少女深夜宿舍遇害！凶手是同班男同学，事发前男生曾	未
花季游泳馆闭馆通知	未
花家军午间观象体现了一定的抗跌性，就是不知道是否有持续性评分为6.0分，我的仓位7.1分（我的操作是，9分重仓，8.5分半仓，7.5分四分之一仓，6分象征性娱乐，5分场外观望，4分时聊天，3分少量做空，2分做空，1分重仓做空）	未
花家军午间观象蓝筹股形成负连续，考验2500点。评分为5.5分，我的仓位7.2分（我的操作是，9分重仓，8.5分半仓，7.5分四分之一仓，6分象征性娱乐，5分场外观望，4分时聊天，3分少量做空，2分做空，1分重仓做空）。	未
花家部落正式签约应采儿为品牌形象代言人	未
花家长的钱把自己喝瘫痪//@疯狂大象:这是一个很危险的信号，00后衣食无忧，伸手即来，如何用传统的文化教育，是一个事关民族未来的大事！v助平安	未
花小钱办大事，5分钟在家搞定隔音条，远离高速噪音	未
花尾鸽二号舰现状	未
花市买花，此2种花不要买，带回家也养不活，老花匠：丢掉！	未
花市大盆栽常见此现象，请教了园艺工作者@柏淼ccc @葱油饼_yaoyao @家庭成分是地主 得到统一答案：客户在苗圃选好货后，老板就会在植物上喷漆标记，后面工人就找带漆的装车。喷漆处有时被叶子挡住，顾客买回家后可能很久才发现	未
花店设计注意事项！	未
花式NBA解说了解一下，今天池子解说NBA现场吐槽年终大战你给打几分虽然没有提前准备！虽然并不能认出几个球员！短短半场比赛的时间机智的池子就总结出了解说三大定律谁落后说谁谁拿球看谁以及....不着边际！可谓是十分精辟了。尤其是最后这段对克劳德辫子的点评，还透着一股freestyle的即 ...全文	未
花式出村	未
花式宠粉！李易峰与粉丝握手被拉走 绕一圈接着握	未
花式比心	未
花式汉堡家庭自制	未
「花式神回复」010：现在的经营环境有哪些大的变化	未
花式虐男友！国外网友晒男子为女友拍照时的搞怪姿势	未
花式骗小孩吃药，这招真是屡试不爽啊	未
花总丢了金箍棒 博主花总丢了金箍棒曝光了很多酒店卫生的乱象，，之后引起了不少网友的关注，也反应出来了很多酒店卫生不干净的状态，之后，很多酒店都被曝光，酒店的形象也受到了很大的影响，酒店纷纷表示会全力整改，但是博主花总的信息也在酒店圈流传开来，所以他的人身安全也遭到了威胁。有人出头就会有这种危险，这就是许多人不愿意捅破窗户纸的原因，花总真的很勇敢，并且有一种为社会效益而将自己陷于危险境地的精神，对待这些认真的人，我们应该给予更多的尊重。而不是让为我们呐喊的人，遭受莫名的威胁，我们这个社会，无论在哪	未
@花总丢了金箍棒 曝光五星级酒店卫生乱象，却把整个行业都得罪了他只是希望经过曝光之后，酒店行业能够有所改观，真正解决问题本身，而不是解决曝光的人。	未
//@花总丢了金箍棒:请@王府半岛酒店 认领一下员工	未
@花总丢了金箍棒起诉右边这个怂贱欠脏狗逼，我掏5000律师费。//@harriettang:谢谢 您说的观点得到了律师的认证//@人类反AI联盟:你再威胁我一次这句是严重的引诱他人犯罪 很严重	未
“花总”们的监督权应予保护	未
花总出镜受访:如果可以重来 我不会对酒店这事曝光	未
花总前几天接受采访，解释他曝光的那些高端酒店为什么会出现卫生问题时说：主要是中国现在商业地产发展速度很快，不停盖新的酒店，世界级酒店在中国的扩张都是全球最快的，这么快的扩张，人员储备不一定跟得上为什么高端酒店这几年扩张的这么快，花总没有接着说下去一般来说，扩张快跟利润高是 ...全文	未
花总发文花总被人身追杀，透着这个世界最大的薄凉这个社会终究是我们生存的社会，而那些毒疮终究祸害着你我。想象一下，如果我们住的酒店都不卫生，我们吃的外卖都不干净，我们的信息被肆意的泄露，我们的孩子被送到魔鬼的手中，我们还能心安理得的活下去嘛这个社会越来越好，从来不是因为沉默多了，而是像花总这样的蠢货多了，他们的每一次发声，其实都是为了让这个社会好一点点。而我们的发声和支持，也是为了让他们好一点点，归根到底，是为我们自己好一点点。 花总被人身追杀，透着这个世界最大的薄凉	未
花总发文金箍棒丢了，我们还给你，还帮你棒打妖精安哥锐评 15日，酒店卫生门曝光者花总丢了金箍棒收到死亡威胁，北京警方立即介入并调查。今天花总发文称感谢警方及时介入。信息化时代，正义不会缺席。中国社会是包容的，但对漠视挑战法律者，我们没有容忍的底线。逾越雷池，严惩不贷！（中国长安网）一些想说的话	未
花总曝光酒店卫生乱象后再发声：这杯子中的水越搅越浑花总发文2月18日曾曝光国内14家品牌酒店卫生乱象问题的花总在微博发布名为《一些想说的话》的长文。在文章中，花总提到，涉事酒店之一的某位职员，将其在该酒店前台办理登记入住时的护照扫描照片放到了微信群里。以这种方法获取传播宾客的证件信息，就已经侵权违法，当产生严重后果时，还涉嫌了刑事犯罪。花总表示，杯子风暴过去一个月后一个意想不到的局面是：许多本未出现在视频中的酒店及其员工卷入进来，让这杯子中的水越搅越浑。花总曝光酒店卫生乱象后再发声：	未
花总遭死亡威胁会叫的狗不咬人，真正想动花总的人是不会发出这样死亡威胁的短信，因为这样不打自招留下线索，但狗为啥还要叫一叫这就大有讲究了，当然最好是狗随便一叫，和主子无关，但假如是在主子授权之下叫，那情况就复杂了。给花总发死亡威胁，其实是知道花总必定会曝光和报案，而且从花总个人安全方面考虑，曝光才安全。可这事真的很难查，普通人骂娘都会说这样的话，一句话就构成故意杀人的犯罪预备就有点过了，而且真是有准备的那会找三和大神的身份信息去注册一个号发私信，非刑事案子动用过多刑侦手段调查也不现实。那目的就达到了	未
花总遭死亡威胁力挺花总，只有这样的人才是正能量的传递者，如果不是他揭露酒店的脏乱差，我们永远不知道，酒店看似干净的喝水杯子竟然如此的脏。每一个酒店都是这样，为什么管理部门不好好监管，酒店的监管力度也是可悲的。服务员们竟然都如出一辙的这样做，可见服务员的素质。看来以后住酒店什么都要带，那我们住酒店的意义何在，酒店为客人提供如此肮脏的服务，于心何忍希望警察叔叔能为花总保驾护航，保护好人平安。	未
花总遭死亡威胁 ！//@在你窗里看月亮:不解决问题解决提出问题的人这是什么社会风气地狱空荡荡 魔鬼在人间	未
花总遭死亡威胁我记得让子弹飞里有一句经典台词，别急，让子弹飞一会儿社交媒体和网络社会正在改变很多事情，这种趋势不会逆转，也无法逆转	未
花总遭死亡威胁，挺身而出的维权者人身安全如何保障粉丝追星的骚操作致班机延误，粉丝是否应负法律责任男生留学2年败光200万，如何拯救新时代巨婴戳微博热点精选看互联网历史法律搞笑幽默等领域博主@sven_shi @历史天窗 @老徐时评@谈典看法@地瓜熊老六怎么说gtgt微博热点精选丨 如何拯救新时代巨婴	未
花总遭死亡威胁 曝光后问题没有人去解决，提出问题的人先给解决了！！！	未
花总遭死亡威胁真的替花总捏一把汗！现代社会需要像花总这样的有识之士勇敢地站出来，这是正义的力量！另外，对酒店处理太轻了，应当处以巨额罚款，五星全部降三星，考察期三年。收费标准也按照三星的来。	未
花总遭死亡威胁这个行业真的是烂到没有良心。	未
花担匠也叫印花担，担子里一头装著黄豆及石灰粉，一头装著花版。黄豆和石灰磨用来成浆，又通过花板将浆刷到白布上，这是染制蓝印花布的第一道工序。过去农村家里有白坯布，靠花担匠印花刮浆。农家再把刮好浆的坯布送往染坊，用靛蓝染色和刮白。关于蓝印花布的刚发生不久的却再也见不到的故事旧闻。	未
花擦，新式洗//@昵称是马甲家的大学生:秒怂。	未
花旗亚洲拟退出东方花旗 33.33%股权拟转给东方证券	未
花旗亚洲无意延长东方花旗证券合资期限 拟转让所持全部股权予东方证券	未
花旗银行炒汇面临1.8亿美元巨亏 或与广发控股旗下对冲基金有关财联社12月23日报道，据外媒消息，花旗银行因一家亚洲对冲基金在波动率极高的外汇交易中出现亏损，或面临高达1.8美金损失。近日香港市场普遍认为，这家与花旗银行合作的亚洲对冲基金，是广发控股（香港）的对冲基金。但这并不意味广发 ...全文	未
花旗预计：明年美元贬值压力加大	未
花明楼和道林交界地成了宁乡的网红胜地	未
//@花晚来://@喜脉洗脉:我服了//@付玥玥:...//@回忆专用小马甲: 不配为人//@江南大野花:素质好低，垃圾穷疯了吗//@M大王叫我来巡山:真的丢大学生的脸//@Samuraiwu:这家卖小丸子的老头不看收费记录的，我给1分钱都行，你们也去试试，相当于免费吃了，哈哈哈自作聪明的年轻人如是说	未
花村街游记诗和远方	未
花板桥某教育机构招聘兼职英语老师！求职一份文员工作！	未
花果园c区寻找室友合租榜哥帮帮忙	未
花果园再添一项不打烊公共服务：企业营业执照可24小时自助办理	未
花果山四猴盘点西游里的猴类	未
//@花果山客户端:转发微博	未
//@花栗鼠Toby:图片评论 查看图片	未
花样职场 年底这样辞职才不吃亏！ 微博视频 花样职场	未
花样追大V 快來快來，通關密語是...... 微博视频 花样追大V	未
花桥：金仲泰机械设备招聘信息	未
花椒&六间房集团CEO刘岩：我想把它做完	未
//@花泽美美:冷静期//@辣条娘:她最不需要的就是冷静期好吗//@宝贝吁吁哼:结婚怎么不搞个冷静期	未
//@花泽美美://@大望路女青年:毋庸置疑//@江南大野花:可减少人生百分之八十的撕逼时间//@王八正在撸猫中:好//@太宰_:我惨//@蹩脚大王://@奶糖鹿鹿:行//@Artist-98k:哭了	未
//@花泽美美:这要是没监控真是百口莫辩//@捕猹少年小闰土:活久见//@江宁公安在线:不到2018年12月31号的最后一秒千万不要着急总结年度离奇新闻，你们永远想不到警方会遇到多少离奇警情。	未
花海预警！河源新晋网红打卡地，距河源仅1h	未
花溪一男子网吧内随手弹走一只蟑螂，结果3人骨折...	未
花滑总决赛中国一对组合参赛，浅田真央接班人仅16岁	未
花点钱怎么了。	未
花点钱怎么了 伪粉们早由于二半夜大量群众嗷嗷待哺，据说各种理由错过大促（我心里想的是掐死你们），今天再延长一天。1.今天领券满减继续，但是没有淘宝平台的满200-20优惠，所以给倒霉孩子们补贴一个白面膜吧。同时淘金币也开启！2.首次下单新用户（包括淘宝和有赞），我说的是新用户，拿你老公你妈的手机买的不算！抽10个送跟我/渣哥翻牌子，不用排队，直接给你个专家号	未
//@花生了咩:复制粘贴就完事儿了//@舒藐:重金悬赏微信名读法	未
花生欠收，当前价格不理想，春节前或有上涨空间	未
《花田喜事》开机 提前预定2019年爆款网络电影	未
花盆不让松土，只因其中有私房钱	未
花粥：女流氓不可怕，就怕你还是个女文盲	未
花絮  这光头谁啊齐玄宗围观中国大妈打麻将	未
花给你 你给我	未
花美时带你了解不可不知的民宿产业	未
花自己的钱找开心哪里不正常	未
花自己的钱，让别人说去吧！能赚钱就不算乱花	未
花自飘零水自流	未
《花花公子》模特梵蒂冈拍裸照被捕：拖十字架过街	未
花花公子的手套 6.9骑小电驴玩手机必备，冬天最怕手冷脚冷脖子冷了	未
//@花花送给侬:捡到Leo的人并不是有意要遗弃他，是因为捡到他之后带去医院医生说没有救头了，就把他遗弃了，所以很感谢捡到他的陌生人，至少给了他一次生的机会。之后去垃圾桶并没有找到Leo，也许他没在了，我只是想带他回家，干干净净的来就干干净净的走，不想他睡垃圾桶。	未
花苞头	未
花草 不管屋外天气如何，家中常有一片绿意，就会显得一直生机盎然	未
花荣：美股大跌，股也有对应规律！老花笔记	未
花莲民宿地中海恋人大片玻璃窗浴缸villa可以一边泡澡一边看着外头的浪花，所有烦恼都被海风吹散了避开喧嚣的都市，享受难得的宁静。旅行不可或缺的美食出了民宿走路都能到，虽说是世外桃源却也很方便地址: 花莲县寿丰乡福德28号，花莲火车站前搭乘往成功或静埔路线的公车至南福德路下车	未
花菜别再干锅了，试试这种新做法，保证上桌后都抢着吃！	未
花街日报说双方同意停火。	未
花言虾语丨勇往直前，没有谁能打倒你	未
花费578元，他们把100个包子带上飞机托运去上海，只因	未
花近8万元丰胸 却买来疼痛2017年9月1日，安康汉阴的汤女士来西安办事，我鼻子上有个磕痕，顺便去高一生医疗美容医院想做掉禁不住医生介绍，又做了自身脂肪填充面部和胸部的手术，共花费79970元昨日，汤女士告诉华商报记者，她在长安北路的西安高一生医疗美容医院手术后仅一个月，面部 ...全文	未
花近8万元丰胸 却买来疼痛2017年9月1日，安康汉阴的汤女士来西安办事，我鼻子上有个磕痕，顺便去高一生医疗美容医院想做掉。禁不住医生介绍，又做了自身脂肪填充面部和胸部的手术，共花费79970元。昨日，汤女士告诉华商报记者，她在长安北路的西安高一生医疗美容医院手术后仅一个月，面部出现变形。去年12月，医院给她做了面部修复手术。 今年7月，汤女士检查身体时发现乳房出现结节，医生说结节多得数不清，黄豆大小，8月份我去安康的医院看，医生说结节在变大。10月到11月，我又去了广东两家大医院检查，医	未
花都区寒冷预警信号解除目前冷空气影响已减弱，未来几天我区气温逐渐回升，从15日10时52分起，花都区寒冷预警信号解除花都预警发布中心12月15日10时52分发布网页链接	未
花都区寒冷黄色预警预计受冷空气影响，我区气温在24小时内将下降10以上，未来几天体感阴冷，从17时00分起，花都区寒冷黄色预警信号生效，请注意添衣保暖。花都预警发布中心12月06日17时00分发布网页链接	未
花都区寒冷黄色预警预计受冷空气影响，我区气温在24小时内将下降10以上，未来几天体感阴冷，从17时00分起，花都区寒冷黄色预警信号生效，请注意添衣保暖花都预警发布中心12月06日17时00分发布网页链接	未
花钱三连，双十二剁手了么花了多少钱今年买的最贵的东西 是啥	未
花钱买保险，这些免费服务你知道吗给车辆买了保险，就意味着保险公司要对车辆事故等情况进行理赔，但是，保险条款里面属于非事故救援的一些免费服务你了解吗蜀黍带你涨姿势 五进送平安（图说交通）	未
花钱买教训双十二最看不懂的爆款：花钱买教训两块钱买不了吃亏，两块钱买不了上当，在近日，这话成真了！据了解，某宝输入关键词买教训，就会出现诸多条此商品的链接便宜的两毛钱，贵的三十块钱。但是销售形势都是一样的，那就是付钱给商家，然后就没有然后了。这已是买教训的全部。对于这种商品你怎么看你花钱买过教训吗（中国青年报）	未
花钱买教训双十二最费解的爆款两块钱买不了吃亏，两块钱买不了上当，这话放在过去，是说商品便宜低价出售而在近日，这话成真了！据了解，在淘宝上输入关键词买教训，就会出现诸多条此商品的购物链接商家要价贵贱不一，便宜的两毛钱，贵的三十块钱但是销售形势都是 ...全文	未
花钱买教训：天猫超市，在趁你后悔之前，全部送给你	未
花钱买教训有位网友，在网上花钱买了一张年卡去看球，结果哈哈哈哈哈哈	未
花钱减压 在各大热搜渲染原来暖气是没度数的今晚走红毯有多冷时，外温已经降到了零下7度。不由得想起梁静茹不但给了我们勇气，还在每个冬天都能用飞去热带的岛屿游泳直击想逃离寒冬的北方人们。今天style君给大家推荐的就是印度洋上的三个热带岛屿。花钱减压  这就是断崖式降温啊，人类已经无法阻止你飞去热带的岛屿游泳了！	未
//@花钱和爱你:这种就是13岁长得像23岁，以后33岁长得还是23岁，43岁长得依旧是23岁的不老仙女了	未
花钱就能入驻知名电商平台？这家吹牛的公司跑路了	未
花间学堂广式生活 中共三大会址拜会了逵园主人，得知了这段尘封的往事。1923年6月12日至20日，中国共产党第三次全国代表大会在广州召开，是迄今中国共产党唯一在广州召开的具有重大历史意义的全国代表大会，对中国革命产生了巨大的影响。然而这栋普通二层民居1938年毁于侵华日军的轰炸，大会当时又是秘密召开的，关于三大的记录寥寥无几，三大会址的具体位置一度是个谜。最后几经周折凭借当时见证人的记忆找到了恤孤院路一栋仿西式的花园别墅逵园，当时作为认路地标正是逵园屋顶上1922四个数字，以及	未
花间学堂广式生活 关于广州的十三行，你真的了解吗1.十三行跟十三姨，没，关，系呃开个玩笑了2.十三行并非有13家商行，只是当时的特许进出口对外贸易交易机构公行的代名称，商行的数量是会有变动的3.十三行管理的大多是重要货物，比如茶叶和古董1720年的公行制度中， ...全文	未
花间学堂广式生活 广州沙面，像不像青岛的八大关当年的各国领事馆银行医院教堂，如今的拍照胜地。这些房子因后期被占用，外墙虽重刷，内里却见证着历史。	未
花间学堂 广式生活 老地图里看广州，现在身处广州的朋友，你还能找到以前的影子吗第六图，国外的网站挂出的拍卖价格已经高达8000美元了。赶紧回家翻翻箱底吧。	未
花间食堂//@植物人史军:吃在广州	未
花.雨 微博视频	未
芳华40年从一辆自行车说起检察交通工具的变迁	未
芳婆：从叫卖蒸儿糕到代言名小吃	未
芳心纵火犯//@TFBOYS-王源:正能量自拍 查看图片	未
芷江便民信息：房屋租售招聘生意转让二手信息（11月24日）	未
芷江便民信息：房屋租售生意转让二手信息（11月30日）	未
苇影渡游 大同华严寺(一)位于城内西南隅，始建于辽重熙七年，依《华严经》而命名。后毁于战争，金天眷三年重建。寺院坐西向东，有山门普光明殿大雄宝殿薄伽教藏殿华严宝塔等三十余座单体建筑，分别排列在南北两条主轴线上。占地面积66000平米，是现存年代较早保存较完整的一座辽金 ...全文	未
苇影渡游 大同善化寺(一)俗称南寺，国保一批，位于大同城内西南隅。始建于唐，玄宗时称开元寺。五代后晋初，改名大普恩寺。辽末保大二年大部毁于兵火，金初重修。元史记载，曾有四万僧人奉忽必烈之命在此寺集会，作佛事活动。明正统十年更名善化寺。图为山门殿及殿内四大金刚。	未
苍了天了 没事干了吗 什么骚话都能上热搜	未
苍井，涉黄，当禁。苍井盖，点睛笔，妙句也。//@孔庆东:此乃苍井之盖也。//@司马南:比偷井盖的问题严重多了。	未
苍井空宣布怀孕5个月，今年初结婚老公为DJ	未
苍井空宣布怀孕五个月(图)	未
苍井空戴红领巾上广告？上海市场监管部门开出最高罚单	未
苍井空自曝“喝醉狂吐”寻到真爱 与老公从不吵架	未
苍南HPV疫苗目前已售出1.1万针次！！	未
苍南一位阿婆昏倒在路边，体内多何了一根针	未
苍南人十大怀旧老物件！	未
苍南人，这样买车可以省很多钱！不知道真的亏大了！	未
苍南公交可以办学生卡了！坐车打折！！	未
苍南到北京只要半小时坐这个出行竟比飞机还要快四倍！	未
苍南县环保局局长黄望远12月4日上午将现场接听政务热线	未
苍南所有骑电动车的人，刚刚宣布的这个政策一定要了解！	未
苍南撑起海洋生态保护伞，原来它是这样做的...	未
苍南深山惊现睡美人！	未
苍南电力停电通知（11月26日-12月2日）	未
苍南电力停电通知（12月3日至12月9日）	未
苍南这6个村要大发展！市旅游局刚刚发的消息......	未
苍南通报批评16名党员干部！	未
苍南高速路车祸！男子躺在路边	未
苍山洱海	未
苍山洱海的黄昏	未
苍山负雪，洱海流云，有些人生来属于森林	未
苍梧梨埠至昭平马江公路最新进展，建成后石桥去狮寨无需再绕经市区...	未
苍溪大爷误将给老伴治病的7000元钱打到别人账户，对方却称：事不关己法官这样说	未
苍溪爱喝酒的注意！禁酒风暴来了，小心遭起	未
//@苍生未富：这不算理由。一夫一妻时代，一个官痞尚且能同时拥有十来个女朋友一夫一妻多姨太的时代，戴有胡蝶一人就够可能吗胡蝶拍戏忙的时候谁伺寝或许是王姨太也。郁王夫妻怨恨很深，不排除王挑唆戴杀郁。	未
苍茫的旷野。在一个加油站休息，导游说后面的农场可以看见犀牛和鸵鸟，但是我们没看到犀牛，倒是看见羚羊了，可惜手机照不清楚拍张犀牛雕塑凑个数吧 南非	未
《苍蓝雷霆 强袭包》上周发售了港版中文，并且给日版更新了中文。（港版本质和日版是同一个游戏）不过，根据一些玩家反应，欧美版的游戏并没有更新。欧美版内部游戏编号与港日版不同，是另一个游戏。目前想玩本作中文版，购买港版日版最为稳妥。	未
苍蝇为什么没在尸体上产卵这不对劲！一个昆虫学家靠一张看似普通的犯罪现场照片，让蒙冤入狱17年的少女最终重获自由...	未
苍蝇停下来的时候为什么要不停地搓手	未
苍蝇宝宝海王 (@Yadikar_Muzappar 投稿)	未
苏57=F22+F35弄巧成拙还是俄早有预谋？美：苏57是为猎杀猛禽而生	未
苏57专为星球大战准备！//@白城以北:	未
苏-57为啥叫苏-57而不叫苏-58？俄总师的解释让网友笑喷	未
苏-57到底是不是隐身战斗机Su57居然不是隐身战斗机偶然看到这个问答还犯嘀咕，全世界军事强国都在研究隐身战斗机，难道俄罗斯会闲着嚒根据俄罗斯报道来看，似乎肯定是一款非常好的第五代隐身战斗机。难道真的有什么隐情嘛根据查阅资料，结果让人大跌眼镜，这款战机还真不是什么吹嘘的极好的隐身战斗机。苏57战机亮相后，很明显和其他隐身战机有较大差距，很不符合隐身功能设计的常识。根据军事专家表示，中美的隐形战斗机的RCS值更低，反射面积以平方厘米计，是苏-57的千分之一级别，因此无论是F-22还是F-35或是歼	未
苏-57设计师竟说歼-20不是隐身战机，还说F-22和F-35加起来也不如	未
苏A车主：泊位内也贴违停罚单看到这种线，赶紧走！（附中奖名单）	未
苏C车主注意：市区三条道路限行，单双号通行！最长至2019年底	未
苏C车主注意！徐州19个路口新增这种标志！一不小心要被罚款！	未
苏D38Q02 苏D358S1 这105辆小车 你们占据了电子探头C位被拍了！	未
苏D85E05苏D938LY等108辆小车请查收你们的罚单 记3分罚50元！	未
苏E26YJ你摊上大事了！曝光这些车 常熟车主快看看有没有你	未
苏EC0D0你摊上大事了！曝光这些车，张家港车主快看看有没有你	未
苏E车主注意！他只因这波操作，12分瞬间没了	未
苏F车主请注意：油价又有新变化！这次要...	未
苏G车主注意！本月起，这8条路段实行机动车违停严管！	未
苏J9861Q苏JH192U苏J2K887一起看看盐城首个抓拍滥用远光灯的电子警察，都抓拍了哪些车！	未
苏NZ被曝光！看看你认识吗	未
苏U牌照12月起上线听听苏州交警怎么说	未
//@苏世山价值投资:	未
苏东坡动车组正式上线 眉山宣传一路飘到西安！	未
苏东坡在镇江吸过的雾霾，以及在金山寺看到的UFO！	未
苏东坡来镇江旅游遇上雾霾了你看这首诗	未
苏丹一架直升机坠毁7人遇难	未
苏丹一直升机坠毁 7人遇难	未
苏丹与埃及同意在边境地区部署联合军事巡逻部队	未
苏丹北部重镇阿特巴拉宣布进入紧急状态	未
苏丹总统巴希尔成为战争以来第一位访问叙利亚的阿拉伯联盟领导人	未
苏丹总统罕见到访叙利亚 来自阿盟的和解信号？	未
苏丹总统访问叙利亚 叙危机后首位访叙阿盟国家领导人	未
苏丹示威游行造成人员伤亡 中使馆提醒注意安全	未
苏亚雷斯	未
苏亚雷斯instory更新	未
苏亚雷斯：不自私的前锋不好找，但也得为队友奔跑苏亚雷斯在接受网站Otro的采访时表示：想找一名不自私的前锋是很难的。苏亚雷斯表示：想找到一名不自私的前锋是很难的，不过事实证明在自私之前，你还是需要担任队友，需要看清楚场上的情况，时刻考虑着球队。现在你在场上做动作时，你会想着队友他们都清楚你将要做什么，队友们的奔跑是值得肯定的，他们在奔跑时你也不能停下，为了赢下比赛和冠军，我们必须得继续奔跑。当我加盟巴萨时，考虑到梅西和内马尔的存在，我当时就问自己：我得踢哪个位置依靠努力战斗奔跑和寻找空	未
苏亚雷斯和梅西	未
苏亚雷斯在瓦伦西亚和球迷 微博视频	未
苏亚雷斯：我们所有人都明白的一点就是：责任感队里的每个人都该有责任感，一起为了共同目标努力，这是非常重要的	未
苏亚雷斯：找到一个无私的前锋是很难的在球场上你需要多思考，思考整个团队思考队友的位置，及队友需要什么	未
苏亚雷斯是不是坐着梅西的飞机拍的@阿圭罗Sergio	未
苏亚雷斯，梅西，布斯克茨和库蒂尼奥	未
苏亚雷斯的VIP位置。	未
苏亚雷斯的上帝之手	未
苏俄重型反舰导弹打靶，一发入魂	未
苏信FM  有多少人的孝心，只活在自己的朋友圈里	未
苏军在阿富汗竟然被打的全军覆没，为何帝国坟场有如此威力？	未
苏创丨我国首创抗“艾”长效新药上市，患者将由“吃一把药”变“打一针”	未
苏制短管莫辛纳甘式98k	未
苏北农民文化宫成立柳琴剧团 宿城小镇戏迷登台“过戏瘾”	未
苏北医院医疗集团骨科联盟、脑卒中联盟成立	未
苏北小医院来了德国大专家	未
苏南机场实现“刷脸”坐飞机 整个过程仅用2秒	未
苏南硕放机场启用新技术防范无人机“黑飞”	未
苏卡达间的决斗，很多公陆龟前胸甲有一个长长直直的凸起物！千万不要小看这个的作用，陆龟可以把它们当做撬棍，在决斗时把对方掀翻在地要知道陆龟翻车是有生命危险的这些素食主义者其实一点都不佛系 微博视频	未
苏合运营投资集团公司成立	未
苏嘉全辞“立法院长”接民进党主席？幕僚称其在考虑	未
苏城加油站内手机支付，该禁还是放	未
苏城正能量老人公交车上突然晕倒  691路司机乘客齐心救助今天中午，691路公交车上一位老人突然晕倒事发突然，司机黄师傅当机立断，决定把老人送往站台对面的木渎人民医院车上的乘客纷纷表示理解，并有两位热心乘客主动伸出援手，仅用了几分钟，就将老人送到了医院（苏报融媒 徐蕴海 吴中 ...全文	未
苏大举行国家公祭日主题活动 师生宣誓寄哀思	未
苏大校长毕业致辞:你们人均谈1.09次恋爱，单身还有7成	未
苏宁三次转型折射中国零售企业变迁	未
苏宁下赛季的队服已经公布了 重点 球衣后面有名字了 国安下赛季队服会是什么样子呢微博视频	未
。。。。。苏宁不会一轮游了吧。。。	未
苏宁以旧换新 家中总是有一两台旧手机放着落灰这年头卖旧机居然可以赚钱啦，年关将近，快来换新机跨年！这个12月苏宁线下以旧换新推出最高补贴488元，戳链接预约：网页链接 预约成功会有客服跟您联系，完成到店回收，转发本微博抽5人每人送一张100元的苏宁卡！上网上街上苏宁	未
苏宁宣布并购国际米兰	未
@苏宁小店 让城市 带点鲜气儿你在哪座城市 你的城市里有什么自带鲜气的东西	未
苏宁拼购：一列从五环内开往五环外的城际高铁	未
苏宁新队员加入	未
苏宁易购再发债，募集资金100亿元，80亿用于偿债	未
苏宁易购电子竞技俱乐部（小狮子战队）队长狼行与前闪电狼队长蛇蛇（现苏宁易购电子竞技俱乐部辅助选手）在昨日的签约仪式上接受了我们的采访。采访后，我们为两人拍摄合影，狼队为了适应蛇蛇的身高，很贴心的主动蹲下。	未
苏宁易购：计划增加使用自有资金进行风险投资额度	未
苏宁环球：回购股份比例达2%	未
苏宁环球：拟3.71亿元收购宜兴农业100%股权	未
苏宁环球拟3.71亿收购宜兴农业 发展康养产业	未
苏宁环球 拟收购宜兴农业	未
苏宁金融研究院报告：消费降级的依据站不住脚	未
苏家庄有座祈年台	未
苏州48家护理院首次信用定级 15家被评为B级	未
苏州716家房产中介“红黑榜”公布 这家不合格	未
苏州85路公交上，他死掐住司机的脖子监控还原真相！	未
苏州PM2.5中度到重度污染！直到后天！吃这些能抗雾霾别信	未
苏州一小区住宅楼爆燃 致3人死亡	未
苏州一小车失控驶入河中司机爬出逃生 成功脱险	未
苏州一男子吃完啤酒鸭，开车被查出酒驾！加了7瓶啤酒炖鸭子	未
苏州一的姐捡到钱包 跑了3趟送还	未
苏州下！雪！了！气温低1度，心梗发病率增2！已经有人进了重症病房，千万当心！	未
苏州下雪昨夜的雪去哪了原来	未
苏州人在家动动手指就能预约卖废品 数万市民已尝鲜	未
苏州人在家可预约卖废品 收入可自动提现或兑换物品	未
苏州人注意！1月1日起，交通失信记录将纳入个人征信，可能影响你就业贷款！	未
苏州人注意！上班别堵在这条路上，该路段已全线封闭	未
苏州人注意！！这两个感冒药，全国停用停产！	未
苏州人高铁出行　可先乘车后买票	未
苏州兆能//@sangchen86:是哪家企业	未
苏州全面开展不动产登记“一窗受理 、集成服务”	未
//@苏州公安:一年了	未
//@苏州公安: //@吴堡公安://@石狮公安://@来宾公安: //@贺州警方: //@赫山公安分局: //@江油公安://@警民携手同行:查看话题详情	未
苏州公安快速止付 全年返还1600万	未
苏州公安查获百万假冒美容药，爱美少女深陷美容贷	未
苏州公安研发AI平台  3个月抓获309名在逃人员	未
苏州公安研发AI平台 3个月抓获309名在逃人员	未
苏州公安研发AI平台，3个月抓获309名在逃人员	未
苏州创元投资转让东吴人寿4.975%股权	未
苏州加大欠薪惩戒力度 确保农民工按时拿到工资	未
苏州加强建筑农民工工资专用账户管理 确保专款专用	未
苏州博物馆中为何放着一块赝品石碑	未
苏州博物馆中有件活宝，存世已经480年，据说已经无价	未
苏州又有一波岗位招聘，涉及机关国企	未
苏州又要逆天了，十几座购物中心即将开业！看看有你家附近的吗	未
苏州各大医院呼吸科排起长龙大雾天专家说要这样应对	未
苏州启动应急预案迎战恶劣天气 确保交通有序	未
苏州吴江太湖水源地：大闸蟹看护棚未全部拆除	未
苏州吴江支付宝乘公交全面开通	未
苏州园区港正式开港，苏州工业园区至上海港外贸航线正式开通。截至11月底，全市累计关停化工企业364家。苏州750辆纯电动城市公共汽车今起陆续上线。轨道交通6号线工程开工，古城东北片区将实施交通管控。太湖围网明年6月将全部拆除，目前围网设施移交已完成20.9。更多精彩尽在今日苏报。	未
苏州园区港正式开港，苏州工业园区至上海港外贸航线正式开通截至11月底，全市累计关停化工企业364家苏州750辆纯电动城市公共汽车今起陆续上线轨道交通6号线工程开工，古城东北片区将实施交通管控太湖围网明年6月将全部拆除，目前围网设施移交已完成20.9更多精彩尽在今日苏报	未
苏州国际理解教育大会：学生为何越来越没有学习兴趣	未
苏州土拍10宗地块揽金110亿 8宗涉宅类地块全部限价	未
苏州地铁6号线S1线正式开工！（附施工单位）	未
苏州城事又一条中欧班列从苏州首发 东西两条可以同时运营12月3日，中欧班列（苏州多斯特克杜伊斯堡）首发仪式，在苏州国际铁路物流中心举行。这意味着苏州成为全国可以同时运营苏新欧苏满欧东西两条中欧班列的城市。据了解，昨天首发的中欧班列从苏州国际铁路物流中心始发，经新疆阿拉山口出境途径哈萨克斯坦多斯特克，终点到达德国杜伊斯堡港，全程预计16天。其出口货物主要为笔记本电脑电子元器件液晶显示屏等。	未
苏州城事吃的是垃圾吐的是钱 居民爱上喂这只宠物狗近期每天都有居民提着各式废品下楼去喂小黄狗。原来，这是金阊街道彩香一村南区社区引进的小黄狗智能垃圾分类回收设备，居民按指示投放废弃可利用的垃圾，还能收到相应的环保金。居民使用时可以通过手机App查找附近的回收机投放。投放完成后，机器会根据相应的回收价格经由手机App返现给居民。社区负责人表示，希望通过这只小黄狗，鼓励更多居民主动参与垃圾分类，既维护了家庭和小区的清洁美丽，又普及了垃圾分类知识及环保理念。@苏州姑苏发布@苏州环保宣教	未
苏州城事坚守干将路15年 友通数码港要撤场了......买电脑，买数码产品很多苏州人肯定会想到逛一逛友通数码港，而就在近日，有消息称友通数码港要撤场了，经营近15年的老牌数码要撤场了，友通数码港传出消息，合同期满后不再续租。听闻这消息，小鱼很是惊讶，陪伴了我们学生时代的数码港就这么离我们远去了，小鱼还是有点念念不舍......	未
苏州城事最新苏州轨交6号线园区段站点出炉轨交6号线又有新消息涉及园区路段10站。5号线部分附属建筑及工程站名也公布啦，距正式命名及使用就更近一步啦，一起来看看吧《最新苏州轨交6号线园区段站点出炉》  @苏州发布  最新苏州轨交6号线园区段站点出炉	未
