陕西：武功河滩会开集	未
@陕西气象 解释: 说实话一开始确实有点无法确认到底是霰还是米雪还是冰粒，所以特意咨询了泾河观测站的工作人员，经观测显示为雨夹雪，一般省局以观测站出来的结果为准。为严谨点赞！	未
陕西气象部门发布低温黄色预警陕西省气象台12月8日10时30分发布低温黄色预警：预计未来48小时，我省最低气温持续偏低，陕北最低温度在-20-16，关中最低温度在-11-6，陕南最低温度在-6-4预计11-12日我省低温天气仍将持续，13日之后气温将略有回升提醒：市民注意防寒保暖，快把最厚的羽 ...全文	未
陕西洛川一乡政府欠3万元餐费16年未还，回应：财力紧张	未
陕西煤业：已累计耗资约6亿元回购股份	未
陕西燃气集团首次LNG国际贸易试点：返航即是新起点	未
陕西版“反杀案”二审开庭，辩论焦点：正当防卫还是防卫过当	未
陕西版“反杀案”即将二审开庭，庭审情况将进行直播	未
陕西现有13129例艾滋病感染者，感染者：恐怖的不是艾滋病，而是不可控的欲望	未
陕西的哥因多看乘客一眼被打，打人者原是网上追逃人员	未
陕西的哥因多看乘客一眼被打，打人者原是网上追逃人员11月23日，西安的哥习攀拉了两名乘客两人喝了酒，谈话中出现打架跑了等字眼习攀说，他便多看了一眼乘客，没想到被其中一男子呵斥：好好开你的车！根据职业经验他判断这两个人有问题，于是准备把车开往就近的派出所去半 ...全文	未
陕西的小北京	未
陕西省两万余名学生参加艺考统考	未
陕西省交警总队公布20处存安全隐患的下坡路段12月18日，省公安厅交警总队公布陕西存在安全隐患的下坡路段，并提醒广大司机在这些路段行驶要注意给刹车降温。      据了解，省交警总队11月开始集中开展长大下坡路段排查整治行动。经过调查，目前已经初步排查出不符合现行《公路路线设计规范》有关 ...全文	未
陕西省交警总队公布20处存安全隐患的下坡路段12月18日，省公安厅交警总队公布陕西存在安全隐患的下坡路段，并提醒广大司机在这些路段行驶要注意给刹车降温。据了解，省交警总队11月开始集中开展长大下坡路段排查整治行动。经过调查，目前已经初步排查出不符合现行《公路路线设计规范》有关规定，平均纵坡较大，连续坡长超过极限值，且交通事故多发的危险路段共20处。交警总队方面表示，长下坡路段由于纵坡坡度较大，长度较长，车辆行经此类路段经常要连续使用刹车控制车速，不可避免地出现刹车温度过高，影响制动效能的现象。尤其是	未
陕西省人民代表大会常务委员会任免职人员名单	未
陕西省军区司令员杨志斌任陕西“戎装常委”	未
陕西省军区司令员杨志斌任陕西省委常委	未
陕西省出台省级机关事业单位机构编制实名制管理暂行办法	未
陕西省出台重点领域失信“黑名单”发布制度	未
陕西省卫健委：非洲猪瘟不感染人猪肉高温加热30分钟以上病毒就会被杀灭华商报讯（记者李琳）针对非洲猪瘟，12月3日，陕西省卫健委发布提示，对非洲猪瘟进行了详细解读，强调非洲猪瘟不是人畜共患病，不感染人，也不感染除家猪和野猪之外的其他动物。同时，经过官方严格检验检疫的猪肉是可以吃的。1.非洲猪瘟是什么样的疫病?非洲猪瘟是由非洲猪瘟病毒引起的一种急性烈性高度接触性传染病，发病死亡率高，可达100，严重危害养猪业。非洲猪瘟不是人畜共患病，不感染人，也不感染除家猪和野猪之外的其他动物。该病主要通过接触传	未
陕西省原卫计委党组书记、榆林市委原书记胡志强被“双开”	未
陕西省宝鸡市财政启动2018年度政府采购“双随机”抽查工作	未
陕西省建有艾滋病检测实验室428个	未
陕西省征地补偿新标准发布 2019年1月1日施行	未
陕西省扶贫办副主任陈肖坪接受纪律审查和监察调查	未
陕西省扶贫开发办公室副主任陈肖坪接受纪律审查和监察调查	未
陕西省政府任免一批副厅级以上领导干部	未
陕西省教育厅：落实教育部通报精神，规范民办义务教育发展	未
陕西省神木市和贵州省贵阳市白云区排查出非洲猪瘟疫情	未
陕西省西安市鄠邑区等三地排查出非洲猪瘟疫情农业农村部新闻办公室3日发布消息显示，陕西省西安市鄠邑区北京市通州区黑龙江省农垦总局北安管理局排查出非洲猪瘟疫情    12月2日20时，农业农村部接到中国动物疫病预防控制中心报告，经中国动物卫生与流行病学中心（国家外来动物疫病研究中心 ...全文	未
陕西省西安市鄠邑区等三地排查出非洲猪瘟疫情农业农村部新闻办公室3日发布消息显示，陕西省西安市鄠邑区北京市通州区黑龙江省农垦总局北安管理局排查出非洲猪瘟疫情。12月2日20时，农业农村部接到中国动物疫病预防控制中心报告，经中国动物卫生与流行病学中心（国家外来动物疫病研究中心）确诊， 陕西省西安市鄠邑区一养殖场排查出非洲猪瘟疫情，该养殖场存栏生猪245头，发病205头，死亡79头。北京市通州区一规模养殖场排查出非洲猪瘟疫情，该养殖场存栏生猪9835头，发病85头，死亡17头。黑龙江省农垦总局北安管理	未
陕西省高速公路安全隐患2140处 需3亿治理	未
陕西省黄龙山系七县（市）护林联防委员会第五十七届二次暨五十八届一次会议在黄龙召开	未
陕西看点 又有73人被吊销驾照终生禁驾！陕西公安厅交警总队曝光今年三季度终生禁驾人员名单，全省共有73人因交通肇事构成犯罪被依法吊销机动车驾驶证，且终生不得再取得机动车驾驶资格。在全部73名终生禁驾人员中，有54人因造成交通事故后逃逸构成犯罪被吊销驾驶证。其中年龄最大的61岁，最小的23岁，女性1人，男性53人。 有19人因酒驾醉驾发生事故构成犯罪被终生禁驾。(记者 尚磊)	未
陕西看点 宝鸡发现战国时期大型祭祀遗址 或与祭祀农神炎帝有关最近，考古人员在宝鸡市陈仓区发现了战国时期的吴山祭祀遗址，目前已发掘了800平方米的区域，发现了8座车马坑。每一座车马坑都是驷马一车的配置，从出土情况看，祭祀的时候使用的都是真车真马。根据文献记载，春秋战国时期宝鸡雍城附近有五个国家级祭祀场所，吴山有吴阳上畤和吴阳下畤，一个祭祀黄帝，一个祭祀炎帝。炎帝经常被作为农神来祭奠。 而这个祭祀遗址很可能跟祭祀炎帝有关。（陕视新闻记者：陈大威 赵景辉）	未
陕西看点 延安吴起：载煤半挂车行驶中突然起火 竟因长时间行驶轮胎升温所致 12月4日早上八点，延安消防支队指挥中心接到群众报警称，一辆满载煤块的半挂车在行驶中突然车身起火，由于事发地距离县城近40公里，消防人员到达事发现场时，载煤半挂车明火已经熄灭，但煤堆下仍有大量火星，消防人员立即对燃烧部位进行降温处理。经过两个小时的救援，半挂车着火部位被全部处理完毕。经初步了解，半挂车是由于长时间行驶导致轮胎升温引起着火。（陕视新闻延安站记者 李楠）	未
陕西看点 沪陕高速商洛段发生21车连环事故今天（12月8日）清晨5点左右，G40沪陕高速西安往商洛方向1413段发生交通事故。商洛消防赶往现场救援。经侦查现场有21车相撞，发生多起交通事故：其中一处为一辆载有33吨甲醇槽罐车尾部泄漏，一处为两车相撞1人被困驾驶室，其余交通事故为轻微碰撞，无人员伤亡。 6时42分，甲醇槽罐车泄漏罐体停止泄漏。消防特勤中队单干线出一支泡沫枪对泄漏罐体周围进行稀释，并已协调交警部门联系倒罐车前来进行倒罐。 9时37分，商州消防中队成功救出被困人员，生命特征完好，并移交	未
陕西看点 老人独守深山养蜂脱贫 不给另立门户的儿女添麻烦西安周至县楼观镇后就峪，65岁的徐光来在做蜂箱。女儿出嫁，儿子是上门女婿，老伴去世也有8年了，徐光来独自一人留在深山里，养蜂卖蜂蜜成了他唯一的收入。一个人的生活很简单，常常是下一小把挂面就是一餐。徐光来说：清水煮挂面，里面放点油盐醋青菜就行。（西部网）	未
陕西看点 陕西做好干部安置：6名军转干部担任地方副市长近日，一条师职军转干部安置的新闻引起陕西军地强烈反响：3名正师职军队转业干部安置到地市任市委常委副市长，3名副师职干部任副市长。师职转业干部服役时间长做出的贡献大，将他们安置好不仅是对个人军旅生涯的肯定和褒奖，更是对现役干部消除后顾之忧扎根军营奉献的鼓舞激励。基于此认识，陕西制定出台了深化国防和军队改革期间军转安置工作的9项14条硬措施，详情：陕西做好干部安置：6名军转干部担任地方副市长	未
陕西石泉:把监督举报平台搬到群众"家门口"	未
陕西神木被害少女1988年日本出了个绫濑水泥杀人案，被害人埼玉县17岁女高中生古田顺子在东京都江东区若洲内被人发现以水泥密封在圆柱油桶内凶手是四名16到18岁的高中辍学学生，将被害人监禁41日，期间施以强奸殴打焚烧等暴行致死1990年5月21日，检察官在东京地方法院的公审上论 ...全文	未
陕西神木被害少女1988年日本出了个绫濑水泥杀人案，被害人埼玉县17岁女高中生古田顺子在东京都江东区若洲内被人发现以水泥密封在圆柱油桶内。凶手是四名16到18岁的高中辍学学生，将被害人监禁41日，期间施以强奸殴打焚烧等暴行致死。1990年5月21日，检察官在东京地方法院的公审上论告求刑时，说出了在过去的刑事案件上罕见的重话：「本案是我国犯罪史上罕见重大凶恶犯罪」「根本不用斟酌被告的动机」「凌辱的手段完全超乎想象」。1991年7月12日，东京高等法院宣判最重的有期徒刑20年，其他三个5-1	未
陕西神木被害少女事件：六名嫌疑人全部抓获到案	未
陕西神木被害少女母亲：嫌疑人早就不在学校读书了从得知女儿遇害之后，王秀华（化名）的眼泪就没断过，她讲起女儿的旧事讲起在女儿失踪两个多月里她不停寻找的经历，眼泪不停往下掉。孩子的父亲捂住脸，等抬起头时，指甲已经在脸上留下深深的掐痕。陕西神木被害少女母亲：嫌疑人早就不在学校读书了 （新京报）	未
陕西神木、贵州贵阳排查出非洲猪瘟疫情	未
陕西神木、贵州贵阳现非洲猪瘟疫情 共有24头死亡	未
陕西积极打造网上信访平台 网上投诉件次已占全省信访总量一半以上	未
陕西美力源乳业生产的，全国多家电视台广播电台都有类似的电视购物合作，产品质量没问题，但细究各地的宣传广告，只能呵呵。	未
陕西考古发现战国时期大型祭祀遗址	未
陕西药监局公布4批次不合格食品，永辉超市商品在内	未
陕西著名书法家吴三大逝世，曾为张艺谋多部电影题写片名	未
陕西蒲城县女企商会关爱留守儿童扶贫公益活动走进高阳镇中心小学	未
陕西被害少女嫌疑人全部抓获陕西初中少女被害案侦破，六名犯人都未成年！网友：未成年人保护法保护未成年人，但不保护未成年人犯罪...	未
陕西西安，一商场地下车库设置女性专用停车位，车位大小与普通停车位相同，不同的就是地面涂上粉标。纯属是没事闲的浪费资源，多想，分明是性别歧视，为什么非要给设置专用停车位为什么没有男性专用停车位是歧视女司机的技能，还是对男性司机的不平等典型的废力不讨好，现今社会性别平等，女司机不需要特别照顾，男司机也不应被忽视！驾驶技术不过是熟练工种而已，多操作自然运用就如鱼得水，设计者主要考虑的应该是女司机的技术不过关，那以后是不是还需要交管部门设置女性驾驶专用通道	未
陕西身边事 今年陕西发现2196例艾滋病感染者 性传播为主要途径陕西新生婴儿父母注意 以后可在网上给娃报户口刚刚！陕西省曝光一批终生禁驾人员名单，看看都是谁	未
陕西身边事拉着朋友去汉中吃泡姜鸡 宝鸡男子无证驾车被抓宝鸡5名90后商量去汉中吃泡姜鸡，于是开车前往。22岁赵某没有驾驶证，他坦言：开的是家里的车，想着朋友累了，就帮忙开一段。民警表示，他们将对赵某身份进行核实，如果确实没有驾驶证，赵某将面临1500元罚款及行政拘留处罚。	未
陕西还将下降4到6 13日开始气温会缓慢回升 据最新预报，受新一股冷空气向南扩散影响，今明两天陕西省气温还将下降4-6，关中南部陕南气温仍将持续在较低状态，寒意浓浓。随着天气转晴，13日以后气温将会缓慢小幅回升。提醒市民：一定要穿厚衣服保暖，早晚开车出门注意道路结冰，安全过寒冬。（华商报）	未
陕西这位医生火了！被硬塞5000元红包，他反手一个神操作！网友怒赞！	未
陕西铜川等12个地级市透明度得零分	未
陕西镇坪县最长寿老人离世11月22日，安康镇坪县最长寿的老人胡厚银离世，享年115岁。父亲走得很安详，但是他一走，我们都没有了归属感。俗话说，父母在，家就在。父亲虽然走了，但是我们家族的孝老敬老传统一定会代代相传发扬光大。昨日，胡厚银已逾古稀之年的儿子胡从志告诉华商报记者，他们总共有7个兄弟姐妹，父亲去世后，大家从全国各地赶回来为老人送行。详情：	未
陕西长安竞技足球俱乐部球员丁国梁先生于2018年11月30日凌晨4时许，因癌症病情恶化抢救无效不幸辞世，终年23岁	未
陕西：限价挂网产品可由医联体带量采购	未
陕西陕煤韩城矿业有限公司桑树坪煤矿122较大火灾事故调查报告	未
陕西除了西安的地方四川除了成都的地方几乎整个甘肃还有东三省绝大多数地方刨除牧民和矿区的内蒙古新疆宁夏广西贵州云南还有大半个湖南，大半个河南真的都该好好去了解下真以为生活在北上广深东部地区或者省会就以为全中国都这样了啊海南的五星级酒店套房还只要1200一晚呢	未
陕西首个电子身份证办理政务在国际港务区启用	未
陕西首单“苹果期货+保险”完成理赔	未
陕西黄柏塬保护区首次拍摄到金钱豹(图)	未
陕西黑猫：拟49亿元在内蒙古投建项目	未
陕视航拍隔屏都想屏住呼吸......	未
院中一桥，是桥也是景	未
院中长出金苹果 农家乐乐出 西藏朗县首个万元村	未
院内摆十几个小笼子就敢自称动物王国！孩子爬上鳄鱼笼，负责人：被咬浇一下盐换一下药就可以了...	未
院士被聘为三甲大医院院长：医而优则仕的最高版	未
院子里不要乱种花！此花花开260天，-25度冻不死，沾土就活	未
院子里闯进一黑熊被猫发现后，竟。。	未
院子里面亮晶晶	未
院线电影《天下无债》剧组福建多地取景	未
院线竞争越来惨烈了，有加钱往里冲的，也有挂了的	未
院长和女医生，快看！	未
院长和女医生，眞丢人！	未
院长看球卡拉斯科打伤晋鹏翔赔120万后和解 已回欧洲休假	未
院长看球曝巴黎7500万欧拿下德容 巴萨梦碎	未
院长科室主任大爆料	未
院长落泪之笔，中国不需要医生吗	未
除了7，全中	未
除了FC-1之外，剩下俩我总觉得是最大起飞重量	未
除了三亚，海南还有哪里去了不后悔	未
除了上个问题以外，还有个问题，大家过年想要什么样的礼物，我好给大家准备个几千份。	未
除了不会涨，A股到处都是优点！这到底是在夸A股还是在黑A股	未
除了两情相悦，所有的喜欢都是心酸。	未
除了会比想象中小。。	未
除了使用冒牌医生，体检行业还有哪些乱象怎么办	未
除了公立医疗机构，这类医美机构你也别小看了！	未
除了刘雯这些国模也很会穿	未
除了喊冷，吃的喝的一点儿不耽搁。//@山东大嫚儿518:珞妮怎么样呢 有没有不适应 看庄主发的图片 觉得小妞儿元气满满 超级欢快	未
除了大象，没有任何人需要象牙。	未
除了威少MVP赛季，雷霆已经很久没有经历过这样的比赛，一场在末节落后20多分一路狂追，最后用一记三分绝杀荡气回肠终结的比赛。上一次如此惊人相似的场景，还是三年前威少在魔术主场用一记蛮横的超远三分拖入加时，KD不管其他队友冲上前去和威少尽情撞胸，而这一次他身边的男人换成了乔治。投进三分绝杀后，乔治停了下来，他在等待威少和自己庆祝。那个热血的男人疯狂地朝队友嘶喊着怒吼着，而这一次万万没想到的是，乔治一把将他揽入怀中。那一刻，他有那么一丝意外和迟疑。这个疯狂燃烧自己的男人，终于等到了同样能点燃自己的兄弟，而这	未
除了娶你和转账 光说说而已的喜欢和想念都别太当真 嘘寒问暖不如打笔巨款	未
除了学历入户，人才入户还有哪些途径	未
除了寿比南山，以后还可以祝您寿比鲨鱼人类为了显得比实际上更年轻，可谓绞尽脑汁，然而鲨鱼几乎可以不费吹灰之力。此前，科学家一直严重低估了鲨鱼的寿命，而实际上许多鲨鱼在海里称霸的时间可能比此前估算的久得多，比如，格陵兰鲨起码可以活到300岁。网页链接	未
除了建筑设计有点板块效应，别的啥热点也没有，太不像话了！	未
除了@张思莱医师 张阿姨，这是我见到的第二个明确不要购买海外奶粉的儿科专家。向前辈儿科医务工作者们致敬！	未
除了心跳，听诊器还能帮你“听”出这些病	未
除了快递我谁都不必等	未
除了性生活，只剩打麻将：中国2000多个县城生活实录	未
除了我们自己以外，没有人能贬低我们。	未
除了打不还手骂不还口 公交车司机还有这些心事…	未
除了把植物改造成人造肉，联合国粮食及农业组织（FAO）世界银行等机构的报告提醒我们，食用昆虫也是应对上述困境的一条重要途径。昆虫是一种非常安全的动物蛋白来源，营养和我们吃的鸡羊猪牛是一样的。	未
除了放假，12月还有这些事和你息息相关，第一件影响很多贺州人	未
除了昊昊，其他的都是歪瓜裂枣	未
除了晚上，其他时间都困。	未
除了暴饮暴食，我别无选择	未
除了曹操专车之外，你可能还会在成都打到宝马专车	未
除了林更新粉丝，谁还会购买六必治牙粉  CM广告微诊室	未
除了法人，锤子科技还有这些人事变更	未
除了法国，其他欧洲国家也开始向义乌下订单了，想要了解世界大局，就看义乌大数据库 查看图片	未
除了父母没人这样爱过我//@辣条娘:记得的人你也不一定喜欢啊//@这是一个很高冷的ID://@Tiger公子:很多人不是不记得，只是懒得用心去呵护一段感情。	未
除了种树和偷能量，你还会用蚂蚁森林来做什么注意，是除了种树和偷能量。	未
除了穷，还有什么理由能让你起的这么早，忍受着这么冷的天气去上班没有！	未
除了第一个剩下全是混子 看看人家多么笔挺！	未
除了红色和黑色你是哪种颜色的人黑色是我们的眼睛，红色代表炽热的血我们是AC米兰 你是哪种颜色的人	未
除了葱姜蒜 南京厨师为何香辛料用得少？	未
除了贪欲和执着，没有什么能困住你自由的心	未
除了跳楼，哪有什么一帆风顺的事情。	未
除了远离大货车和泥罐车，还有坦克	未
除了部分人记性不好，更大的原因是很多人压根就不知道这件事儿或者说这个牌子。所以我们要帮忙扩散，让更多人知道鸭	未
除了限制，也是时候立法保护和管理猫猫狗狗啦  法治论苑	未
除了陪富婆睡觉有没有一年能挣1000万的生意	未
除了雾霾 你还需要关注......	未
除了雾霾，莱芜未来4天有雨，甚至还有雨夹雪！更可怕的是...	未
除以色列总理、外长，内塔尼亚胡又获防长任命	未
除去粤北，全省一片懒洋洋广东天气实况	未
除四害的高手北京85岁的常德老大爷和他的弟弟都是捕麻雀的能手，1957年冬天他和家人捕了三万多只。他的侄女出嫁时，裤子也是雀绒絮的。（刘广华 摄 ）	未
除夕夜祝寿客人买烟花庆贺 结果烧了邻居房屋：8人赔40余万2017年1月，四川广元，郭军在除夕夜邀请亲朋好友来聚餐，同时也为其父亲祝寿。由于郭军拒收礼金，部分客人提议买烟花爆竹庆贺。结果郭军在楼下燃放时，引燃了楼顶，导致顶层两户住户的房屋被烧毁，分别损失24万余元和22万余元。后经法院判决，郭军承担40责任，共计18万余元，其余9人承担60责任，每人3万余元。12月5日，红星新闻记者从苍溪法院获悉，目前，该案已全部执行完毕，3日，两名房屋被烧毁的住户已经领到执行款。详细：除夕夜祝寿客人买烟花庆贺	未
除夕火车票明起开售 多地热门车次票源紧张	未
除恶  吸纳未成年入会！打砸土方车...这些野心勃勃的黑社会人员在打什么鬼算盘！	未
除昆明之外 全省大范围降雨天气还将持续	未
除洛阳南阳外，哪些城市是开发商主战场?据数据统计，从河南近期拍地情况来看，郑州土地热度已明显冷却，还有部分城市出现明显下行趋势，其中包括上半年表现火热的平原新区许昌焦作等环郑区域但洛阳南阳等地市场逆市增长，前景较好接下来，哪些城市将成房企重点布局的城市详情 ...全文	未
除“病根” 拔“穷根”	未
除“病根” 拔“穷根”（扶贫新观察）	未
除罚款外，驾驶证记3分 汽车高速超速怎么处理	未
除隐患带电消缺 保居民农业用电12月10日，在10千伏洼陈线61号杆南赵集农业配电现场，@国网乐陵市供电公司 带电作业人员更换配电设备线夹，及时消除设备运行安全隐患，为农业可靠供电提供保障。	未
除雪、实测桥面温度……将雨雪天气对上海市民出行的影响降至最低	未
除非遇上雾霾，不然激光还是挺厉害的	未
除高管离职外，近日，蔚来出现了首位要求退车用户。一位ES8车主发文称，提车两个月，真的是什么奇葩事件都遇到过，补个漆可以补半个月，车载机器人Nomi半夜唱歌自嗨，吓到保安。对此，该车主要求退车。	未
陨落的张首晟，曾经如何做投资	未
险！200斤驴友登山被困灵白线！救援一公里挪了一小时	未
险！一司机酒后“断片”驾车，在高速公路上逆行48公里	未
险！三轮摩托侧翻水渠......	未
险丨今天京藏高速发生惊人一幕，宁A轿车瞬间失去控制！	未
险！九江一男子开车打盹，睁眼时已飞悬空中...	未
险！云阳一辆重型吊车冲出马路，凌空飞行20余米，掉落楼顶	未
险企别只盯着有形资产 安联：企业声誉等无形资产保险需求空间大	未
险企年内186亿元举牌8家上市公司 万能险出局中国保险行业披露的信息统计显示，今年以来共有7家险企举牌了8家公司，合计耗资186亿元。与往年险企谈举牌色变不同的是，今年监管多次鼓励险企在二级市场股权投资。举牌的保险公司由此前的中小型保险公司为主变为大型保险公司为主，举牌的资金来源由此前的万能险等险种账户，变为自有资金传统寿险账户。（证券日报）	未
险企纾困性举牌持续进行	未
险！俩二师兄上高架成网红	未
险！加拿大一老人心脏骤停 幸好年幼外孙懂心肺复苏术加拿大两名小男孩近日因对心脏骤停的外婆施心肺复苏术急救获得急救部门表彰上个月，兄弟俩在外婆查特森家中玩时，62岁的外婆突然昏迷，没有心跳迹象幸运的是，10岁的哥哥基安5个月前在生日聚会上和朋友们向当护士的母亲学习心肺复苏术 ...全文	未
险墨江一大货车侧翻险坠百米山崖，庆幸	未
险！大刺猬撞上高速护栏，现场一片狼藉......	未
险！小车四脚朝天翻进水塘，警民合力救出一男一女昨日下午，武汉市黄陂区王家河前王线路段发生一起交通事故，一辆黑色轿车失控翻入路边水塘，车内一男一女被困。@平安黄陂 王家河派出所民警巡逻路过发现了这一险情，及时跳入水中展开救援。汉警微镜头险！小车四脚朝天翻进水塘，警民合力救出一男一女	未
险怀集连麦凤凰大桥一小车撞断桥栏差点冲进河里......	未
险！想从冰面抄近路大庆一车人掉进冰窟窿！16日，大庆市杜尔伯特蒙古族自治县他拉哈镇，一辆轿车想从冰上抄近路时不慎驶入清沟，一车人坠入冰窟......事发后，迅速刷屏了当地人的朋友圈，很多人闻讯赶来，并找来大型作业车帮忙。幸运的是，车上乘客落水后都及时逃离，没有造成人员伤亡。生 ...全文	未
险永春留安山西路一辆满载水泥砖的货车发生侧翻，满地漏油	未
险！海口街头这两名男子在行驶中的大货车上竟然这样	未
险！玩个滑梯，青岛两岁娃差点毁容！而商场的答复竟是	未
险！田东这个路段，路过车辆接连翻车...司机朋友们请小心慢行！	未
险！肃宁双胞胎幼童走失之后......	未
险胜3000多票！柯文哲以微弱优势连任台北市长	未
险胜佳兆业 久润8200万竞得密云新城一地块	未
险，苏州一男子爬到高架外！危急时刻，交警蜀黍的做法亮了	未
险被埋！一家五口去买房 付定金时售楼部棚顶塌了	未
险！货车司机疲劳驾驶，撞护栏后油箱脱落！杭州爆料 今天早上7点多，S14杭长高速上，一个油箱燃起了熊熊大火，一辆号牌为皖P的重型货车车损严重，前排两个轮子均已散落在地，还有两个人都被困在驾驶室内，好在无人员伤亡。经询问，货车驾驶员刘师傅一夜没睡，开车的时候打瞌睡，直到撞上护栏后才猛然惊醒。 他心有余悸地说：还好油箱脱落了，不然肯定会发生爆炸我就完了。城市V聚力杭州1货车司机一夜没睡上高速 撞护栏后油箱脱落	未
险资举牌潮再起 长线资金唱主角	未
险资、私募、产业资本竞相"示爱" 这些上市公司为何频频被举牌?	未
险！轿车拐弯撞上大货车油箱康安路与通顺街交口	未
险！高速路上驾驶员腹痛难忍 交警鸣笛急送医	未
陪@一只会飞的法斗 来堵你罗，不知道今天运气怎么样赫迪拉和慢猪已经走了。juventus 意大利都灵	未
陪伴你们最久的物件是什么我有一双棉手套，高中买的用到现在	未
陪伴倾听就够了，让对方的心情好起来不是你的责任，让对方变成好人更和你没有半点关系。做不到是正常的，谁让你做谁就是偷懒耍奸。	未
陪伴，就是不管你需不需要，我一直都在情感依梦	未
陪伴微贷2221天！他说出老用户心里话：因为信任，所以简单！	未
陪伴换房租，95后抢住养老院	未
陪你去看流星雨然后下一秒双双成盒绝地求生刺激战场	未
陪你聊几天你就喜欢他 天生自带话痨属性谈恋爱还没几个月就想过一辈子交个朋友稍微对你好点就想来往一生难怪你的怨气那么重 悲伤那么多 这都是天真的代价 只怪自己......... 亲爱的不二	未
陪你走完了这一段路 我也变成你路过的路 从此人山人海不再归来	未
陪你走完了这一段路我也变成你路过的路从此人山人海不再归来	未
陪你酩酊大醉的人注定没办法送你回家	未
陪外婆在网吧学广场舞	未
陪大款一夜后女子卷走42万“包养费”，半月后突然现身	未
陪女友考研把游戏全删了 对方拒绝了你的狗粮并踢翻的你的碗不知道这种狗粮女主打起游戏是哪种小姐姐王者荣耀	未
陪女生逛街，男生这些想法也太太太太太邪恶了吧！	未
陪妈热评被吞了，我在发一次，已经在去场馆的路上了 查看图片	未
陪娃作业，我们都现了原形。	未
陪娃写作业，竟被老公扇耳光！中年老母亲怎么应对暴力作业	未
陪媳妇回农村老家，一道地道的客家美食，让我吃到根本停不下来	未
陪小学女儿写作业，年轻妈妈“一时激愤”考了个教师资格证	未
陪我拆快递吧@小蛮蛮小 的一直播（下载App-gt网页链接）	未
陪护假真的来了！子女可以带薪陪护患病父母！	未
陰差陽錯在一起	未
陳凱欣：市民忍夠反對派的謾罵及指責記者馮煒強報道：陳凱欣在勝出後表示，非常高興，並感謝助選團隊及支持者。她指是次選舉的勝出，反映市民忍夠反對派的謾罵及指責，同時亦反映市民重視民生問題，與自己的理念一致。她重申，進入議會後會繼續以民生優先，關注民生問題。	未
//@陳嘉上Gordon:但確是大師//@-風行雲上-:回复@zmcy:知道我为什么喜欢上微博吗现实世界没人正眼瞧，微博上总有好心人捧//@zmcy:不好改，但是你是大师	未
陳英鈐爽領30萬年終獎金確定！中選會：政院核准生效中選會主委陳英鈐25日為九合一大選綁10案公投選務紛亂請辭，不過，在中選會公文迄今陳仍是請假狀態，遭爆陳是為了要領到30萬元的年終獎金對此，中選會1 日上午說明，11月25日陳英鈐向行政院長賴清德口頭請辭，11月26日正式以書面向行政院提出於12月3日辭職，並經行政院核准辭職生效。ETtoday新闻云 报导:网页链接 (shelly) 网页链接	未
陵川东部大山里的小村庄：松山村	未
陵川举办世界艾滋病日宣传活动！	未
陵川人喊你回家7饭！	未
陵川县侯家庄古村落保护规划...	未
陵川县礼义镇28岁的第一书记王亚辉	未
陵川县长任彩虹专题督查非洲猪瘟防控工作	未
陵川崇文镇的武晴晴寻亲	未
陵川故乡情：我家门前有条河	未
陵川气象预警 大雪将至，寒潮来袭！！	未
陵川这个乡镇发现岳飞庙	未
陵川这些场所及商铺被陵川创卫指挥部督办	未
陵川这些电动车摩托车逆行被交警抓拍！	未
陵川这些行人闯红灯被交警实名曝光！	未
陵川黄围街要建加油站主体评审方案已出......	未
陵川黄庄积善寻幽探古...	未
陶以平：服务民企应围绕消减风险做文章	未
陶建飞：“空中飞人”每三天飞一趟 为桥梁、路面严把质量关	未
陶晶莹原定存百万就退休 为女儿圆美国梦计划变了	未
//@陶永谊:回复@广州美图201502:我不相信啊//@广州美图201502:陶博，你还真相信川菜的制造业回流么他是要搞死富士康！他主要是没人，也绝无可能去做低端产品！等我们产能去的差不多了！就是通胀外溢的开始！他都还不知道啥叫厉害！现在牛逼哄哄的！@陶永谊	未
//@陶永谊:回复@陈稼邺:没有共赢也就没有商业和市场了，原子弹时代，战争不能作为最后手段，那不仅仅是双输，那意味着文明的毁灭。//@陈稼邺:共赢是不存在的，战争后的和平是妥协，妥协，妥协。关于战争的观点，东方和西方有本质的差别，可参照孙子兵法和战争论。	未
//@陶永谊://@股道热肠也://@HW前HR:这么牛//@朦胧氤氲:这个是华为和迪拜签了五百亿的5G合同，迪拜国王心情好赠送的一次免费宣传。是免费的。而且除了迪拜塔周围所有的楼宇外墙全部黑灯了。贼有排面	未
//@陶永谊:转发微博	未
陶瓷中藏有固态物质新结构	未
//@陶短房:回复@地狱特快专列:我父亲是在栖霞工作近40年的老社队，栖霞寺僧的事迹家喻户晓，这也让这所寺庙在此后多个非常时期都未受冲击（千佛岩六朝佛像是另一和尚异想天开用水泥抢救搞坏的，不是被破坏），所以才愤怒	未
//@陶短房:这是基本要求，必须的//@新蜜蜂alex182: 美帝真能折腾，M8这个东西，我印象中不下20年了吧上了下下了上，每回项目名称不一样，但是东西一直是那个东西，这回还要求C130空运吗	未
陶说  人世间总有一种情至纯至善	未
陶赫《Dark.overlord》首发 彻响12月	未
陷入了17年，终于要从阿富汗撤军7000人！美军暴露的弱点给解放军提了个醒……	未
陷入沉思//@江上渡:哈哈哈哈哈哈什么鬼//@AOI熊://@太皇太后您有喜啦:最右扎心了//@藍華柳 :他叫我滚	未
陷入沉思//@魔得离奇:烂好人在单位是不行的//@东土大唐三俗和尚:	未
陷入阿富汗17年，美军暴露的弱点给解放军提了个醒……	未
陷“艾滋免疫婴儿”门，和美医疗称没听过医学伦理委员会	未
陷阱，注意您的朋友圏！	未
@陸壹贰辰：坐标天津开发区三大街银河大厦，下楼扔垃圾时发现垃圾桶不见了，然后仔细一看才发现，垃圾桶还是有的，而且还分类了，就是稍微有那么一点忒忒忒小了	未
隆佐一瘸一拐地走进了更衣室。	未
隆冬时节，一起去罗布泊看海	未
隆力奇硫磺皂120g9.8到手脸部背部全身都可用的，可以杀杀螨虫什么的	未
隆化10.16车祸后续，车祸无情！医者有爱！	未
隆华科技：拟转让5.46%股份，引入河南高创作为战略投资者	未
隆回人快来看，农村妇女剁砧板骂架的视频火了！	未
隆回停车位传来最新消息	未
隆回出动653名警力，这是要干嘛	未
隆回县12月3日停电公告	未
隆回县公开选任150名人民陪审员	未
隆回县车位费有猫腻!1年100租给企业 每小时收5元	未
隆回发现一种奇怪的野生动物，你见过吗	未
隆回城东南工业园区，有两个化学工厂，可能存在排放污水和废气的问题，网友网上发帖求助	未
隆回处置quot贫困学生倒免费奶quot：责成供应企业整改湖南贫困县学生倒掉免费餐奶一事有最新进展。12月19日，隆回县官方通过隆回县新闻网回应此事称，当地县委县政府成立联合调查组，责成供应企业整改，提供差异化服务。近日，湖南邵阳隆回县某小学学生把营养餐奶倒入水沟的一段视频引起 ...全文	未
隆回处置“贫困县学生倒掉免费奶”	未
隆回处置“贫困县学生倒掉免费奶”：责成供应企业立即整改	未
隆回处置贫困县学生倒掉免费奶：责成供应企业立即整改湖南贫困县学生倒掉免费餐奶一事有最新进展。12月19日，隆回县官方通过隆回县新闻网回应此事称，当地县委县政府成立联合调查组，责成供应企业整改，提供差异化服务。据澎湃早前报道，几名小学生模样的孩子蹲站在水沟边挤压品牌为 ...全文	未
隆回处置贫困县学生倒掉免费奶：责成供应企业立即整改湖南贫困县学生倒掉免费餐奶一事有最新进展。12月19日，隆回县官方通过隆回县新闻网回应此事称，当地县委县政府成立联合调查组，责成供应企业整改，提供差异化服务。 查看图片	未
隆回将扩大禁炮区范围，这些地方禁止燃放烟花爆竹！	未
隆回就营养餐征询意见：统一食堂供餐，采购有学生奶标识牛奶	未
隆回招聘8名乡镇卫生院中医医生，请互相转告！	未
隆回暂缓城区停车位“百元招租”，中标单位曾被指可获取暴利	未
隆回暂缓城区停车位百元招租，中标单位曾被指可获取暴利11月19日，湖南邵阳隆回县城管执法局发布中标通知书，东莞市东田物业管理有限公司以每年18.05万元的价格成功竞得隆回县城区部分主干道路1805个停车收费管理运营权。诸多网友认为，单个车位100元年的招租费用较低，按照超出30分钟每小时5元的停车收费标准，中标企业很可能从中获取暴利。11月26日晚，澎湃从隆回县官方证实，鉴于前期准备工作不充分，招租工作不细致不严谨，隆回县委县政府已明确城区部分道路公共停车泊位收费管理对外承包经营项目暂缓实	未
隆回暂缓城区停车位百元招租，中标单位曾被指可获取暴利11月19日，隆回县城管执法局发布中标通知书，东莞市东田物业管理有限公司以每年18.05万元的价格成功竞得隆回县城区部分主干道路1805个停车收费管理运营权诸多网友认为，单个车位100元年的招租费用较低，按照超出30分钟每小时5元 ...全文	未
隆回洞口两个村为争水源，差点发生群体性械斗！	未
隆回男子两次抢夺方向盘被行拘十五日11月25日，由隆回开往荷香桥的5路公交车上，乘客庞某青两次要求司机停车，声称再不停车就抢方向盘了，因没有站台被司机拒绝后，庞某青就连续两次动手抢夺方向盘，致使行驶中的公交车失去控制。司机采取紧急制动后停车报警，随后庞某青被行政拘留十五日。	未
隆回车位事件，湖南经视最新报道揭秘！	未
隆国强：低端产业转移要避免产业空洞化	未
隆国强：全球化进程中防范金融风险要加强国际合作和协调	未
隆基泰和集团党委召开第八次全体党员大会	未
隆基股份：拟融资不超过60亿元护航扩产计划	未
隆多今日在洛杉矶看了医生，他手部的肿胀已经消除了。48小时内将会为他重新评估。火湖大战你最不擅长什么詹姆斯背手防守	未
隆多倒地后，追梦格林一屁股差点实打实坐到隆多小腿上！即便躲的及时，隆多的腿还是被坐的弹了一下，捂着腿蜷缩在地！有些球员的脏，是无意的有些球员的脏，是有意的而格林的脏，是下意识的！	未
隆多（右掌骨骨折）和英格拉姆（左脚踝扭伤）今天参加了湖人完整训练！被列入明日出战成疑名单（50出战可能）。欢迎回来！	未
隆多在南湾湖人训练图	未
隆多：我跟英格拉姆关系紧密，禁赛期间曾给他礼物在谈到跟湖人前锋布兰登-英格拉姆的关系时，隆多说：我跟布兰登-英格拉姆的关系很紧密。我知道他100在背后支持我，他就是我哥们。如果我遇到麻烦，他就是我第一个会打电话的人。在我们被禁赛之后，我曾给了B.I.（英格拉姆）一份小礼物，不过对此 ...全文	未
隆多的梦想沃顿心慌不	未
隆多答记者问，生涯结束后是否会考虑当教练他回答说:我对做球队经理和总裁感兴趣，也许会当教练NBA吐槽大会	未
隆多被湖人下放至发展联盟附属球队南湾湖人队，继续手部伤势的恢复。又要碰到考辛斯了吗NBA吐槽大会	未
隆多说他退役后有意当一名总经理总裁，或者当主教练执教。NBA吐槽大会	未
隆多说：我从来没见过詹姆斯受伤，看到他当时受伤，我有点震惊了，真是不敢相信啊！而詹姆斯也说他自己很少会遭遇伤病的，不过有时候这种情况会发生。NBA吐槽大会	未
隆多：退役后有兴趣当球队总裁或经理，也许会当教练NBANBA吐槽大会	未
隆尧11月24号停电计划，看看影响哪里	未
隆尧一大姐因为这事上电视台了，请帮帮她们！	未
隆尧一轿车因套牌被交警监控，谁认识车主	未
隆尧今天这里发射了4枚火箭弹！原来是因为...	未
隆尧县各单位执法人员名单公布！你认识几个	未
隆尧县大气污染防治工作小组通知	未
隆尧发现官僚主义问题线索515件，处理429人，追回资金516万元！	未
隆尧取缔多家黑加油站点查获柴油7余吨，拆除加油机2台！	未
隆尧城管出动人员230人次去做这件事...	未
隆尧这个路口喷淋设备如此摆放，路人被淋一身水	未
隆尧这群人今天去看望火连庄小嘉诚了！送去了过冬物资！	未
隆平高科：拟1.84亿元转让兴隆种业51%股权	未
隆昌惊现多处屠狗窝点，百余条流浪狗和猫急需救助！	未
隆昌新闻2018-12-03	未
隆林这车是校车（还是黑车），也可以这么操作	未
隆福寺共修八关斋戒活动通知	未
隆重  今天澄海这个乡大闹热，全乡女儿都回来！原来是因为......	未
隆鑫通用：拟4.4亿元收购金亚机械66%股权 涉足军工业务领域	未
隋棠首晒三孩子婴儿照 三胎儿子“奥里”首曝光	未
随你心意。	未
随便打个车就10万了	未
随便找一个外国人弄了什么东西呀，真是有钱没处花。//@摄影师HAO: //@庄雅婷:看了一天这条新闻和朋友们的吐槽，觉得上海真是座好城市。人们会特别郑重的坚守审美和品位，坚决不肯辣眼睛然后想想我大华北平原史蒂芬老师的河北游记，那个是另一种消解方式：不能辣我一个人	未
随便抽地下水卖钱高安这家公司被查！	未
随便拿！泉州海滨公园喊你搬菊花，尽管带回家！不然过两天就	未
随便//@江南小辣椒:俩女的可以吗我和你 问问这位黄大哥	未
随便瞎聊聊啊，等于跟大家说说心里话现在又对 BMW X7感兴趣了，其实一开始根本不感兴趣的觉得车大，第三排我又用不上后来看了一下尺寸，比我现在的750短100来毫米，轴距也短了105毫米，是3105毫米我750开着都没问题，而且我这辆还没有后轮随动转向，那开X7更不会觉得大啊，而且还有后轮随动转 ...全文	未
随便聊聊，话说，你们追得最长时间的星是谁啊为Ta做过什么事呢我初中超迷东方神起，各种买他们的周边，那时候还买过一本书，YY在中和允浩恋爱的，写了超厚一本，我那时候傻乎乎还当真了，坚信这都是真的	未
随便说成whatever超级粗鲁，慎用！	未
@随便输一个00352：虾哥从哪悟来这么些至理名言回复：虾哥不正经不正经，一旦正经起来连自己都怕！大家看虾哥平时挺随和的是吧但做起事来是另外个人，这是那天无意间下去时刚好听到年轻人在讨论时说的！不好意思，听墙角啦！嘻嘻	未
随口答应不如认真拒绝。	未
随后说两句少林寺扣押任大小姐的事儿。先说明，我个人对于华为是有好感的，也去参观过他们的总部，比起很多国内企业，华为还是很棒的。以下说的是就事论事。这次事件就我看来大致是这样：华为早就被视为威胁，至于到底是什么类型的威胁，大致是两个方面，一个不能说（回复里谁瞎扯淡我就删除拉黑谁）一个是商业层面。本来调查就一直在进行，这次的时间点选择有凑巧的成分，但也不排除故意的成分（看上面括号，同上）。最后会怎样现在不好说，这事儿闹到这个程度，以我在技校学的那点儿美国的权力架构与常识，怕是到了很糟糕的程度。无可否认的是	未
随喜  (隨喜) （多语读诵）	未
随州7地2人上榜！正在公示，快为他们打call	未
随州一女子先天性2000度近视合并多种眼疾，46年来首次看清家人的样子	未
随州中央生态环保督察回头看，全面梳理：随县石材开采加工企业一刀切全部关停问题	未
随州交警提醒！这几天开车出行请注意	未
随州人快看，黑枸杞又被央视曝光！没想到长期喝最后竟然变成了...	未
随州人注意！这两种感冒药绝对不要再吃了，全国停用停产！	未
随州全面打响非洲猪瘟疫病防控战！猪肉还能吃吗！	未
随州新增艾滋病79人！主要原因是	未
随州男子偷车后观赏景点被抓获！	未
随意吧，他们自己都不在意，我们这些人还需要帮他们么//@午后狂睡: 这是一个警察说的话	未
随意吧，这个国家基本完蛋了//@sven_shi: 这就属于明抢了。	未
随意扔or没素质，你选哪一样	未
随意补缴补征尤其是对中小微企业，与杀鸡取卵竭泽而渔何异	未
随意记（2018年11月26日）	未
随手@ 一个你认为今年都不会脱单的人	未
随手一转 说不定你就变锦鲤了！	未
随手丢的都是宝	未
随手参与下//@爱拆快递的安妮: 下午开啾！	未
随手扫一下，明天评论里抽188	未
随手扫个话费钱，今晚评论里再送个188元	未
随手拍两老人走在雨后泥泞的路上，看得我有点心塞	未
随手拍丨别让暖心设施变窝心物件蜘蛛网盘踞街头有碍观瞻	未
随手拍为了文明创建，我已在路上巡查一个星期了，现在，还在路上。实话说，这半年的创建，宿州城区市容市貌发生了翻天覆地的变化，市民的整体素质在逐步提升，成绩取得来之不易，持续战斗，2020年，拿下全国文明城市的牌子！	未
随手拍举报交通违法 时间地点提供一下，请@深圳交警机动训练大队 严查！这样开车，到底是想干啥	未
随手拍举报交通违法网友提供的地点：龙岗区中心城，德政路，与龙城建设路路口，向西10米，路北侧人行道。请@深圳龙岗交警 依法严查！！！	未
随手拍了点鱼房里川渝地区的原生图9是跟着高原鳅混进来的	未
随手拍信阳 申城泛晨雾。图/@Sunyer-H 等	未
随手拍古塔广场围了好多人，快看是干啥嘞！	未
随手拍周庄，一个集齐了小桥流水和人家的地方。(刘李昭)@国网衡阳供电公司	未
随手拍圣惠北路羊驮寺村口红绿灯不亮了	未
随手拍大桥这个村自来水管道漏水啦，辛亏现在还没上冻！	未
随手拍天气今天的太阳，真是轻描淡写！恰似眉心一点红！	未
随手拍宿州城区上空，弥漫一股焚烧味道。	未
随手拍尉氏街头各种围挡，里边到底是干的啥有答案了！	未
随手拍工农西街佰客隆商场门口占用人行盲道做停车场	未
随手拍广州 三塔这是上天了吗	未
随手拍广州夜幕降临@广东天气 @广州天气 @中国广州发布 @中国天气 @拍好广州	未
随手拍广州 小编8天气 虽然现在很热，但是之后，你们会想念这个的	未
随手拍广州 小编擦了擦眼镜，发现不是因为近视才看不清就放心了	未
随手拍广州 最近正是异木棉盛开的季节	未
随手拍广州 还真的蛮像的大家知道这是什么花花咩	未
随手拍广州 这落日好像装在楼顶的灯泡哇	未
随手拍广州 钓起一个咸蛋黄	未
随手拍校园夜深的虹子湖畔，抖落的一地枝头细雪，回望路上的脚印，深深浅浅都是沉甸甸的欢欣。初雪后的@青岛农业大学	未
随手拍气温已零下，尉氏刘麦河里依旧有人趟水！	未
随手拍河津市这条路十字路口下水道盖板破裂与塌陷	未
随手拍浙大 你见过凌晨两点半的紫金港吗via: @金才迪	未
随手拍浙大 风吹落最后一片叶我的心也飘着雪@以非日记	未
随手拍湖大 冬又深了记得添衣via@小华喊你麦克列	未
随手拍湖大冷冷冷 长沙夜里气温越来越冷了，大家多多注意防寒保暖呀via@Sakuratin	未
随手拍稷山县太阳乡太阳村环境脏乱差	未
随手拍给交警部门提个建议，宿州淮河路与人民路交叉口，路灯时间太短，不一路小跑，根本过不来。	未
随手拍给交警部门提个建议，淮河路与银河一路交叉口，路灯时间太短，不一路小跑，根本过不来。	未
随手拍谨慎驾驶！缙云隧道口发生一起车祸！原因是	未
随手拍运城东星时代商场巷口，餐车是否占道经营	未
随手拍 连心桥 电线咫尺悬头顶 市民一拍得处理	未
随手拍 连心桥 这条小巷年久失修 污水横流	未
随手拍金茂，污水外溢。	未
随手拍随手拍天随手拍天气随手拍广州拍好广州我们的广州@广东天气  @广州天气 广州荔湾湖公园	未
随手拍风陵渡镇北城小学变压器老化	未
随手捞一下	未
随手捞一下[给你小心心]	未
随手捞一下这个	未
随手捞一捞，这台手机	未
随手晒肥肉卡哇伊吗	未
随手解救万州单身男女 one love	未
随手解救万州单身男女 @张大洒不是傻- 93年大龄剩女，万州本地人，目前在乡镇医疗机构工作，性格很好，很会照顾人。一直不愿意将就，可能就是为了等待对的人。如果最后是你那么晚一点也没关系。希望对方也是万州本地人，最好工作稳定，性格开朗。不愿意再流浪，想让自己安定下来。非诚勿扰。	未
随手转一发，万一中了呢	未
随手转发，你就可能挽救一条小生命！今日大雪，天气越来越冷，一些流浪的小动物们开始寻找温暖的住所。曾有小动物在车底取暖惨遭碾死，提醒各位开车的小伙伴：开车前，拍拍引擎盖，按下喇叭，前后检查下以确保没有熟睡的小动物！为了您和它们的安全，转发扩散！	未
随手转发，你就可能挽救一条小生命！近日来天气越来越冷，一些流浪的小动物们开始寻找温暖的住所曾有小动物在车底取暖惨遭碾死，提醒各位开车的小伙伴：开车前，拍拍引擎盖，按下喇叭，前后检查下以确保没有熟睡的小动物！为了您和它们的安全，转发扩散！	未
随手转发，帮爱回家！//@陳法蓉:失踪时穿着：橘红色外套，黑色裤子。急尋！//@陳嘉上Gordon:	未
随手转发正能量我就没怕过谁	未
随手转发让爱回家心疼！小声点！让他趴一会吧这位民警，在北京抓捕任务结束回浙江绍兴途中，没有坐票，6个多小时，就蜷缩在列车里睡着。为了守护岁月静好，他们，负重前行！转！致敬！	未
随手领个吃早餐，领完留评论，520晚上就开了	未
随拍太岳街1行驶中车辆起火 烧的好惨...	未
随拍富士康这一堆人等公交车，还要查超员	未
随拍文博路浓烟滚滚，消防车都到现场了...	未
随拍新市西街大段道路正式通车 大片区域将停电...	未
随拍晋城某地居民竟在集中供热暖气上接水龙头...	未
随拍景西路白色轿车连环撞后逃逸...	未
随拍针对限行， 晋城微友强烈呼吁...	未
随拍黄花街1老人躺美女车盖不下来 尴尬了	未
随时代漂泊的农民工 40年间进城又返乡  在线影展	未
随时失踪 偶尔陪撩随时开车 偶尔宠粉	未
随机喊停 再捉5个 小伙伴500 今晚开 是钱钱 （蟹老板语气）	未
随机金额，你得到了多少	未
随着A330-900正式交付葡萄牙航空，A330-800进入最后试飞阶段，空中客车已经暂时没有任何新飞机在研发中了，未来怎么办彭博社报道了空中客车的计划：1）首先是A320neo新型号：A321XLR，更大更远的新A321neo，阻击波音的新小型双通道客机2）A350neo：如空客传统，换个发动机再卖20年，随着2025年左右有新的发动机技术商用，空客计划给A350升级3）终于迎来一款完全全新设计的单通道客机，取代40年前就诞生的A320系列。 4）最后，不是新飞机，而是生产能力提升：实现每月生产	未
随着中国对美汽车关税的取消，标志着中美贸易战划句号了，接下来就看协议写些什么，我预计协议90以上几率会达成，无论写了什么，但我们的宣传肯定是赢了，事实上中国人民也肯定是赢了（懂的人自然会懂）。中美贸易战阴霾在慢慢消散，目前股市最大的问题是信心恢复以及市场暂时缺钱，但熬一熬就会过去，只要手头拿的是有业绩的蓝筹股，都没问题，赔点时间罢了，勿忧！	未
随着吴金贵从离任申花主帅。19赛季中超土帅再减一人，仅存三位。分别是李霄鹏李铁与王宝山中超土帅再少一人！缩至三人 两李一王苦苦支撑	未
随着富时罗素（FTSE）宣布纳入A股MSCI表示将扩大A股纳入，近日，标普道琼斯指数（SampP DJI）也宣布将于2019年9月23日正式纳入部分A股，在月底将公布具体纳入的A股公司名单。既中国制造打入美国市场，大A股也将走进美国的金融市场。	未
随着《巴黎气候协定》实施细则的出台，下一个重点是在现实世界减少排放这个更为艰巨的任务。今年，全球温室气体排放量创历史新高，且排放增长速度也达到7年来最高水平。	未
随着轰的一声巨响，曲阳产德乡这家的墙被推倒........	未
随礼6.66元喝了4瓶五粮液6.66元哪里能吃一顿好的，婚礼上！其实这哥们可能是为了抵制红色炸弹的不良风气，觉得谈钱伤感情，真正意义上的吃好喝好就好	未
随礼6.66元喝了4瓶五粮液临走的时候还带走了两包中华	未
随礼6.66元喝了4瓶五粮液朋友结婚，男子随礼6.66元，还喝了4瓶五粮液带走2包中华...元芳:我从没见过这么不要脸的朋友	未
随礼6.66元喝了4瓶五粮液男子结婚朋友随礼6.66元，却喝了4瓶五粮液，带走2包中华杨先生今年28岁，家住重庆南岸区弹子石，结婚的时候，朋友只给他发了6.66元的红包，结婚的典礼上，却大吃大喝，几个人喝了四瓶五粮液，临走的时候还带走了两包中华	未
随礼6.66元喝了4瓶五粮液真能有这种同学这位成都的李先生咋想的喃	未
随礼6.66元喝了4瓶五粮液虽然当时候无法接受这样的随礼，但是过后父母劝说杨先生，或许是因为朋友喝多了酒，发666元时错发成了6.66，他自己也不知道，在父母的劝说下，杨先生慢慢地也就释然了11月底，杨先生收到了李先生的电子请帖，通知他12月8日去成都参加他的婚礼起初杨先生因为工作忙还有点 ...全文	未
随笔@吴悠morefree	未
（随     笔）张倩华 l 我眼中的记者朋友	未
随缘并不是安于现状，得过且过。而是全力以赴后的顺其自然。	未
随行灵磐181130回家吧，不要再流荡！	未
随行灵磐181206把时间留给你的家庭	未
随行灵磐181207父母是儿女的榜样	未
随身携带刀具，不是个善茬。	未
随身物品不见了去毕节公交公司瞧瞧	未
随风奔跑自由撞毒品拘了！	未
随风消退防霾之后是防寒	未
隐于无锡的乡野小店，竟藏着60年厨龄的一代名厨！	未
隐匿于楼房里的 老宅子	未
隐姓埋名好几年，今天却有人找我这个快递员给她破案！	未
隐姓埋名潜逃两年，一朝落网大呼解脱	未
隐居大山六百多年的蒙古族茶农	未
//@隐弈軒:	未
隐形人口调查，你是哪个	未
隐形杀手！请千万不要这样开车，每个人都该看一看！	未
隐形贫困人口：手握10块钱，做着10亿的梦	未
隐形贫困人口钱花哪了我怎么知道花哪了，我也不知道啊	未
隐形车	未
隐患险于明火，防范胜于救灾，责任重于泰山。 江泽民	未
隐法师第一次开张国企的委托原来国企付律师费还得先找我们要我们的营业执照复印件开户许可证复印件和法定代表人身份证复印件看到助理拿回来的我所主任那成功律师标配的发际线，不禁感叹一句学法真清凉啊 荆门荆门市博物馆	未
隐瞒3年，江疏影与胡歌分手原因曝光，网友：难怪之前一直不公开	未
隐瞒多年赵丽颖的哥哥，原来我们都很熟悉，怪不得会火	未
隐私部位的手术做一半，医生竟然停了下来！更气人的是	未
隐约感觉锤子可能真遇到困难了，希望能挺过去	未
隐藏于什邡深山的奇景被揭秘  什茂轨道交通线路踏勘纪实	未
隐藏在压缩机人身边的59种电气隐患，千万别忽视！	未
隐藏在古村落里的关中四糖，你吃过吗	未
隐藏在安福的特殊场所曝光，每天都有女孩往这跑	未
隐藏在连城深山中的小村落，炊烟袅袅...	未
隐藏的愤怒也会伤人	未
隐身446万企业幕后的行业之王	未
隐身战机克星！中国这款雷达或成“游戏规则改变者”	未
隐身机舱的空保小哥哥 随时应对突发事件 保护旅客安全	未
隐身许久的红花会pgone 录视频为南京大屠杀81周年发声，换了发型整个人的感觉都不一样了	未
隐遁帝王李健熙，每逢艰难闭门冥思，出门时问题已解决七八成	未
隔一天喝一大杯奶茶，16岁女生连走路都喘医生：这两种人就告别奶茶吧	未
隔一天喝一大杯奶茶！福州16岁女生突发心肌炎，运动健将现在连走路都喘！	未
隔一天就喝奶茶！16岁女生突发心肌炎！平湖人你平均几天喝呢	未
隔三差五都有这样的新闻，现在吃啥都不放心，都说外卖不卫生建议自己做，有闲工夫自己做原材料可能是重新加工包装过的劣质货唉，要么我去开养鸡场吧，自养自足	未
隔代亲背后的人性大恶	未
隔壁主人公又出新职业了....	未
隔壁家的老王	未
隔壁小孩都听哭了	未
隔壁小情侣每晚都...锦州女网友遇到尴尬...如何巧妙解决	未
隔壁杭州这里已经大雪纷飞，冷空气已送到 那么常山什么时候会下雪呢	未
隔壁杯赛这个上单赵信直接给游戏打崩了 真实。。。	未
//@隔壁班华学长:重在参与	未
@隔壁的亲二大爷：8号下晚班，叫嘀嗒回家，我从新世界百货到曹庄，到地儿他非得要线下支付，我有优惠券也同意他线下了，找司机要票，司机随便拿了一个给我，结果是11月27日，我问时间不对，他说我就不给你打票，你要说打票我不拉你，你爱要不要，我只能在车上跟他僵持到晚上12点35，他的意思，你爱走不 ...全文	未
隔壁老王历险记。微博视频	未
隔壁老王又转世了 瞎胡村老王讲故事的主页	未
隔壁老王又转世了 网页链接	未
隔壁老王吗光着身子从楼上摔下来	未
隔壁老王，欠我八块钱的第八天	未
隔壁老王翻车了	未
隔夜shibor报2.0280%	未
隔夜Shibor独跌	未
隔夜国内商品市场涨跌参半	未
隔夜外盘欧洲主要股指普涨美股盘中剧烈震荡，收盘涨跌不一，道指跌0.22，标普跌0.04，纳指涨0.16英镑兑美元延续跌势美油收涨逾1。隔夜外盘：欧股普涨美股剧烈震荡 英镑延续跌势美油涨逾1	未
隔夜外盘美联储宣布加息25个基点，暗示明年加息速度放缓，鲍威尔称将继续缩表道指跌逾300点，纳指跌超2，标普500指数创15个月新低美油涨逾2。隔夜外盘：鲍威尔称美联储将继续缩表 美股大跌三大股指均创逾一年新低	未
隔夜标普500指数收跌50.79点，跌幅2.06，道琼斯工业平均指数跌幅1.81，纳斯达克综合指数跌幅2.99。美股继续跳水	未
隔夜水隔夜菜隔夜茶隔夜肉，到底哪个不能吃专家公布真相	未
隔夜美股大动荡死去活来，大A股抗压能力渐渐增强	未
隔夜茶毒如蛇到底能不能喝	未
隔夜银耳汤喝了会中毒！	未
隔天一大杯奶茶！16岁女生突发心肌炎，走路都喘！这两种人千万别喝！	未
隔天就喝一大杯奶茶！16岁女生突发心肌炎！医生：这两种人不要喝！	未
隔牖风惊竹，刷屏雪满山。	未
隔着屏幕感受到了窒息//@Loluuuuuu:卧槽哈哈哈哈哈哈//@七色的偽物人形:哈哈哈哈哈，好听	未
隔着屏幕轻易产生感情的你肯定很孤独吧情感V时代	未
隔着屏幕都怕！体验五龙谭玻璃天桥，走一下60块门票！	未
隔着屏幕都感觉这群小美们的绝望...reddit：SqueeblesOW守望先锋V影响力峰会 游戏V势力	未
隔空撞鞋。 Glenn James / Zach Beeker	未
隔窗云雾生衣上，卷幔山泉入镜中。林下水声喧语笑，岩间树色隐房栊。 王维《敕借岐王九成宫避暑应教》	未
隔绝6万年 印度蛮荒小岛严禁登陆早时有美国游客无视禁令，硬闯印度一个与世隔绝的小岛，想向岛上的原始部落居民传教，却惨被极度排外的岛民乱箭射杀，连遗体都没办法收回来。印度在孟加拉国湾的安达曼-尼科巴群岛，有很多适合渡假的美丽海岛，唯独有一个只可远观，就是北森蒂内尔岛。北森蒂内尔岛形状近似方形，长约8公里宽7公里，面积大约60平方公里，大小约为关岛的十分之一，小岛四周被珊瑚礁环绕，陆地为森林所覆盖。据研究，岛上大约在六万年前就有人类居住。如今的人口只能靠推测，约有五十人至四百人。印度政府规定，靠近小岛	未
隧道内一辆大巴车被追尾起火！别紧张，这其实是场路地联合演练	未
隧道内燃起熊熊大火，乐清男子却三次往返，原来他竟是为寻找	未
隧道内燃起熊熊大火，男子却三次往返，原来他是为了寻找	未
隧道内燃起熊熊大火，男子却三次往返，原来他竟是为寻找	未
隧道打洞技术//@老马自奋蹄://@黑科技在日本:惊人的工程机械	未
隧道的微光	未
隨便刷刷到大片裡的女子1 网页链接	未
难//@仙女甜了酱:懂了//@睡眠营业中:是//@春光炸裂:无法说不是一种控制力差的体现。	未
难以想象！咸宁街头上演着一幕幕这样的画面，竟然都看哭了...	未
难以想象的惊涛骇浪什么样应该以什么样的精神状态来迎接可能到来的难以想象的惊涛骇浪怎样应对可能到来的难以想象的惊涛骇浪	未
难以想象！蔡甸街头上演着一幕幕这样的画面，居然都看哭了...	未
难以放手的原因，大概是我们总是自己给自己希望	未
难以破译的另一种文字	未
难以置信！中国竟被称为全球最奇 的国家！	未
难和霾彻底说再见，长沙的雾霾究竟从何来	未
难在哪儿贵阳地铁1号线被专家打上最难标签	未
难对抗Zara、H&M，英品牌NewLook宣布退出中国	未
难度补丁总算来了//@CDPROJEKTRED:是时候再一次和女王并肩作战了！	未
难度进阶版根据这记被打飞的球附近的建筑环境，猜猜这是哪座英超球场如此英超，怎能不爱	未
难得有个振奋的消息//@北国佳人李春姬:太不容易了。同时这个案子也告诉我们，你保持沉默终将沉没。遭遇不平等和歧视应该奋起对抗它。你不是一个人抵御逆流。你是群体的一分子。	未
难得看到没被媒体曝光的捐款行为，之前真的一点宣传没有。聂鑫车祸这件事，像何晟铭叶璇黄维德这种不论是不是朋友，关键时刻能伸出援助之手的人还是需要赞扬的！	未
难怪你越来越老，就因为你总做这件事	未
难怪你越来越老，就因为你老做这些事！	未
难怪你这么胖，经络都堵了！	未
难怪她每天起床第一句//@大侦探福尔摩伍：我都是用叉子把她戳漏气。	未
难怪好人有恶报，原因在这里！	未
难怪彭昱畅接不到吻戏哈哈 请彭昱畅反思一下	未
难怪，我看到这个了 查看图片 //@圆掌:啊啊啊有我什么事我去年去的呀//@牙嘿喳喳杨先生：自从园长你们来过以后旧的灵长区就出现了奇怪的东西，比如战损的儿童设施上下来的各种动物座椅。	未
难怪最近觉得即使是冬天也暖暖的	未
难找的不是爱，是信任。	未
难敌滴滴，走差异化路线是车企转型的出路吗 中国汽车报	未
难治性儿科癫痫新药！Aquestive公司药物Sympazan在美国上市，成首个氯巴占口腔膜剂专科药开发商Aquestive Therapeutics近日宣布，在美国市场推出Sympazan（clobazam，氯巴占）口腔膜，该药可在全美的零售药店购买，也可邮寄购买。在美国，Sympazan于今年11月初获得美国食品和药物管理局（FDA）批准，用于2岁及以上患者治疗Lennox-Gastaut综合征（LGS）相关的癫痫发作。此次批准，使Sympazan成为首个也是唯一一个获FDA批准治疗LGS相关癫	未
难治性抑郁症疲劳肠易激综合征和慢性疼痛功能医学案例报道（上）	未
难熬的日子里 什么也没有说 所以以后 也不必说	未
难舍警服情结	未
难过的时候，千万别总找人聊天	未
难道一定要用极端的方式才能解决问题吗//@文玩史菌: 好好的一个女儿，哎，男的不判死刑天理难容//@IT总司令: 这男的毁了两家人//@战车二代目: 这男的毁了两家人//@鍋盖頭司令: 人神共怒，天理不容！	未
难道不是毛孩子的一生吗	未
难道亲爱的客栈2手误关掉滤镜像看恐怖电影吗	未
难道仅有蜂蜜这一款产品会这样做吗商场里大量过期食品如何去库存，最后它们又流向了哪里我想这才是外界更应该关注的，光查一个蜂蜜，然后处置一些人，罚点钱，事情就能结束吗冰小乐	未
难道又要再次验证下江湖传言要么日她的人牛逼，要么日她妈的牛逼的//@连线记者: //@潘-多磊:谁的干女儿吗//@光头帮主:帮她火一把//@闵玉平12:MLGB！//@止戈从文:规矩是定给大家来一同遵守的，脑残女撒野直接报警！	未
难道台湾身份证是纸质的	未
难道学友要来博爱开演唱会！这位是博爱公安本周抓获的第五名逃犯！	未
难道有诈？明知土耳其买了俄的S400 美还要卖它爱国者	未
难道每一个EDG上单的宿命就是加入RNG我还以为扣肉的情况是偶然。然后，AJ也	未
难道经常发喵星人，我五行招猫车漏天在小区停放，前天车的机器盖被猫抓了满脸花，刚花了数千元喷漆修复好，修好后换了个地停，今天下楼发现前机盖又被抓了好几道，有没有好办法杜绝这种情况，求助	未
难道范叫兽不知道在不使用武器的情况下，撞船是国际通用的做法吗叫兽要多读书呀。	未
难道这起事件真的是“杨志卖刀”？从这个角度来进行解读还真新鲜	未
雀巢入局A2蛋白奶粉领域，市场混战初见端倪	未
雀巢全球首款据称选用A2 β-酪蛋白的妈妈奶粉在中国推出	未
雀巢召回问题奶粉 中国为何能幸免	未
雀巢品牌“躺枪”跨境电商	未
雀巢探讨出售欧莱雅，喜茶回应外卖现异物，雅士利和达能的包装服务协议延长，澳媒称代购每天寄出3万罐奶粉，麦当劳再获中国杰出雇主	未
雀巢现问题婴儿奶粉，在德国紧急召回 雀巢天猫客服：请您放心购买有媒体报道称，雀巢日前宣布在德国召回一批恩敏舒氨基酸婴儿配方奶粉，称其部分产品的矿物质含量过高，可能引起儿童不适。其生产批号为80250346GA的400克恩敏舒氨基酸罐装奶粉。在雀巢天猫NestleHealthScience官方旗舰店内，400克恩敏舒氨基酸罐装奶粉售价为488元，产地为瑞士，由瑞士原装进口。对此，记者向客服人员咨询问题批次是否会影响国内产品，客服回应称，请您放心购买。而雀巢公司则对记者表示，雀巢方面确认了在	未
雀巢现问题婴儿奶粉，在德国紧急召回 雀巢天猫客服：请您放心购买有媒体报道称，雀巢日前宣布在德国召回一批恩敏舒氨基酸婴儿配方奶粉，称其部分产品的矿物质含量过高，可能引起儿童不适其生产批号为80250346GA的400克恩敏舒氨基酸罐装奶粉在雀巢天猫NestleHealthScience官方旗舰店内，400 ...全文	未
//@雁儿19721231:对，我还没去过，已经看过很多内容了。谢谢舵爷，我一定会去的！	未
雁城这个小区的一条马路竟变停车场，咋肥四	未
雁鸣湖镇召开意识形态工作专题培训会	未
雄关古寨  牵牛寨	未
雄关古寨  西寨	未
雄关正能量寒风中 嘉峪关街头出现一封暖心的失物招领	未
雄关漫道真如铁，而今迈步从头越。	未
雄关漫道真如铁，而今迈步从头越，张斌对市监系统提出新希望	未
雄县便民信息--11.23期，招聘求职出租转让这都有！	未
雄县便民信息--11.24期，招聘求职出租转让这都有！	未
雄县便民信息--11.29期，招聘求职出租转让这都有！	未
雄县便民信息--11.30期，招聘求职出租转让这都有！	未
雄县便民信息--12.1期，招聘求职出租转让这都有！	未
雄县便民信息--12.2期，招聘求职出租转让这都有！	未
雄县便民信息--12.4期，招聘求职出租转让这都有！	未
雄县大面积停电计划，涉及每个乡镇！	未
雄县疯传县人民医院工作人员拾得弃婴?真相是...	未
雄叔下午茶   你买左还是右	未
雄叔下午茶   南方北方大不同，认得出这是个啥吗	未
雄叔下午茶   猴子身轻站树梢打一水果名（看过红楼梦的小伙伴还记得谜底是什么吗）	未
雄叔下午茶   自己最喜欢的菜你是会留到最后，还是最先就吃完它	未
雄安5组团功能规划，涉及55个村庄！	未
雄安三县全部通班车了！附班次站点表，互相转告！	未
雄安三环规划！文安被纳入雄安第三环	未
雄安交通规划图曝光！共6条线路，有你家附近的吗	未
雄安周边三环规划！霸州文安任丘全进入，大城又远了点	未
雄安城区环境治理有新招，看看都有啥	未
雄安将造山，部分道路永久禁行汽车，北城以人工建设为主！	未
雄安快讯！这个村发补偿款了	未
雄安-总投约34个亿，涉及雄安新区安新县78个村的工程	未
雄安新区606个有水纳污坑塘全部完成治理	未
雄安新区党工委、管委会正式挂牌以来，首次有领导变动	未
雄安新区公共服务，交通规划图曝光！	未
“雄安新区公寓开盘30万元一套起”系不实信息	未
雄安新区公寓开盘30万/套？官方：不实信息，全域停建停售	未
雄安新区原筹备委员会主任刘宝玲，另有任用	未
雄安新区召开宣传思想和网信工作会！将开展八大工程	未
雄安新区召开干部大会：刘宝玲不再担任雄安党工委副书记	未
雄安新区开展2018年电代煤保供暖应急联合演习	未
雄安新区早餐雄安交通规划图曝光，共6条线雄安新区公共服务建设方案发布	未
雄安新区筹备工作从这时候开始	未
雄安新区这一项目对外招标，看看涉及你们村吗11月26日，省公共资源交易中心发布《雄安新区白洋淀农村污水垃圾厕所等环境问题一体化综合系统治理先行项目特许经营者采购资格预审公告》。项目涉及78村，名单如下。快来看看有你们村吗@雄安发布 最新消息！雄安新区这一项目对外招标，涉及78村（附名单）	未
雄安新区首家融资租赁公司成立，注册资金30亿	未
雄安新项目，涉及8乡镇78个村...	未
雄安此处动土施工！！	未
雄安火车站开建！预计2020年底投用 从北京可半小时抵达12月1日，北京至雄安新区城际铁路雄安站开工建设京雄城际铁路北起京九铁路李营站，途经北京大兴区北京新机场河北省霸州市至雄安新区，线路全长92.4公里，全线设黄村新机场固安东霸州北雄安5座车站雄安站是其中规模最大的新建 ...全文	未
雄安的征拆范围和安置！	未
雄安站今日开工建设 预计2020年底投入使用	未
雄安还不见好就收	未
雄安这个县38名督学代表上岗，主要工作是......	未
雄安这村1项工程正在进行！！	未
雄安领导班子调整：管委会常务副主任易人	未
雄市里面，慢慢磨吧，股市没有大机会，我建议大家多投入时间去布局一些实体，少点赌性，闲钱投资好的公司，不在乎短期涨跌，好好做生意好好工作，说不定有惊喜！	未
雄忻高铁专家方案，咱五台的高铁站要设在这里！	未
//@雄熊大:最后正解了//@犊几:最后一句//@苍白之嘟:是我没错了//@空间酱:太真实了//@YouTube精选:被击中了	未
雄猫斗鬼怪！31年前美国和伊朗的生死对决！战果至今是糊涂账！	未
雄韬股份：子公司收到政府补助1871万元	未
//@雄鸡独唱-追梦:自己国家的事都搞不定搞不好，还计划搞军队2战的法军水平谁不知道这个马是个非常差的马，无怪乎特总统嘲笑他。	未
雄鹿交易得到乔治-希尔！美媒报道，骑士和雄鹿已经达成一笔交易，骑士送出乔治-希尔和萨姆-德克尔，从雄鹿得到马修-德拉维多瓦约翰-亨森2021年的首轮签和2021年的二轮签。NBA交易	未
雄鹿将德拉维多瓦和亨森送至骑士，得到希尔和德克尔！这笔交易，你怎么看	未
「雄鹿」配色AJ1发售之后，离「全民AJ1」还会远吗	未
雄鹿騎士奇才三方交易，雄鹿得到George Hill與Sam Dekker，騎士得到 Matthew Dellavedova 和中前鋒John Henson與雄鹿隊2021首輪與次輪選秀各一個然後雄鹿再把Dekker送到奇才，換了中鋒Jason Smith。補強了中鋒跟控球，雄鹿隊衝擊季後賽就更有底氣了，他們的目標已經不以季後賽為滿足。	未
雄鹿骑士交易 致上赛季的克利夫兰	未
雅上线地质滑坡断道已抢通，单边观察通行	未
雅事丨茶香欲全须小雪	未
雅俊环保，自来水管清洗专家	未
雅安即将结束无动车的历史：今天早上，第一辆和谐号动车组已到达雅安！	未
雅安市行政中心里的这些落叶简直港得很！	未
雅安熊猫修仙记 一直就想变成大熊猫，体验一下当国宝的感觉...看了这个H5以后，我才不想做个花式铲屎官呢，我更想做大熊猫，你们谁来当我的云养人	未
雅安非机动车注意了，乱停乱放要遭起	未
雅居乐集团9.88亿转让惠州雅居乐22%股权	未
雅库茨克：世界上最冷的城市之一冰雪封天的北极圈周遭不缺世界名城，如冰岛的雷克雅未克挪威北极之门特罗姆瑟摩尔曼斯克格陵兰岛首府努克论最低气温，这些严寒之城与雅库茨克相比却也是小巫见大巫，后者极端气温超过零下60摄氏度雅库茨克是俄罗斯萨哈（雅库特）共和国首府，距莫斯科4888 ...全文	未
雅思哥每晚话题	未
雅思常见听力词汇：guided tours     有导游的游览in advance        提前notice board     公告栏places of historical interest      历史古迹sixteen-seater minibus            16座小巴package tour                           跟团旅游hiking boots                             旅行靴 ...全文	未
雅戈尔减持中信股份交易金额达15.04亿元	未
雅戈尔：处置部分金融资产 增加净利近9000万元	未
雅江故事今日新貌  日基村，前进路上一个都不能少	未
雅理树洞  你怎么知道我的	未
雅芳退出中国，35万直销人员辛苦付之东流！	未
雅虎体育：巴洛特利可能冬窗离开尼斯，包括帕尔马在内的一些意甲球队有意	未
雅虎体育记者Chris Haynes报道，一般客队球员会使用勇士板凳席附近篮筐背后的通道出口，因为客队更衣室就在那里。然而，詹姆斯受伤后却使用了湖人板凳席背后的通道出口，不得不绕球馆过道走一圈才回到更衣室。对此，詹姆斯在接受雅虎体育的采访时开玩笑说：是的，球馆工作人员当时叫我走那条路（湖人板凳席背后那条），让我选了那条回更衣室的最远路线，我清楚他们当时在干嘛。当时刚受伤的詹姆斯不得不一瘸一拐地离开球场返回更衣室。NBA吐槽大会	未
雅虎体育说，詹姆斯和浓眉哥赛后一起吃饭了。	未
雅虎记者Chris Haynes发推 : 有消息称詹姆斯和浓眉在今日比赛结束后一起吃了晚餐你们怎么看NBA吐槽大会NBA零距离	未
雅西高速致7人死亡事故事发视频首曝光！冬季开车要警惕3大风险	未
雅运股份首次公开发行A股上市仪式	未
雅高完成收购sbe娱乐集团50%股份后瞄准中国市场	未
集中交车 驶向明天丨康正陕西西安车城交车侧记	未
集中公布！公安局长举报电话！	未
集中公布！廊坊各县区公安局长扫黑除恶 专用举报电话及邮箱的公告	未
集中公布！廊坊各县区公安局长联系方式	未
集中公布！河北50县公安局长联系方式	未
集中力量办大事：国与国的较量，说什么航母，5G，量子计算机都是表，核心是不同文明系统的较量，东亚这块土地上的文明力量的代表自古以来就是集中力量办大事。也是没办法，农耕汉族要生存就要解决两个大问题，一个是治理大水，一个是游牧民族南下，这两件事都必须集中力量才能办好，否则一条大河，你治理你的，我治理我的，以邻为壑把洪水排到人家那去，最后早晚一起死。为了集中办成大事，我们研发出独步全球的法术势思想，把所有民间的力量都集中起来玩举国主义，不过集中力量归集中力量，能否把大事办了，是另外的能力。这里就牵涉到一个老大	未
集中整治形式主义官僚主义工作情况报告范文	未
集中清查！柳州出动上千警力上百辆警车，一夜抓了75人	未
集中清理树障 让出安全通道12月3日，@国网东营市东营区供电公司 牛庄供电所职工对所辖牛庄镇张店村线下树障进行集中清理工作，为冬季线路运维养护工作打好基础。	未
集中辟谣，转给你的家人吧	未
集中采购致医药行业洗牌！药品最高降价90 回扣制将消失降价谈判的空间主要在销售中间环节。政府之所以压价，也是在于压缩企业的营销成本，从而实现药品降价，让利于患者，那么医药代表整体将面临裁员。此外，近日福建省医疗保障局长詹积富在公开场合表示，医保局的主要任务是让医务人员不能再有拿回扣的机会，让医务人员不敢再去拿回扣。 集中采购致医药行业洗牌！药品最高降价90 回扣制将消失	未
集中采购药品大降价 “好药不贵”还差哪些环节？	未
集中采购药品大降价 好药不贵还差哪些环节？	未
集中采购试点工作进入实施阶段 消除药品购销灰色空间	未
集中采购试点工作进入实施阶段，消除药品购销灰色空间	未
集体供暖的号，武汉人啥时候能摇到	未
集体土地三无盖公寓，西北旺镇1.6万平方米违建今天拆除！	未
集体建设用地入市：用意何在？影响究竟有多大？	未
集体经营性建设用地入市 对楼市影响究竟有多大？	未
集体经营性建设用地入市，对楼市影响究竟有多大？	未
集体经营性建设用地入市，小产权房有望“转正”吗？	未
集体经营性建设用地拟入市，明确农用地征补标准	未
集体缺货？锤子官网所有产品均显示“到货通知”	未
集体辟谣！大家别再相信了！	未
集团公司党委开展五个三岗位实践活动	未
集团开展2018年冬季安全生产大检查	未
集团开展轨道交通运营期风险管控专题培训	未
集团快讯丨上海市虹口区区委书记吴信宝一行调研珍岛	未
集团董事长失忆流落荒野，被女孩相救	未
集宁区融媒体中心正式揭牌	未
集宁区餐饮经营企业开展搬家式大清理行动！	未
集市上孩童走失急煞家长  韶关南雄民警快速助寻回	未
集满8个赞就送母校纪念U盘？又是一个营销骗局	未
集约or浪费？看江苏怎么给企业“数据号脉”！	未
集结号丨中共中央印发 《中国共产党支部工作条例（试行）》	未
集结号丨老兵，我们不会忘记	未
集结号丨退役军人优先优待服务来了！	未
集结号  今天起，这项新规将惠及广大官兵及家属	未
集装箱上船需称重	未
集贤九峰被高新区托管全面启动，任务是这样的！	未
集贤县关于退役军人和其他优抚对象信息采集工作的通知	未
集赞送U盘?千万别参与骗子要的是你的个人信息和运费	未
集齐各类型“退市第一股” 为优胜劣汰“打底”	未
集齐四色可以召唤神龙了最后一个色猜对了吗TTC的双12	未
集齐这七位舞者，搞明白“舞蹈剧场”是什么	未
雇佣兵可以不	未
雇佣兵成了压死微信漂流瓶最后一根稻草......  麦爆大新闻	未
雍正批阅的奏折曝光，看到第五条忍不住了，网友：活该他累死	未
雍正本不忍杀年羹尧，在得知一老虎跑入其家中后，立下杀心	未
雍正王朝中康熙帝驾崩时如果没有传位给老四胤禛，他会怎么做呢	未
雍正王朝中邬思道面对老十三胤祥送的美女，为什么说又要被管了	未
《雍正王朝》导演胡玫忆二月河:当年不会吃自助餐	未
《雍正王朝》并非一心为帝王唱颂歌	未
《雍正皇帝》责编:二月河2次与茅盾文学奖擦肩而过	未
雏鹰假日小队寻访百年学府	未
雏鹰农牧：未按时足额偿付“18雏鹰农牧SCP002”	未
雏鹰农牧累计逾期债务逾9亿元	未
​雨一来就降温  明后山城阴雨为主高山有雨夹雪	未
雨下整夜，主人的爱溢出就像雨水路边看到这只柯基笑到猪叫	未
雨下整夜，我的泪就像雨水	未
雨中的路口	未
雨中送餐忙，安全放心上12月10日11时许，天佑路中电熊猫西北门口，一外卖小哥骑车追尾停在路边的小轿车，外卖小哥轻微受伤经了解，由于雨天雨水滴落在头盔上影响视线，外卖小哥用手擦掉雨水时，因骑速较快，在意识到前方有车时，已经来不及刹车，直接撞向小轿车蜀黍提醒，特殊天气外卖送餐更要 ...全文	未
雨中送餐忙，安全放心上12月10日11时许，天佑路中电熊猫西北门口，一外卖小哥骑车追尾停在路边的小轿车，外卖小哥轻微受伤。经了解，由于雨天雨水滴落在头盔上影响视线，外卖小哥用手擦掉雨水时，因骑速较快，在意识到前方有车时，已经来不及刹车，直接撞向小轿车。蜀黍提醒，特殊天气外卖送餐更要放慢速度追求安全！	未
雨中黄叶树。	未
雨中黄叶树	未
雨停了就去大草原的湖边看星星	未
雨兮兮的早上我在重庆问候你早安，你呢	未
雨加雪要来了！瑟瑟发抖之余 你不得不知道这些	未
雨后初晴巡检忙，压力抄录保健康11月22日，昆山地区一天一夜的绵绵冬雨过后，初霁的早晨，国网江苏检修公司特高压东吴站运行值班员对1000千伏GIS气室的六氟化硫气体压力进行抄录，并与后台数据曲线作比对，确保每个气室压力及在线监测系统的正常，保障变电站的健康稳定运行。	未
雨后天气晴好外出游玩人较多 这个双休西安有点堵	未
雨后满城尽带黄金甲今天，一场冬雨过后，朝天宫内4株古银杏树的金黄色树叶纷纷落下，由于不清扫落叶的缘故，铺了一地黄金地毯分外美丽，吸引众多市民前来观赏。@南京日报崔晓	未
雨后的上海外滩	未
雨后的东京迪士尼乐园。 .	未
雨后空山寒烟起，独行林间青衫湿。	未
雨后，落叶，红墙，潮湿的街道和开着花的树	未
雨声潺潺，像住在溪边。宁愿天天下雨，以为你是因为下雨不来。张爱玲	未
雨夜觅踪18小时   望江交警侦破一起交通肇事逃逸案	未
雨夜马路上这个背影火了 因为...	未
雨天，一个3岁小男孩儿在窗台玩耍，眼看就要从楼上掉下来，路过的两位大叔神情焦急，一直在楼下紧张地伸着手，接到一个小生命的那一刻，他们会心的笑了他们或许平凡，这一刻却无比伟岸！为大叔点个赞	未
雨天借车开回家 速度过快操作不当致小车“飞”出高速	未
雨天出行，一定要注意安全。	未
雨天巡查，安全第一，切勿多拉多装，不按规定装载货物！	未
雨天开车要谨慎！巴中今天又发生一起车祸，实拍起吊出事车	未
雨天更要谨慎驾驶！东榆今天中午又发生一起车祸	未
雨天的水上市场没有你们说的那么差啊 微博视频 wave	未
雨天考生参考途中路堵车 热心交警伸援手5分钟送达考场	未
雨天行车，到底是开雾灯还是双闪	未
雨天行车，到底是开雾灯还是双闪 雨天行车，到底是开雾灯还是双闪	未
雨天行车，堵！道路施工，堵！作为司机开车应注意......	未
雨天走在路上思考个问题：为何男女同行，男士要走在左边首先女士走右边，会远离机动车，落实女士优先其次男士走左边，右手撑伞遮住风雨，有力更稳固最后女士可以挽着男士的胳膊有安全感，男士也可以离女士的心更近一点	未
雨天路滑开车冲下河 她镇定开天窗逃生获交警点赞5日夜，江苏高邮许女士下夜班途中因雨天路滑，在避让车辆和行人时，操作不当，轿车撞断路边灯杆后，冲入路边的大运河中就在车辆已经沉入水中，她无法打开车门时，她没有慌乱，镇定果断地打开天窗迅速逃生，现场处警民警为她的镇定逃生点赞 ...全文	未
雨天路滑开车冲下河 她镇定开天窗逃生获交警点赞5日夜，江苏高邮许女士下夜班途中因雨天路滑，在避让车辆和行人时，操作不当，轿车撞断路边灯杆后，冲入路边的大运河中。就在车辆已经沉入水中，她无法打开车门时，她没有慌乱，镇定果断地打开天窗迅速逃生，现场处警民警为她的镇定逃生点赞。女司机雨天路滑冲下河 开天窗逃生交警点赞	未
雨天路滑注意行车安全 重庆永川两车追尾1人被困	未
雨天路滑，行车注意安全	未
雨天路滑要谨慎 新手开车上路翻了个底朝天	未
雨天路滑，青龙多起交通事故，大家注意安全！	未
雨天轿车发生事故，接下来的一幕让出警的民警感动了......	未
雨天，这位女大学生扶起了人心	未
雨天里的一位小绅士	未
雨夹雪	未
雨夹雪只是开胃菜，又一股冷空气下周来袭......	未
雨夹雪！瑞安市气象台发布冷空气消息	未
雨：女王陛下，臣来了！从系腰带开始，这一系最少就是一星期啊！	未
雨情回顾 10日05时-11日05时，全省均出现降水， 其中徐州连云港北部和宿迁北部地区为降雪，中雪为主局部大雪，最大积雪深度3-4cm，其它地区中雨局部大雨宜兴东山等12个县（区市）的55个乡镇（街道）降水量达25mm以上（占全省4.4），前三位分别为苏州苏锦街道45.1mm，宜兴太华镇43.2mm，溧阳 ...全文	未
雨情回顾 10日05时-11日05时，全省均出现降水， 其中徐州连云港北部和宿迁北部地区为降雪，中雪为主局部大雪，最大积雪深度3-4cm，其它地区中雨局部大雨。宜兴东山等12个县（区市）的55个乡镇（街道）降水量达25mm以上（占全省4.4），前三位分别为苏州苏锦街道45.1mm，宜兴太华镇43.2mm，溧阳戴埠横涧42.8mm。目前降水回波位于淮河以南东部地区，向东移动。	未
雨林视角和鳄鱼一起洗澡是一种怎样的体验	未
雨水伴冷空气将至，降温10℃	未
雨水将打卡多日，30日市区低温或将降至13C	未
雨水将至，雾或霾有望缓解	未
雨水已启程，那下周呢	未
雨水“戏精”上身 江西今明雨水持续	未
雨水暂别3日，气温直降5度，周六阴雨重回今天早晨仍然有牛毛细雨，预计半夜前后将转为阴到多云。今天市区徐家汇温差不到1度，最高温8.7度，最低温8.0度。随着新一波冷空气正直奔上海而来，未来三天上海以多云天气为主，明天的最低温直降5度！周五起，气温逐步回升，周六最高气温升至13，但是又将有一次降水过程。	未
雨水暂别3日，气温直降5度，周六阴雨重回天气预报 今天早晨仍然有牛毛细雨，预计半夜前后将转为阴到多云今天市区徐家汇温差不到1度，最高温8.7度，最低温8.0度随着新一波冷空气正直奔上海而来，未来三天上海以多云天气为主，明天的最低温直降5度！周五起，气温逐步回升，周六最高气温升 ...全文	未
雨水来滋扰！象山的天气是	未
雨水渐来 高温消退	未
雨水短暂打扰	未
雨水终于放假了！上海今多云到晴 上午以前有轻度霾持续阴雨天气将告一段落，上海以多云为主今天多云到晴，上午以前有轻度霾，明天多云今天最高温度10，明天最低温度4小伙伴们要注意保暖啊！周四仍以多云天气为主，周五云系增多，周六将有一次降水天气过程周五和周末最高气温将回升 ...全文	未
雨水终于放假了！上海今多云到晴 上午以前有轻度霾持续阴雨天气将告一段落，上海以多云为主。今天多云到晴，上午以前有轻度霾，明天多云。今天最高温度10，明天最低温度4。小伙伴们要注意保暖啊！周四仍以多云天气为主，周五云系增多，周六将有一次降水天气过程。周五和周末最高气温将回升至10以上，在10-13之间。Via新民网雨水终于放假了！上海今多云到晴 上午以前有轻度霾	未
雨水降临，江苏省湿冷模式将接替雾霾模式	未
雨污分流建设过程中，要统筹考虑积淹水问题，对需要扩容的管道进行扩容，增大雨水排放能力。另外，城市内涝的解决除了排水管网的改造清淤以外，也要靠海绵城市的建设，使城市的蓄水能力得到更大的提升。直播间网页链接	未
雨洒徽州	未
雨涤前山净，风吹去路开	未
//@雨花发布:您好，关于您反映的情况我们已经收悉并转交给相关部门处理。	未
雨花台中学举办第八届师德报告会	未
雨花台区交通事故网上数据一体化处理中心正式成立	未
雨花台区委第八轮巡察组进驻这些单位	未
雨花台区第三批攻坚之星推选来了！	未
雨花台区红色主题邮展开展	未
雨警	未
雨过天晴 微博视频	未
雨过幽庭湿翠微	未
雨雨雨冷冷冷！低至-1！歙县将要下雪！	未
雨雨雨降温雾霾，襄阳未来一周的天气太恐怖！幸好有一个好消息	未
雨雨雨雪，未来招远的天气你将措手不及！第一场雪或将..	未
雨雪交加忙特巡不畏严寒保安全12月11日，潍坊高密地区雨雪交加，气温骤降至零下8摄氏度。在220千伏高密变电站，@国网高密供电公司 员工对变电站室外的端子箱机构箱以及主变压器等设备进行红外测温，检查设备有无污闪覆冰积雪潮湿发热等现象，保障低温天气下变电站安全供电。	未
雨雪冰冻天气将至 全省高速公路、水上交通启动防冻防滑应急预案	未
雨雪冰冻来袭 庐山部分景区关闭	未
雨雪冰冻袭击湖南  部分旅游景点暂停开放	未
雨雪冰冻袭击湖南 部分旅游景点暂停开放	未
雨雪，即将-1！蔡甸2018年第一场雪到来后，又会有多少流浪的它们...	未
雨雪夜十点多，宁波一辆轿车坠河，车里一对父子...好险！昨晚22时，天寒地冻，雨雪交加。宁波海曙区，一对父子回家路上，因避让一只狗，打了一个方向车子直冲进河里。父子俩在河里被困了近一个小时后才看到有一个外卖小哥路过，向小哥呼救。消防到场时，车已经冲出30米外河的另一岸，只露出了一个白色的车顶，父子俩被困在车顶，小孩已被冻得瑟瑟发抖了。好在最后父子俩都安全得救。雨雪夜十点多，宁波一辆轿车坠河，车里一对父子...好险！	未
雨雪天我们在行动 宁波交警指挥中心路况通报：	未
雨雪天气何时了？再过两天熬一熬	未
雨雪天气八项注意3乘客进站前清除雨具上的雨水或积雪，以及鞋子上的积雪，避免雨水弄湿地面，或积雪带入车站后融化，造成地面湿滑。4为最大限度减少雨雪天气给乘客带来的影响，车站会在出入口通道和站台铺设防滑垫，放置小心地滑标识，通过广播加强安全宣传，提醒乘客注意。	未
雨雪天气八项注意3乘客进站前清除雨具上的雨水或积雪，以及鞋子上的积雪，避免雨水弄湿地面，或积雪带入车站后融化，造成地面湿滑4为最大限度减少雨雪天气给乘客带来的影响，车站会在出入口通道和站台铺设防滑垫，放置小心地滑标识，通过广播加强安全宣传，提醒乘客注意	未
雨雪天气八项注意便民提示近日，连续的雨雪天气，气温持续走低，道路也变得异常湿滑。乘客进出车站时应注意哪些事项如何安全的上下湿滑的楼梯请看@上海地铁shmetro 的安全提示	未
雨雪天气八项注意便民提示近日，连续的雨雪天气，气温持续走低，道路也变得异常湿滑乘客进出车站时应注意哪些事项如何安全的上下湿滑的楼梯请看@上海地铁shmetro 的安全提示	未
雨雪天气八项注意近日，连续的雨雪天气，气温持续走低，道路也变得异常湿滑。乘客进出车站时应注意哪些事项如何安全的上下湿滑的楼梯请看@上海地铁shmetro 的安全提示	未
雨雪天气八项注意近日，连续的雨雪天气，气温持续走低，道路也变得异常湿滑乘客进出车站时应注意哪些事项如何安全的上下湿滑的楼梯请看@上海地铁shmetro 的安全提示	未
雨雪天气！划重点！要考！	未
雨雪天气怎么出行？请看暖心提醒	未
雨雪天气，注意安全！//@金寨公安在线: 今日大雪 ，出行注意安全！//@霍邱公安在线:雨雪天气，注意出行安全！	未
雨雪天气用火用电要注意，切不可掉以轻心	未
雨雪寒潮即将抵达无为，提醒大家做好防冻措施	未
雨雪将至，武汉市公安局硚口区交通大队早就做好了准备，立交环线桥梁等易结冰路段都加装了标牌和各种安全设施，民警24小时巡逻也联系城管桥梁等部门落实应急措施，还通过媒体向广大市民公布了容易出现积雪冰冻的路段，作出安全提示谨慎驾驶，小心慢行，尤其是要跟前车保持安全距离，祝大家 ...全文	未
雨雪将至，这份提醒您一定要看！	未
雨雪恶劣天气即将来袭！扬州江都航道部门提前防御应对	未
雨雪来袭！高海拔地区气温仅在2-3之间，开车经过这些路段一定要小心	未
雨雪要降临！最新规划！河北要建这些机场高速城轨 涉及秦皇岛有这些	未
雨雪降温天气健康八提醒	未
雨雪随时会降临的季节 湿滑路面如何行车	未
雨雪飞舞特巡忙12月7日，寒风裹挟着雨雪侵袭招远大地，@国网招远市供电公司 变电运维人员顶风冒雪对变电站开展特巡：对主变套管接头重载设备线路接头等关键部位进行成像测温并做好数据比对，逐一检查室外端子箱机构箱是否严密关闭，箱体内部加热除湿设施是否运行正常，全力确保电网安全无虞。	未
雨雪马上到广饶！流感进入高发期还有件事要少做！	未
雨雪马上到淄博！流感进入高发期还有件事要少做！	未
「雪上」你可能是第一次从上面看北海道的落日。因为我也是。by @Mizulys V影像力	未
“雪下得那么深那么认真”今日山城多地飘雪	未
雪不小，风很大！大连人今天出门注意这些！	未
雪中抢修受损分接箱今天，山东威海迎来今冬首场降雪。在环翠区益海路，@国网威海供电公司 作业人员冒雪抢修被失控车辆撞毁的10千伏远遥线外窑一区分接箱，并及时恢复附近小区居民供电。	未
雪中特巡保供电12月5日，迎来了今年第一场雪，@国网沂源县供电公司 迅速启动恶劣天气保电应急预案，组织人员对线路设备冒雪进行特巡。按照隐患排查要求，对10千伏及0.4千伏线路进行细致排查，并做好特巡记录，不放过任何一个影响正常供电的隐患。	未
雪中特巡除隐患12月11日，@国网莱阳市供电公司 检修人员冒着风雪对110千伏沐和线开展特巡工作，利用红外线监测线路线夹金具绝缘子发热异常情况，将发现的问题和隐患做记录分析，及时消缺整改，提升电网健康运行水平。	未
雪中的临朐	未
雪中的苏州有多美没看过这些苏州雪景照你是回答不了的！	未
雪中飘来莫比乌斯云雾 在“引力场”看闪电展	未
雪之舞 微博视频	未
雪乡 .	未
雪乡	未
雪乡，上热搜了！	未
雪乡也没啥景儿，不去就是了。	未
雪乡住宿“明码标价” 央视：这就不算宰客吗？	未
//@雪乡刘清麟:1999年在雪乡开了中国雪乡的第一家家庭旅馆，做了20年，除了赚点钱，我家一直为维护雪乡形象努力！我家能做的有限，维护这个品牌形象，需要全体雪乡人共同努力，真正的雪乡人还是淳朴厚道的，我们不为外来租房经营的不良商户背锅！	未
雪乡啊雪乡//@盏心冯文亮: 从雪乡的定价到建昌事故的处理，明眼人从中就能看出一些端倪来，一是人浮于事，只知眼前利益，闭门宰客二是官本位主义盛行，在雪乡旅游项目的定价上，物价部门监管缺失，在建昌事故处理上，一篇短短的情况说明，充斥着浓郁的献媚色彩，本末倒置。端小而窥大，	未
雪乡回应明码标价宰客：一个人三四天也就花2千多	未
雪乡回应明码标价宰客：一个人三四天也就花2千多雪乡回应：实际上，网上疯传的雪乡景区价格图片，只是一张去年的价格公示表游客来雪乡旅游，住宿价格并没有有些自媒体所说的那么离谱，部分星级酒店价格可能高些，但就那么两家，占绝大多数的民宿旅馆价格还是合理的雪乡回应明码标价宰客：一个人三四天也就花2千多	未
雪乡如何去掉“宰客”恶名	未
雪乡整改后价格却比北海道还贵！商务套房2580元，两万块才够一家三口玩一圈	未
雪乡整改后明码标高价 一看价目表游客却怀疑人生	未
雪乡旅游，两万块才够当宰客变成了明码标价	未
雪乡旅游宰客变明码标高价	未
雪乡旅游明码标价了，为何旅客还是说一锤子买卖	未
雪乡旅游明码标价 央视：明码标价就不算宰客了吗又到了去北方看雪的季节，去年九个月磨刀，三个月宰羊的雪乡让游客记忆犹新。经过整改，目前雪乡已经开园，雪乡承诺明码标价不宰客，但看到雪乡的明码标价，很多人表示不敢相信自己的眼睛去北海道也不要这么贵吧！ via 央视新闻 雪乡旅游都明码标价了 为什么还有人表示不相信自己的眼睛	未
雪乡旅游明码标价 央视：明码标价就不算宰客了吗又到了去北方看雪的季节，去年九个月磨刀，三个月宰羊的雪乡让游客记忆犹新。经过整改，目前雪乡已经开园，雪乡承诺明码标价不宰客，但看到雪乡的明码标价，很多人表示不敢相信自己的眼睛去北海道也不要这么贵吧！从公示表来看，普通炕位380元/天，标准间880元/天，豪华双人房1580元/天，商务套房2580元/天这还不是最终的价格，节假日还可以上浮15到30。据网友爆料，虽然价格堪比五星级酒店，但住宿条件却很一般，普通炕位甚至都没有独立卫生间。	未
雪乡旅游深度调查：从“苦寒之地”到“点雪成金”	未
雪乡旅游，这回明码标价了	未
雪乡旅游都“明码标价”，为什么还有人表示“不相信自己的眼睛”	未
雪乡旅游都明码标价了 为什么还有人不相信普通炕位380元/天，标准间880元/天这还不是最终的价格，节假日还可以上浮15到30据网友爆料，虽然价格堪比五星级酒店，但住宿条件却很一般，普通炕位甚至都没有独立卫生间从雪乡明码公示的价格看，可以感觉到有关管理机构其实和一些商家的 ...全文	未
雪乡旅游都明码标价了 为什么还有人不相信普通炕位380元/天，标准间880元/天这还不是最终的价格，节假日还可以上浮15到30。据网友爆料，虽然价格堪比五星级酒店，但住宿条件却很一般，普通炕位甚至都没有独立卫生间。从雪乡明码公示的价格看，可以感觉到有关管理机构其实和一些商家的想法一样，雪乡做的就是一锤子买卖。（央视） 雪乡旅游都明码标价了 为什么还有人不相信	未
雪乡旅游都明码标价了 为什么还有人表示不相信自己的眼睛又到了去北方看雪的季节。雪乡的风光仿佛童话里的世界，然而就是这样纯净的地方，去年却接连曝出宰客的消息：一碗泡面卖到60元导游对旅游项目强买强卖商家坐地起价，预定好的房间说取消就取消，甚至把游客的行李扔出门外雪白心黑的雪乡，让游客望而却步。日前，经过整改的雪乡已经开园，承诺不宰客，明码标价，并拍摄了相关的短视频进行传播，以挽回游客的信心。然而，看到雪乡的明码标价，很多人都表示不敢相信自己的眼睛：普通炕位380元/天，标准间	未
雪乡旅游都“明码标价”了 为何还有人“不愿相信”？	未
雪乡明码标价再引争议三个月磨刀，三个月宰羊！雪乡旅游旺季就只有几个月，明码标价宰客，你怎么看	未
雪乡明码标价再引争议两种价格众说纷纭，你更相信那个	未
雪乡明码标价再引争议九个月磨刀，三个月宰羊，虽然话说得糙，但是理不糙一个以雪为看头的景，春夏秋三季肯定游客狠少，这三季中旅馆也要维持下去，到了旺季，总想要赚点回来，旅馆标的价格，还包含了在淡季的运营租金人工成本雪乡旅馆只要价格明码标价，价格高一点，是可以理解的，旅馆开门迎 ...全文	未
雪乡明码标价再引争议九个月磨刀，三个月宰羊，虽然话说得糙，但是理不糙。一个以雪为看头的景，春夏秋三季肯定游客狠少，这三季中旅馆也要维持下去，到了旺季，总想要赚点回来，旅馆标的价格，还包含了在淡季的运营租金人工成本。雪乡旅馆只要价格明码标价，价格高一点，是可以理解的，旅馆开门迎客，只为赚钱，并不是全心全意无偿为人民服务的！至于价格太贵，没有回头客，把雪乡牌子砸了，那是东北雪乡自个的事。旁人也不用过问，爱砸不砸，尽管砸东北的旅游招牌。冬天里，冻死人的地方，我不去。不过，太温暖的地方我也不去，比如海南，也	未
雪乡明码标价再引争议其实关键点在于去之前是不是知道这个价格，这样才更有选择性。如果去之前没有搞好攻略，不了解当地食宿生活情况而贸然前往，挨宰没商量。	未
雪乡明码标价再引争议头条网友飞飞胥的旅途故事22日在雪乡拍摄的照片，住宿方面，最低的两人炕是160元。	未
雪乡明码标价再引争议如果是服务质量和这个硬件的条件达标的话，估计这个价格游客也是会接受的。明码标价再起争议这件事，本人觉得这个热炕的价格确实有点高，主要是条件没有达到这个价格的硬件要求。还是希望当地旅游部门要好好的管理，要不然的话，以后这种争议还会不断地出现，对于雪乡这独特的风景，并不是一锤子买卖的事，主要是长期健康的发展下去。	未
雪乡明码标价再引争议媒体的评论耍流氓，明码标价怎么还能算宰客那个最高限价其实还可以，对于旺季的热门旅游景点不算贵。但说句实话，雪乡的执政者真该反思了，黑龙江的旅游资源相比南方本来就很少，季节性又特别强，雪是多么珍贵的宝贝，现在却是破鼓万人锤的态势，太可惜了。人的第一印象往往特别重要，我2001年去过一次亚布力，报的哈尔滨当地团，不细说了，特别不愉快，这17年我再也没有把黑龙江作为旅游目的地。长白山去过一次，酒店比雪乡贵多了，但万达做的真是很规范，项目明码标价，酒店数量多质量好且竞争充分，回来之后就	未
雪乡明码标价再引争议就在今年九月，黑龙江省物价监督管理局颁发《黑龙江省旅游业明码标价规定(试行)》，这个规定说的很清楚，要求商家明码实价，避免消费者遭遇宰客潜规则陷阱等，所以，雪乡明码标价合法合规，在法规上没有任何问题。有人觉得价格高昂难以承受，你可以选择去可以选择不去，没有人拿着枪逼你吧。什么叫比北海道看雪还贵，谁又规定必须比北海道便宜才行去年雪乡曝光违法宰客怎么骂都没有问题，现在人家明码标价合法合规了你们还骂，凭什么	未
雪乡明码标价再引争议就当地以为雪乡是稀缺资源，一年就几个月的生意可做，明码标价就不算宰客，玩得起就玩，玩不起你就别来这种观点我看了很是不解，软件硬件都跟不上，价格却跟北海道看齐这不是发展旅游，这是一锤子买卖，杀鸡取卵，表明当地的经济发展战略严重偏向畸形这个明码标价可以不算 ...全文	未
雪乡明码标价再引争议 就雪乡这次公布非价格看，明显就传递了一个信息：东西就这些了，价格就这价，爱来不来所以我相信，很多网友还是不会买单这一举措。雪乡究竟在哪儿冬季是怎样的气候雪乡位于大海林林业局双峰林场，行政区域上位于吉林省敦化市境内，由黑龙江省森工总局开发并管理，占地面积500公顷，整个地区海拔均在1200米以上。雪乡雪期长降雪频繁，有天无三日晴之说，夏季多雨冬季多雪，积雪期长达7个月，从每年10月至次年5月，积雪连绵，年平均积雪厚度达2米，雪量堪称中国之最，且雪质好，粘度高，素有	未
雪乡明码标价再引争议开发多时段的旅游资源，旅游项目才能更长久	未
雪乡明码标价再引争议当地以为雪乡是稀缺资源，一年就几个月的生意可做，明码标价就不算宰客，玩得起就玩，玩不起你就别来这种观点貌似有些道理，其实都是歪理胡说软件硬件都跟不上，价格却跟北海道看齐这不是发展旅游，这是一锤子买卖，杀鸡取卵，表明当地的经济发展战略严重偏向畸形这个 ...全文	未
雪乡明码标价再引争议想想春节期间的三亚房价，你就会觉得雪乡很厚道了三个原因：一是资源稀缺价高由市场决定，你嫌贵可以不去二是如果价高还服务不到位那就属于监管存在漏洞的问题三是一些过度依赖独特旅游资源的地方发展模式单一，需要转变思路完成产业升级，吃相变得好看些	未
雪乡明码标价再引争议明天要去了，这么多年在热带要去看看雪。对东北印象一直很好。	未
雪乡明码标价再引争议现在人们的生活水平越来越高，出去旅行的时候到处都是人头，你想排个照还得排队等位置！买票排队！一个景点到一个坐车得排队！连上个厕所也得排队！酒店你还得提前预定，晚了还没有房间，或者跑更远的地方住！虽然到处都挤，但大家依然乐此不疲！现代旅游，不仅是景点的参观，更要注重生活的体验。有些景点你去过一次就在也不想去了，一旦开发，商业气息太浓厚，失去淳朴善良的自然风景！所以商家管理者调整心态让游客感到物有所值，这才对得起老天给予的得天独厚的风光，才能真正把旅游业做好。	未
雪乡明码标价再引争议  @科罗廖夫 提供的下面这张照片说明了问题，看来是央视的这篇报道的确带偏节奏了按照片显示，今冬雪乡民宿的房价，两人炕是160元，四人炕是360元，作为旺季可以接受央视等媒体拿当地五星级酒店的价格作为佐证，并引用游客的话，说即使是明码标价也宰客，确实是以偏概全也 ...全文	未
雪乡明码标价再引争议@科罗廖夫 提供的下面这张照片说明了问题，看来是央视的这篇报道的确带偏节奏了。按照片显示，今冬雪乡民宿的房价，两人炕是160元，四人炕是360元，作为旺季可以接受。央视等媒体拿当地五星级酒店的价格作为佐证，并引用游客的话，说即使是明码标价也宰客，确实是以偏概全。也正是因为是来自央视的报道，所以这篇报道的传播力十分巨大，大家也都以为可信度很高，殊不知却是伤害了今冬的雪乡，包括本人上午也做了相关评论，这的确有问题，特向雪乡道歉！	未
雪乡明码标价再引争议说到雪乡相信很多人都是又爱又恨，因为每年冬天那边的雪真的特别美，可是服务就有点跟不上了，动不动就会被宰也是事实。个人觉得如果真想去雪乡玩酒店尽量提前预定，吃饭的时候先看餐厅的价格牌，免得不良商家坐地起价和陌生人打交道尽量亲和友善一些，出来玩图个开心，免得不必要的麻烦影响心情	未
雪乡明码标价再引争议雪乡一年之中能赚钱的就只有三个月时间了，把价格写出来是他们的事，消费者们愿不愿意消费是自己的事，一定是市场有这个需求，这个景点有这么高的旅游价值，才会导致这么高的价格。如果大家都觉得贵，没人去了，价格自然会低，不过以近三年的状况来看，游客还是很多。另外我们对天价深恶痛绝是因为它严重背离市场价格，有时甚至侵犯了消费者的知情权，让大家直呼上当惹不起，这种宰客坑人的行为自然是法律法规严厉打击的。虽然这个价格让人惊呆，不过却是明码标价，表面对消费者知情权没造成侵害	未
雪乡明码标价再引争议雪乡到底什么样住宿餐饮贵不贵坐在键盘后边凭空想象是不行的今天是周末，有朋友去雪乡，刚刚发回第一手资料大家看前五图是他用餐的价格和消费，不便宜！这个价格和我们在郊区吃农家乐相比，要贵三分之一以上所以抱着去吃农家乐的价格的要三思啊，这好几百花出去连 ...全文	未
雪乡明码标价再引争议雪乡旅游的季节性很强，一年的运营维护成本也很贵，一年到头的创收主要是靠冬季旅游所以，冬季雪乡的价格上浮也可以理解，但是上浮的幅度绝不能太离谱而且这个价格必须是由当地政府物价部门核准的，绝不是旅游公司随意的自主涨价的，确保程序上是合法的虽然雪乡明码标价 ...全文	未
雪乡明码标价再引争议额，我之前去漠河的时候听当地人介绍过，平时去旅游的基本就是在冬季。也就是说，搞旅游的一年四季只有冬季挣钱，所以价格么你想想那几个月是要挣一年的钱。所以我竟然有些肉疼的表示理解了。明白为啥会给人一种一锤子买卖的感觉了。特色就在那，你可以不去。比如我就不打算去因为穷防务微观察	未
雪乡明码标价再引争议黑龙江著名的冬季旅游景区雪乡，所有的东西明码标价，很多游客都倒吸一口凉气，商务套房一晚上就要2580元，最便宜的就是炕了，一晚上380元。	未
雪乡明码标价就是宰客先别盖棺定论就像上海的迪士尼乐园，同样明码标价499元，可国庆期间一张免排队票，卖到了800元。这并不是说鼓励票外加价，而是意在强调，雪乡明码标价较高，正是因为资源的稀缺性所决定。雪乡明码标价，只是单方面的一个价格诉求，市场会不会接受这个价格，最终仍取决于游客的选择，但舆论也没有必要先入为主地判定雪乡又开始了九个月磨刀，三个月宰羊。如果将游客玩遍所有35个雪上项目的假设作为贵得离谱的依据，未免有失公允。新京报：雪乡明码标价是宰客先别盖棺定论	未
雪乡明码标价就是宰客先别盖棺定论新京报评论称，上海的迪士尼乐园同样明码标价499元，可国庆期间一张免排队票，卖到了800元。这并不是说鼓励票外加价，而是意在强调，雪乡明码标价较高，正是因为资源的稀缺性所决定。雪乡明码标价，只是单方面的价格诉求，市场会不会接受这个价格，最终仍取决于游客的选择，但舆论也没有必要先入为主地判定雪乡又开始了九个月磨刀，三个月宰羊。如果将游客玩遍所有35个雪上项目的假设作为贵得离谱的依据，未免有失公允。	未
雪乡明码标价是“明码宰客”？ 专业人士：应重建信任	未
雪乡明码标价是“明码宰客”？专业人士：应重建信任	未
雪乡明码标价是明码宰客？专业人士：应重建信任	未
雪乡明码标价是明码宰客你怎么看	未
雪乡明码标价，玩不起你就别来......	未
雪乡明码标价 面对这样一份雪乡价格表，只能摇头兴叹，确实，明码标价就是明打明地宰客。市场经济下，你有标价的权利，随便标，我不去就是了。你那里还没有牛到垄断全球冰雪资源吧，北欧日本北海道我都可以去，干嘛非要去你那里伸头挨宰啊。但，对价格严重脱离价值，市场终究会给出答案，你自毁长城，终有后悔的一天。最后说一句，做人要厚道！	未
雪乡明码标高价：我们保证绝不宰客！但玩不起就别来了...	未
雪乡明码标高价：我们保证绝不宰客！但玩不起就别来了...佛山人今年还会去看雪吗	未
雪乡明码标高价：我们保证绝不宰客！但玩不起就别来了...  雪乡明码标高价：我们保证绝不宰客！但玩不起就别来了...	未
雪乡景区再陷信任危机 服务游客莫摆鸿门宴	未
雪乡的所在地是双峰林场，属于森工系统，归大海林林业局管理，上级是黑龙江森工总局，只是在理论行政区划上属于吉林省。扩之 查看图片 //@笑融暖阳: 雪乡是在吉林，不是在黑龙江，扩之//@点子正:好好查一下掌握公器的汉奸日杂//@科罗廖夫:脑残记者	未
雪乡的明码标价从暗宰到明码标高价，雪乡除了宰客没有出路	未
雪乡终于明码标价了 （信息时报）	未
雪乡：胆大的快来吧，我们宰客，不会太凶的...	未
雪乡，读你千遍也不厌倦	未
雪乡：都说好不宰客了 你们咋就不信呢在雪乡今年承诺不宰客后，有媒体贴出一幅雪乡景区酒店明码标价公示表。由于该图片显示的收费标准偏高，网友纷纷吐槽雪乡这是明码宰客。关于网上沸沸扬扬的质疑，雪乡景区表示太憋屈了，明码标价是为了明确游客预期，预防宰客。(经济日报)	未
雪乡：都说好不宰客了，你们咋就是不信呢雪乡回应，雪乡的核心景观空间和周边接待能力极为有限，目前每年冬季60多万的游客接待量已然接近饱和，如果像西湖一样开放，给游客带来的可能不是实惠而是体验上的灾难。下一步，雪乡发展将在空间上扩容升级。雪乡：都说好不宰客了，你们咋就是不信呢	未
雪亮工程再立功！自行车大盗在通州彻底栽了！	未
雪亮工程开始建设施工！滨海新区全域将覆盖这样一张网	未
雪亮工程开始建设施工！这样一张网将覆盖滨海新区全域政务麦克风 滨海新区雪亮工程正式进入施工建设阶段，目前正在深化设计方案编制，预计到今年底前完成社会资源接入平台并安装调试，实现视频资源的互联互通，确保到明年5月项目全部竣工。目前，滨海新区选取了39个前端试点小区，项目全部建成后，将逐步扩大范围至所有村居，从而实现新区功能区街镇村居，委办局企事业单位等各部门各行业之间的点位互补网络互联平台互通，真正在新区全域的一张网上下活一盘棋。	未
雪人是我们泌泌嘛	未
雪人股份：产品被认定为2018年国内首台重大技术装备福建省工业和信息化厅下发通知，雪人股份研发的HE26L766NW 型氦气喷油式螺杆压缩机被认定为国内首台（套）重大技术装备，是公司在超低温领域制冷核心装备领域取得的一项重大成果。	未
雪佛兰新款探界者上市，8款车型售价区间为17.49-25.09万元，主要针对配置进行调整，部分车型增加真皮座椅电动后备厢GPS导航系统等。动力依旧搭载1.5T或2.0T发动机，1.5T车型为6速手自一体变速箱，2.0T车型匹配9速手自一体变速箱。	未
雪停之后，大风降温！请迎接冷空气的暴力袭击...	未
雪凝天气倒计时两天！贵州降温幅度达6-12天气越来越冷，气温也开始逐步降低，湿冷与阴雨是贵州冬季的常规模式，而强冷空气已按下强者模式。据贵州省气象台最新预报显示，强冷空气正自北向南影响我国中东部，并将从28日开始给我省带来大范围雪凝天气。27日到30日，过程降温幅度达6-12。多彩贵州网提醒广大司机朋友，这两天雨雾天居多，道路湿滑，能见度又低，驾车出行需谨慎慢行，千万不要在转弯处或浓雾路段超车。	未
雪凝天气要来了！秋裤都抵不住，直接上棉裤	未
雪博会专题：我们和冬天之间 仅仅差一个吉林省	未
雪博会里的吉林是这样式儿的	未
雪后一大早，杭州一业主在自家门口暖到了！杭州爆料@19楼 网友可莎小蜜儿爆料：今日杭州大雪气温骤降，早上出门倒垃圾，被物业准备的小惊喜暖到啦！自家的门把手套上可爱外套，就再也不凉冰冰了！真是个温暖的物业呢	未
雪后体检线路保安全12月11日，在沂蒙山区今冬以来第二场大雪过后，@国网临沂供电公司 员工对10千伏农业南线北线等多条10千伏线路设备进行巡视。工作人员克服低温泥泞等不利因素，对线路接头刀闸开关等设备的T接点进行诊断，及时消除各类安全隐患，确保电网安全稳定运行。	未
雪后初晴好出行受冷空气影响，包括沈阳大连辽阳等辽宁部分城市迎来一场降雪。当天雪后初晴，市民们在沈阳清昭陵内散步。雪后初晴好出行	未
雪后加快施工服务重点项目12月10日，诸城地区普降小雪，@国网诸城市供电公司 组织施工人员冒着雪后低温天气，加快10千伏大业线改造进度，确保该线路接带的全市重点建设项目大业金属公司2期项目尽快投产送电，全力服务新旧动能转换，优化营商环境。	未
雪后回头村	未
雪后忙施工 设备换新颜12月11日下午，在邹城市110千伏邹南变电站，@国网邹城市供电公司 检修人员加紧进行更换开关柜施工。本次施工预计于15日具备送电条件，改造完成后，将全面提升变电站设备运行情况，极大地缓解城区用电压力，为保障城区用电安全起到积极地促进和保障作用。	未
雪后抗严寒增容改造忙12月12日，在大雪后的严寒天气里，@国网淄博供电公司 工作人员对110千伏灯塔变电站进行增容改造工作，在做好安全管控的同时加快施工进度，改造后将大大提升该站的供电能力，保障迎峰度冬期间用电无忧。	未
雪后晴空，他们不畏严寒2018年12月7日，风雪后的乳山市晴空万里，@国网乳山市供电公司 工作人员不畏严寒，对10千伏大乳山线进行线路配电自动化改造，更换绝缘导线安装分界开关，提高供电可靠性，保障冬季电网安全稳定运行。	未
雪后特巡保安全12月6日，大雪过后@国网沂源县供电公司 立即组织员工在10千伏两县线进行雪后巡视测温，全面排查并消除安全隐患，及时掌握线路设备运行情况，确保服务区内线路设备安全稳定运行。	未
雪后特巡 保线路安全12月11日一早，@国网沂南县供电公司 组织人员在雪后对35千伏历岸京里线进行雪后特巡。12月10日，沂南迎来雨雪降温天气，暴露在线路上容易产生覆冰，影响电网安全运行，为此沂南公司组织人员开展线路特巡，及时排除线路隐患，确保供电安全。	未
雪后特巡在行动12日11日，国网连云港赣榆区供电公司组织检修和运行人员，对辖区输电线路进行雪后特巡，及时消除隐患，保障电网安全运行。	未
雪后特巡 服务山村用电12月8日，@国网淄博供电公司 组织人员对位于山区的线路展开特巡，重点对线路覆冰雪情况线路雪后弧垂变化等运行情况进行检查，发现安全隐患及时消除，确保电网安全稳定运行。	未
雪后的六泉乡...	未
雪后的巫溪，竟变成了这样！	未
雪后的新疆，原来是	未
雪后的老特拉福德	未
雪后道路很泥泞 立杆架线不含糊 12月6日，@国网平邑县供电公司 施工人员不顾雪后道路泥泞气温低，用小推车把电杆运到指定地点立杆架线。工程完成后下崮庄台区线路设备更加可靠稳定，确保村民温暖度冬。	未
雪呢	未
雪国列车//@喷嚏网铂程: 转发微博	未
雪国列车 微博视频	未
雪国的信使撺着拳头，咚咚咚地敲打着路上五颜六色的雨伞。今天，你的伞收到讯息了吗那是天空和我的中间，倾盆的思念声。/to 32119	未
雪在风中舞 人在雪中巡 12月5日，一场风雪突袭而来，@国网宁阳县供电公司组织24个巡线小组对供电设施进行特巡。巡检人员严格按照规程要求，对10千伏及0.4千伏线路及设施进行隐患排查，完备特巡记录，及时消除隐患。	未
雪地上的检修工12月11日，在110千伏围子变电站内，@国网昌邑市供电公司 检修人员对35千伏侧311313315317开关的保护装置进行更换。在现场，工作人员迎着寒风站在雪地上，一丝不苟地剥线接线测量，只为尽快完成改造任务，保障附近居民寒冬里用电无忧。	未
雪地新地图你吃鸡了吗 真香	未
雪地猛兽奥迪RS6	未
雪地里生一处火，让孤独的人都有地可去- WAler	未
雪地里组塔服务西外环道路建设12月11日，大雪初停，寒风呼啸，@国网临沂供电公司 20余名施工人员冒严寒在雪地里进行铁塔组立，加高改造35千伏薛汪线，服务临沂西外环道路建设。35千伏薛汪线导线与新建西外环路面距离达不到安全距离，影响通车安全。线路加高改造后可有效保障西外环安全通车运行。	未
雪地靴工厂最近天天查环保，工厂无法正常运作，要给跪了听说今天查完就好了	未
雪域高原上的兵雪奇缘近日，一股突如其来的冷空气席卷了祖国的西南边陲，77集团军某旅为贯彻能打仗，打胜仗的强军之要，在冰天雪地里展开了一场又一场别开生面的抗寒训练。下面就请随着镜头一起走进训练场看看这群雪域雄狮的兵雪奇缘。（徐义 王勇强 杨炎凯）	未
雪域高原上的藏医药扶贫村	未
雪域高原又被武钢人暖了起来	未
雪夜，大漠深处的救援！	未
雪天拍照片，都有哪几招	未
雪天！甘肃多地发生车祸，直击现场！	未
雪天男子发现女儿跟陌生男子上了车 真相令人大跌眼镜	未
雪天车辆打滑司机坠落高架桥 交警展开雪中救援	未
雪天里等了俩小时，从札幌开来一辆新车。我一开始就跟师傅说可能是变速箱烧了，现在证实了。老司机，本人。	未
雪好大啊！寒潮来了 图为山东日照五莲县的大雪实景图，你看那观测场的气象人在干啥下半年第一场雪 要注意保暖哦！（王军 朱秀红 摄影）	未
雪，如期而至警，随雪而动	未
雪山下的牧场	未
雪快停了，又下大了三预警发布！明早的天气让人......	未
雪怕太阳，草怕霜人怕没钱，情怕伤！（精辟）	未
雪明天就走！最高温-2，潍坊人要冻哭了....	未
雪是脆的耶 微博视频	未
雪未至天骤冷，愿记住这些暖，驱走你冬寒小雪封山，大雪封河天气在一天天变冷，2019年的脚步在一点点临近，而2018年，只剩24天虽然大雪节气没有雪，但气温骤降的速冻模式，让京城寒意十足然而天气的寒冷，抵不住心中的温暖回顾2018，有这么多感动瞬间，哪一个曾温暖了你戳链接， ...全文	未
雪未至天骤冷，愿记住这些暖，驱走你冬寒小雪封山，大雪封河。天气在一天天变冷，2019年的脚步在一点点临近，而2018年，只剩24天。虽然大雪节气没有雪，但气温骤降的速冻模式，让京城寒意十足。然而天气的寒冷，抵不住心中的温暖。回顾2018，有这么多感动瞬间，哪一个曾温暖了你戳链接，回味那些点滴的小感动网页链接	未
雪来了！仙桃第一场雪在12月降临，这一天是...	未
雪来了六安雾霾持续，今起雨水上线，6日可能有雪	未
雪来了！天门第一场雪在12月降临，这一天是...	未
雪来了安徽雾霾持续，今起雨水上线，6日可能有雪	未
雪来了淮南雾霾持续，雨水已上线，6日可能有雪	未
雪来了！连下4天！黄石交警发布易结冰路段，速看	未
雪松控股收购中江信托获批，将持股71%	未
雪松控股： 追求企业与社会和谐发展	未
雪松男子图鉴：上班一条领带，下班八条腹肌	未
雪染枫叶红	未
雪树群	未
@雪梨娃娃头：万科盈润园北门底商，座11号楼楼下，一家洗车店自开业起在店内装高压水泵，并且没有做任何防噪措施，水泵噪音顺着钢筋传导，严重干扰到11号楼居民的生活，每天轰鸣声不绝于耳一是不知道在居民楼附近，能否开有噪音污染和水质污染的洗车店，二是噪音扰民，和店长交涉，洗车店老板不但不 ...全文	未
雪梨悉尼：澳大利亚人口最多的城市，被誉为南半球的纽约	未
雪歌仁宝齐教你辨别身边的恶友与善友	未
雪没看够没关系，明天还有，而且还更大了	未
雪炫道歉我们雪炫不用道歉呀！已经做得很好了	未
//@雪球平安内含价值:加拿大人和澳大利亚人最近经常找存在感	未
雪球投资锦囊为什么我感觉这些年，只有深入讨论的股票，半年内几乎都会有25到50跌幅雪球用户不明真相的群众：这是在整体市场下跌的时候，你根据现象总结出来的一种错觉。换到牛市，你会发现，你分析哪只股票，哪只股票就很快创新高，这时候，不但你自己，别人也认为你是股神。其实，无论是牛市，还是熊市，你都只是一只扔飞镖的猴子。股票短期的走势和你的分析，关系并不大。	未
雪，真的来了！现在这个地方下起杭州第一场雪！	未
雪花的信仰喜洋洋主播	未
雪花飘落的冠县，是时候涮火锅了	未
雪莉《SULLI-Love Myself》 20日开始线上销售	未
@雪莉酒BH3AG：2019年1月5日高铁于家堡站将更名为高铁滨海站，高铁滨海站更名为高铁滨海西站	未
雪莓鹿鹿喝了吗	未
雪要来了，11月无锡空气质量如何看这个江苏排位	未
雪警亦雪景 道路湿滑，走路要当心哦	未
雪警亦雪景雨雪天气虽暂告申城，但无论刮风下雨天气好坏，我们警察蜀黍依旧在岗位上为大家排堵保畅。	未
雪警亦雪景 雪天路滑，大家出门务必小心开车的尽量慢点，保持安全的行车距离，为了自己，也为了他人的平安！@金山警务百事通	未
雪警亦雪景 雪警亦雪景	未
雪走了，大风降温来啦！威县老乡请注意！	未
雪走了，雨还在杭州天气今天08时各地24小时累计降水量大多在515毫米间积雪有所融化，城区道路基本无积雪，北部县市的山区仍有一定积雪，部分山区510厘米今天10时主城区气温已回升至3.6。预计今天杭州受暖湿气流增强影响，还是阴有雨的天气，下午到夜里的雨量会比较明显，在中雨的量级。明天干冷空气南下，雨水渐止，天气逐渐转好，后天（12日）就是多云到晴的好天气。不过14日（周五）起到本周末，还会有一场雨水天气过程。好在冷空气影响结束后，气温会逐渐回升，预计明后天早晨气温较低，仅01	未
雪过天晴，这拨雪景你见过吗	未
雪还是有的，不过它迷恋于黄陂的美色，没有进城！雪至，黄陂蜀黍加强了巡逻防范，步巡踩雪！汉警微镜头	未
雪还没有下南京菜市又现“蒜你狠” 大蒜一斤8元	未
雪还要下！洛阳发布寒潮蓝色预警，大风降温继续！	未
雪，这就走了！但接下来最高温才-2，潍坊人要冻哭了	未
雪里香梅 .	未
雪重新飘落，二十九年前的大雪，大雪落在北京。//@牧羊的水鬼:雪仍在飘落，大雪落在喀什噶尔。	未
雪雪雪！即将抵达！阜宁气温暴降至-2！	未
雪雪雪，未来几天的西宁太冷了！	未
雪雪雪！西安明天最低-8，高速封路班车停发，最新路况在此！	未
雪韵长白	未
雪魄冰魂中的冰城“警色”	未
雪鹅	未
“雪龙”号到达南极中山站冰上卸货地点	未
“雪龙”号船边的南极企鹅	未
“雪龙”号进入南极圈	未
“雪龙”号进入南极圈 将开展卸货作业	未
“雪龙”号驶入南大洋浮冰区	未
雯雯耍个猴子还是绰绰有余的...	未
//@雲姑-:明灯一样的修行人	未
//@雲姑-:江苏女冠，玉音琳琅。//@道門網-正统道教网站://@一语氏: 转发微博	未
雲論 谢金河在九二共识下讨生活高雄将成中国对台新试点韩风席卷全台，我在第一时间说：高雄会成为中国大陆对台的新试点城市！果然消息满天飞，先是郭董与韩国瑜电话畅谈三小时，下周约定厦门见面，韩国瑜也预告未来有10家企业将加码投资高雄韩国瑜也立即成立两岸工作小组，其他蓝营执 ...全文	未
零上贫雪下雨哈尔滨暖冬罪魁祸首竟然是它这才是真相！	未
零下10阵风七级！通州未来几天都超冷！暖气不热快打这些电话	未
零下13度！超凶冷空气真的来宝坻了！更可怕的还在后面。。。	未
零下28练兵是一种怎样的体验兵哥哥告诉你12月4日，气温降至零下28！北部战区陆军某边防旅官兵不畏严寒，开展极限体能训练，磨砺官兵血性胆气（刘坤厚黄绿）	未
零下2度还洒水？今早怀德桥发生连环车祸	未
零下30℃ 中国北疆举行首场雪地马拉松自行车赛	未
零下30也不冻脚！能自发热的黑科技婴儿绒袜，湿冷的南方冰冷的北方，统统都不怕！	未
零下30，兵哥带你看看军营版的冰花男孩在新疆某团训练场上，有这么一群人，他们身披迷彩，顶着风寒，在零下30的气温条件下开始了抗寒训练，用热血和激情品味冬天风雪的味道。越是天气条件恶劣，越是练兵好时节，因为你永远都不会知道，敌人会在什么季节出现。（邢海武 高成成）	未
零下30度他们在齐腰深的积雪中巡逻，马匹都被大雪埋住	未
零下30度，开着一辆量产车在雪地里疾驰是种怎样的体验	未
零下30度的边防战士。哪有什么岁月静好，只是有人为你负重前行！镜头下的军人！向边防战士致敬！	未
零下36度！张家口今天出门5分钟 颤抖2小时	未
零下38.2！中国最冷小镇消防员训练变冰人零下38.2，什么感觉黑龙江人说：哈尔滨动物园的企鹅都不肯出门！可是，有这么一群人却忙得不亦乐乎！大兴安岭地区森林消防支队针对严寒天气，开展极限体能训练，提高耐寒能力，为完成各种应急救援任务做准备转发，向中国消防员致敬！（东方IC）	未
零下5度，清洁车还在路面上洒水市容园林委解释说	未
零下5度，银川街头的这一幕让所有银川人泪目！	未
零下5的青岛，你敢来嘛！	未
零下8大风中雪！这项工作不做好，可能就麻烦了	未
零下8度，弱小的它们躲在破纸箱里取暖，或翻遍附近的垃圾箱寻找一口冰冷的食物许许多多的流浪动物挨不过残酷的冬天你愿意同我们一起救助在凛风中，饥肠辘辘的流浪猫吗  新浪新闻发起线上24小时救助流浪猫，你可以随时喂饱她你的善心投喂将帮助流浪猫度过寒冬请转发微博让更多有爱心的朋友加 ...全文	未
零下一度！南京四名大学生不带食物在山里走两天一夜，这是要干嘛？	未
零下七度中的光明使者12月8日20时，最低气温已低至零下七度，杨凌大寨社区经委家属楼因为表计出线烧断突遇停电。接到抢修任务后，@国网杨凌供电公司 迅速组织抢修，于22时30分恢复对该家属楼34户居民的供电。虽然寒冷冻红了他们的脸颊，但谁说这不是光明使者最美的样子（康立 朱玉明）	未
零下十度穿这样你是真的不怕冷啊好吧。。反正也只是过条马路logo	未
零友爆料妈妈哭诉：希望威远的这个人把我女儿的复诊报告单归还！	未
