印度最长铁路桥历时16年建成 距中印边境仅20公里	未
印度最长铁路桥历时16年建成 距中国仅20公里	未
印度最长铁路桥历时16年建成 距中国仅20公里(图)	未
印度海军司令：印度海军10年内要建62艘舰艇，保证在印度洋的优势！	未
印度海军将扩军 称和中国比占优势	未
印度海军未来计划新增56艘新型舰艇，其中包括一艘国产航空母舰	未
印度海军雄心勃勃宣布扩军 称和中国比占据优势	未
印度烈火-5号洲际弹道导弹第7次试射，射程可涵盖中国全境	未
印度电影《老爸102岁》公映 直击老年话题	未
印度电影《老爸102岁》点映 大胆探讨老年话题	未
印度男子96岁生子创世界记录！男性生育能力到底可以多强	未
印度网友搬家到加拿大后，第一次见到雪的样子，兴奋的堆出了印度特色雪人	未
印度：艾扬格学院的超级瑜伽课	未
印度这点全球无敌：玩政治玩到巅峰，美俄中同一天陪它军演	未
印度这种国家，最繁华的地方也就是喜马拉雅山脚下那一片，整个印度次大陆其实是海拔相对平坦的，稍微懂一点初中地理的都知道这个道理，你要修排水系统，你的国土天生要有落差的，落差最大的现实意义就是地表径流，提供清洁的饮用水，顺便排走各种生活污物，很明显印度不能这么搞，不相信的去看看印度的地图就知道了，从印度南部到喜马拉雅山最繁华的那一片地方，其实没什么落差的。。。。比尔盖茨当然想到了厕所的问题，但是他无法解决印度次大陆就是一块平地的问题。。。。。老天爷不帮他的	未
印度首富为女儿花1.3亿请碧昂斯表演 表情亮了	未
印度首富之女大婚 希拉里出席还大秀宝莱坞舞蹈	未
印度首富之女大婚 希拉里大秀宝莱坞舞蹈	未
印度首富之女大婚 希拉里现场变身宝莱坞“舞娘”	未
印度首富嫁女希拉里带女儿去捧场 碧昂斯都来献唱	未
印度首富嫁女请来希拉里、碧昂丝，这是土豪婚礼加强版	未
印度首富看碧昂丝表演的表情穆克什安巴尼1957年出生于也门亚丁，印度商人，居住于印度孟买他是财富500强企业信实工业（Reliance Industries）主席，董事总经理2018年7月15日，彭博社报道说，印度首富印度信实集团总裁穆克什安巴尼取代阿里巴巴集团董事会主席马云，成为亚洲最富有的人根据当 ...全文	未
印江又添一景，真美	未
印第安韦尔斯决赛回顾体育V势力	未
印记：北斗系统核心技术自主可控	未
印象中的云南风景旖旎令人向往，然而多属山区和石漠化地区的富宁县却因自然条件成为集老少边山穷战一体的国家级贫困县。今天我随电影频道脱贫攻坚战星光行动 来到壮族坡芽村，探索乡村旅游的发展空间，为新型扶贫农产品打call！来微博扶贫助威团 ，和我一起坡芽村探案！ ...全文	未
印象南海寻找老照片上的文化印记展演带你见证城市蝶变	未
印象博州任世间万般多彩，不及赛湖蓝炫彩夺目！	未
印象宿迁 冷。（摄影：悠悠）	未
印象  @所有人 打翻了油彩罐 美出天际的太湖新城这个周末怎能错过	未
印象村庄 百年古桥  静候君归	未
印象江城丨狮子山，见证着芜湖百年来的风云变幻	未
印象西山  这片球场，是否也曾记录过你的青春时光	未
印象通山青年抖音视频大赛，抖出通山味儿！通山人都来参加吧！	未
印象韩城	未
印首富嫁女希拉里出席 看懂奢华婚礼的政治经济学	未
危伟汉当选广东中山市人民政府市长	未
危伟汉当选广东中山市市长（图/简历）(图)	未
危伟汉当选广东省中山市人民政府市长(图/简历)	未
危废领域独角兽彩渱高科近日，浙江彩渱高科联合台州市黄岩区环保局对三百家危废企业召开废水零直排工作推进会。彩渱高科自主研发的城市末端天网云仓系统，具有动态实时传递，全流程追溯等特点在机械汽修医疗等行业形成数万个铺点，并成功为数万家小微企业提供环境安全服务。网页链接	未
危急关头，他们疏通生命的通道	未
危房改造：给贫困户一个温暖的家	未
《危机13小时》：战斗很精彩，政治很幼稚	未
危重新生儿医生的一天：当你入睡时 他还在为活着而努力	未
危险万分！光头男炫车技让人冷汗直冒	未
危险！宣威4个娃娃放学回家嫌路远横穿高速	未
危险报警闪光灯正确的用法是什么可别瞎用！	未
危险  银川男子一手扶车把一手抱孩子，这种父亲的勇敢不值得提倡！	未
危险！鹤山一小车进站加油后再启动发生自燃...	未
即交行周周刷，招行10元风暴也来凑热闹了！	未
即使停产也无法消减改装的热情，浙江车友丰田锐志改装案例！	未
即使撇开伦理不谈，这种言之凿凿说自己突破了也是扯淡。//@扶他柠檬茶:转发微博	未
即使是改革开放的成果你创造了但你没有享受到，只要宣传下之前你没饭吃现在你有饭吃旧社会孩子生下来夭折率高，你就觉得倍儿幸福。，//@性感玉米:回复@我是林佳宜:党就喜欢你这样的，所有生活标准均以活着为目标。//@我是林佳宜:我吃了几十年植物奶油 没死啊	未
即便一个人很有才华，但是如果没有大时代的机遇，那也是没有办法赚到钱的。	未
即便不能身处一支球队，也希望拥有像雷霆一样的兄弟们。这样的打球氛围，不就是我们喜欢篮球的原因么。大家晚安	未
即便凛冬将至，这里仍然温暖如春	未
即便比特币单周飙升25 业内人士却依然并不看好比特币本周大幅飙升逾25，周五最新交投于4300美元上方。自12月17日开始，比特币打破近期寂静行情，走出一波强劲反弹，17日刚好是比特币价格触顶一周年纪念日。但交易员和分析师表示，比特币疯涨势头已消失，不太可能重现。即便比特币单周飙升25 业内人士却依然并不看好	未
即刻电音 12月6日20:00，第一周周榜正式截止，总榜没有停！还能继续为制作人打榜哦！即刻电音榜数据由：腾讯视频内即刻电音榜数据选手纯享版视频的自然播放量@即刻 内榜单@yoo视频 内电音赛道三大平台数据实时汇总形成。本周周榜冠军@Panta点打不出来Q 《熊猫人》，此作品与其电音制作人将获得腾讯视频即刻app和yoo视频提供的专属曝光资源！等待我们的惊喜大礼包吧	未
《即刻电音》即将上线 大张伟尚雯婕现场“神仙打架”	未
即刻电音 本周赛程近一半，来汇报下即刻电音榜战况！目前总榜TOP1@Panta点打不出来Q 郭曲《熊猫人》，TOP2是本周新作品@齐奕同_迈扣Qi amp@董子龙_DZL 《猴子说》，TOP3是首周作品@Anti-General amp@谢帝 《形意》，TOP4与TOP5为第一周作品@王绎龙 《电音之王》和@达尼DharniMusic amp@KoFlow刘冠威 《摇摆式》，还有新作品@Tolein薛伯特 《godlike》和@蔣亮的聲音系統 《真高兴》分居TOP6和TOP7，本周新作品	未
即刻电音来自宁波的@BPuncle-衡乐音乐 组合，用《摩的摩的大飙客》remix版躁动全场嗨完之后，充电宝给大家爆个料，他们名字中的BP，真的是BP机的意思真是real复古了！	未
即办即取！今起南通开发区社保卡服务网点正式启用	未
“即办即取”社保卡 南通新增两个网点	未
即将全线开通！从化又一条高速公路！	未
即将全面恢复通车 12月16日南京长江大桥50周年纪念开跑	未
即 将 出 荷	未
即将到来的2019年里，《海峡旅游》有全年的香气	未
即将发布的两款挖孔屏，三星和华为的，虽然很怪，但是我觉得比刘海好看是不是	未
即将喜提刘雪婧牌星球杯！( _)	未
即将席卷宁波的花胶海鲜火锅正式开业，5.8折，疯狂打卡	未
即将开奖，不要错过呀//@风行网:唤醒你的还有@风行网 ，转发微博，小风再送出5大盒雀巢咖啡！	未
即将推出的上汽大众途昂Coupe版 VS 众泰大迈X7网页链接	未
即将来临！连续90天！贵州A级景区门票全免或五折！	未
即将爆发啦！番禺这一条名村公开招婿！斥资60亿改造	未
即将见到老朋友的喜悦詹韦最后一次对决 NBA零距离	未
即将跌破10！强冷空气携雨发威，中山寒冷预警生效  早安，中山	未
即将过去的十一月，山东发生了这些你不容错过的文化事儿！	未
即日-12月16日，一年一度的清迈设计周Pop Market每天下午4点到10点在One Nimman举行。来自番友Mr.7，此刻详情：网页链接	未
即日起，一分钱就能在酉阳县城坐公交车啦！	未
即日起！大同市区部分夜间交通指挥信号和电子警察抓拍系统恢复开启！详细地段戳图看！	未
即日起重庆高速开展“酒驾”专项治理	未
即日起，钟楼街多了一个有爱的名字！	未
即时报！了解东城大道醴陵段建设最新进展	未
即时点评维拉VS利兹联，上半时开球才5分钟，切尔西借将亚布拉罕，打进个人本赛季第13个进球，帮助维拉1-0领先！讲真，双方的防线都比较渣，本场比赛进球应该不会少。	未
即时积分榜英超第17轮，双红会开打前，积分榜的最新形势，曼联落后前四欧冠区多达11分，这场作客安菲尔德如果不能拿分的话。。。。。利物浦急需这3分来反超曼城，所以。。。。。。	未
即食新闻亚洲50最佳餐厅 明年3.26重临澳门 将于永利皇宫路凼举行  TastyTrip	未
卷入刘强东风波，深圳写字楼大王李华的卓越之路	未
卷福回归《奇异博士》续集，计划2020年开拍	未
卷花！	未
卷花一下！	未
卷花，抽一位送520扫雷基金，12月20开	未
卷花此视频，抽一位送520爱萍萍基金，12.28号开！	未
卷评原po安排288红包（这个真的挺好玩哒！）	未
卷评摸5个宝贝，送hello Kitty这个超可爱的身体乳 查看图片	未
卷评摸个宝贝送520红包有空一定要来看看我们滚滚哦	未
卷评瞅一台他们家牙刷，今天开哦	未
卷评赞助1000红包，双十二肯定缺钱点阵仪和mini点阵仪共用一个优惠券哈！！！今晚24点活动就开始了	未
卸任中国驻老挝大使后 王文天再获派驻东南亚国家	未
卸甲一样光荣！ 微博视频	未
《卿卿如晤》正式签约江苏舞台艺术重点投入剧目	未
卿晨璟靓，到案！刚刚，最美女嫌疑人投案自首！	未
卿本佳人何做贼通缉令火了女嫌犯！警方：好看也不能犯罪	未
卿本佳人 奈何为贼   高颜值女嫌犯投案自首了	未
卿本佳人，奈何做贼刚刚，最美女嫌疑人投案自首！	未
卿本佳人，奈何做贼通缉令火了女嫌犯警方：好看也不能犯罪	未
卿本佳人奈何做贼：酒托女嫌犯上了通缉令 因为高颜值火了	未
#厂开趣玩#蒙牛航天品质体验官 邀你共赴2017品质之旅	未
厄瓜多尔共和国总统莫雷诺于11日访华	未
厄齐尔 阿森纳 20181214 阿森纳VS卡拉巴赫 大图来一波我要亲在他的睫毛上！	未
历代塞尔达公主谁最美《塞尔达传说》系列自1986年推出至今已有30多年历史了，岛国近日发起了一个「哪一版本塞尔达公主最漂亮」的讨论，而最终《天空之剑》版本的塞尔达获胜，《荒野之息》落选的原因是很多人觉得这个版本的塞尔达眉毛太粗了	未
历历在目 我们这个周末再约 798中一街等大家	未
历史一定是厚重的么真不见得！1978-2018，最有资格讲资历的大众汽车集团进入中国市场40年，这一支数说短片，带你轻松读历史40年同前行	未
历史上的今天  11月30日，世界最大北14聚合物配制站全面建成投产	未
历史上的今天  1903年12月17日，莱特兄弟制造的第一架飞机飞行者1号 在美国北卡莱纳州试飞成功	未
历史上的今天，2003年，@董荷斌HoPinTung 创造了F1的历史，他成为第一位驾驶F1赛车的中国车手。凭借在宝马方程式亚洲系列赛中的优异表现，他获得了在西班牙测试威廉姆斯FW24赛车的机会。他形容这次经历是terrifying。	未
历史上的今天丨11月25日，油田创建第一个缝补厂！	未
历史上的今天 百度百科 今天是澳门回归19周年 1999年12月20日中国政府恢复对澳门行使主权，设立澳门特别行政区。澳门以前是个小渔村，它的本名为濠镜或濠镜澳，因为当时泊口可称为澳，所以称澳门。点击链接，了解更多关于澳门的知识吧。网页链接	未
历史上的特殊城市满城	未
历史从这里转身-九〇后传奇	未
历史传承 后继有我	未
历史传承，后继有我	未
历史告诉人们怎样走好新长征路	未
历史学家章开沅、马克思主义经济学家吴易风获吴玉章终身成就奖	未
历史巨变：坚持以经济建设为中心 建立和完善社会主义市场经济体制	未
历史性一刻，一公司红星片区棚改项目公房拆除工作启动	未
历史性时刻：中国空间技术研究院成立卫星应用总体部	未
历史时刻！宁句城际正式开工建设！作为南京首条跨市域运行的城际轨道交通线，此次是全线开工。根据规划进度，主体竣工时间2021年12月31，通车时间2023年6月。通车后，句容人37分钟到马群，60分钟到新街口。	未
历史最强！还记得梅西打进91球的那一年吗当他来到你面前时，你就像木乃伊一样，知道吗你不知道要做什么来挡住他。奥萨苏纳的球员拉马体育V势力	未
历史游戏全面战争三国 CA官方发布了郑姜势力的介绍，包括玩法风格:对于郑姜来说，恶名及其带来的动力是关键。她从占领定居点赢得战争以及拥有朝贡国(这些朝贡国通过支付她的钱来承认她的权力，但并不一定会追随她投入战争)来赢得恶名。关系:陆郑作为郑姜的结拜姐妹和二号指挥官。他们一起为推翻腐败的汉朝政权，把权力交还给人民而斗争。由于没有其他真正的盟友可谈，郑江必须集中精力建立一批忠于她的领导班子，这些人行使她的统治和思想。起始位置:郑姜起程于地势险峻的山区，与邻近的董卓和汉帝国交战。起初的困境:郑姜的困境主	未
历史游戏全面战争三国CA官方发布袁绍势力的介绍，包括玩法风格（袁绍的家世血统能帮助其更和平地占领城镇他和袁术是开局唯一可以建立联盟的势力）关系（颜良文丑是袁绍的左膀右臂，然而袁术一直认为他才是袁家最好的继承人，袁绍必须证明自己才是最好的袁家家主）起始位置（魏郡） ...全文	未
历史＋游戏如何玩转紫禁城	未
历史课总决赛国乒62金居首 22届中8届包揽四金首届国际乒联巡回赛总决赛于1996年12月12日至15日在中国天津举行当时，刚刚在亚特兰大奥运会上囊括四金的中国选手包揽全部四项冠军，孔令辉邓亚萍分获男女单打冠军，王励勤/阎森和邓亚萍/杨影分获男女双打冠军迄今产生的88枚金牌中，有62金写在 ...全文	未
历史里程碑！内江自贡签约共推同城化发展！内自城市新区将横空出世	未
历史首次！中国副部级官员出面参选亚足联副主席	未
历害！揭西有7个镇上榜了！广东教育强镇最新复评公示	未
历届G20峰会会标长啥样？ 快来pick你的最爱！	未
历届之最！黄花岗3万盆黄花齐放，免费赏菊走起	未
历届规模最大！第九届国际奥委会国际运动员论坛明年4月举办	未
历年货币政策与M2增速。	未
历时157天，武鸣太平镇这25台大风扇安装完成！	未
历时16天，岷县违建王被成功拆除！	未
历时26个多月 南京长江大桥预计12月29日恢复通车	未
历时284天 首个国产PD-1获批上市！	未
历时3年 占地近200亩 投资约35亿 泉州标志性文化建筑群将于年底绽放	未
历时3年！投资9.65亿！山西这座大桥终于要通车了！具体时间是...	未
历时44天，国家监委引渡第一案为何如此神速	未
历时4年 南京桂花鸭再次“飞”进香港	未
历时5个多月，江苏环保、公安首次联合完成这项专项行动！	未
历时7个小时，走遍七个乡镇，为的是脱贫攻坚！	未
历时一年调查 南京水文化遗产点共有1679处	未
历时近9年，这条高速公路终于全线通车啦！	未
@历社er您有一份市区出行礼包待签收	未
历经300多年风雨！德化有棵罗汉松王，将建设主题公园！	未
厉以宁为民营经济代言:无民不活 民富是国富之源厉以宁在北大光华新年论坛 称：一带一路加速了中国经济的发展，包括民营企业的发展。随着海外市场的开辟，与外国企业合作经营并参与到一带一路建设的民营企业也越来越多。广泛地参与国际合作与竞争，将有利于中国民营企业的进一步发展 ...全文	未
厉害！2018四川十大特色旅游品牌出炉  光雾山又揽大奖！！！	未
厉害！69岁成都大爷蒙眼能搭几十根平衡木都来耍69岁成都大爷汪留成，练就了一身绝活，不仅蒙眼能让20多根木条保持平衡，甚至还能将它们放在钉子上头顶上和雕塑上如今最高纪录能够搭起48根小木条，大木条可以搭起近30根看得小布脚指姆儿都抓得紧紧的了你呢网页链接 （红星 ...全文	未
厉害skr人！这个老国民品牌2019再发洪荒之力硬核！继限量版营养快线和跨界彩妆盘之后，近日，@娃哈哈 再度官宣一贯好茶的教养，严苛标准下一茶C位出道，新晋网绿冰淇淋抹茶奶茶，抹茶控们了解一下，还有给小朋友补锌补钙的锌多多钙多多营养酸奶你最期待哪个小可爱	未
厉害，丹江口这个村委会获评全省百佳！还有...	未
厉害！丽水又有17个村要在全省出名了，快看看是不是你们村	未
厉害！乐清这家企业投资上亿生产出的产品，填补市场空白	未
厉害了12岁的汤圆又出新歌了	未
厉害了，300多名各种肤色的户外高手，在千岛湖一决高低	未
厉害了！7年投资150亿元打造汕头城市新名片40家央媒省媒聚焦东海岸新城	未
厉害了！96部微电影集中展示改革开放四十周年职业变迁	未
厉害了//@JYJ橙子:6666了啊。艰难环境创造人才	未
厉害了word哥！网友亲手制作的麻将宝典，哈哈哈哈哈给这位大神跪了！	未
厉害了Word平安：拼搏吧我的团	未
厉害了Word村！《经济日报》专版推介井冈山神山村：脱贫攻坚样板村	未
厉害了！三明这些创业小伙伴在省级大赛中摘金夺银，他们是	未
厉害了！上林又将新增二家四星级农家乐（上林时空）	未
厉害了！世界最高等级全自动驾驶地铁要来了，明年9月北京大兴新机场线见北京身边事	未
厉害了两个地方队啊//@Official_KeSPA:[2018 LoL KeSPA Cup] 第一轮比赛16强D1战报 - GC Busan Rising队和 KeG Seoul队成功晋级第一轮比赛8强。 KeSPACup	未
厉害了！两手机配件项目签约忠县	未
厉害了丨退伍老兵狂砸200多万，开垦250亩荒山，年收益200余万	未
厉害了！中国百强县（市）发布！库尔勒市为新疆唯一上榜城市！	未
厉害了，中央发文公示！江西17个镇村入选中国历史文化名镇名村12月17日，住建部公示第七批中国历史文化名镇名村名单，经专家组推荐，拟将60个镇公布为第七批中国历史文化名镇，将211个村公布为第七批中国历史文化名村。江西有17个镇村入选，其中，江西省修水县山口镇贵溪市塘湾镇樟树市 ...全文	未
厉害了！临川灯芯草剥离机登陆央视《我爱发明》栏目（附视频）	未
厉害了！乐清这3个地方上了温州光荣榜	未
厉害了！乐清这家单位被记集体一等功，还有多人获国家级称号	未
厉害了！仙桃上榜中国GDP百强县！	未
厉害了！仙桃被科技部点赞，入选创新型县（市）建设名单	未
厉害了，你的笑！广州市食品安全主题曲上地铁啦！	未
厉害了！信宜市环卫局获广东省环卫工作先进集体荣誉称号	未
厉害了！全国唯一以孝命名的城市孝感成为森林城市！	未
厉害了！全国首个地下单车智能存车库，就在成都！	未
厉害了！全国首家禁毒反恐刑侦综合体验馆在这里南京市青少年普法教育基地，位于溧水区大金山国防园内。基地以小手拉大手普法一起走为主题，是国内第一家集禁毒反恐刑侦综合性为一体的专业教育基地，也是全国第一家青少年反恐教育体验馆。	未
厉害了！全省辅警大比武，义乌5名辅警获个人前八！	未
厉害了，六合竹镇！	未
厉害了！兰州高原夏菜上央视了！	未
厉害了！内蒙古7个城市上中国百强榜单！看看有你家乡吗	未
厉害了农夫山泉，17.5橙成为超级品牌，脐橙产业园还被评为4A级风景区！	未
厉害了！化州一年开工重点项目32个！总投资358.5亿元！	未
厉害了！千亿空港即将梦想成真，临空经济实现跑道腾飞	未
厉害了！南京三名中学生研究“古典水袖”获金奖	未
厉害了！南通登上央视《新闻联播》	未
厉害了！博兴县贾涛领导的应急救援队获赠救援车辆和经费5万元！	未
厉害了！又一项国家级示范项目落户常州......	未
厉害了可以去黑头！现在还赠157元的大礼包呢网页链接	未
厉害了！合阳这只猴子火了百姓春晚！	未
厉害了！吴兴版城市拼图游戏来啦你敢挑战伐	未
厉害了！呼和浩特赛罕区要火了，向全球发出邀请	未
厉害了商丘将再新建3座立交桥快看在哪?	未
厉害了！国内首座3D打印桥即将在沪投用，想走走吗上海新闻上海建工机施集团说，我国首座3D打印树脂景观桥即将在上海投入使用。待安装完毕后，市民可前往普陀区桃浦智创城中央公园，零距离接触这座15米长的大型3D打印作品。3D打印出来的建筑牢度如何能用多久优势在哪一起来了解一下吧。详	未
厉害了！国际艺术大咖迪特·耶尼克来宁，为“爱乐之城”支招	未
厉害了！多家知名媒体聚焦桃源旅游文化节！	未
厉害了！大兴暖心行动，将就业服务送上门北京身边事	未
厉害了！大兴机场高速将北延至南四环北京身边事	未
厉害了！大兴这个地儿，未来将打造成区域交通中心	未
厉害了！天门这支广场舞在全省广场舞比赛中获一等奖！	未
厉害了！太仓两件作品获省五星工程奖，一起来分享	未
厉害了！央视向全球推介，云南这个地方要火！	未
厉害了！威海这2个镇和25个村有大发展了！被入选为	未
厉害了，嫦娥四号到月亮背面了，有趣的解读都在这个合辑里了	未
厉害了，宁波这些公交候车亭！免费WIFI充电，竟还能	未
厉害了！宁津理发师义务为老人理发17年 累计理发40000人次	未
厉害了！安远将矗立一座新城，请传递这张安远新名片！	未
厉害了！宿迁小伙拿下这项知识技能竞赛全国冠军！	未
厉害了，导游姐！济宁一导游语录传遍全国	未
厉害了！寿宁这个地方上榜国家水利风景区	未
厉害了//@就叫熊太行也行:关注转发原微博，本周四（12.13）14:00抽1人送 熊太行与@梦想加空间 主办的首个人际关系体检中心入场券2张  @天眼查 vip卡1张 再抽3人送 人际关系体检中心入场券2张。 和你最爱的人一起告别人际关系亚健康吧！	未
厉害了！常熟籍画家毛建华作品在意大利圣佛罗伦萨宫展出	未
厉害了！平南北帝山旅游区即将被授予国家4A级景区！	未
厉害了！平湖这些村入选中国淘宝村！有你们村吗	未
厉害了，广州万人游丰顺活动	未
厉害了张坂木雕获评国家地理标志证明商标	未
厉害了张掖高速上抓获1名酒驾司机	未
厉害了！微博赚钱季 买苹果还是买华为	未
厉害了！快来看铁路机务达人秀！	未
厉害了，恭城的这条街被评为旅游特色街区了，你竟然还不知道	未
厉害了我的家乡！东营两县区荣登中国工业百强县(市)区榜	未
厉害了我的新密！刚上榜2018中国工业百强县（市），河南仅有10个！	未
厉害了我的泌阳！纳入全省百城建设提质工程。。。	未
厉害了！我的石狮！刚刚，石狮登上央视《新闻联播》	未
厉害了，我的石狮大妈们将上央视群星跨年晚会走秀	未
厉害了我的邻居。//@开水族馆的生物男: 好看//@桫椤的旅程:Mark//@迷影心生://@老刀99: //@达克说: 比官方宣传叼多了	未
厉害了我的鸡蛋！一张煮鸡蛋时刻表溏心蛋，你喜欢哪一种	未
厉害了！手工刀切豆腐细如发丝，这场农交会你可别错过	未
厉害了！最新中国医院排行榜出炉！我省4家医院上榜！	未
厉害了！望江飞机场来了！建设时间是	未
厉害了：李谷一张也王二妮李胜素联唱	未
厉害了林州太行天路：深圳骑友勇登攀！	未
厉害了，格力获批建博士后科研工作站！	未
厉害了！桐庐这场招聘会在家就能参加，227个岗位等着你！	未
厉害了！桓台这家医院获得国家级认证！成立国字号机构！	未
厉害了！桔子瑜伽周年庆，冰箱厨具等你拿！	未
厉害了！江夏区上榜中国工业百强县！附榜单！	未
厉害了！江干案例成为全国示范！重点说了这件事！	未
厉害了，江苏国家级水生态文明城市试点 全部通过验收，看看有没有你在的市	未
厉害了汽车V峰会 V影响力峰会	未
厉害了！河南10地上榜中国工业百强县！快看有没有你的家乡	未
厉害了，河池21个集体26名个人受到自治区表彰，看看宜州有哪些	未
厉害了，河池这26人，21个集体受到自治区表彰，有你认识的吗！为他们点赞	未
厉害了！泉州国宇医院成为大陆首家通过台湾医策会评鉴的综合性医院	未
厉害了！泸州区域发展升级版来了！城际高铁航空未来要变这样！	未
厉害了！洛阳进入无水港口时代！货物可直达中东迪拜！	未
厉害了！海盐这些村入选中国淘宝村！有你们村吗	未
厉害了！清远又有三个特色小镇被省里看上啦，会是你家乡吗	未
厉害了！溆浦县创建国家卫生县城，通过专家技术评估！	未
厉害了！！！漫威影业将会推出首部华裔超级英雄《上气》，以李小龙为原型！！！电影剧本将由《神奇女侠1984》的编剧Dave Callaham完成，可能由亚洲导演或美籍亚裔导演执导，非常期待了！段哥实名希望彭于晏或者吴彦祖能够来饰演这个角色	未
厉害了！潍坊滨海公安再登央视！CCTV-1今日说法栏目播出《神秘宅男》	未
厉害了！瑞金检察院档案工作通过省特级复评！	未
厉害了！福清将建大型温泉度假区！年底完成前期建设	未
厉害了！缙云这个群拥有群员1000多人，6年350次登山涉水	未
厉害了！网友绘制2030年连云港轨道交通路线图来袭，快看赣榆怎么规划的！	未
厉害了英德：将于2030年建成100万人口城市....	未
厉害了！荆门即将造飞机！全年生产100架，位置就在	未
厉害了！蔡徐坤和蔡徐坤的粉丝被中国扶贫基金会认证为2018社会力量参与救灾先进单位正能量值得肯定	未
厉害了！虎门二桥全线贯通深中巴士新增14个航班......这些交通利好请收好！	未
厉害了！衡阳又一条城市级道路即将开建，就建在......	未
厉害了！衣旧情深项目受邀参展第四届中国青年志愿服务项目大赛！	未
厉害了，诺奖得主与石四药牵手设立工作站	未
厉害了，谁画的清明上坟图	未
厉害了，贵阳将搭建城市慢行系统 打造友好步行适宜城市	未
厉害了！贵阳营商环境指数排名从全国第30位升至第14位	未
厉害了！赣榆新增2家省三星级乡村旅游区，快看看是不是你家附近！	未
厉害了！车八岭获评全国林业科普基地	未
厉害了！这里是湖北首个服务业千亿城区	未
厉害了！连州这个特色小镇，被省里看上了！	未
厉害了！//@选股宝APP:长知识了！	未
厉害了！通城7个村获评省级绿色示范乡村！看看有你的家乡吗	未
厉害了重庆的老司机们可以免费畅游欢乐谷！	未
厉害了！金山这场最不“火”的活动，却赚足了人气…	未
厉害了！锡林郭勒职业学院上榜国家级榜单！	未
厉害了长岗  计划投资77010万建设红色旅游小镇...	未
厉害了！！//@阿粪青:好棒这个//@大数云海君:这个创意好//@工程及生态治理://@梦松堂:日本在防火消防方面绝对是世界领先！	未
厉害了！青州这几个村获得山东省森林村居称号！	未
厉害了食品人！9个月61885.5亿元！	未
厉害了//@鹿晗实事群:鹿晗致敬40年 高铁，当代中国闪耀的新名片，让世界感受中国速度！高铁缩短了时间，连接着我们与远方，再也不是虽不能至，心向往之，而是我心向往，说走就走。乘上高铁，平安出行，旅途愉快！	未
厉害了！黄骅雅居社区获誉河北省示范妇女之家	未
厉害！人民日报评说:进顺村里蛮顺心	未
厉害！北流一少年上了央视了，北流人必看！	未
厉害！南安又一次被国家点名！上榜2018全国县级市全面小康城市百强	未
厉害，南沙4个镇上榜全国千强镇，快看看有你家没?	未
厉害，咸宁这些村委会获评全省百佳！还有...	未
厉害啊！梧州这座大桥马上成为亚洲最大跨径的矮塔斜拉桥...	未
厉害啦！中国电信牵头GSMA AI终端标准制订	未
厉害啦！全国工业级3D打印比赛在北辰举行	未
厉害啦  南雄，千万级创业基金！！！	未
厉害啦！淄博新增15家A级景区！还不赶紧去看看	未
厉害啦！//@青春龙泉驿:住在成都 玛雅文物将首次亮相成都，大开眼界的时候到了！	未
厉害！国内行业第一的企业做了这件大事，还要服务全球20亿	未
厉害！地理标志农产品绛县山楂竟有300年种植历史！	未
厉害！太和将建设综合细胞库	未
厉害！宁夏这个县城上央视了，闻名全国！	未
厉害！宁波公交候车亭有免费WIFI充电，还能	未
厉害！安康又新增一个国字号风景区：任河国家水利风景区	未
厉害！岔河镇这名古稀老人专注这事20多年，还捧回了金奖......	未
厉害  广安扶贫女干部上央视	未
厉害！徐州60岁大爷获世界健美健身锦标赛季军	未
厉害！日照这项工作，打造成全国样板！	未
厉害！昌邑这个村入选全国生态文化村！	未
厉害！普宁客家小女孩上央视！	未
厉害！最新广东教育强镇复评公示，普宁11个镇街上榜！	未
厉害！最高奖补500万！潢川付店镇这个村子将获省级财政拨款！	未
厉害！柳州这群业主撑起了一台春晚	未
厉害！涪陵这群人在重庆出名了！有你认识的吗	未
厉害！渔涝这位帅小伙获得了亚洲空翻飞车第二人 称号	未
厉害，潍莱高铁连续梁首件在平度通过验收！	未
厉害！禹州这两个村将获省级财政补贴！每个村最高500万！因为啥	未
厉害紧盯目标持续发力，东山这项工作超额完成！	未
厉害！经过16年的奋斗她开了17家店	未
厉害！荣记集体一等功，江干这个单位获全国表彰！	未
厉害！衡阳县这个村被《人民日报》点赞，还成了全国的焦点	未
厉害！衡阳县这支队伍火了，受到书记点赞	未
厉害，通城这个村委会获评全省百佳！还有...	未
厉害！通州通百商场有了新用途，变身国家级园区！	未
厉害！遂昌又有2个村要在全省出名了，快看看是不是你们村	未
厉害邵阳这个村要出名了，邵阳地区唯一，快看看因为什么?	未
厉害！重庆这4个区要发达了，快看看有你家吗	未
厉害锦丰要打造这样一个集聚区，已去厦门推介！	未
厉害！龙港新城1400亩盐碱地变废为宝！	未
厉旭发行第二张迷你专辑 以更深层的感受回归  	未
厉旭新专辑《Drunk on love》全曲试听音源全部公开	未
厉旭新专辑全曲试听音源公开 11号举行SHOWCASE	未
厉旭新专辑歌单公开 想着歌迷创作的自作曲	未
厉行节约新模范！滨州某地彩礼不超三万，婚车最多六辆一场婚礼省四五万	未
压力山大呀，想去这个活动靠大家支持了，点进去能看到我，每天可以赞助三票，转发这个话题还有微博红包拿V影响力峰会gtgt和我去见大V吧	未
压力来到了我这边我应该怎么体现出我王者的气质呢 查看图片	未
压实责任推动深入整治	未
压箱底的酸菜狮子头砂锅，好吃到不想告诉你们！	未
压缩回弹11段可调，高级//@Coupe2011:MX-5 Cup 查看图片	未
压轴好戏上演 12月重量级新车上市格外多	未
压锅菜的制作关键知识	未
厌倦了千篇一律的聚会，不如给灵魂放个假我的 终极派对幻想 就是要有黑科技的武装。手持激光枪化身酷炫的星际战士，凭脑电波穿越人群，热情瞬间被激活。哈哈我只不过在宇宙探场险@马爹利PARTY不止于此 你们赶紧呐 终极派对幻想 和我一起讨论跨年狂欢派对的创意更有神秘好礼等你拿！	未
厕所里放一把食盐太棒了，一年能省下一笔钱，早点知道就好了	未
“厕所门”女主角曾哭诉没人敢娶，如今怀孕成功出嫁	未
厕所革命！冬奥城市张家口的民生视角	未
厕所革命看变化...	未
厚仁集镇成立自管会，商户村民志愿者村干部齐上阵！	未
厚昌网络推出分词工具拟打造大数据时代一体化	未
厚植产业根基 巧用金融工具——宁夏盐池县脱贫纪实	未
厚肩显胖还致命！5步瘦肩攻略，助你练就天鹅颈。	未
厚重的历史 101号驱逐舰破浪前行......	未
原BBQ选手IgNar发推称加入S04战队，重返EU	未
原bo转 评 赞有你们都参与了咩	未
原MAD战队教练Greentea加入RNG成为战术教练，为队伍完成BP工作。	未
原MVP教练Saroo加盟SDG！	未
原产HK的货物有多少呢先让货物享受一国一制，然后再，，，	未
原价998限时免费！华为碧桂园都在看！	未
原价帝 XX8 SE 新鲜王子，我有一双威少配色的！	未
原价帝 先实现个小愿望！	未
原价帝 真便宜啊！	未
原价帝 知足常乐	未
原保监会主席项俊波曾购金融街豪宅 高于市价出手	未
原出品方翻拍《红苹果乐园》 衍生综艺选主演	未
原创2018年的小画	未
原创  5G时代，人工智能将为会展业带来哪些变革	未
原创  SDR可否担当改善国际货币体系重任	未
原创儿童剧《指尖上的童年》首演 聚焦三代人“童年”生活致敬改革开放	未
原创公益主题话剧《回家的希望》之《霹雳帕拉要回家》本周末在北京上演	未
原创冰雪的童话世界	未
原创初冬，漫步在黄骅人民公园	未
原创力量 喜剧希望 第四届上海国际喜剧节昨闭幕	未
原创回放百世快递发展三大秘诀曝光！	未
原创大型话剧《张謇》 走进海门连演四场	未
[原创]恒大俱乐部热心禁毒公益事业4大主力齐发声力挺，小将邓宇彪变身禁毒志愿者现场传播正能量	未
【原创手绘】潘奶奶和她的“爱心小课堂”	未
原创揭秘家族办公室	未
原创文章第二次的北京	未
原创文章  让市场拦截神器助你客流快速增长！	未
原创  新《个税法》带来的个税征收变革个税筹划的方式要改变了	未
原创新国企是怎样炼成的 中国国有企业改革40年回顾	未
原创昆剧《荣宝斋》北京首演  荣宝斋故事搬上戏剧舞台	未
原 创：昆虫售卖机，奇葩种类任你挑选	未
原创 来阿尔山续一段冰雪奇缘	未
原创歌曲《让我来》致敬扫雷英雄杜富国(图)	未
原创  深耕一条产业链，马来西亚这家华人企业40年增值40000倍	未
原创舞剧《天之路》 讲述汉藏一家亲	未
原创舞台剧《我的青春在西南联大》在京上演	未
原创舞台剧《我的青春在西南联大》在京首演	未
原创西藏题材舞蹈作品在国家大剧院展演	未
原创说闻名遐迩的黑桃A，我们帮你抓住了！	未
原创课件  企业所得税汇算清缴最新政策及案例解析	未
原创：退伍老兵原创MV《不服输》	未
原创雪中遐思！漫步在嵩县2018年第一场大雪里。	未
原创音乐市场成平台竞争核心，资本如何率先破局	未
原博ping论里摸三个小可爱请你喝奶茶！！今晚就开嘿嘿下面这条不是这条哦[给你小心心][给你小心心][给你小心心]微博正文	未
原博喊停3次52软妹币红包包[米奇喜欢]	未
原博点赞，明天[给你小心心]	未
原博评论点赞 晚上12点抽一个给红包！啾咪	未
原博评论里喊停请5个小可爱喝奶茶这么好的东西，当然要一起分享啦，准备好了吗，我要开始了//@软软:直接原视频，揪一位送YSL416，转中再揪一位，送MACchili！	未
原博评论里投过@小甜甜妮 的，我会揪5个宝宝，发红包哦！	未
原博评论里揪5个人，一人一箱北极熊可乐哦！	未
原博赞一赞//@丘山嫲嫲:哟呵没注意我们Bv卡点的呢还	未
原博转发和评论各抽一位送52，周日开	未
原博转发揪个宝宝送500！评论点赞各揪个送100！15号开	未
原博转评里揪一位52块基金！！明天开哦！！！	未
原博转赞评抽俩人送全套爱用物够意思吧！评论里还会再抽俩人送别的	未
@原哥带你看世界：李楼站第一辆列车	未
原，图戳评论收[米奇比心]	未
原声5日NBA十佳球 戈登戏耍韦德东契奇纵贯全场	未
原始森林，叫水坑！	未
原子弹爆炸前后的广岛。（时光深巷旧回忆）	未
原定于夏季举行的「立川祭 国営昭和記念公園 花火大会」因为台风而推迟到今天举行，在东京的小伙伴可以去凑下热闹啦！ 时间：18:0019:00门票：450日元会场：国営昭和記念公園原	未
原平高速段家堡隧道实施交通管制	未
原微博点赞加评论，摸三位宝宝发互动红包啦！！谢谢支持	未
原微博点赞和评论，摸三位发互动红包啦！！！！！！	未
原微博点赞评论，摸三位发互动红包啦！	未
原微博！！！评论点赞 抽三位小宝贝 平分300 动动你们的小手指哟	未
原微博评论点赞，摸三位发互动红包啦！	未
原微博评论点赞，摸三位发互动红包啦	未
原微博评论点赞，摸三位大仙女发互动红包啦！！！	未
原微博评论点赞，摸三位大宝贝发互动红包啦！！！！	未
原微博评论点赞，摸三位宝宝发互动红包啦	未
原文评Lun里面抓一个姐妹送舒芙蕾双人套餐 待会就开 查看图片	未
原文评论点赞里我揪一个50元棉服购买赞助（当然你随便花也行	未
原料成本上升 东阿阿胶昨起提价6%	未
原本今晚要加班的，领导临时通知我改明天了，我可以早点回家看鲁迅和八队的女流氓喽！想想都开心。	未
原本作为《SD 高达 G 世纪 创世 for Nintendo Switch》（4 月 26 日发售）的首发特典的 SFC 游戏《SD 高达 X》（1992 SFC）Nintendo Switch 版即将发售 eShop 零售版，918 日元，12 月 6 日发售。翻译一下：当初 NS 版 SD 高达特典里的 SFC 游戏可以单独买了。	未
原来东湖磨山还藏着这么多美食！小心看饿了	未
原来东莞有这么多绝佳观鸟地，有些连本地人都未必知道！	未
原来乡村可以很诗意乡伴苏州高新区 穿行在山里的木栈道，山雾缭绕绿意盎然，遍山被茶树杨梅装点。竹海里三三两两的身影，云泉寺飘出的阵阵禅声，自家小院开起的农家乐，文化味十足的特色民宿静，是树山村给人的第一感受。它不仅是国家级生态村，更是诗意乡村生活代表。你印象中的乡村什么样儿	未
原来你在这里拜了名师//@二掌柜Maggie_阳澄湖里抓螃蟹:要表扬 查看图片	未
原来你就是那个能看到我的聪明人//@天猫App: 回复@盒马:睡得那么开心，你举报谁呢你查看图片//@盒马:非法同居，举报了	未
原来你最适合的是这个移民国家！	未
原来公司IT是随时能监控各部门电脑的，好了，我用电脑干的那点yhsq勾当估计瞒不住了，IT小哥加油，看完了再找我要。	未
原来吃顿肉还可以这么玩认养预订现场采购网上订购	未
原来好看的照片都是这么调出来的@少女调色师	未
原来如此，呵呵//@体内99分可爱:毕竟是签约用户会屏蔽黑称的那种 惹不过惹不过	未
原来如此！好像get到了很厉害的技能！	未
原来如此//@环球时报:贺建奎：7对夫妇参与临床试验贺建奎：最初入选共8对夫妇，均经过两轮谈话，但其中一对决定退出，最终进行临床试验为7对夫妇，全都为父HIV阳性，母HIV阴性。而贺建奎公布的露露和娜娜是最早成功受孕夫妇所生。（@央视新闻）	未
原来我们对阵莫斯科中央陆军的首回合还有一个记录：破了阿金费耶夫连续40多场丢球的金身。。。	未
原来我还有治愈属性	未
原来我错了这么多。。。涨知识！健身你都做对了吗	未
《原来》持续热播 “最帅家长天团”演技炸裂	未
原来是真的！广州老人可享免费意外险！快转给爸妈！	未
原来是这样叫的//@风吹铃铛响叮叮:哇！！！！！！好听！//@江南大野花:原来这么美妙的嘛！我好愉悦//@酒千千千:美妙//@温水凭本事的手黑: 我我曾以为这是鸟鸣！原来是猿鸣！//@花落成蚀:真正美好的猿鸣在大山的晨雾中，有山谷的混响，夹杂着鸟儿的晨鸣，那才真是梦幻： 我要实现一个梦想：带你看全中国的动物园	未
原来是这样拍的搞笑幽默趣闻 年底扫货节	未
原来普法还可以这么操作！一起去现场看看	未
原来暖气是没度数的 如何正确排掉暖气管里的废水和废气 微博视频	未
原来汽车后面这个东西是这样用的啊... 美食	未
原来流感也会最新流感疫情来了！国家发布防治方案，赶紧收藏！	未
原来狗子走路有这么多走法，涨姿势了！ 搞笑	未
原来猿鸣是这样的，真好听//@墨湫龍: 第一次听到猿鸣！！ /@花落成蚀:这两个个体还年轻，唱歌技能还不行，也没有雌性的和声。真正美好的猿鸣在大山的晨雾中，有山谷的混响，夹杂着鸟儿的晨鸣，那才真是梦幻。之前和@iGreeny 去云南无量山时她录过一段： 我要实现一个梦想：带你看全中国的动物园	未
原来生日也能看出你的性格，点我看看	未
原来男孩最佳入园年龄不是3岁，小学也不是6岁！而是这个年龄	未
原来草莓是这么长成的 。。。长的太快了，哈哈哈！！！	未
原来螺蛳这么做才够味，自己就能吃光一大盘！	未
原来，身体5个部位越软越健康！活了一辈子才知道	未
原来这个世界上她对你来说是这么的重要。	未
原来这个可以洗 我要把它丢进洗衣机//@纯良英俊的笑了笑:生活终于对我这只小鲨鱼下手了(  )//@进击的阿木君:哈哈哈哈哈哈可爱死了//@格子里的小太阳:这只鲨鱼不太凶 甚至有点可爱//@大野师匠:哈哈哈哈哈哈	未
原来这些角色是互换过来的？ 网友: 幸亏换了，才成为经典！	未
原来，这就叫精神长相！（深度好文）	未
原来那里是那样的，，，，//@灵魂吐槽师:哇//@你的可爱的冉冉冉冉冉:我想。。//@江南大野花:我好喜//@荷兰豆养殖专家:我那个//@失宠青年:我不管，就是奥姆//@豆你玩:我开始了//@月島_蛍 :是奥姆王吗。。。	未
原来长寿的人都有这8个特质，还是超级简单的养生法！	未
原来闷一脚是因为这个//@关于迪巴拉的一切:哈哈哈哈哈库尔泡茶小弟实锤了太可爱了两个人，所以到底是阿根廷马黛茶还是乌拉圭马黛茶片段节选自迪巴拉xAdidasfootball纪录片。//@孔蒂纳萨://@Marione17:	未
原来雪还可以这么玩 气象生活	未
原来雪还能这样玩，北方人的雪棉被，南方人很羡慕了	未
原来飞起来这么美//@趴体男神://@江南大野花:亲眼看到的话会彻底呆住吧太仙太美了	未
原版哈哈哈哈哈哈唱起来	未
原版引进国产！十五代目 丰田皇冠 蓝色底logo是混合动力版本！ @Option_曦	未
《原生之罪》也不是没有优点，适合失眠的朋友下饭	未
《原生之罪》发布终极预告 翟天临尹正演技爆发	未
《原生之罪》开播 李晨晖“搞笑担当”演绎呆萌刑警	未
原生家庭真的很重要！！！	未
原生态日式风家居	未
原生缸  《隐现的秘境》	未
原画人教程丨头像上色技法	未
原百色西收费站明日通车，还换了个响亮的名字	未
原评发布AWWshop购物车截图 选10人赠送双蛋立减30元权限 收货后返现 订单金额不限	未
原阳上央视啦！	未
原阳交了220元新农合的人看看！事情很重要...	未
原阳第七个交通安全日开始启动	未
原音重现  职场红楼（上） 从芳官拿点心喂鸟，看如何提升职场的同理心	未
原驻希腊大使邹肖力获委派南美，履新驻阿根廷大使	未
厦大时光  从遇见你的那一天起，我所走的每一步都是为了更接近你	未
厦大时光 夜空中最亮的你摄@聂略韬	未
厦大随手拍 孤单时，仍要守护心中的思念，有阴影的地方，必定有光 翔安的夜，翔安的星空，美得有点不真实 （图源：@今天见到Alena了吗 ）	未
厦大随手拍 随手拍一周合集来啦天晴的那天你在厦园的哪一角?是否有着一个好心情网页链接 网页链接网页链接 网页链接网页链接网页链接	未
厦大随手拍 青春的园子里，花团锦簇闭上眼睛，一片一瓣皆是你	未
厦大随手拍 飞鸟对天空的眷恋，缱绻如云时光对生活的刻画，温暖如斯摄@览觉 @猫妖love	未
厦大集会纪念中国经济统计学泰斗钱伯海诞辰九十周年	未
厦航757退役 中国民航的最后一个波音757客运航班已经安全降落在厦门高崎机场，一个时代又画上了圆满句号。@厦门航空在告别航班上举行了白鹭美男，感谢有你纪念活动，为每一名乘客准备了纪念水杯，乘务组与乘客合影留念，机上安全卡也允许乘客保留作为纪念。以下是纪念活动广播全文，飞友们感谢厦航为送别这个老伙计所做的付出：亲爱的旅客朋友们，欢迎您乘坐厦门航空航班，很高兴与您相聚蓝天，感谢您对厦航一直以来的支持与厚爱。1992年8月，第一架空中美男子--波音757-200飞机落户厦航，757机队正式成	未
厦航开通泉州-达沃直飞航线	未
厦航开通福州至巴黎直航	未
厦航泉州—达沃航线开通 为中菲交往提供新动力	未
厦航航班猪肉餐食恢复正常供应	未
厦门8万家政人员有了“护身符” 评：可实现多赢	未
厦门万象城这家店把云南早市搬来了！40种云南美食任意吃看云南跳菜舞，听丽江民谣	未
厦门丨蝴蝶坠链奖牌！全套定制参赛服！鼓浪屿日出女子马	未
厦门举办大型图片展 展示改革开放40年发展历程	未
@厦门人：今天起！你的生活将有这些新变化	未
厦门人关心的这条隧道又有新进展啦！还有N个关于你的大好消息	未
厦门人年底攻略：这三笔钱记得领！年终奖这么发！2019假期这样放！	未
厦门今天地震了几次，不过我没事哦大家早点休息叭（乖巧报平安）	未
厦门会展协会于高雄等地举办拓展大陆市场交流座谈会	未
厦门再传大消息！同安全部沸腾啦！	未
厦门出实招助民企激活信用资产 化解融资难	未
厦门到南平只要2.5小时！南龙铁路明起试运行，7个高颜值新站房曝光	未
厦门-北京30分钟！超级高铁要来了！	未
厦门又增几座高颜值新公园，同安也有......看看有没在你家附近	未
厦门又增几座高颜值新公园，开放时间是......看看有没在你家附近	未
厦门台商政协委员和特邀人士走访软件信息产业	未
厦门台胞：居住证让“两岸一家亲”更进一步	未
厦门周边小众旅游	未
厦门周边有座彩色城堡，这里的石头会唱歌，还有一片荧光海！	未
厦门和大理，谁更文艺	未
厦门商贸平台赴台推介  台工商业积极响应	未
厦门商贸平台赴台推介 台工商业积极响应	未
厦门园博苑兰花花开正盛，满园芳香待君来	未
厦门国贸赚71亿现金出91亿 200亿负债年内到期	未
厦门地铁2号线首列车来了！视频曝光！全程32个站点，沿途风景超美...	未
厦门地震厦门的小伙伴你们起床了吗	未
厦门大学与瑞达期货共建金融工程课程落地	未
厦门大学附属厦门眼科中心五缘院区试营业期间，每天50份眼健康检查免费送！	未
厦门天气冻未条！厦门同安军营村最低温5.6 创下半年气温新低冷空气如约而至，今天凌晨起，气温出现坠崖式下跌清晨7时49分，狐尾山上市气象台本站的最低气温跌到了13，刷新了今年下半年的低温纪录北部山区更是寒意迫人，同安的军营村上午10时前后，最低温跌到了5.6今天气温还 ...全文	未
厦门市委书记裴金佳已任国台办排名第一副主任	未
厦门市市政工程设计院有限公司总经理李晓彬： 扎根思明 与城市共同发展	未
厦门市第二十届运动会会徽吉祥物主题口号征集活动启动啦 奖金高达5000元！厦门市第二十届运动会将于2019年5月-10月举行，12月7日起至2019年1月10日 17：30，厦门市第二十届运动会会徽吉祥物主题口号征集活动启动啦，奖金高达5千元！有才华有想法的你快来，快来做主您心中的厦门市第二十届运动会的厦门体育元素，提醒：会徽应主题鲜明寓意深远，体现厦门特区品质，彰显厦门体育特色运动活力，展示团结一致敢打敢拼积极向上的体育精神，并与厦门城市特色相融合。更多详情戳图奋斗的人生最	未
厦门：打造“海丝”与“陆丝”交汇枢纽	未
厦门：挖掘社区文化 增强居民认同感	未
厦门:提高谈话函询工作能力 集中培训150余名干部	未
厦门攻略	未
厦门攻略厦门三天四夜旅行，四个人，加上车票和住宿，人均1000不到P1前言 P2-P8厦门景点美食介绍 P9总结 作者：Carist林	未
厦门攻略少女小心情，很早很早以前，心里就有一个小小小小的愿望有一天，和喜欢的人，漫步厦门。这座城市，我认识它以前，我就喜欢它by西苑思	未
厦门攻略少女小心情，很早很早以前，心里就有一个小小小小的愿望：有一天，和喜欢的人，漫步厦门这座城市，我认识它以前，我就喜欢它 via.@西苑思	未
厦门攻略（谢谢 浅浅浅浅洋 的投稿）	未
厦门故事  旅行攻略拍照攻略via.@-可岚	未
厦门旅游攻略	未
厦门旅游攻略Day1曾厝垵 中山路Day2鼓浪屿 八市Day3南普陀 万石植物园 厦门大学 大学路 沙坡尾 香山帆船Day4胡里山炮台p.s美食攻略都在下面！期待下次！！作者：delicious刘	未
厦门旅游攻略你是拥有山川河海的神明，而我是因与神明交错而发光的少女  p1厦大，曾厝垵，环岛路p2鼓浪屿，中山路p3华新路，沙坡尾p4植物园，铁路公园p5镇海角p6南靖土楼p7云水谣p8南普陀寺，猫街p9海滩via.@徐日月兮	未
厦门旅游攻略你是拥有山川河海的神明，而我是因与神明交错而发光的少女  [日月的旅行攻略][厦门旅行攻略][漳州旅行攻略]p1厦大，曾厝垵，环岛路p2鼓浪屿，中山路p3华新路，沙坡尾p4植物园，铁路公园p5镇海角p6南靖土楼p7云水谣p8南普陀寺，猫街p9海滩作者： ...全文	未
厦门旅游攻略你是拥有山川河海的神明，而我是因与神明交错而发光的少女。[日月的旅行攻略][厦门旅行攻略][漳州旅行攻略]p1厦大，曾厝垵，环岛路。p2鼓浪屿，中山路。p3华新路，沙坡尾。p4植物园，铁路公园。p5镇海角p6南靖土楼p7云水谣p8南普陀寺，猫街。p9海滩。作者：@徐日月兮	未
「厦门旅游攻略」 厦门四天三夜自由行游记 行程：白城沙滩曾厝垵鼓浪屿中山街厦大植物园顶澳仔猫街沙坡尾南普陀返程投稿：@央酱ko	未
厦门旅游攻略 厦门攻略@Carist林 投稿：啾咪，厦门三天四夜旅行，四个人，加上车票和住宿，人均1000不到P1前言P2-P8厦门景点美食介绍P9总结我是本科武大，即将去哈工大读研的自贡妹子，希望做一个有趣有用的人，欢迎组织找到我	未
厦门旅游攻略无美食纯景点介绍篇，每个景点都介绍得很全面，值得准备去厦门的你参考！ via.猪蹄公举	未
厦门旅游攻略，约上几个闺蜜到厦门畅玩四五天，供大家去厦门旅拍时参考，经典之作，望能给各位驴友带来一些帮助！	未
厦门旅行攻略amp拍摄场地推荐 p1 出行准备 p2-p7出行路线 p8 拍摄场地旅行没有终点厦门再会作者：@爱吃芒果干的喵	未
厦门最美图书馆发布禁令！12岁以下孩子禁入家长怒了！	未
厦门最锋芒的男人们在这里！8天里，他们做了这些事	未
厦门校园事儿 50个帮你自我提升的网站2018年最后15天抓住小尾巴，给自己充充电！转存！	未
厦门正式开通旅游直通车 首批四条线路152个班次	未
厦门流星雨昨晚厦门的双子座流星雨，你看到了吗转发许个愿！厦门爆料	未
厦门(火车)站周边美食攻略，方圆1km的好料都在这	未
厦门爆料2018中国最具幸福感城市没有厦门合理吗2018中国最具幸福感城市发布，成都宁波杭州西安南京广州长沙台州铜川珠海十座城市上榜，没有厦门江苏太仓浙江余姚浙江普陀浙江慈溪浙江义乌江苏昆山江苏江阴湖南长沙县江苏张家港山东荣成十座县 ...全文	未
厦门爆料BRT同安枢纽站20日启用 多条公交线路将调整12月20日起，启用位于环城西路与祥莲路路口东北角的BRT同安枢纽站，同时调整快2路快5路2条BRT快线至BRT同安枢纽站始发运营，12月22日起，调整651路691路740路750路等4条线路，肖厝小学站更名为和风小学站详戳（厦门 ...全文	未
厦门爆料全国高新区排名公布 厦门火炬又升5位名列第15科技部火炬中心近日公布2018年度国家高新区评价结果，在全国157个单位中，厦门火炬高新区综合排名15，较去年上升5位，连续四年实现争先进位评价结果显示，厦门火炬高新区在财政科技投入从业人员薪酬水平提升国际创新成果产出效 ...全文	未
厦门爆料全国高新区排名公布 厦门火炬又升5位名列第15科技部火炬中心近日公布2018年度国家高新区评价结果，在全国157个单位中，厦门火炬高新区综合排名15，较去年上升5位，连续四年实现争先进位。评价结果显示，厦门火炬高新区在财政科技投入从业人员薪酬水平提升国际创新成果产出效率企业培育等方面表现突出，高新区可持续发展能力排第5位，产业升级和结构优化能力排第11位。详情：网页链接	未
厦门爆料 冷！大雪天遇最强冷空气，冬候鸟大军抵达厦门 昨天新一股冷空气杀到，给厦门市带来明显的大风降温天气。今天是大雪节气，这波降温可谓十分应时。气象部门说，昨天到来的这股冷空气，是今年下半年以来最强的，它的影响将一直到10日。此时北方天寒地冻，鸟儿纷纷南迁，厦门观鸟协会会长彭志伟说，今年的冬候鸟大部队大多已经到厦门了。 鸟儿换上冬衣往南飞 (厦门晚报)	未
厦门爆料 冷！大雪天遇最强冷空气，冬候鸟大军抵达厦门 昨天新一股冷空气杀到，给厦门市带来明显的大风降温天气今天是大雪节气，这波降温可谓十分应时气象部门说，昨天到来的这股冷空气，是今年下半年以来最强的，它的影响将一直到10日此时北方天寒地冻，鸟儿纷纷南迁，厦门观鸟协 ...全文	未
厦门爆料 厦门学生的回忆，那些充满回忆的校外食堂，小编哈喇子已经流了饿了厦门校园事儿 Via:吃喝玩乐在厦门	未
厦门爆料厦门男子新买的奔驰就破了个洞 车行：这是小事维权一起来喜提爱车是给人带来幸福感的一件事，挑来选去看中的一辆车，那肯定也是经过一番了解后才做的决定买车的时候，4S店人员给的服务和承诺都非常好，然而厦门市民史先生在提奔驰车当天，检查发现车身底下竟然有个巴掌大的洞坑 ...全文	未
厦门爆料地震时背同学撤离 爱心满满 厦门大同中学的这张照片火了台湾海峡地震地震震出的是发自内心的友情和勇气，友情至此，夫复何求地震第一时间，谁在守护你谁在担心你昨日上午，厦门市民林先生发了一张照片配上这段文字发到朋友圈，没想到这张照片顿时火了这是昨天早上发生 ...全文	未
厦门爆料地震时背同学撤离 爱心满满 厦门大同中学的这张照片火了台湾海峡地震地震震出的是发自内心的友情和勇气，友情至此，夫复何求地震第一时间，谁在守护你谁在担心你昨日上午，厦门市民林先生发了一张照片配上这段文字发到朋友圈，没想到这张照片顿时火了。这是昨天早上发生在厦门市大同中学兴华校区的真实一幕，这两名学生是初一(4)班的学生侯禹权和张鸿泰。班主任熊亚军介绍，地震来临时，全班同学在老师的组织下离开教室，侯禹权和另一名同学杨博因为座位比较靠后，跑在后面。经过腿部骨折的同学张鸿泰身边	未
厦门爆料好消息！个人在厦补办社保卡，可以一趟都不用跑了！ 从今天起，厦门参保人补办更换社保卡可以全程通过网络办理啦！在网上挂失更换社保卡加上快递的时间，大概5天就可以拿到特别适合没时间自己去取新社保卡的小伙伴现在就一起来看看要怎么操作吧（厦门人社个人服务） ...全文	未
厦门爆料新建福厦铁路厦门段桥隧全面开工昨日，记者从参与福厦高铁厦门段施工的中铁四局项目部了解到，福建首条高速铁路新建福厦铁路厦门段桥隧全面开工，该段最关键控制性工程西溪特大桥已完成桥梁桩基超过1100根，福社隧道施工不断向前掘进（新华社）	未
厦门爆料海沧隧道2020年底通车 翔安机场快速路或2021年通车作为两环八射快速路系统中内环重要道路的第二西通道（海沧隧道），正开展主线隧道及服务隧道施工，预计2020年底建成通车翔安机场快速路南段（翔安南路-大嶝段）翔安机场快速路（大嶝岛段）正加快完成桥梁下部结构及涵洞施工，预 ...全文	未
厦门爆料海沧隧道2020年底通车 翔安机场快速路或2021年通车作为两环八射快速路系统中内环重要道路的第二西通道（海沧隧道），正开展主线隧道及服务隧道施工，预计2020年底建成通车翔安机场快速路南段（翔安南路-大嶝段）翔安机场快速路（大嶝岛段）正加快完成桥梁下部结构及涵洞施工，预计2021年建成通车，项目建成后将进一步完善城市快速道路路网。此外，厦门海沧货运通道（马青路-疏港通道段）正在加快海新123隧道收尾施工，力争年内建成通车。网页链接	未
厦门爆料第二批国家生态文明建设示范市县公布 厦门思明区等福建5地上榜在15日举行的中国生态文明论坛南宁年会上，生态环境部授予山西芮城等45个市县国家生态文明建设示范市县称号，福建5地上榜：厦门市思明区永春县将乐县武夷山市柘荣县网页链接	未
厦门爆料翔安机场快速路南段明年通车 桥上和地面将分别走车作为未来通往翔安机场的一条重要通道，翔安机场快速路正在有条不紊建设中记者获悉，翔安机场快速路北段主体工程今年12月开工，南段全线预计2019年9月建成通车，大嶝岛段B1标已完成桥梁下部结构70，预计2019年年底基本完工不久之后 ...全文	未
厦门爆料翔安机场快速路南段明年通车 桥上和地面将分别走车作为未来通往翔安机场的一条重要通道，翔安机场快速路正在有条不紊建设中。记者获悉，翔安机场快速路北段主体工程今年12月开工，南段全线预计2019年9月建成通车，大嶝岛段B1标已完成桥梁下部结构70，预计2019年年底基本完工。不久之后，这条厦门岛外的交通大动脉将步入人们的视野。网页链接	未
厦门爆料超级高铁要来了！厦门到北京只要30分钟据央视报道，这次超级高铁核心技术全部由中国航天科工集团全面研发制造超级高铁阻力为传统高铁的3，速度为4000公里每小时，比现在的高铁整整快了十倍！不久之后，我们或许将看到这样的一幕早上在厦门吃碗沙茶面，出门去高铁站，30分钟到 ...全文	未
厦门爆料高大上！翔安皇家体育馆，你打卡了吗@厦门大学 翔安校区新地标翔安校区综合体育馆你打卡了吗它又被称为翔安皇家体育馆（这是翔安皇家图书馆的亲戚），身高约23米，总面积：15250，身价数千万，富有内涵，集各种设备于一身这里有健身房跆拳道教室羽毛球场乒乓球室 ...全文	未
厦门留声机大家怎么看//@彡濎霘人：在公交站点附近多设几个停车点会更方便。//@DavidLeekim:又笨又重的车。要改进要改进。	未
厦门留声机生命接力，希望平安//@妮子芳寒：刚才看到这架直升机在厦门空中飞过，原来今天的大担负着重大使命，好感动，希望宝宝平安	未
厦门的冬天温暖得需要一份草莓冰！	未
厦门税务“定制版”学堂服务企业	未
厦门签约“两港一航”合作  推进国际航运中心建设	未
厦门:紧盯少数突出重点 聚焦监督第一职责	未
厦门美食攻略	未
厦门自贸片区：为全市改革发展探索新路径	未
厦门自贸片区：打造两岸人才交流合作先行区	未
厦门航空董事长：学习吴荣南，深化全方位改革	未
厦门:规范政商交往行为 促进营商环境公平公正
厦门试水打造人人都看得起的明星演唱会	未
厦门身边事2018日出女子跑鼓浪屿开赛 全球600名跑者迎着日出奔跑12月16日6时30分，迎着清晨第一屡曙光，伴着爱乐演奏家们的悠扬弦音，2018日出女子跑在鼓浪屿鸣枪开跑。来自海内外的600名女性跑者从钢琴码头出发，在日光之岛用脚步丈量世界文化遗产赛道。2018日出女子跑鼓浪屿开赛	未
厦门身边事31个中国服务外包示范城市综合评价 厦门排全国第六近日，国家商务部会同发改委等部门对31个中国服务外包示范城市开展综合评价，福建省厦门福州两城市双双跃入中国服务外包示范城市先进行列其中厦门市综合得分排名第6位，较上次评价前进了15位福州市综合得分排名第12位，较 ...全文	未
厦门身边事万羽齐飞 越冬候鸟陆续抵厦，12月初将迎来高峰期 这几天，我市的不少观鸟爱好者都蹲守在翔安东部海域，一年一度的冬候鸟迁徙大戏在此上演目前唱主角的是黑腹滨鹬，它们密密麻麻站满了滩涂，起飞时遮天蔽日，太壮观了，看得我都有点头晕一名观鸟爱好者感慨这种万羽齐飞的震撼 ...全文	未
厦门身边事万羽齐飞 越冬候鸟陆续抵厦，12月初将迎来高峰期 这几天，我市的不少观鸟爱好者都蹲守在翔安东部海域，一年一度的冬候鸟迁徙大戏在此上演。目前唱主角的是黑腹滨鹬，它们密密麻麻站满了滩涂，起飞时遮天蔽日，太壮观了，看得我都有点头晕。一名观鸟爱好者感慨。这种万羽齐飞的震撼场面接下来还会继续出现，目前，多数冬候鸟先头部队已陆续抵厦，12月初将迎来高峰期。万羽齐飞 黑腹滨鹬云集厦门	未
厦门身边事厦大专家点评基因编辑事件 突破的是伦理学底线两名抗艾滋病毒基因编辑婴儿诞生事件近日引发广泛的关注和各方热议与大众关心的基因编辑操作是否会诞生非人超人等话题不同，英国曼彻斯特大学博士@厦门大学 医学院生命伦理中心常务副主任马永慧接受晨报记者采访 ...全文	未
厦门身边事 厦门超半数公交车已装隔离门 乘客点赞厦门高素质交通运输部近日发文要求，推动城市公交安装视频监控及防护隔离设施据悉，厦门公交车安装视频监控率已达100，2015年后更新的公交车出厂前就安装有隔离门，目前安装防护隔离设施已过半，未安装的也已着手改造乘客：厦门乘客和司机素 ...全文	未
厦门身边事厦门集美研学总部大楼启用 是大陆唯一对台研学旅行基地今日，厦门集美研学总部大楼正式启用面积2万多平方米的集美研学总部大楼，不仅能够同时为近500个青少年提供研学住宿及课程服务，还能作为集美对台研学的大本营，串联起嘉庚公园园博苑灵玲马戏城诚毅科技探索中心厦 ...全文	未
厦门身边事厦门集美研学总部大楼启用 是大陆唯一对台研学旅行基地今日，厦门集美研学总部大楼正式启用。面积2万多平方米的集美研学总部大楼，不仅能够同时为近500个青少年提供研学住宿及课程服务，还能作为集美对台研学的大本营，串联起嘉庚公园园博苑灵玲马戏城诚毅科技探索中心厦门老院子等文化旅游景区，打造打造1X对台研学基地。据悉，自去年以来，厦门（集美）对台研学旅行基地先后获评福建省对台交流基地全国港澳青少年研学旅行基地厦门市青少年社会实践基地，还是大陆唯一对台研学旅行基地。 （厦门	未
厦门身边事改革开放40年40位福建最有影响力企业家候选名单公示 厦门多位企业家上榜根据《推选活动方案》的规定，现将候选人名单予以公示，公示时间2018年12月20日至12月27日。厦门象屿集团原董事长王龙雏厦门建发集团原董事长王宪榕厦门航空公司董事长车尚轮等多名企业家上榜。详情 ...全文	未
厦门身边事 池总领事和新加坡国立大学厦门校友会联合主办，深入探寻鼓浪屿游活动。	未
厦门身边事环岛路马拉松群雕体检修复工作已完成被誉为世界最美的马拉松赛道的环岛路上有组名为永不止步的马拉松群雕，由99尊精美塑像组成。近段时间，经过环岛路的市民会发现，有人在对厦门国际马拉松纪念群雕进行刷刷洗洗。据了解，这是直属公路部门组织了专业人员在对群雕进行体检，并对局部损坏的11座雕塑进行了清洗和修复，目前，修复工作已经结束。公路人员介绍，雕塑的修复主要是先用除蜡的化学药水剂对雕塑出现受损的地方进行清洗，再进行打模，填焊，磨平因填焊出现的不平，再使用化学药水进行上色，保持与原本雕	未
厦门身边事疾控中心公布厦门艾滋病防治情况 保持母婴传播零病例今天是第31个世界艾滋病日，昨日，厦门市疾病预防控制中心公布了厦门市目前艾滋病防治工作进展情况，厦门市疫情总体上保持在中低水平流行态势经输血途径传播基本阻断有效阻断母婴传播2018年厦门市筛查孕产妇80022人，筛查出的 ...全文	未
厦门这个区只有3岁多，但TA的成就却非常了不起！	未
厦门这个网红公园开放啦！人造沙滩，四季花林...美极了！	未
厦门马拉松公布72名官方领跑员 来自32个城市厦门爆料2019建发厦门马拉松官方领跑员已公布，共有72名，分布在3个枪次的11个时段，市民可登录官方网站查看具体时段和人员名单此次招募官方领跑员活动自11月20日启动之后，一周之内吸引了3528名跑者报名网页链接	未
厦门鼓浪屿必去的几个旅游景点	未
厦门鼓浪屿旅游攻略	未
厨房不够美，我就不做饭！	未
厨房直播入驻慈溪外卖平台，你点的外卖怎么出锅的，可在手机上观看	未
厨房类色彩静物作品，很多单体都是平时训练很少的。主题教学	未
厨房菜篮子脏了，洗都洗不干净，教你一招，洗完让菜篮子焕然一新	未
厨房装修经验 装修时候一定用得到！家居微盘点	未
去一次云南，看三个季节性景观	未
去一趟花64万，中国游客为什么喜欢到这个不毛之地旅游？	未
去三亚！亚特兰蒂斯旁又开海棠湾公寓，免费请你去睡！	未
去上海迪士尼乐园有什么比较详细的攻略元旦出游马住	未
去不了故宫，看看家门口的雪也挺好。 国际庄啥都有，麻雀虽小，五脏俱全。@庄里微石家庄	未
去世前2个月还击败一代腿王，他是真正的传奇！	未
去东京旅游，有哪些不能错过的美食?	未
去东北吧！为了吃也要去。不止旅行V影响力峰会 @微博旅游	未
去中国红木奇石博览会，享百万份珍宝大餐	未
去丽江玩需要花多少钱怎么才能省钱 去丽江玩需要花多少钱怎么才能省钱	未
去了北京，一定要去涮肉啊！北京涮肉哪家强	未
去了才知道！在福穆路上这个村生活这么有味道！	未
去云南的宝宝收了	未
去云野一定要买游览车的票，那儿的没有车行区步行区之分，游览车就是园内几个区域的通勤车，坐了车会轻松很多，也不会错过啥//@许我寸心爱正浓:腿都要走断了	未
“去产能”“去杠杆”隐退，新一年经济工作迎来思路	未
去他的免费欢迎进入付费时代现在，用滴滴打车比出租车还贵，尤其在高峰时段美团和饿了么的外卖红包缩水了，从几年前曾一单满25减22，缩水到只减一两块无人货架正悄悄让你支付更高价格大战时，行业普遍毛利是20左右，但现在，据计算，加价率已经超过了至少40。 去他的免费 欢迎进入付费时代	未
去以色列考察一趟，太受刺激了！揭秘这个神奇的民族！	未
去倒是没去过，不过遇到的芜湖人最爱吹芜湖早点多，有几十种，又是洗澡城，被誉为小江南，哈哈//@巴拉巴拉星：博主没去过芜湖吧，芜湖保留了华东仅次于上海的西洋建筑群，芜湖饮食融汇了沿江菜系和肛南风味，单单小笼汤包口味一项就不输鼎泰丰。对于芜湖来讲，南京无锡等属于北方城市。	未
去养老	未
去北极看雪，去澳洲吃龙虾，去马尔代夫看海，去埃及看金字塔，好好看一看我的世界	未
去医院派送圣诞礼物了	未
去南京追星的时候做三轮车去吃火锅	未
去参加个会	未
去参加集团活动啦	未
去吃吧//@速报美食:我激情马克//@叫我KI仔_超气氛:东宝观剧菜单（。//@_御惠黑猫://@Mosaki_: ！！！ //@日本买买酱:看起来好棒，我枯了	未
去吉利这些方便了！彝绥线滴水岩路段今日通车！！附路面图！	未
去咸宁，一段说走就走的旅行	未
去咸宁就为泡个温泉吗今日咸宁更好玩了多年来，温泉是咸宁旅游业最大的一张牌。今年国庆期间，崇阳柃蜜小镇在抖音上成了新晋网红，华中第一座9D玻璃天桥吸引游客争相打卡古老的中俄万里茶道源头，诞生了一座俄罗斯风情主题公园今日咸宁，更好玩了。记者近日随奋进20年 千万粉丝看咸宁中国融媒体采风团走访咸宁各地，挖出了这些好玩的地方。去咸宁就为泡个温泉吗今日咸宁更好玩了	未
去哪些国家旅行，让你觉得性价比最高那么斯里兰卡肯定算一个。不止旅行 V影响力峰会 @微博旅游	未
去哪儿吃饭之三林篇听说三林印象城有大人物出现，关键词：金黄色拱门。没错，麦当劳终终终于进驻大上海三林地区啦！作为一家社区型餐厅，好吃好玩应有尽有：麦咖啡，甜品站，电子儿童乐园等，喜欢您来！还有一件事悄悄告诉你，22元三件套还在热销中，主打川辣双鸡堡麻辣滋溜溜，美味省钱两不误，还不快去！@麦当劳	未
去哪儿 回家春节订票像打仗，别担心，球叔送你锦囊妙计，复制上我的专属口令：十万个小肉段，戳开网页链接 去哪儿旅行App首页就能自动弹出，立马Get光速抢票特权！提早预约，开售自动帮抢，没票还支持优先候补，回家！安排上了！	未
去哪儿 回家 春运锦囊妙计传送门，复制我的专属口令码：你妈喊你回家吃饭打开去哪儿旅行App首页网页链接 就自动弹出咯，Get光速抢票特权，下单预约的这一刻，你就只管坐躺家中畅享佛系人生，没票还能优先候补哦，老弟，你还不来 查看图片	未
去哪儿 回家眼瞅着春运快到了，又要开始捉急的买票了，不过今年我可准备好提前预约了！复制我独一无二的口令来了老哥，戳开网页链接 去哪儿旅行App首页就能自动弹出哟，领取光速抢票特权，一开票就能自动秒抢，没票还能优先候补，完全不用焦急的坐等，不停地刷新买票进度这波儿买票 ...全文	未
去哪儿旅行 冬天最难以割舍的前三名 当然是滑雪，温泉和火锅啦！滑雪和温泉之前驼姐已经推荐不少了，今天就来安利几家帝都的火锅店吧，保证好吃不贵，戳网页链接看驼姐私藏清单，等下雪的时候，约朋友去搓一顿火锅吧	未
去哪儿玩| 2019年邮轮出行，这几条航线了解一下	未
去哪儿玩 | 冬季看雪，这几个地方可是好去处	未
去哪儿都要住的超棒，安排起来！	未
去哪里参加本周六的警营开放日140个开放点任你挑！	未
去坐返程的火车了，想家里两个臭屁孩了。每次来北京都有很多思想上的收获，首都是福地，再会啦 微博视频 北京欢迎你	未
去坚持做想做的自己	未
去垦丁不想到高雄还要等大排长龙的客运吗我们为粉丝推出舒适的拼车接驳，无论从垦丁回高雄还是高雄去垦丁，我们都能带你到达目的地！省去等车时间，还能认识不同的好伙伴，下单地址请看链接	未
去处丨冬日好时光，就来猪猪农场！	未
去处朱家角人文艺术馆：四百岁银杏守护江南神韵	未
去处绚美冬景和5万斤鲜甜柑橘都在这里等你	未
去处  魔都21个游玩好去处新鲜出炉，12月请对我好一点！	未
去处魔都汗蒸温泉最新攻略请收好，一道去泡澡！	未
去大理洱海边看尽苍山洱海，世界温柔以待。	未
去大理洱海边看尽苍山洱海，世界温柔以待	未
去大理洱海边，等一次日出，然后去爱一个人。	未
去山里逸居，在山水间造纸扎染数星星奇育自然记	未
去巴厘岛的过冬度假攻略看这一篇就够了！	未
去帮助100个像我们一样的人吧！ 未来之星结业汇报全放送	未
去年"三新"经济增加值相当于GDP比重15.7%	未
去年今天：2017-11-24今天可以特别说一嘴的是我们带上了一个早起上学的小姑娘，她是镇二中的的初中生天太黑了，一个十几岁的女孩只身走那么远的路真心不安全小姑娘下车的时候一言不发，我倾向于她是不好意思张口珞妮能对陌生人说谢谢也经历了漫长的过程，她的理由就是我不好意思	未
去年伦敦地铁不能再说女士们先生们//@醉生梦死卢森堡:政治正确真害人	未
去年充电总排队，我也是不敢开空调的，只开座椅加热和方向盘加热最大限度的省电。今年充电方便了一些，才敢全程开空调了，但充电次数更频繁也是烦。	未
去年北京人均可支配收入近6万元	未
去年基本养老保险基金投资收益87.83亿元	未
去年没抢到的百世年货节，今年可不能错过！	未
去年爆红，今年被嘲网友们因为这条马路上的落叶吵翻了！结果去年小申亲测了徐汇区的一条小马路，因美丽落叶而爆红上海，趣味十足的落叶装置受到市民好评。而今年落叶不扫的徐汇主街落户复兴西路（华山路-武康路），展示了许多由落叶制作的装置艺术，这条马路的主题是丝绸之路。这次缺因为艺术装置审美不过关，遭到网友们群嘲不过值得点赞的是徐汇区已经开始着手对复兴西路马路布置进行调整。小申将持续关注后续调整。去年爆红，今年被嘲网友们因为这条马路上的落叶吵翻了！结果	未
去年的今天，你永远地离开了你热爱的公安事业，离开了你的家人战友和群众。转眼一年了，我们都如你所愿，一切安好！你呢愿你在天堂安息！	未
去年花里逢君别，今日花开已一年	未
去年，长春第十次入选中国最具幸福感城市今年，咋没有长春差哪	未
去年，长春第十次入选中国最具幸福感城市，今年咋没有长春差啥啊	未
去年雪乡宰客事件曝光以后，当地部门为了规范管理吸引游客，今年雪乡明码标价了，但是看了这个价格表，你真的还想再去雪乡吗 微博视频	未
去广州一定要打卡西华路！	未
去意大利住农庄，感受橄榄树林和白色古城的乡野之美	未
去成都看熊猫去丽江泡酒吧去昆明喂候鸟去三亚吃海鲜去海口晒太阳......一场目的地公路之旅即将在你脚下出发。即日起至2019年1月20日，使用深航APP或深圳航空WX预约悠自驾服务，享首次租车免租车费体验一天。你自驾，深航掏钱，目的地公路旅行燥起来！	未
去扶贫办学习了下扶贫工作，收获很大，比如扶贫户确定不是算出来的，是看出来的：一看房，二看粮，三看劳动力强不强，四看家里有没有读书郎，五看有没有老人躺在床比单纯计算收入支出要更实际真实，不容易掺假扶贫路上	未
去找一个真的喜欢而合适的人吧	未
去找老天爷要吧。//@幸运的揉揉:@武志红 //@我有药所以你有病吗 ://@那里好脏不可以 :现世报来得太快就像龙卷风//@下面特长生 :。。//@laenix_ :	未
去教堂聚会时必须注意的事，基督徒必看！！！	未
去斯里兰卡可刷银联二维码埋单躲避冰城寒冬去斯里兰卡享受海岛阳光，可使用手机闪付和二维码支付为吃喝玩乐埋单啦！记者从中国银联黑龙江分公司了解到，继今年8月斯里兰卡开通银联手机闪付后，消费者将可以用银联二维码支付货款，涵盖超市餐饮电影院等多个场景。（记者 李佳琪 周辰）	未
去新加坡过圣诞么迪士尼90周年梦幻灯饰免费机票和酒店，都帮你准备好了！	未
去旅游的朋友注意安全。假使你想要去厦门，一定要看看这篇！ .	未
去旅游，还能赢大奖	未
去旅行，去探寻人生更多的可能性  柬埔寨越南国际志愿者旅行合辑	未
去旅行，带上这些书	未
去日本必须要去的几大购物商场，让你满意放心的日本购物攻略！不管是价格还是物品质量都货真价实，性价比超高，马住！专柜1.OIsetan (伊勢丹 新宿店)地址:東京都新宿区新宿3-14-1营业时间: 10:30 20:002.Odakyu Department Store (小田急百貨店 新宿店)地址:東京都新宿区西 ...全文	未
去日本过周末  超棒酒店低至1500/2晚，还送周游劵！	未
去梅里雪山脚下的雨崩，来一场灵魂徒步之旅。	未
去欧洲哪个城市旅游最便宜2018年最新消费指数榜单告诉你！	未
去武汉一起吃吃吃吧！	未
去江阴看世界搏击王者争霸赛！买古井和顺酒免费送门票！	未
去泰国度假吧	未
去泸定县，一定要去泸定桥看看（航拍视频）	未
去济南，走了好几节车厢，就我一人	未
去深圳就应该这样玩	未
去清净而典雅的艺术文化名城慕尼黑吧，寻找中世纪的历史。	未
去港珠澳大桥啦！香港澳门珠海广州深圳都逛一圈，再吃吃当地的特色美食，双卧8日游仅3780元！	未
去湘西，一定要到芙蓉镇看看 去湘西，一定要到芙蓉镇看看	未
去澳大利亚除了悉尼墨尔本，还有哪些好玩的地方当然是最神秘的内陆地区了！慢游全世界 《慢游旅行家》探险季第三站，用最炫酷的玩法深入澳大利亚，和慢慢一起探索这片红土地吧！ 只知道悉尼墨尔本来穿越无人区，探索澳大利亚北领地的魅力！	未
去火星上“科考”，在哪着陆很重要	未
《去爱一个会生活的人》去爱一个会生活的人	未
去特么的足球梦体育V势力	未
去玉水寨那么多次，我竟没有将它全看透！吸引我再去的原因是这个	未
去瑞士看雪景	未
去痘痘养生茶	未
去的好好了解下	未
去看Outro的姐妹记得激活大灯泡子挤坑的注意安全 然后加油冲鸭！！去不了的只能在线围观拼命切瓜了	未
去缅甸不用转机啦！退休俱乐部包机直飞，7天5晚游4599元，6天4晚游2999元，两种游程任你选！	未
去美发店就够了	未
去藏区，如何拍出高大上的旅行照	未
去西藏吧！3A景点全免费！北京出发仅9站，不到400块！直达雪域天堂！	未
去西藏最容易错过的小城，雪域高原上最低调的「东方明珠」	未
去见你想见的人吧，趁阳光正好，趁微风不噪，趁他还在，趁你未老。早安！	未
去赏灯的朋友们请注意啦从11月29日至12月4日，广州国际灯光节花城广场主会场实行预约参观，灯光节作品之一的广州塔灯光秀每晚播放一场，开始时间为19:00。详	未
去走走吧。	未
去过很多城市，却看过很少风景。真的来北京好多次了，却没有去过长城和故宫。	未
去过很多城市演live发现爱我的人真的很多他们只是不上微博谢谢你们！我感受到了！	未
去过风景如画的云南昆明，在苍山洱海边与朋友畅谈，也曾在寒风凛冽的哈尔滨，看过北国冰灯——温海林（Justin Steele）, 悉尼中文导游(图)	未
去这些地方旅行，去做做这些事。世界这么大，慢慢走，慢慢看！	未
去邢襄古镇，体验一场穿越时光的文化之旅	未
去金陵美术馆看小朋友涂鸦大画家	未
去韩国旅行有哪些必需品呢 在韩国旅行期间除了我们的生活必需品还有哪些是必不可少的呢 地铁路线图目的地底图旅游指南韩国旅游手册(app)等。 还有一件就是交通预付卡。 那么我们应该选择什么样的交通预付卡呢 韩国的BC卡现在有着多种优惠活动，我们来一起看一下吧。 BC交通预付卡可以用我们手机里面的照片图片来制作我们独一无二的交通卡。 除了可以用我们自己的照片，还可以用我们手机里偶像的照片在制作。这样就可以带着我们的偶像一起去旅行啦！ 如果你在仁川机场(T1)履行中心的kiosk购买BC预付	未
去领无料哟有镇魂全家福和生哥//@laomi_na米大米:转发微博	未
去香港前必看！除了买买买，还能这样玩！贵州人赶紧买高铁票走起	未
去黑头这么厉害啊，双12价格也太划算了网页链接	未
去黑色素神器！今天双12可以省67元！网页链接	未
去黑色素神器！双12立省67元呢网页链接	未
县交通局副局长的"蜕变"之路	未
县交通运输局：弘扬核心价值观 争做合格共产党员	未
县人大常委会视察我县拆迁及项目建设工作	未
县人大常委会视察我县数字化城管运行工作	未
县人大情系食品安全 市监局力推智慧监管	未
县人民医院能领养可爱女弃婴? 多地辟谣	未
县人民医院能领养可爱女弃婴？多地辟谣	未
县人民政府关于征集2019年民生工程项目的通告	未
县公安局迅速传达全县禁毒工作暨扫黑除恶专项斗争推进会会议精神	未
县卫计委机关党委组织开展环境整治向我看齐主题党日志愿服务活动助力脱贫攻坚	未
县发改局对康乐上湾，八松公路道路行道树工程进行验收	未
县城“文艺队”走出国门 用蒙古族歌舞感动世界	未
县委书记严水石主持召开扫黑除恶专项斗争工作调度会	未
县委书记余世明：贯彻全国宣传思想工作会精神   交好竹溪宣传思想工作答卷	未
县委书记杨立中到鲁家峪村督导调研脱贫攻坚工作	未
县委书记陈群峰深入棉湖镇检查指导水岸同治和环保工程建设	未
县委书记陈顺利调研焦岱街村腾讯为村工作	未
县委书记黄东明到天平镇调研脱贫攻坚工作	未
县委书记黄清发在羊排易地扶贫搬迁安置小区调研时强调：要加快项目建设进度，做好各项搬迁服务和后续扶持工作，确保搬迁群众搬得来	未
县委书记黄清发在郎德镇调研时强调：要抓实抓细统一标准建档立卡工作，扎实推进农村人居环境整治，着力提升群众认可度，确保今年	未
县委书记龚举海到宝丰溢水调研，对这件事给予充分肯定！	未
县委副书记县长刘兵督导检查棚户区建设工作	未
县委副书记县长刘兵督导检查棚户区改造冬季造林绿化工作	未
县委县政府调研城建交通战线工作	未
县委常委会专题会议强调：把护好一湖秀水作为最大的责任担当	未
县委文化教育卫生体制改革专项小组第二次专题会议召开今日你会看到5条佤山快讯	未
县委组织部通报表扬23名重点项目（工作）一线表现优秀干部	未
县（市）区书画轮展迎来如皋篇 展示如皋40年书画艺术成就	未
县市区大冶市开建国内首个芳香田园综合体下陆区雪亮工程为居民织就安全网	未
县总工会召开第十一次代表大会	未
县政协九届三次会议隆重开幕	未
县文化委：文化执法大队连获国家级荣誉	未
县旅发委召开全县旅游系统安全工作部署会	未
县林业局：守护青山 筑牢森林防火安全墙	未
县第二中学开展2018年第五届校园文化艺术节颁奖晚会	未
县级医院将迎来重大变革，康复医学科建设成为重点工作	未
县级融媒体中心打开新时代宣传思想工作新局面	未
县行政服务综合大楼建设项目鳌阳中学校园改造提升项目最新进展	未
县退役军人服务管理中心为立功受奖现役军人家庭送喜报	未
县重点办做好帮扶四员，推进脱贫摘帽深入开展	未
县长冯素伟主持召开大气污染防治调度会	未
县长冯素伟主持召开旅游重点项目调度会	未
县长去江川镇调研啦，各项工作做得怎么样看看县长是怎么说的	未
县长袁刚到方祥乡调研指导脱贫攻坚工作	未
县长袁良善深入高坝店镇检查指导污水处理厂项目和学校建设工作	未
县长陈建平调研城区棚改要求加快进度，造福于民！	未
县长齐德旺深入留各庄镇调研指导工作	未
县领导为贫困村产业发展把脉问诊	未
县领导亲身体验政务服务中心一站式办理工作	未
县领导侯蕴何方对汝河治理暨园林景观工程建设情况进行实地督导	未
参与JI ZI的朋友，你们真的不来认领吗！！！！！ 截止本周五前不来认领的话，就释放出来送大家了需自己掏运费	未
参与一下	未
参与三个世界杯年 世界杯冠军成员为何无缘金球奖？	未
参与奶粉罐行动小可爱可以加入本群，可在本群讨论昂浪也会在本群更新新进展 JBO	未
参与就有奖，这个活动明天就截止，赶紧！！	未
参与微淘互动赢背包！12月11日，湖人主场迎战热火队，这是詹姆斯和韦德本赛季的首次交手，你支持谁在微淘活动页面晒出你的湖人/詹姆斯相关服饰装备，或者热火/韦德的相关服饰装备，并说出你支持的球队或令你印象深刻的球星瞬间，我们将抽取一名湖人球迷送出湖人队背包一个，和一名热火球迷送热火队背 ...全文	未
参与所有博山人，创建文明城市，需要您的参与！	未
参与指定故事挑战，就有机会获现金/礼品哟，还没上车的dancer 快来点来哟	未
参与禁毒防艾，拥抱健康生活，怀柔区开展禁毒防艾系列宣传活动	未
参与，让我们更懂环保	未
参事建议多管齐下推进贵州省乡村产业振兴	未
参会招募  水源保护年会2019：多源	未
参会指南11月27日，参会信息一览表	未
参会指南12月7日，2018汽车与环境峰会参会信息一览表	未
参会指南  2018韶关旅游文化产业投融资对接会	未
参会门票限时免费进行中	未
参加@UnderArmour 的库里6发布活动，听帅哥@艾迪CHEN 讲这鞋的特点，顺便靠打酱油搞回一份锦鲤礼物明天是勇士对湖人，那____总冠军啊	未
参加了一项「比谁跑得慢」的比赛，所有参赛者都静止不动，只有我朝反方向疾奔，靠速度为负取得冠军！	未
参加交流培训 夯实工作基础	未
参加代言品牌活动的大头	未
参加公益劳动的光荣感，塑造自己美好的心灵。这些都让我们觉得自己是另一个雷峰	未
参加圣诞来打卡活动，晒出你与圣诞节的二三事，圣诞礼包拿不停，更有全球唯一认证@圣诞老人SantaClaus 翻牌互动！	未
参加大型整形会议，会场到处都是整容痕迹的脸。同几位国内权威聊天，都感叹美学理念和技术还待提高。中国整形美容事业还任重道远！	未
参加大型整形会议，会场到处都是整容痕迹的脸同几位国内权威聊天，都感叹美学理念和技术还待提高中国整形美容事业还任重道远！	未
参加完女儿的毕业典礼，激动的老爸写下这12个人生经验	未
参加#我的选择我的路#话题 晒出你的“必由之路”	未
参加#我的选择我的路#话题，晒出你的“必由之路”！	未
参加校园原创者计划 校园VLOG 活动的朋友们好，我会在 12 月 6 日进入群组回答关于 VLOG 的一些问题（欢迎在本条评论里提问），也会分享近期的一些心得。扫码或点链接 VLOG空降导师cbvivi 进入群组，周四下午三点不见不散	未
参加潮州市企业职工基本养老保险，退休后基本养老金如何计算	未
参加西昌市民营企业座谈会（网络征集）企业名单公布	未
参加豆花名宿的拉市海玩美旅拍一日游，有摄影领队免费帮你拍照哦！方案一：260/人拉市海 人均30张照片（行程费用全含不含住宿）方案二：460/人拉市海束河天空之镜 人均60张照片修9张（行程费用全含不含住宿）豆花名宿旅拍团拉市海玩美旅拍一日游	未
参观LV 旅行展奢侈品的起源就是产品好，形成口碑，然后高端人群成为忠粉，因客户而牛逼花里胡哨的品牌故事，无非追求高溢价所以量力而行即可，不必超越阶层我有几个基本款，但不追逐其实讲究点应该拿LV包正装看这个展我随便抓了个包，穿了运动鞋，商务休闲范吧 上海	未
参观世界500强中兴通讯集团，华为第一中兴第二董事局主席侯为贵南京人丁念峰总裁扬州人，畅聊中兴发展企业发展战略新能源通讯设备产业园感谢丁大哥全程陪同民族企业中兴崛起！加油！	未
参观了北京奔驰新工厂后 发现造车新势力还是图样图森破	未
参观企业、豪华宴会 连环合同套走79岁老人55万	未
参观壹童行集团，原凤凰网总经理吴总，广电集团刘总联合创业，强强联手！儿童产业是朝阳产业，江苏老乡开车40公里捧场！人在江湖，全靠义气！	未
参观建川博物馆专题馆辉煌巨变1978-2018，只是没有见到樊舵爷@樊建川 成都四川建川博物馆聚落	未
参观消防车 微博视频	未
参观者说纪念馆每天都接待了无数来自世界各地的外籍观众。展厅内的许多图片和映像资料都给他们留下了深刻的记忆。他们在参观完纪念馆的史实展厅后，这样说	未
参访台中花博变「风俗店之旅」日市长：小姐脱衣我就跑了日本山口县美祢市长西冈晃本月初拜访台中花博，却被爆料出入声色场所，他日前紧急召开记者会，称自己不慎走入色情场所，起初以为只是普通的卡拉OK餐厅，却看到3名女子来到身边，对方甚至脱去衣服裸露上半身。他强调，他没有道德伦理上的问题，但会彻底反省。ETtoday新闻云 详情请戳这：网页链接 [吃驚](john)	未
参谋长说车现场快报车市快报 13.98万元起，新科雷嘉能懂中国人的喜好吗	未
参谒中共六大会址，不仅是礼遇中国 行程中最重要的一环，也是2018年孔和尚全年活动中的重要收获。 网页链接	未
参赛啦，上车！	未
又一个好去处！曹魏古城概念书店上线！24小时营业！二楼免费开放	未
又一个玩耍的地方，欢迎上车	未
又一个睡不安稳的夜晚，早上5点多就醒了，干脆起来跑步。看着天一点点地亮起来，久违的感觉。	未
又一个长春长生。	未
又一中国新星闪耀NCAA！王泉泽12中9砍23分，他有机会进NBA吗	未
又一事业单位笔试成绩入围名单发布！赶紧来看看有没有你	未
又一位//@来去之间:谁啊//@平安北京:情况通报毒品，让最美凋零。	未
又一位裸奔唱将登场啦，毫无掩饰的启德龙实力还原猜什么猜！汽车人也亲自下场讲解AI智能，可以说是看点满满。但是看节目可别忘了参与猜唱将 赢哈弗的活动哦，哈弗F7的十年使用权等着你 网页链接	未
又一便民举措落地！新平网警在全省率先推出网吧电子身份认证上网服务	未
又一便民服务向乡镇延伸啦！来看看你家有站点没	未
又一利好消息，巴基斯坦将购买100辆中国VT4主战坦克	未
又一名债市大佬回归公募，钟鸣远设立博远基金获批2018年第12张公募牌照花落博远基金，前大成基金副总易方达明星基金经理钟鸣远将担任公司法人兼总经理。	未
又一名债市大佬回归公募，钟鸣远设立博远基金获批2018年第12张公募牌照花落博远基金，前大成基金副总易方达明星基金经理钟鸣远将担任公司法人兼总经理	未
又一地方政府征集企业科创板上市候选名单	未
又一场皇冠视频120对抗lyn 大家慢慢看哦	未
又一堵点打通！今早，南宁清川立交四个方向主线通车！无缝连接清厢快速路直通凤岭片区930新闻眼	未
又一大举措！南航机票选座，明年开始靠抢！	未
又一大区域启动棚户区改造！未来将成西安形象重要窗口	未
又一大波好工作！山东机场集团招聘40人，工作在济南国际机场	未
又一大老板成为基督徒，并带领全厂员工信耶稣！！	未
又一大项目签约！事关每一个洛宁人	未
又一天没信号，到了北红村里才有，这是中国最北的村，准备吃点饺子，并且认真的和大家说一声冬至快乐！另外，送你一张冻兮兮。我去V影响力峰会汽车V峰会茜茜爱分享	未
又一家288元的烧烤免费请你吃！今年最后一次！	未
又一家互联网医院成立，行业投资热潮回归	未
又一家互联网巨头今天与上海签约！李强应勇会见李彦宏	未
又一家千万吨饲料企业诞生！28岁的薛华创立海大，48岁的他还要创造哪些历史	未
又一家外资巨头高调唱多A股！瑞银：未来两三个季度将反转	未
又一家险资大手笔入股上市公司，华夏人寿2.59亿举牌凯撒旅游	未
又一家险资大手笔入股上市公司，华夏人寿2.59亿举牌凯撒旅游，意欲何为	未
又一小伙伴力挺华为5G	未
又一小伙伴力挺华为5G 外媒：中美拼“朋友圈”	未
又一小伙伴力挺华为5G！外媒：中美数字竞争拼朋友圈外媒称，韩国通讯公司LG副会长河炫会公开表示，计划通过国际公认的检验标准，正面消除韩国社会对中国企业华为5G设备安全问题的疑虑。专家称中美是两大技术领先国家，在争夺重要技术标准的全球控制权。电信领域也是争夺的一部分，一想到5G网络，全世界都会联想到中资企业，特别是华为和中兴。 又一小伙伴力挺华为5G！外媒：中美数字竞争拼朋友圈	未
又一工程开工！乐清城区将可直达机场	未
又一年V影响力峰会。。光影征途V影响力峰会	未
又一年了。今年借着这个机会也把我的创业，酒店项目推广了一下。我们的团队已经准备好了，期待着再一次的出发，一个新的起点	未
又一年菊花开	未
又一座大桥将在本月开建，蓬溪这里的居民有福了！	未
又一张官博石爸离表图get，上次存的是这张 查看图片 //@Mayday未來的路一起走吧:石拔那張酷哦	未
又一心愿达成，150万年后的相遇，极品17CM，墙上的位置都给你留好了	未
又一快递大哥崛起：货车量比韵达多1万，飞机总量是顺丰的14倍	未
又一批名单公布，会泽这些人享受市政府特殊津贴！	未
又一新打卡点	未
又一旅游口号新鲜出炉，你觉得怎样	未
又一无罪辩护成功案例！入狱23年4判死缓（附判决书全文）	未
又一条断头路建成通车 我市再添一条南北快速通道！	未
又一条新的国家级高铁干线来了！邵东老乡有福了！	未
又一条超美绿道，预计春节前建成开通！效果图抢先看	未
又一条高速开通！今天起，武汉到孝感只要30分钟！	未
又一条高铁开工了！以后资中4小时直飙长沙！真正意义的打通全国！	未
又一次巴厘岛的乌鲁瓦图，日落下，海浪拍打着断壁，情人崖的凄美故事时而浮现。。。旅行灵感季nono旅图一城又一程精彩印尼奇妙印尼 巴厘岛	未
又一民生实事顺利完成！璧山心理康复中心新院投用啦！	未
又一波事业单位招聘！大专可报，不限户籍，千万别错过	未
又一波“互联网+交通运输”双创项目来袭，投资者可关注了	未
又一波交通利好消息来了！今后东莞去广州最快15分钟！	未
又一波！磐安这些村美出天际，快回家看看！	未
又一“洋私募”入场 英国保诚旗下瀚亚投资开业	未
又一游玩胜地！贵港正打造桂东南文化旅游产业龙头项目，最新进度在此	未
又一生态大绿洲！副中心后花园万亩银杏林已初具规模！	未
又一组醉人的雪景画！	未
又一起！男子高速上抢夺方向盘，接下来的一幕网友直呼痛快！	未
又一道路即将通车！漳州这条路预计春节前竣工！	未
又一部看到泪目的纪录片！	未
又一部美军征兵宣传片来袭，两支王牌部队协助拍摄《惊奇队长》	未
又一项国家级赛事落户南京，中国保龄球冠军赛将开赛	未
又一高铁动车组将开通！普宁人以后去汕头更方便了！附时刻表	未
又上热搜啦！杭州主城区刚刚下雪了！北方较强冷空气已来，今天降温8-10摄氏度	未
又不非了！开心！ 查看图片 //@永雀:有人愿意给我这个贫穷的小女孩一点温暖吗	未
又出了个流浪歌手，唱的太牛了！万人围观！	未
又创两个“第一”，追逃追赃一刻不停	未
又到了一年一度你的购物车我来帮你清之秀男友智商大赛，转发这条微博给你男票，简单粗暴安排到位！@京品百货 @有你的京东生鲜 @京东美妆 @海囤全球 @巴黎欧莱雅 京品百货12.12 悦自我 购京彩 网页链接	未
又到了一年一度毕业生论文季，你写论文时发现了哪些神网 站首先，大家熟知的经典的权威性英文文献检索数据库包括pubmed， Web of Science等等中文文献数据库则为中国知网万方数据库等。然后，我再来推 荐几个文献检阅下载的网 站IData网址：网页链接类似于知网，可以 ...全文	未
又到了两个月一次的发票对奖时间了！快快拿出你在台湾收集的发票，说不定千万得主就是你哦！9-10月号码见图一。台湾为了鼓励民众索取统 一 发 票以及商家缴 税，每两个月进行一次开奖，最高奖金1000万台币。大家也可在离台前将不需要的发票投入发票捐赠箱，公益团体将收集起来兑奖，如有中奖的奖金则会用作公益。随手做公益，让社会更美好！	未
又到了周一分享资料时间[给你小心心][给你小心心]今天分享的是英文版的吹风机粉红猪小妹，这套很适合喜欢看动画片和喜欢小猪佩琦的宝宝看，这样能轻松练听力和学英语划重点[米奇比心][米奇比心]资料征集：上次说的大家要共享资料的事情，只有少数童鞋给我发私信分享资料，小冯老师忍不住要说大家请交作业好嘛不然这个话题靠我只能做一个月小冯资料分享	未
又到了小鸟依人时刻，与男篮队一起参加圣诞活动看看大伙吃的是啥	未
又到了屯零食过冬的季节啦，赶紧艾特给可以买给你吃的小伙伴！[给你小心心][给你小心心][给你小心心]	未
又到了我最爱的环节//@全国美帅代表:是男人就坚持八分钟//@吃不胖的小5:Top前三果然没有让我失望//@两色风景嘎:内心已有人选，看看中了没//@夏正正:其乐融融//@西升月:哈哈哈哈哈哈快看！	未
又到了 我永远喜欢歼-10 时间了	未
又到了我的精神故乡深圳了，我一到深圳就有一种回家的感觉，我太爱深圳了	未
又到了激动人心的时刻了 //@我是种草囤货菌: 今天开哦，冲鸭！！！	未
又到了激动人心的时刻了 //@爱拆快递的安妮: 晚上就安排啦！泥萌别忘了！赶紧上车啦	未
又到了白色相簿的季节 大巴黎能不能成功复仇白学堡转发评论赛果原博抽取围巾喔 法甲联赛	未
又到了赏银杏的季节！来淮南美哭你	未
又到了避寒、赏雪时节   “80后” 最爱北上赏雪	未
又到吃车厘子的季节了，158元一斤的车厘子，点赞这条微博就行，明天用平台抽三名粉丝，每人送你一斤	未
又到周五啦。早安	未
又到周四啦周末就不远啦	未
又到周末了	未
又到岁末年初送礼季，在各种攻略中挑花了眼。收下这份集精华之大成的天猫双旦礼遇季 送礼清单，男票不开窍的，速速分享链接给他。网页链接	未
又到年底了，孝昌谁认识这个要账的他出名了！	未
又到年底了，辛苦干一年，也好该犒劳一下自己了！准备过年订台迈凯伦720s Spider，选了这三款颜色都很喜欢，现在纠结啊。你们说说到底选哪个颜色好呢在线等，比较急，准备订车的土豪网友还等着我回复他呢...... cars01车闻 汽车V峰会	未
又到新年音乐会演出季 雾里看花识“水团”“假团”	未
又到泡汤季！温泉难辨真假合肥周边13家真温泉排行榜出炉！	未
又到滑雪季，这辆超酷小车送你一份玩咖指南！	未
又双叒叕大雾连续大雾下的仙境平湖竟是这样的	未
又双叒叕获奖了!这些功课为啥重庆都是优?	未
又可以领红包啦	未
又可以领红包啦//@熊X先森:领了18.6	未
又可以领红包啦//@熊X先森:领了21.6	未
又可以领红包啦//@熊X先森:领了23.6	未
又可以领红包啦//@熊X先森:领了26.9	未
又困又饿搞笑	未
又在全国出名了，扬州这个村......	未
又学到一招！	未
又学新舞蹈了 微博视频	未
又快到圣诞节了大家有没有什么想收的圣诞节礼物或者是想实现的圣诞心愿呀！！我的心愿是 希望自己变得更健谈一点情绪不要再挂脸上了身份证能赶紧下来 好让我回杭州开始拍视频拆快递把我欠你们的债立的flag都还了希望自己再瘦个十斤然后把自己想做的事情都赶紧提上日程可以将我的小美妆店经营得更好 早日给你们搞个服装店出来 虽然感觉真的很难：（ 然后我还希望 赵哲！！！不要再跟我吵架的时候睡着觉了！！！！我快气死了！！！！	未
又快到新的一年啦17给大家准备了一份新年礼物希望各位蟹圆2019继续喜欢凯源哦手帐本礼包除所列内容还包括帆布包礼包内容请注意图内ps部分哦见评论	未
又想去京都了//@五岳散人:主要还是风景好，跟手艺没啥关系//@桑浦村夫:散人最近的拍照水平突飞猛进，赞！	未
又想去日本啦(  」)听说明年日本三年签放宽了，临近年底了好消息倒还蛮多的。去过三次日本以后觉得对我来说从北京去趟日本和去趟上海差不多开销啥的都差不多等我三年签下来以后估计能经常去一去把那些之前没走过的地方都走走	未
又想看再看一遍了//@芒果宓:罗恩傻乐啥呀//@江南大野花:全员本色//@安淮:哈哈哈哈哈哈哈哈//@清辞之致:哈哈哈哈哈哈//@草色遥看近却无Jw:哈哈哈哈哈哈哈//@大头尸胎:丹尼尔：就当无事发生	未
又想起这个神级混音了TT	未
又成一个：国产小游戏《飞机大亨》10月全球综合下载榜第三	未
又找到一个省钱秘诀啊！！赶紧get起来！！积分兑红包年底就清零点了啊（31号完就过期），赶紧去兑换无门槛红包！！买东西更划蒜！！！突然发现自己有9000多积分，相当于可以兑90元无门槛购物卷，就是90块钱的东西免费拿回家了方法：打开手机天猫gtgtgt我gtgtgt积分兑红包gtgtgt点击左下角我的积分gtgtgt即可兑换这么好的消息一定要告诉身边的朋友！！要省大家一起省！	未
又抓了一个。好。	未
又抢！5000元！	未
又拿第一了！苏州人前三季度可支配平均收入41329.6元，钱都花哪儿了	未
又挖掘一个欧洲新宠我想带你去看的西班牙，不只是马德里和巴塞罗那。不止旅行 V影响力峰会 @微博旅游	未
又捐了49万！神秘人“顺其自然”近20年捐款已超千万	未
又搞我//@心动今日预报: 靠 这个形容 绝了	未
又收到TA的捐款 化名顺其自然的神秘人20年捐款超千万23日，宁波慈善总会再次收到署名然其的51张汇款单，合计50万元。这位神秘人的署名总是在顺其自然几个字里排列组合，汇款人地址是不存在的地址1999年起，每年11月或12月，总有一份来自TA的特别的爱如约而至，20年来累计捐款已达1005万元。@宁波晚报	未
又收到TA的捐款顺其自然20年捐款超千万23日，宁波慈善总会再次收到署名然其的51张汇款单，合计50万元捐款署名在顺其自然几个字里排列组合，使用不存在的地址1999年起，每年11月下旬或12月初，总有一份特别的爱如约而至20年来，TA累计捐款已达1005万元致敬！ ...全文	未
又收到TA的捐款顺其自然20年捐款超千万23日，宁波慈善总会再次收到署名然其的51张汇款单，合计50万元署名在顺其自然几个字里排列组合，使用不存在的地址1999年起，每年11月或12月，总有一份特别的爱如约而至20年来TA累计捐款达1005万元（宁波晚报）再捐50万元	未
又收到TA的捐款顺其自然20年捐款超千万23日，浙江宁波慈善总会再次收到署名然其的51张汇款单，合计50万元。捐款署名在顺其自然几个字里排列组合，使用不存在的地址1999年起，每年11月下旬或12月初，总有一份特别的爱如约而至。20年来，TA累计捐款已达1005万元。人间温暖（宁波晚报） 再捐50万元	未
又放水了赶快支付宝搜619230080 领大包	未
又是一个送温暖的小可爱	未
又是一年冬来到，邂逅冰雪奇缘张家口（2018/2019雪季）张家口市冰雪运动全覆盖冬至集中活动，即将于12月21日拉开帷幕助力张家口成为国际冰雪运动基地世界著名冰雪旅游目的地，让冰雪成为张家口的闪亮城市名片！届时，全国网络大V将带您共赴现场，观看惊险刺激的滑雪比赛，体验冰凌垂挂的冰雪小屋，妙趣横生的冰上冬捕，品尝垂涎欲滴的全鱼宴圆您一场冰雪梦幻之旅，领略张家口冬季的冰雪魅力！来源/@河北新闻哥	未
又是一年冬风起，看华水学子如何花式取暖	未
又是一年国家公祭日 ，今年再次看到这张图，冲击更加强烈，缅怀。一定努力保护你们	未
又是一年就业难？900万毕业生迎来求职大礼包	未
又是一年橙黄时，建瓯这片生态脐橙果园特受游客欢迎......	未
又是一年赏景时，这里的银杏和枫叶美呆了	未
又是一年银杏黄！11月的常宁，原来你这么美！	未
又是一次大聚会，一起相约北京。希望可以收获很多。有在北京的辣妈，有参与一起来玩。齐聚大咖机构，共商内容升级，共话变现秘诀，共探闭环之路母婴V时代V影响力峰会生活的模样	未
又是一波肝肝肝！至臻阿卡丽兑换方式公布	未
又是丰收年 横县外处稻谷香有图有照片	未
又是交警！大菏泽这个交警火啦！看看他干的事儿	未
又是别人的食堂！盐城一高校荷塘内挖出上千斤莲藕供师生免费品尝	未
又是国家级！邻水这个景区上榜第18批国家水利风景区名单！	未
又是大整治！北流治安越来越好了，小伙伴们你认为呢	未
又是大项目！涿州要建设国家4A级景区！拟选址于	未
又是套路大连网友买芝华仕床垫送货送来不同款 售后：这个更好留下吧	未
又是好消息今年11月26日起，湛江市机动车年检先发后审	未
又是这家SPA！这次开在了梦幻灯光城堡里！	未
又是那个“神秘人”！	未
又是那个神秘人！11月22日上午10点30分左右，浙江宁波市慈善总会工作人员收到邮局送来的51张取款通知单，合计50万元，取款单上显示汇款人为然其又是顺其自然！宁波市慈善总会工作人员向记者感叹道从1999年至今，顺其自然在每年11月下旬或12月初都向宁波市慈善总会捐款，捐款数 ...全文	未
又是那个神秘人！11月22日上午10点30分左右，浙江宁波市慈善总会工作人员收到邮局送来的51张取款通知单，合计50万元，取款单上显示汇款人为然其。又是顺其自然！宁波市慈善总会工作人员向记者感叹道。从1999年至今，顺其自然在每年11月下旬或12月初都向宁波市慈善总会捐款，捐款数额从几万元至几十万元不等，每年数量都有增加。据悉，这次是顺其自然第20次捐款，至今顺其自然已累计捐款1005万元。顺其自然前19次捐款共955万元，已经全部用于助学助困。宁波市慈善总会将把这笔善	未
又有12个重大项目落地！2018第三届中德智能制造产业化合作峰会在南京举办	未
又有12个重大项目落地 南京未来科技城打造中德智能产业合作“样板”	未
又有14家美企签约，第二届进博会首展企业占签约总数近两成	未
又有3将登上伤病名单！ 繁密赛程考验巴萨阵容	未
又有6个养老项目获批复，柳州人养老不用愁了	未
又有70款三轮车入选目录，经销商放心卖！都有哪些品牌	未
又有一条路大变身！环境更美，游客和市民出行更便利！（内附航拍视频）	未
又有两大民生项目启动，未来衡阳县将大变样啦	未
又有两大民生项目正式启动，未来的衡阳县要大变样啦	未
又有人抢公交车方向盘 这次武警出手了，避免了一次交通事故的发生，干的漂亮。 微博视频	未
又有好玩新去处2018西安首届咖啡文化节即将开幕！	未
又有官宣消息了你造吗谣言了这么久现在终于真相了，想不到他竟然这么有料！那个清新霸道的不良少年@王大陸TaluWang 我先圈走了，其它的你们随意 网页链接	未
又有快哭出来的小可爱前来求助啦，大家帮忙出出主意（好想来碗小馄饨）	未
又有新券啦！满减券后68，速度速度	未
又有新快递到啦	未
又有新进度！西樵观心小镇希尔顿欢朋酒店明年5月正式迎客！	未
又有新面貌，仙湖路面翻新6.4公里，还有网红打卡地等你	未
又有鹅爆料优酷的以团之名又复活了！追星女孩准备起来吧！	未
又来了！德修法提高外资收购德企难度 德媒：针对中资德国《商报》：经过数月讨论，德国联邦政府已同意对来自欧洲以外的投资者收购德国公司股份执行更严格的规定。根据新规定，欧盟以外外资并购德企的审查门槛将从目前的25股权下调至10，规定仅限于涉及安全领域的公司。《德国对外经济条例》的收 ...全文	未
又来了！德修法提高外资收购德企难度 德媒：针对中资德国《商报》：经过数月讨论，德国联邦政府已同意对来自欧洲以外的投资者收购德国公司股份执行更严格的规定。根据新规定，欧盟以外外资并购德企的审查门槛将从目前的25股权下调至10，规定仅限于涉及安全领域的公司。《德国对外经济条例》的收紧尤其是为了应对中国大幅增加对德国公司的收购或入股。网页链接	未
又来到这个地方 南京南京奥林匹克体育中心	未
又来“取经”啦！86名英国教师走进62所沪上小学	未
又涨了！2018年无锡各行业平均工资曝光！第一竟然是	未
又添1个省级森林公园，就在这里！长沙省级以上森林公园达12家！	未
又添一家。富春股份：凡购买华为系列手机的富春员工均给予红包鼓励。前30名购买的员工每人奖励500元的红包，前31至60名每人300的红包。(证券时报e公司) 查看图片	未
又现奇葩证明！证明我娃是我娃，户口本都不算数！网友：门好进，脸好看，事难办。	未
又登全国大榜！中国地级市全面小康指数发布，佛山排名18位	未
又登全国大榜！中国城市全面建成小康社会监测报告发布，句容排在	未
又登全国大榜！中国城市全面建成小康社会监测报告发布，镇江排在	未
又看了一遍，龙龙，都这样了还要坚持自己是男孩子吗[小仙女]	未
又破记录！2018年全国电影票房已超去年全年	未
又绅士，重点是笔转的非常帅	未
又能省钱啦！煤气灶隐藏小机关，戳一下能省一半燃气费！快扩散	未
又至年底，你需要山师人的专属壁纸开启2019	未
又获123亿鲁南高铁，中国中铁标升10天中标额超600亿	未
