看见右下了吗！大家看看啊！ 查看图片	未
看见就赞 你将在十二月收到一笔巨款	未
看见就赞 你将在年底前收到一笔巨款	未
看见就赞 你将在月初收到一笔巨款	未
看见就赞 你将在月底前收到一笔巨款	未
看见就赞 你将在这个月收到一笔巨款	未
看见秒赞 会有期待已久的好事发生 迷信一下	未
看见身边大自然，为孩子眼中的生态武汉点赞！	未
看见这张大吉的人 三天内会收到一条好消息	未
看见这条微博的人年底之前收获真爱	未
看见醉美的枫景！（多图）	未
看见青山碧水人烟，徽州千年美味的传承密码	未
看视频评论，8号从评论抽一位送188元	未
看评论。	未
看评论你就知道，和大人说的是真理，皇上不论杀谁，老百姓都看着开心。	未
看评论啦	未
看评论！看评论！看评论！是个有奖征集：欢迎给我们的100葡萄汁挑挑刺，好的不好的都能说。现在参与的人不多，基本说得比较中肯的都能赢一箱果汁。活动见评论汇源	未
看评论还是很欣慰的，没有网贷没有赌博，大家支出基本在计划以内，都是量力而行的好小孩	未
看豆瓣说故宫出口红了包装太美了吧，但是色号emmmm，你们有动心吗	未
看质地、看颜色 五招辨别好木耳	未
看，贵州元素上天了！全国首架蜡染画飞机明年起飞这个贵州元素要上天啦！11月22日，南航贵州公司召开的跨界融合携手共赢e路黔行2018/2019航线产品推介暨营销交流会发布消息，在全新波音738客机上，将首次喷涂具有贵州文化及旅游特色的靓丽图案，并预计2019年全部完成并投入运行。这也是全国第一架以蜡染画为喷绘风格的飞机，将作为贵州新名片，亮相国内外33个城市之间。	未
看起养眼，走起洗肺，快来松门这条漫步道看风景	未
看起来品相不错//@开水族馆的生物男:上回去和田扶贫支农对接的产品之一	未
看起来很好吃的样子	未
看起来很有用	未
看起来真不错，今年就准备去陕西过年，有机会去看看	未
看起来真的厚实，应该效果不错//@IT总司令: 改装一下用去扫雷//@傲娇小参谋:这个大轮子//@文玩史菌://@鍋盖頭司令:二战的德国思维真的很飞跃	未
看过最棒的日出，通宵飞机累是累不过看到日出真的很值！和山顶看的简直假鸭蛋跟高邮咸鸭蛋的区别希望你们今天心情也能棒棒的 美妆V赏 微博视频	未
看过来！2019年这些重点项目让延川换新颜	未
看过来！上合昆明马拉松周末开跑，你家门口会不会交通管制	未
看过来！“双12”将至，机票大战也疯狂	未
看过来！嘉定这个镇招聘联勤巡防队员！赶紧来报名	未
看这几天社科院CSR研究中心在《企业社会责任蓝皮书(2018)》中公布的最新中国企业300强(国民外)社会责任发展指数排名里面：三星中国再次荣膺外企第一，这是中国三星连续第六年获此殊荣，可能确实在慈善上捐钱捐太多了	未
看！这名政工干部是怎样在考核场捧回三等功	未
看这工作人员的口气，没有人让你们怕哈，既然这么自信，那就继续坐等调查嘛，挺好	未
看这段视频，你会发现40年榆林巨变如此壮阔！	未
看这里！大同广灵县2018年招聘40人公告	未
看这里！宿迁300个重大项目进展情况！	未
看这里这里哦	未
看这里，门锁安全不要大意噢！小米米家智能门锁使用行业最高安全标准C级锁芯，还能智能检测异常报警！	未
看这里！雾霾防护全攻略	未
看，通江的镇县之宝！	未
看金身识英雄	未
看银杏何必克腾冲！大理这些网红打卡地同样美爆了！	未
看，雪！	未
看雪景，就来新疆，准没错！	未
看饿了！客运段里的厨艺大比拼	未
看饿了//@野居青年: 关注转发抽3位送甜蜜蜜的火晶柿饼一份查看图片	未
看魔都丨今日大雪 上海迎来了初雪！	未
看《黄土高天》回溯改革开放40年中的“一号文件”（四）乡镇企业异军突起	未
真3000块钱就可入手。	未
真CG	未
「真Supreme要来啦！」据媒体消息，Supreme预计明年将在国内开设首家线下旗舰店，店铺将开设在北京三里屯。同时，国内线上旗舰店也将在大型电商平台启航！	未
《真三国无双8》新服装《真三国无双8》今日放出了几套新服装，分别是空姐甄姬，女仆蔡文姬，服务员王异和前台辛宪英。这些服装将在12月20日配信。	未
//@真不是Not小月月:在线观看全集戳这里 网页链接 //@空耳同传君:双语短片（中）在这里 微博正文	未
真乃世间奇闻	未
真事：扶贫干部送老婆，单身老汉喜当爹！	未
真事！村医领取养老补贴，已全部发放到个人账户！	未
真享如一只需步入特许经销商，即可完成星睿认证二手车一站式置换或重够，高品质快捷服务让选择二手车不再是担忧之旅。	未
真人图书馆第二期 国乐相声协会教你做个合格的相声迷国风来袭 国乐相声协会首次讲座活动和国乐相声协会成员一起探讨相声的乐趣时间：2018年12月16日下午2:00-5:00地点：南开大学图书馆津南校区中心馆2M还有国乐相声协会其他活动介绍	未
《真人快打11》将登录NS/PS4/Xone平台。	未
真人测评  90后防脱指南。	未
真人秀《演员的品格》60人争8个拍剧名额	未
真人秀节目《真正的男人300》日前在白骨部队里进行了拍摄。节目以24小时真实体验军队为基础，让艺人深刻体验军队高强度的训练和简朴的生活。从节目中，可以简单了解到白骨部队里的魔鬼训练，强度之高令人望而生畏。想到这就是服役的士兵都无法逃避的训练，就很心疼龙哥了！	未
真任性！钱真是风刮来的！快来接招吧！现金抓多少送多少！	未
真会动脑筋网页链接	未
真作为！岳阳县国有资产专项整治全面告捷	未
真佩服那些说起就起的人。	未
真修行，菩萨会照顾好你家人	未
《真假美猴王之战神归来》海报发布 投影与图画结合	未
真功夫 微博视频	未
真厉害！吕梁这家民企自主研发了个世界第一！	未
真图片(12张）	未
真好啊又购买橙子帮助果农又敬老爱老，因为小烊的影响力又有很多人切实感受到爱和帮助啦草裙超棒	未
真好！林州：首个干线公路服务站对外开放，免费提供这些服务	未
真好//@然后下面就没了://@M大王叫我来巡山:真棒//@尸姐://@江南大野花:感动 温情//@所木://@井上敏树厨://@鹿巻:温暖//@瓶仄相邪 :哇！	未
真好玩，奇葩年年有，年底特别多！	未
真好//@白娘娘:好棒，看到结尾老泪纵横//@里八神:互联网有没有让这个时代更好一些我认为它绝对让这世界更好了。	未
真好看//@春泛若耶溪_:极为貌美！	未
真好！石河子的公交车要有新变化！	未
真好！等到过年，丰县首羡这些村民就能住上新型社区！	未
真好//@风吹铃铛响叮叮://@关爱智障儿童成长:好暖！//@尸姐://@江南大野花:感动 温情//@所木:	未
真如城市副中心最新规划建设方案出炉！先睹为快连线各区规划建设中海大剧院棒球场等公共设施复合型生态廊道真如未来会变成什么样@上海普陀 说：真如城市副中心规划建设方案今天发布未来，真如城市副中心将形成 一核两心纵横双轴，一廊一环的空间结构。详情	未
真实了吗工程师制造业强国	未
真实暖心//@elrond永玖://@青木_守序更善良: //@芷坏坏 :哇 妈呀///@陈漠三 :我哭了//@恩勒个恩_ ://@龍宮輝夜 :对比那个12岁弑母的小垃圾 这位上班族真的是以孝为先//@没有立绘的鲸 ://@長谷堂見月 :眼泪打转@WhyJuly : 哭了//@M大王叫我来巡山 :鼻子一酸真实又温柔的爱	未
真实//@李知了:你监视我//@萌了个包:朋友圈里躺尸，微博里蹦迪//@知小乎:感谢在坐的各位沙雕网友	未
真实 查看图片	未
真实案例告诉你，不要以为艾滋病离你很远！	未
真实版的教科书偶像！王源登上初三政治课本	未
真实版鬼子进村，抢了一堆香蕉都能高兴成这样......	未
真实的故事！一群襄阳人，八年来重复做了同一件事...	未
真实的羡慕了！！！//@啾啾栖鹿过:我滴妈哈哈哈//@729声工场:祝这位乘客旅途愉快，我们尽量安静不打扰到这位乘客	未
真实还原  贺建奎基因编辑峰会演讲实录	未
真巧 巧克力夹心曲奇饼干网红早餐零食品混合散装草莓多口味批发 15元券微博专享限时领券	未
真希望也门能够和平，亚丁港还等着中国去开发	未
真希望和你有来日方长	未
真带劲，今天乐平又火了，老表都顶起！	未
真心喜欢的人是没办法做朋友的，所以真心喜欢一个人是一种怎样体验	未
真心奉劝各位朋友不要一时头脑发热，觉得那种自己拼照片拼图钉很浪漫，真的拼的时候你会疯掉的	未
真心推荐一个大师，算的非常准，最近几年来我的婚姻摇摇欲坠，事业不稳定，我都不知道怎么办才好，幸好遇见了刘鹤霖老师微博@八字命理刘老师  老师算的非常准确，指点了我一些事情，把我婚姻感情注意的事项，和以后的从业方向及行业都给我做了详细的说明，是我恍然大悟真是神了，非常感谢，建议大 ...全文	未
真心推 荐她家减 肥，减脂效果好，减脂肪跟四肢，不是拉肚子产品，可以试用。想了解的朋友可以加唯WH534560你会爱上这个卖家的	未
真心是相互的//@夫夫一家六口:眼眶湿润//@ChanChakNam_南:看到最后好吗太感人了8	未
真快了！地铁S1线开工仪式墙已设好！附昆山大面积征迁名单	未
真情佳话 爱的力量	未
//@真情实感瞎嗑-:你真的很努力，我真的好爱你	未
真情系病患 慰问暖人心 太和县人民医院党委书记院长祝振华一行看望慰问心脏搭桥术后病人	未
真情纯粹 电影《云上日出》曝“友谊”系列剧照	未
真情速递  老年大学葫芦丝班的老人们为啥这么高兴	未
真想去看看！	未
真想背着你走遍世界！	未
真抓实干 成效显著 接续发力 任重道远　全国住宅工程质量常见问题专项治理现场会在山东召开	未
真拼！连续五天，阿姨爷叔为一碗免费牛肉面排百米长龙	未
真方便！全市首家自助办税，24小时不打烊，就在新闻晚高峰	未
真方便！呼伦贝尔机场新航站楼乘机指南	未
真方便！咱郓城可以自助申领身份证了！	未
真方便！新密刚在这6个地方安装自助便民服务机！随时办理！	未
真方便！永康人在家可挂号全市所有公立医院，还能绑定医保卡！	未
真是一支好股！我决定买入	未
真是不服不行//@Noaaah:最强便衣//@M大王叫我来巡山:年底学友哥也冲业绩//@此人名曰狗血:看了一年没转，这次真的不得不服了//@江南大野花:警队编外人员//@疯人院小王子:隐藏在大众里的警队之星//@神龙独步绿洛客: 60	未
真是个品德高洁的人啊	未
真是个海派甜心	未
真是位乐于助人的老大爷	未
真是勇气可抓！	未
真是“十年河东十年河西”，中国的高科技要展让此国“刮目相看”	未
真是吵的好激烈//@然后下面就没了:看的想原地爆炸//@纳兰无羁:评论令我热血沸腾//@比巴卜泡泡没有糖hiahiahia:哈哈哈哈哈哈，好想参与//@喜脉洗脉:因为我困了啊，这也不行你事儿也太多了吧，我前任就不像你这样//@梁十一_:你为什么要比我先说晚安！！！！	未
真是大胆！北海一货车司机搭载2岁婴儿逆行冲卡！	未
真是太好玩了！俄罗斯国际友人在上犹	未
真是太酷了//@影视娱乐学:真是太帅了	未
真是奇怪le 一周的课都上完啦，迈着六亲不认的步伐回家！明天早晨八点半，虎牙奇怪君990112，与你不见不散	未
真是奇怪le晒一晒简单朴素的午饭	未
真是奇怪le 重大预告，今天晚上八点整，圣诞老人奇怪君将在微信发布四百元大红包！领取方法：微信主页搜索小程序小葫芦星球，点击奇怪君旁边的助力按钮，进入助力主页，到时候助力卡下方，印象标签上方的位置将会有奇怪君发放的两千个红包！今晚八点，奇怪君等你哟	未
真是强壮的脖子	未
真是挺有趣的//@_紫竹仙境_:这不是你不交论文的借口！	未
真是激发中国人凝聚力的事件啊	未
真是画中仙，新疆又得一分。	未
真是羡慕别人家的青春岁月	未
真暖	未
真暖啊。	未
真暖！小夫妻在自家牛肉汤馆设立“爱心驿站”	未
真有不套路的百万现金红包终于等到你	未
真有爱心就带回家养	未
真有范！武进新开工工地用上仿真植物墙围挡	未
真有趣，竟然想搞雷军	未
真木阳子主演富士台七月日剧 饰演家庭主妇(图)	未
真机还向静中起，一日清闲一日仙	未
真果粒青春有你在年少的青春里，用努力的汗水做最硬核的玩家！你觉得100位训练生的哪位，谁最符合人生硬核玩家这个称号呢理由是什么青春有你	未
真棒！九江7岁萌娃路边规范停放共享单车，引众人点赞	未
真棒！光明日报为通山县吴田村点赞，是因为...	未
真棒//@姜小七seven:这也太牛了！	未
真棒//@尸姐://@江南大野花:感动 温情//@所木://@井上敏树厨://@月岛白子的传说://@就汤://@__橙三岁://@鹿巻:温暖//@北境魚卷://@y双海_求一切顺利://@空巢老精 ://@瓶仄相邪 :哇！	未
真棒//@德州运河公安分局:棒棒哒//@中国警察网:真棒//@平安成都:点赞，感动//@警民携手同行:点赞，感动	未
真棒！河北四学生捡到8000余元 风雪中苦等失主半小时12月5日17时许，黄骅市官庄中学八年级学生吴昱洁卜思茹李颜瞳陈松岭在放学回家路上，捡到一个纸包，里面装有8000余元现金和一些票据四人冒着风雪在原地等了半个多小时，也未见失主现身为了赶上回家的末班车，他们将钱物交到了附近的官 ...全文	未
真棒！泉州工艺美院学生秀出才艺，为德化上涌古镇添新景！	未
真棒！石河子这些人以后买票看病办事都能优先！	未
真正优秀的人，为何都那么尊重别人	未
真正优秀的人，都有这4 种逆向思维	未
真正全能SUV，这几款家用超给力，翻山越岭也毫无难度	未
真正厉害的人，都离不开这件事	未
真正喜欢的东西没有一样是可以轻易得到的，这才是我们必须要努力的原因！ 运动V势力	未
真正喜欢的东西没有一样是可以轻易得到的，这才是我们必须要努力的原因！运动V势力	未
真正对你好的全是细节	未
真正打动人的感情总是朴实无华的，它不出声，不张扬，埋得很深。周国平	未
真正的人生赢家，工作是在家躺吃，还有吃胖补贴	未
真正的修行和功德：让每个靠近你的人都很舒服！不刻意，不勉强，自然而然，从善如流	未
真正的勇士敢于直面银行卡上的余额，敢于正视磅秤上的数字......	未
真正的勇士敢于直面银行卡上的余额，敢于正视磅秤上的数字。	未
真正的友谊，永远风雨同行	未
真正的完美体验，不是简单的保证体验质量，而是要让体验超出他人原本的预期。掌握峰终定律研究证明，最影响人对一段经历评价的因素，是峰值和终值，就是最刺激的高潮和最后的结束。回想下自己的旅游经历，是不是大部分细节都记不清了，但最开心的时刻和结束时的场景，还记得一清二楚迪士尼乐园为了打造峰值体验，设计了一系列刺激的游乐设施，让游玩的过程高潮迭起为了打造终值体验，夜晚会举办盛大的烟花表演。照顾好了这两个关键环节，能大幅提高游客对整个体验过程的评价。真正了解对方的行为规律设定标准流程，保持	未
真正的快乐足球凌晨3点多，太困了，随便说两句。这么深夜的比赛，最怕就是互交白卷，好在本场比赛有6个进球，挨夜看球的球迷，不亏。曼联作客5-1大胜卡迪夫城，赢就赢在一个活字！跑位不再像以前诸多限制，前面三匹快马，互相配合和换位，跑位活了打法更灵动了，不再死板，进攻机会自然就创造出来了。当然，客观来说，卡迪夫城本来就是弱旅，进攻乏力，曼联本身的传球失误还是有点多，所以不能说一场5-1就是换帅成功，但最起码是这班球员从原来的束缚当中解放出来了，也许有助于个别关键球员的状态恢复。	未
真正的旅行，不在于走过了多少地方，而在于成就了多少次全新的自己。	未
真正的有钱人如何享受quot印度首富嫁女儿quot告诉我们什么是没有界限的奢华！曾经的世界首富，如今的亚洲首富，印度富豪穆凯什安巴尼各位了解下！他有钱到什么地步呢就拿他居住的房子来说吧：一共27层，1-7层是停车场8层是大堂和宴会厅9-12层是私家空中花园13-14层是健身俱乐部15-16层是家 ...全文	未
真正的朋友，是一生的风景.	未
真正的梅西接班人就是他！	未
真正的科技就是让你感觉不到它的存在就因为这句话，我看好ZEALER@王自如ZEALER 十万人测评俱乐部	未
真正的苦尽甘来，抱得美人归	未
真比划小能手！	未
真热闹！明天开始，去大滨江赶个集	未
真爱梦想在江西  走访永丰县实验学校梦想中心	未
真爱粉在哪里求助 辛苦了一年更博，好想拿个奖状回家， 恳请大家动动发财的小手帮我投下票吧。 找到@艺术家居 名字下面三个选项， 可以同时点击投3票，每天都可重复投。 拜托了，爱你们 V影响力峰会 家居微盘点	未
真爱至上，希望这个平安夜有你在身边丨日签	未
真爽！	未
真牛！全阆中的人都羡慕这个镇，这设备简直高！大！上！	未
真的！12月1日起，洛阳市区公交免费乘坐......	未
真的blingbling唉！//@夏目家的小诗哥:好闪亮//@Tiger公子://@吃瓜鹅每日速报:夜空中最亮的机//@-菠蘿菠蘿包：唉呀妈呀坐的时候抠两颗下来	未
真的不容易，国内器官/遗体捐赠率也是真心低//@儿科医生崔咏望:为生命而奔跑的人[加油]	未
真的不能再拖了。相信福建高院的领导是有担当的。	未
真的可以通往童话世界 微博视频	未
真的吗好荣幸可以当壁纸嘻嘻嘻嘻//@糯糯米糍_:看到这条裙子 突然想到用这张照片当手机壁纸一年多了，两年后我才知道了真相	未
真的在日本机场车站遇到的人都台好辽，经常主动问要不要帮助之类的，感动！！今天下了新干线找巴士站，就有个大叔主动问我们需不需要帮助，给我们画好路线又嘱咐了一遍。最后说要不我陪你们去吧我们不好意思，就说不用辽。走到一半去确认路牌的时候，大叔又走上来教我们路线。（才发现他一直陪在我们后面，确认我们到了巴士站才走。连忙给他鞠了躬说了一堆谢谢3Q阿里噶多如果是平时我真的会忍不住怀疑他想让我坐他的黑车人真得太好了	未
真的太牛了！//@凤娃的小胖手：弹奏者技术高超！//@亦杰表龙彬贤旭在:还是我们老祖宗的东西牛比啊！	未
真的好冷 微博视频	未
真的好喜欢这个答案。情感	未
真的好看//@MaggieJackson_://@w沉迷在超蝙的蜜罐里://@四季奶青无糖:是！！//@RDJ的红墨镜:这个真的太好看，声音从水中传来的沉闷和窒息感，还有下潜的红光都呜我不会说话了	未
真的好绒啊//@贱猫梁大白的幸福生活:穿了厚皮袄子的狲	未
真的好美[给你小心心]//@老阿姨在看着你:插播一条，买这种看着都特别好吃的香皂一定千万务必必须反复的要跟家人说这是肥皂，真的不能吃。身边刚发生了啃了类似的手工香皂碱性太高口腔不舒服去医院了的成年人这种类似的礼物我以后应该不会买了	未
真的！威海可以捐便便了，每次最多可以赚500元！	未
真的就是，慢功出细活，用心又努力，等下一个五年。//@五小烦:从第一部到第三部，没有失望过，制作组一直都在进步。第三部真的很棒，剧情画面和战斗的打击感都很好！//@查小瑞:中激活码送没买的基友，游戏真的很棒！！！真的好玩儿！//@实力空想家:所有的感动都来自于制作组，99真的太便宜了	未
真的很喜欢这样的方式了	未
真的很幸运，很感激，认识多年，你们对我的态度一直不变，比如去年的圣诞节没有礼物，今年依然没有。	未
真的很难理解有强烈地域荣誉感的群众。对我而言，有亲朋好友和美食的地方，就是我的故乡。tmd，我的故乡可太多了！	未
真的//@悠悠思鸣:游日本:城市街道古迹饮食购物。。。归纳起来四个字随意舒服	未
真的感谢，让我们为您服务65年！中央商场店庆全城送钱啦，升值券信息率先曝出！	未
真的是仙境啊 微博视频	未
真的是居家旅行必备了！	未
真的是惊心动魄了，默默祈祷心跳可别过120啊	未
真的是新手爱新房，老手爱二手吗	未
真的暖心！两个小朋友，齐心协力扶起倒地的垃圾桶	未
真的火了！江都新添一处网红景点刷爆朋友圈！周末约起	未
真的火了！江都新添一处网红景点刷爆朋友圈！地址就在	未
真的热搞笑幽默趣闻 红人的诞生 V影响力峰会	未
真的美//@剧荒终结者:美哭了！！！//@嗷哪吒鴨:杭州灵隐寺跟西湖，大雪的时候真的想去	未
真的美极了//@happy热哥:这秋色，美爆了	未
真的萌到家啦！旅奥双胞胎大熊猫福凤福伴今日回川	未
真的萌爆了！//@我的北鼻叫囧尼:宝宝 太萌了//@麋鹿的小淚痣:全部都想要拥有！//@熏肉卷饼没肉: 太可爱了吧	未
真的要下雪了！市气象台专家表示：本周苏州或将迎来今冬第一场雪！	未
真的超级洗脑//@小蓬莱仙: 第三首魔性洗脑nznd勇敢飞，mdzz永相随哈哈哈哈哈哈哈哈哈哈哈)o	未
真的都是回忆啊	未
真相了//@尚未不朽李宗盛:我怀疑这件事的幕后主使是义乌，目的是为了提升它的反光背心的销售量至少要让欧洲10的人口，也就是7400万人穿上我们的背心。	未
真相了搞笑幽默趣闻 红人的诞生 V影响力峰会	未
真相了還沒聖誕就收到了讓人熱血沸騰的禮物 是！我就是當家控球後衛 ！	未
真相  在黑龙江的最冷小镇，身穿30斤衣服仍然冻透！这群人每天出入高速十几次	未
真相大白  黑龙江最冷小镇，每天出入高速十几次，这群人身穿30斤衣服仍然冻透！	未
真相幸福西饼出事了！ 新鲜现做的网红店原料却过期9个月！	未
真真的，从昨晚到今天我都被哈妮克孜的美颜惊讶到不行，新疆的种族基因真的也太优秀了。而且听朋友说，他去新疆玩的时候，跟着他朋友去新疆本地人家吃饭，本地人家里2个女儿不但非常非常非常好看，还能歌善舞。不由得又让我这个普通人又留下了羡慕的泪水。	未
真福星贝尔所有取得进球比赛皇马仅负一场，胜率近九成据统计自2013年加盟皇马以来，贝尔所有取得进球的比赛中，皇马仅有一场比赛告负 所有贝尔有进球入账的比赛中，皇马共取得65胜8平1负的战绩，胜率达87.8唯一一次失利出现在2014/15赛季初皇马做客皇家社会时，威尔士边锋与拉莫斯开场10 ...全文	未
真 科幻新闻	未
真给力巢湖市三线三边办公室喜获省青年文明号啦	未
真维斯官方旗舰店店铺优惠券400-200：网页链接	未
真维斯旗舰店 领200-100全店通用券，仅限今日使用！	未
真美//@hbdfriedegg:这是童话世界吧	未
真美点翠	未
真美()//@纯良英俊的笑了笑:今天到处都在下雪啦//@農呋:好美的雪景//@飞碟说:上海的雪下了就化 //@南昌天气:南昌期望大雪纷飞啊啊啊啊啊	未
真美！维尔马伦的妻子波莉-帕森斯在足坛太太团中是什么水平最理想的女友身材	未
真美//@重庆事儿:楚楚动人//@重庆吃喝玩乐精选:浮光掠影重庆生活	未
真羡慕大少爷有这样狂热的粉丝团我羡慕了我先吃，来，干了这个桶！ 查看图片	未
真能喝！刘大美方丈一手相聚玩嗨，啤酒瓶摆满桌！闷倒驴办活动性情落泪为仙洋鸣不平，二人感动相拥！	未
真英雄！	未
真英雄	未
真英雄！//@李元貫:一寸河山一寸血，十万青年十万军。国军抗战，喋血捐躯。山河万里，热血长天。名留青史，可歌可泣。	未
真英雄要点赞 假歹徒需保护 	未
真言//@是阿佳:在理//@傻宝宝的笑颜:都是金句！//@你不要脸的样子真可爱:好//@卫生巾厂长:大姐嗦的dei！！//@头号可爱玩家:受教了！万人迷真是情感导师！//@国内首席坏: 面面俱到了 建议在加入一种当代新品种老实人	未
真说出了我的心声是我最羡慕的女孩没错了	未
真躲猫猫 萌宠是戏精  V影响力峰会红人的诞生	未
真躲猫猫 萌宠是戏精V影响力峰会红人的诞生	未
真金白银促发展 南京民营企业迎来“及时雨”	未
“真金白银”支持地方 国务院激励措施增至30项	未
「真锦鲤！」昨天那位从合肥来北京取鞋得鞋友，今天又参加了北京灵魂虎线下抽签，又中一双！现在他拿着两双鞋子正在赶往火车站，要回合肥了，真是神人啊！	未
真顺手牵羊！4只羊越过护栏上高速过路司机竟直接抱走山西晋中，左权县左黎高速附近一村民在山地放羊时，4只小羊通过破损的隔离网进入到高速一辆半挂车看到后，司机和副驾驶从车内跳下来竟然直接抱走一只羊驶离一辆小轿车与其险之又险的擦身而过，事后民警介入调查，对司机罚款200元扣6分， ...全文	未
真顺手牵羊！4只羊越过护栏上高速过路司机竟直接抱走山西晋中，左权县左黎高速附近一村民在山地放羊时，4只小羊通过破损的隔离网进入到高速。一辆半挂车看到后，司机和副驾驶从车内跳下来竟然直接抱走一只羊驶离。一辆小轿车与其险之又险的擦身而过，事后民警介入调查，对司机罚款200元扣6分，次日司机已将羊归回。	未
真香！2018我们一起追过的她	未
真香！宝马X7海外售价公布了，只要50万！	未
眷茶正弘城店开业时的排队场面谢谢热心眷粉现场拍摄的画面@眷茶官方 @正弘城购物中心 手机拍美食郑州美食 微博视频	未
眼光|水谷吉法：模糊想像与真实的色彩制幻	未
眼前的风景已经和从前不一样了	未
眼泪的流向决定你人生的走向：眼泪流回去，那是给心积蓄力量，你给自己更有味道的信念眼泪流向乞求，得到的早晚会是一个堵塞的回馈眼泪流向感动，人生的左岸注定温情脉脉。有一种人，他们始终坚守着本心，不因为寂寞而恋爱。他们一直单身，只因未曾遇见自己的命中注定。情感依梦	未
眼看快要过年了，注意看好你的孩子！	未
眼看的没准儿真相...实力摆拍！ 搞笑	未
眼睛健不健康花1分钱就知道！来拼团享北大博士后团队650元眼健康体检套餐，数量有限，先到先得！	未
眼睛里有星辰大海，所以会勇敢往前走。 摄影师：Charlie Malmqvist	未
眼神瞩目//@文科班校花酱:这脚熏的辣眼睛//@Aw0n:哈哈哈哈哈哈哈哈哈哈哈//@黄濑濑濑濑:呵，人类//@自成易家kuma:一指禅//@夜色双鱼://@万事屋纸纸酱:这什么小眼神啊//@甜山鱼://@我的父母是个奇葩:上帝视角很ok	未
眼神科技CEO周军：AI如何为金融安全、平安城市保驾护航	未
眼科中心五缘院区试营业中，最新最全的专家出诊信息在这里，快收藏！	未
眼科大夫麦迪娜：内地发展机遇多，但我要回新疆做贡献！	未
眼见为实，今天看到了京九大桥正儿八经地建成通车 大蕲头条	未
着力建设海洋经济发展示范区	未
着力打造枫桥经验贵州样板  全省人民调解工作会议在贵阳召开	未
着急赶路 6名乘客大雾天欲徒步下高速	未
睡不到深坑酒店那就来这里！一天把五星酒店奢华套房睡个遍	未
睡不着｜《波西米亚狂想曲》：今年最燃的音乐传记片	未
睡不着的网友请领取	未
睡不醒的冬三月，来一场携宠赏星空温泉之旅！	未
睡了吗没睡领个红包先！明天这条微博转发里揪3位小可爱请你吃早餐！睡醒抽！咋样	未
睡了，周末阳光让人尤其贪念下午，戈躺在海边的沙滩上看蓝天	未
睡了女 票的室友并且走心了怎么办	未
睡了女票的室友并且走心了怎么办	未
睡前一唠 曾经什么事情搞得你焦头烂额，等回过头发现一切都很值得	未
睡前一扫 查看图片	未
睡前一问 你是个爱动手的孩纸吗 张家口	未
睡前互动 2018年，你还有什么没实现的心愿吗愿看到这条微博的人都能实现愿望	未
睡前互动：你是哪四种	未
睡前做做吧！	未
睡前再仔细品品	未
睡前发呆时光，迄今为止，你旅途中遇到的最精彩的时光，是什么旅游约吗	未
睡前我想分享一组今日的花园图片，几个风格迥异的花园，其中让我印象最深刻的是热带花园。这里我真的想提一下，新西兰是一片神奇的国土，我第一次见到人们将薰衣草，龙舌兰，草莓和椰子混合地栽，这是多么奇妙而不可思议的组合，有的不耐热有的不耐烦，可是在新西兰他们都可以通通很好的存活并任意混搭	未
睡前打卡！网页链接	未
睡前把烟头夹在脚上，没想到还有这个作用，看完你会感谢我的	未
睡前捞一下，转 评 赞各揪100rmb肯定有你	未
睡前撩一聊这是我每晚入梦前的小希望晚安	未
睡前游戏，打出和字后，后面会紧跟着一个和你聊天最多的人的名字，抓紧试试哟	未
睡前游戏继续玩，如果我______就好了 ? 我的答案是：有超能力	未
睡前点个赞，万一呢	未
睡前点赞 年底之前你会收到一个超级无敌爆炸好的消息	未
睡前点赞 这个周末你想要的会来到你身边	未
睡前点赞这组Tom amp Jerry清除所有的不开心	未
睡前的最后一个赞请给中国军人	未
睡前的第N件事无惧黑夜，每一刻都要为梦想奋力前行。	未
睡前的第N件事既要经得起磨炼，也要保持住初心。	未
睡前看下朱指导。	未
睡前聊点啥说说你在2018年存下的钱，足够你不费力的买下_________	未
睡前要转，争取kindle和零食一起拿走！	未
睡前话题：对你来说，什么样的生活叫有品质	未
睡前跟我走一场睡衣趴踢吗跟上我的步伐！我们就是这条gai最靓的仔零度带你飞	未
睡前领红包，晚安	未
睡啦睡啦，小伙伴记得从今天起每天可以去领三个红包哈，看这里：微博正文晚安	未
睡够6个小时就发钱：早点睡，不仅能救命，还能赚钱！	未
睡服贵州有这么一个地方，在繁华的闹市喧嚣间，搭起了一个与世隔绝静谧安宁的巢凌霄重楼长乐未央......每一个地方都能感受到它的古味儿，颇有一番偷得浮生半日闲的惬意转发并@ 一位好友，抽2人送汉唐巢酒店价值498元的汉唐豪华房贵阳旅游攻略 @贵州头条排行榜 ...全文	未
睡湿床板抓老鼠曾经的海上生活可没那么浪漫2018年末，中国远望7号再一次踏上了前往大海的路，这是它第8次驶向远洋我们眼中的远望7号很完美，不仅行驶平稳，还有健身房游泳池KTV等等娱乐设施但从前的海上生活却没这舒适：睡潮湿的床板，甚至要自己动手抓老鼠戳听远望7号船员讲述 ...全文	未
睡衣系列软绵绵升级版还记得去年的爆款小白白嘛今年返场都卖了好多，双十二出了个升级版抽一位送呀	未
睡觉了。如果到圣诞之前我能坚持不喝奶茶，我就把省下的钱拿来给脑婆买礼物[给你小心心]	未
睡觉啦，晚安我的小可爱们！双十二红包攻略：微博正文	未
睡觉的小猫咪，这粉粉的小舌头好想摸摸	未
睡遍60多个国家，她在2400米的高空用22间房装下整座玉龙雪山，将天堂带入人间	未
睡醒了的朋友们挥起你的双手跟我一起舞动	未
睡醒早起还是很舒服滴	未
睡马路睡健身房苦练，2年后逆袭成型男！	未
睢宁人速看！油价又双叒叕有新变化了！	未
睢宁今冬第一场雪要来啦！速冻模式开启，最低温跌到你想哭	未
睢宁城北这个超大型购物广场终于要开业了！专场招聘会千余岗位等你挑！	未
督察侧记  征途有你，结伴同行	未
督查关注张店这栋老楼加装电梯，今天完工啦！来看看啥样！	未
督查关注打掉涉恶团伙166个！淄博扫黑除恶成绩单出炉	未
督查关注淄博两区将迎巨变！打破行政区域界限！整合资源统筹发展！	未
督查关注淄博的老人有福了！2020年养老设施覆盖淄博社区，养老总床位5.5万张以上！	未
督查指导秦安县委书记王东红督查天平高速征迁工作	未
督查激励 含金量更高了（在国务院政策吹风会上）	未
督查资讯全省首家！山东省自然资源作协淄博分会正式成立	未
督查资讯博山：民生交通让百姓出行更畅通	未
督查资讯市政府办公厅发通报，全市重点镇（街道）相关情况排名出炉！	未
督查资讯淄博3人入选这一省级名单！至少可获千万省级财政扶持！有你认识的吗	未
督查资讯淄博入围这一全国名单！排在	未
督查资讯淄博又要多一所小学！规划40个班！周围的小区居民有福了！	未
督查资讯淄博市8处展馆被评为全省示范点！有你熟悉的吗	未
督查资讯淄博急救点增至50家，基本实现20公里内急救！	未
督查资讯淄川经开区:环境治理与绿色发展两翼齐飞！	未
督进度解难题  我区现场调度六大攻坚战重点项目	未
睫毛精李明峻初见时白衣翩翩，再见时羽扇纶巾国风美少年里李明峻的颜值绝对是排得上号的 鹿眼长睫毛，对视的时候感觉心都要化了长得好看的人运气都不会差，期待李明峻小哥哥一直走花路哟	未
睿睿今天会走路了，感动，想哭（手上是安全剪刀） 微博视频	未
睿远高管亲自下场调研这些股，傅鹏博金宇都去了两次立讯精密轻松募集百亿的睿远基金，建仓期最可能买什么对比业内流出的陈光明目前投研团队和已调研公司行业，各位履新的基金经理研究员亲自下场，已在各行业调研上各司其职网页链接	未
瞄准万亿蓝海市场 公募布局职业年金业务	未
瞄准家用MPV市场 传祺GM6将1月2日上市	未
瞄准新生儿眼疾筛查细分领域  欧普康视设合资公司	未
瞄准智能科技，济民制药子公司出资900万设立新公司	未
瞄准深海与低流速海域，「海底风筝」成新一代海洋能源生力军	未
瞄准环保能源调整供热结构 探访哈尔滨推广清洁能源供热行动	未
瞅瞅安阳的特色人行道，你知道在哪吗	未
瞎B操作：雪人终于遇到克星啦！一个技能让雪球再也滚不起来！	未
瞎扯淡，毕业两三年后最危险的反而是学历不错资质一般的人，因为所有人都会质疑你这么好学历为什么都工作两年了业绩表现却还是一般，这种人是最不具备竞争力的。所以既然毕业出来工作了，就多琢磨业绩，少琢磨学历，没意义。	未
瞧！原阳下雪了！	未
瞧瞧	未
瞧瞧长子银给精卫湖吊桥写的诗	未
瞧！花垣这个社区开展了一个为民谋实事，村名抢答题领奖座谈会	未
瞪羚出没张家港7家企业被苏州点名，将迎重大发展机遇！	未
瞬间两万阅读量，在热搜广场吗，加加热	未
瞬间夺命！天冷了，曲阜骑电动车的都赶紧看看！	未
瞬间觉得斗志满满，愿生活不会辜负这个少年！大连爆料	未
瞬间让礼物变高档！	未
瞬间飙涨1000亿！腾讯沸腾了，马化腾重回首富！刚刚，中宣部称游戏版号重新开放，首批已经完成审核！（中国基金报）停止审批版号的影响已经显现，腾讯《绝地求生：刺激战场》即是一款典型例子，用户活跃度高却始终无法变现，这一度拖累了腾讯公司业绩。	未
瞰40年从文化事业看改革开放40年始于1978年的改革开放，开启中国文化发展的崭新一页。基层公共文化设施不断完善，文化投资布局更趋合理，文化产业增加值占GDP比重逐年提高，居民文化消费水平持续提升，对外文化贸易增长强劲，国际文化影响力日益增强。	未
瞰江华宅 绽放盐亭  为改善盐亭人居环境而来	未
瞳聚滨海之眼40年神州巨变，40年风雷激荡	未
瞻仰刘少奇夫人故居回家途中，两小女生捡到巨额现金！结局感人...	未
瞿海在江南镇金田社区村调研时强调  确保如期实现高质量脱贫目标	未
瞿海当选益阳市人大常委会主任 张值恒当选益阳市人民政府市长	未
矛椒火辣定边定中总店 唯一分店开业了！竟然在这里...周天开业现有超大优惠	未
矢吹健太朗绘制的初音「osoba」新造型立绘公开，osoba为Honda本田dwango 合作开发初音iPhone应用，osoba是专为本田S660车载显示屏开发的一款APP，行驶过程中该APP的将告知驾驶者行车车速，行车距离，车外温度，信号灯状况等讯息，为驾驶者保驾护航。	未
@知中ZHICHINA 了解一下	未
知乎万赞：有哪些非常高端的心理学知识	未
知乎上48个神回复，读完觉得神清气爽豁然开朗。	未
知乎票选为了吃也要去一次的城市NO.1不止旅行 v影响力峰会 @微博旅游	未
知乎票选为了吃都值得一去的城市TOP1，要不要了解一下	未
知乎精英的浪漫爱情故事。//@阑夕:哈哈哈哈哈出问题了	未
知乐日记：亚特兰蒂斯的宁静	未
知了吱了 你手机里有哪些堪称神器的App?评论区里我们一起相互安利吧	未
@知了知了你歇歇吧：这空气老好了！就是冷的有些瑟瑟发抖，真的要好好领略一下，大地与蓝天的辽阔，感恩阳光和雨露的温馨	未
知名App统计调查机构App Annie，公布了2018年全球软件收入和下载量的前十产品的预测。氪金榜上，FGO获得手游分类第一，第二则是王者荣耀。下载榜方面，广告无孔不入的球跳塔，毫无意外地拿到了手游分类第一。榜单上有哪些软件还待在你的手机里你今年给手游氪金多少钱	未
知名古风少女双笙入驻酷狗音乐，粉丝惊呼“宝藏女孩”	未
知名台商李瑞河忆江丙坤：是他让我顺利“登陆”投资	未
知名女优随你挑，陪你飞机让你飘	未
知名成人网站P推出了2018年度数据盘点，数据非常非常详细，这里只列举足球部分。在世界杯决赛期间，法国当地的访问量下降了55，克罗地亚下降66，东道主俄罗斯下降23。欧冠同样备受关注，决赛期间，西班牙和英国的访问量分别下降21和13。结论：人们更喜欢足球	未
知名旅行博主刘昊然上线，种草完冰岛又把这个国家拍火了！不止旅行 V影响力峰会 @微博旅游	未
知名日资企业负责人分享投资故事、展望合作前景	未
知名记者前卫“舌战赛场”品读北京奥运和中国足球风雨历程(图)	未
知名音乐人丁薇：“必须重视版权 音乐才有前途”	未
知名高校与重点高中“大咖”齐聚南大 话创新人才培养	未
知否生活情报  社区商业怎么做戳进来看看鄞州样本悦邻汇	未
知子花暖冬行动进西安曹廷珲老师受邀两场讲座圆满成功！	未
//@知小乎://@纳兰无羁://@愿小天使平安的33://@风吹铃铛响叮叮 :超级谢谢你们//@太皇太后您有喜啦 :给我一颗糖我甜一整天//@怪我阿i ://@夏正正 :感激每一个身边人或陌生人的善意	未
知心在微  是笔在绝望中开花 是花反抗着必然的旅程 是爱的光线醒来 照亮零度以上的风景北岛零度以上的风景 图via：@yeungsinyi	未
知心在微 要始终保持敬畏之心 对光 对美 对逆境 成都西南交通大学犀浦校区	未
知心在微 赞这个漂流瓶评论区许愿你担心的事都会有好结果喔	未
知情人士：沪伦通计划于12月14日启动。（彭博）	未
知桃源 品桃源 行桃源！百年桃源迎来首届桃源日，一起来看看吧！	未
知桃源 品桃源 行桃源首届桃源日主题活动掠影	未
知知时政  11月26日 王保建向虹翔等市领导的政务新闻	未
知知时政  11月27日 兰义彤孙志明等市领导政务新闻	未
知知时政  12月1日 李岳德兰义彤向虹翔等市领导的政务新闻	未
知知时政丨11月30日 王保建向虹翔等市领导的政务新闻	未
知知时政丨12月4日 李忠王保建兰义彤等市领导的政务新闻	未
知福，惜福，感恩。收花，晚安[鮮花][米奇比心] 水逆退散水逆来了	未
知者无畏！智者不惧！主动检测！知艾防艾！共享健康！	未
知耻后勇！河北1景区再次成为5A景区！河北共有9个5A景区	未
知耻而奋勇！愿逝者安息，和平永存！	未
知艾防艾 共享健康  华阳街道积极参与世界艾滋病日主题宣传活动	未
知艾防艾，共享健康汝州市骨科医院开展2018年世界艾滋病日宣传义诊活动	未
知艾防艾！弋阳各乡镇开展世界艾滋病日宣传教育活动！	未
“知行合一”与王阳明的“三不朽”	未
知识产权事业与改革开放同步而行	未
《知识产权投资指南：五大知产投资模式总结》	未
知识产权组织:中国知识产权保护不断进步	未
知识产权组织：中国知识产权申请量世界领先	未
“知识付费”行业走向理性 深耕内容资源	未
知识分享丨汽车结构与易损件动力总成（二）	未
知识去超市遇到这种酒，一定要多买几箱，行家才知，这都是良心酒	未
知识无价//@努力再努力的Leo:升职加薪全靠你了	未
知识跨年已成风尚	未
知道了//@尸姐:谢谢啦//@触手蜀黍: 是的	未
知道什么叫追星赢家么 ，全明星赛官宣了，罗云熙搭档rookie，rookie是王思聪的ig战队中单，俩人出战慈善2v2锦标赛，爱豆云熙要和他爱豆打比赛了，不知道激动不激动，开心不开心！	未
知道会断货 已经提前买好啦！ 查看图片	未
知道你们月底又光了，直接，揪一只小可爱打520补血，明晚开！	未
知道绝育知道找收养，比多数爱心泛滥的大学生科学素养都还要更高 查看图片	未
知道这几点让腕表增值	未
知道适可而止，方能长久	未
知青情结  我们生命永不熄灭的火炬	未
“短信戒烟”能使戒烟成功率增倍	未
短切长切连续改性PEEK的碳纤长度浅析	未
短尾矮袋鼠是澳大利亚最可爱的动物。即使你有一个糟糕的一天，我可以保证这些小家伙将你振作起来。()（转） 长图	未
短期重点关注上证50权重股方向选择	未
短池世锦赛打响！25米泳道有何玄机，孙杨誓要弥补技术短板	未
短池世锦赛次日：中国泳军获2银1铜 美国队打破两项世界纪录	未
短池世锦赛：濑户大也200米蝶泳创世界纪录 李朱濠摘铜	未
短池世锦赛第三日：中国泳军摘1金1银1铜 两项世界纪录作古	未
短池世锦赛第五日：中国泳军再摘1金	未
短池世锦赛第四日：中国泳军获1银2铜 中国男子接力创亚洲纪录	未
短池世锦赛综合：中国队女子4 ×200自逆转夺金 霍苏完成个人第四冠	未
短池世锦赛首日两破世界纪录	未
短池世锦赛首日两破世界纪录 汪顺200米混卫冕摘得中国首金	未
短池游泳世锦赛开幕！孙杨像暖场导演 罗雪娟任神秘嘉宾今晚6时，第14届国际泳联短池游泳世锦赛在杭州奥体中心小莲花体育馆开幕。开幕式上，@叶诗文 作为运动员代表宣誓而@孙杨 随后出现在场地当中，他用中文和英文与现场观众问好。大家好，我是中国国家游泳队的队长孙杨，欢迎大家来杭州。他说，这是本届比赛的吉祥物奇力，我会用它录下大家的掌声和欢呼声。随即他一边与现场观众互动，一边用奇力录制声音。在随后的环节，曾被孙杨提到将与自己一起亮相开幕式的神秘嘉宾身份揭晓，她就是奥运冠军罗雪娟，将于一个月后做	未
短短12分钟让座4次！宁波小学生被人民日报点赞！近日，浙江宁波一位四年级小学生瞬间成了网红他在慈溪293路公交车上，短短12分钟连续四次让座，暖心行动在朋友圈刷屏了而孩子的妈妈在接受采访时表示，对于儿子在公交车上让座的行为一点都不意外12分钟连续4次让座 宁波小学生获人民日报点赞	未
短短12分钟连续4次让座！宁波小学生被人民日报点赞！	未
短短12分钟，连续4次让座！浙江小学生被人民日报点赞！	未
短短12分钟，连续四次让座浙江这位小学生被人民日报点赞他的爸妈说	未
短短六个字，写尽一生！	未
短短六天的 比亚迪唐车主英国绿色行 不仅让二十多位唐车主见识了异域的风貌，更是将比亚迪对车主的关爱之情带到了英国。短短六天，在伦敦各知名景观打卡，不论是剑桥牛津的高等学府之旅，亦或者是世界遗产巴斯小镇等等，唐车主所到之处，都留下了久久挥之不去的美好回忆。感谢@比亚迪汽车  ，成为 ...全文	未
短短六天的 比亚迪唐车主英国绿色行 不仅让二十多位唐车主见识了异域的风貌，更是将比亚迪对车主的关爱之情带到了英国。短短六天，在伦敦各知名景观打卡，不论是剑桥牛津的高等学府之旅，亦或者是世界遗产巴斯小镇等等，唐车主所到之处，都留下了久久挥之不去的美好回忆。感谢@比亚迪汽车，成为比亚迪车主，我骄傲！网页链接 @去哪儿聪明旅行家	未
短短感谢信 拳拳扶贫情	未
短线搏反弹为主，不动摇！回贴好运！股市将绝地反弹	未
短线的一点看法，发奶妈的怡春苑了（xiyangsimu2015），欢迎客官围观	未
短视频创摄大赛 7天超1200万关注！影像天府短视频创摄大赛参赛必读在此影像天府短视频创摄大赛报名启动一周，除了活动影响力激增，报名以及相关咨询也呈现出火热的态势。来自主办方和协办方的相关统计，大赛征集报名7天来，全网阅读关注已超1200万！从成都到香港首尔，再到洛杉矶从影视传媒巨头华谊兄弟到网红小野，再到本地达人大赛已经搅动了整个视频江湖。7天超1200万关注！影像天府短视频创摄大赛参赛必读在此	未
短视频创摄大赛 跟着航拍，去成都这座既网红又巴适的城市耍一哈！	未
短视频  古筝《茉莉花》	未
短视频平台管理规范将出台Spotify明年进军印度  小鹿角每日投融资速递Vol.80	未
短视频江湖风云再起 内容竞争日趋激烈	未
短视频行业高质量发展，版权保护的方式应如何打开？	未
短評「平價菸」的進步價值	未
短评：党建引领是社会治理“定海神针”	未
短评：自强才能致远 奋进才能图强	未
短道速滑世界杯：中国队摘得男子、混合两项接力赛铜牌	未
短道速滑世界杯：加拿大匈牙利分获男女500米金牌	未
短道速滑世界杯第三站：武大靖范可新缺阵 许宏志回归2018-19赛季短道速滑世界杯第三站比赛将于12月7日-9日，在哈萨克斯坦的阿拉木图进行。本站比赛中国队以锻炼新人为主，武大靖和范可新均缺席，许宏志和李靳宇领衔出战。这是许宏志缺席两站世界杯后的首次亮相，期待中国短道速滑队取得好成绩！	未
短道速滑世界杯阿拉木图站落幕 韩国队五金中国队三铜	未
短道速滑世界杯：韩国队崔敏静金建宇1500米双双摘金	未
短道速滑队观看升旗，武大靖称“使命感更强”	未
矮马枫情 醉美德保  德保县举办红枫文化旅游观赏月活动暨第二届脐橙节	未
石刻乐器复活 是对历史的一次探索	未
石化大型央企专用设备运行经验分享，成熟技术！	未
石原里美自带治愈属性的笑容	未
石台扶贫初见成效，安徽卫视新闻大篇幅报道	未
@石嘴山人，自治区首家盐疗室落户我市！	未
石城公安户政积极响应省公安厅要求推出8项便民利民措施啦！	未
石城县城乡居民基础养老金再提标	未
石城头条不要为了一时快感，毁了自己一生幸福！	未
石城文明身边事故事征集！喊你来投稿啦！	未
|石墨烯口罩可防霾?新材料之王是否名副其实	未
石头stoneboog 想看鱼人。冰火的时候就很喜欢他。	未
石头也疯狂！被这个意大利人创造的反重力奇观惊呆了	未
石头侬快速来围观，这是石头镇的一件大喜事！	未
石头城找到了！清凉山文化背后的秘密...	未
石头记艺术	未
石宇奇的破局与蜕变:新王诞生 逆生力挑国羽大梁	未
石宇奇谈战胜桃田贤斗秘诀之前和他打比赛，不熟悉他的球路，他给我造成很大压力的时候，我会心态上发生变化，导致我的技战术和出球线路都会有变化，打得不是很坚定。今天我打得很坚定，想去突破他。羽毛球年终总决赛by@董小胖天天想变瘦 石宇奇：想落泪但没流出来	未
石家庄2018年冬天第一场雪！	未
“石家庄‘一带一路’行·走进俄罗斯”文化教育交流活动在莫斯科举行	未
石家庄万象天成假日酒店年会体验日 引领企业年会新潮流2018年11月30日，石家庄万象天成假日酒店举办了年会体验日，用主题宴会布置专业服务科技互动等细节，向到场宾客展示了如何举办一场成功的年会。正如石家庄万象天成假日酒店经理安凤霞所述，年会体验日是洲际集团一年一度的品牌活动，作为洲际旗下酒店，石家庄万象天成假日酒店在今年的活动上，向来宾展示了几种创意的宴会主题装饰。 石家庄万象天成假日酒店年会体验日 引领企业年会新潮流	未
石家庄互动 12月了，一人来立一个年末最后的小目标吧！	未
石家庄互动 今起，河北新添一大型三级非营利性儿童医院12月8日，河北中西医结合儿童医院在广大市民的热切期盼下正式扬帆起航。京津冀儿科专家齐聚，国内顶尖医疗设备，童话城堡般楼体设计，扛鼎儿童健康未来。医院开启暖冬惠民活动，截止到2019年1月31日，住院患者床位费化验检查费优惠50，北京专家只收取15元普通挂号费。地址：石家庄桥西区工农路188号。	未
石家庄互动你最不擅长什么 你中了几个	未
石家庄互动 去年冬天在石家庄给你暖手的人，Ta还在你身边吗	未
石家庄互动在干什么用你的家乡话怎么说	未
石家庄互动在评论里说一个困扰你的问题，有经验的朋友帮忙出主意。大家相互帮助！	未
石家庄互动大学生怎么学会自律	未
石家庄互动大家给这个图，配一个词吧	未
石家庄互动庄亲，你和你现在最好的朋友认识几年了[给你小心心] 评论里@ TA并对TA 说出想说的话来吧	未
石家庄互动情侣可以互看手机吗 你怎么看	未
石家庄互动每天的我的状态，是你吗	未
石家庄互动还记得你年初的小目标吗2018年马上过完了，小目标实现了吗	未
石家庄互助匿名网友：事儿哥，能不能帮忙问问农科院附近的激情岁月饭店还有文艺演出吗想带家里老人去感受一下气氛谢谢	未
石家庄互助匿名网友:你好，我想问一下石家庄哪个酒吧气氛最嗨	未
石家庄互助匿名网友：石家庄哪里有做羽绒服的地方，家里好几件不穿的觉得很可惜 有知道的吗求推荐	未
石家庄互助匿名网友：能不能帮我问一下，庄里有没有能做毛囊检测的地方，最好是正规医院，麻烦了	未
石家庄今后可用支付宝交水费啦告诉庄亲一个好消息，石家庄水务集团供水公司开通了支付宝缴纳水费功能。今后，石家庄主城区范围内水表出户的居民用户，即原使用河北银行卡缴纳水费的用户，均可以通过微信或支付宝缴纳水费。支付宝缴纳水费操作如下，拿走不谢	未
石家庄做新时代好少年省会中学生走进石家庄人民警察博物馆	未
石家庄全城爱心总动员 ， 帮男童重新聆听世界！	未
石家庄公交注意！11月30日（周五）起，公交525路改线啦！11月30日（周五）起，公交525路（九门公交枢纽站谈固公交枢纽）改线，始发站九门公交枢纽站不变，终点站由谈固站改到省三院东院站，具体如下	未
石家庄到北京5分钟！超级高铁要来了......	未
石家庄到广州或只需30分钟！超级高铁要来了！	未
石家庄到正定并不远，相对于石家庄的喧嚣，安静的正定仿佛是一个与世无争的世外桃源。石家庄在100年前还是一个庄，但正定却是座古城，虽然现在的正定古城墙并不完整。提起正定，大家第一个会联想到什么！ 石家庄正定西门	未
石家庄地铁招聘公告来啦！速报名	未
石家庄城事匿名网友：事儿哥，我在石家庄上大学，女朋友怀孕了，想问一下庄里哪家医院人流最安全，最有保障啊钱多钱少不是问题，只要安全就可以！求推荐一家可靠，安全的医院	未
石家庄城事匿名网友：事哥，过年了想带父母去体检，哪里好点帮我问一下，谢谢了。	未
石家庄城事匿名网友：石家庄哪配眼镜性价比较高	未
石家庄城事 河北新增一家童话城堡般的儿童医院河北中西医结合儿童医院将于12月8日正式开业，京津冀名医坐诊，进口高端医疗设备，楼体曲线设计，童趣装饰降低孩子就医恐惧。医院开展暖冬惠民活动：即日起截止到2019年1月31日，床位费化验检查费优惠50，15元挂北京专家号。地址：石家庄桥西区工农路188号。	未
石家庄城时网友：同学要来石家庄玩该带他去那边玩啊动物园不考虑了，还有有什么特色的吃的地方吗大家给他推荐下	未
石家庄外国语教育集团用民族风促中外友好交流	未
石家庄大学生身边事 终于等到你！！石家庄某大学食堂终于有可爱的小坐垫了石家庄身边事 今天早上吃饭看见河北医科大学餐厅的凳子都穿上了美丽的新衣，整整齐齐的，坐上去暖暖的，幸福	未
石家庄如果实施，你支持吗	未
石家庄将首次举办动漫博览会	未
石家庄市区社会停车场接入智慧泊车管理平台昨天，记者从石家庄市治堵办获悉，为全面实现市区六统一规范管理停车工作，石家庄市治堵办于近日下发《石家庄市社会停车场接入智慧泊车城市管理平台的通知》，全面启动石家庄智慧泊车城市管理平台接入全市社会车场。详戳[记者任学光][编辑李硕] 源/河北日报	未
石家庄市召开政务新媒体建设暨县级媒体融合经验交流会11月30日，市委宣传部网信办组织召开全市政务新媒体建设暨县级媒体融合经验交流会新浪腾讯一点资讯今日头条中青报amp中青华云等网络媒体以及栾城区市网信办石家庄共青团市公安局做交流发言 石家庄市召开政务新媒体建设暨县级媒体融合经验交流会	未
石家庄征婚文字帖来啦！鉴于很多庄亲比较害羞，贴心的事儿哥特意为大家开放文字征婚帖，大家可以将个人信息择偶标准敲到评论里，看看会不会遇到有缘人	未
石家庄新东方年度十大活动榜单评选谁上榜由你来定！	未
石家庄新闻正定县问计解难题 打造一流城市新环境正定县在双问计活动中，聚焦城市管理过程的重点和难点问题，将定向问计与多点问计紧密结合，积极问计县市对口单位，问计县人大代表政协委员，努力寻求破解办法，力争深度对接精准对接，为城市管理工作积极寻求更多资金经验支持，积极实施三项转变三规范，打造独具特色的管理模式，规范整洁有序的城市秩序，全面改善了城市容貌环境，提高了城市的知名度美誉度宜居度。 正定县问计解难题 打造一流城市新环境	未
石家庄时光制造厂一张石家庄古庙的老照片，谁知道是哪里 @石家庄围脖	未
石家庄时光制造厂全城征集老照片，一起寻找你我记忆中的石家庄每家都会有本家庭相册，张张老照片，都记录着过去的印记与回忆，也许是你和家人的合影，也许是你与城市标志性建筑物的合影，也许是城市的一角...[星星]评论或私信@石家庄的事儿 ，将你珍藏的老照片分享给事儿哥吧！我们会将老照片放在时光制造厂展览，照片采用后有小礼物相送哦	未
石家庄时光制造厂有奖征集事儿哥想与庄亲共同打造一座时光制造厂，现在为时光展征集旧物品啦 搪瓷水杯旧收音机手抄歌词本，这些年代感的老物件，你还收藏了哪些快私信@石家庄的事儿 提供过来吧，采用后会为庄亲送上神秘大礼哦转发微博@2个好友 抽2人送88元红包，抽3人送爱哒气泡酒快扩散给你的小伙伴来参加！	未
石家庄时光制造厂马上过年了，你还单身吗事儿哥筹办的全程免费的线下交友活动来啦！想脱单速报名网页链接时间：12月24日19点地点：乐汇城人数：10男10女，名额有限，速度报名	未
石家庄时光制造厂马上过年了，你还单身吗事儿哥筹办的全程免费的线下交友活动来啦！想脱单速报名网页链接活动当天不仅有汽车大奖等你拿，还有短视频明星姚大亲临为爱打call时间：12月24日19点地点：乐汇城人数：10男10女，名额有限，速度报名	未
石家庄正能量石家庄这位小伙！你真帅！石家庄北城路口，一个帅气的小伙子为老人免费理发！不用扫码不用关注，也不代表哪个机构，就是想做点事！[强][强][强][强][强]（图源：高瞻 ）据：河北长城网	未
石家庄活动12月8日，石家庄首家时光主题大型展览开展。来这里，品味旧时光！这么有趣的活动，赶快叫上你的小伙伴们，一起来参加吧！	未
石家庄活动 圣诞元旦双节到，中山里带您狂吃海喝！ 奖品好多啊！快快转发吧！	未
石家庄活动圣诞锦鲤是你吗快转发微博吧生活需要仪式感，忙碌了一年，快让自己好好过个节，拍套美美圣诞照，记录认真生活的你！关注@禾木视觉2018 转发微博并@2个好友 ，抽1位圣诞锦鲤免费拍摄2019年一整年新品照 凭转发记录到店，可享圣诞拍照特惠：40元单人/张双人50元/张，单人149元/4张双人180/4张（优惠价格截止至12.31日）锦鲤公布日期2019.1.1，见@禾木视觉2018 微博	未
石家庄活动石家庄爱眼医院盛大开诊啦！12月15日，石家庄爱眼医院迎来盛大的开诊典礼！各位领导领导出席会议并致辞，同时石家庄爱眼医院被授予河北省红十字基金会眼科疾病防治公益项目定点医院单位称号。详戳 石家庄爱眼医院盛大开诊啦！	未
石家庄活动雾霾季刷霸朋友圈的网红打卡地诞生东胜广场网红飞天小猪多主题鲜萌Q趣小屋（粉色治愈系星空隧道颠倒屋......你想象的全都有）狂响之夜--圣诞音乐会魔幻跨年夜，这个12月high到底！快在评论里@你的小伙伴 一起来东胜广场打卡狂欢吧！	未
石家庄爆料 惊！石家庄街头惊现一辆穿越车！上午11:30 ，石家庄长安交警大队机动中队巡逻车在辖区丰收路巡查时，发现路边一辆五菱牌小型客车悬挂的号牌竟然是唐AX6130！ 难道这辆车是从唐朝来的经现场询问，交警找到了该车驾驶人童某。童某表示，他是一家演艺公司的职员，这辆车是用于拍摄一部微电影的。随后，交警以涉嫌变造机动车号牌依法查扣了该车，收缴了号牌，并开具强制措施凭证，告知童某持相关手续到长安交警大队接受处理。源/河北农民广播	未
石家庄爱眼医院盛大开诊2018年12月15日，石家庄爱眼医院迎来盛大的开诊典礼。河北省红十字基金会理事长张淑琴石家庄爱眼医院院长魏林河北省医院协会民营医院会长黄怀鹏河北省眼科协会会长刘丹岩等领导出席会议并致辞。参会嘉宾共同启动项目仪式，并由河北省红十字基金会理事长张淑琴副理事长王敏授予石家庄爱眼医院河北省红十字基金会眼科疾病防治公益项目定点医院单位称号。 石家庄爱眼医院盛大开诊	未
石家庄生活庄里有这种特别文艺的园区或者街道吗	未
石家庄生活 河北航空扩增石家庄曼谷往返航线河北航空有限公司7日发布消息，为方便旅客出行，计划从明年1月6日起，扩增石家庄曼谷航线。去程航班号NS3517，从石家庄起飞时间为9时50分，抵达曼谷时间为北京时间14时20分。回程航班号NS3518，北京时间15时15分从曼谷起飞，抵达石家庄时间为19时45分源/@石家庄微博荟萃	未
石家庄的时光博物馆开到了新百广场	未
石家庄直播 安利XS型动部落流汗不留累，塑形就搭XS@石家庄的事儿 的一直播（下载App-gt网页链接）	未
石家庄美图@梁晓兵看我国际庄，也照样可以美得如诗如画！你们看出来这是哪里了吗	未
石家庄要单双号限行啦，公交免费12月10日起，石家庄市限行区域内通行的车辆(含外埠号牌车辆和临时号牌车辆)，将实行单号单日行双号双日行的机动车限行措施，尾号为英文字母或汉字的以最后一位数字为准，限行时段为早7时至晚时，届时城市公交车免费法定节假日和双休日不限号。	未
石家庄要单双号限行啦，公交免费12月10日起，石家庄市限行区域内通行的车辆(含外埠号牌车辆和临时号牌车辆)，将实行单号单日行双号双日行的机动车限行措施，尾号为英文字母或汉字的以最后一位数字为准，限行时段为早7时至晚时，届时城市公交车免费法定节假日和双休日不限号	未
石家庄身边事2019年寒假学生火车票已经全面开售，广大学生旅客可以购买今年12月1日至2019年3月31日期间的优惠火车票。在石家庄上学的童鞋们，你们开始抢票了吗	未
石家庄身边事 下周一（12月10日起）石家庄市区开始实行单双号限行！公交免费！12月10日起，石家庄市限行区域内通行的车辆(含外埠号牌车辆和临时号牌车辆)，将实行单号单日行双号双日行的机动车限行措施，尾号为英文字母或汉字的以最后一位数字为准，限行时段为早7时至晚时，届时城市公交车免费法定节假日和双休日不限号。军队警务环境执法消防急救抢险邮政(快递）保险勘验救援民生保障环卫作业车金融运钞车和单位班车公交车出租车，以及新能源车辆（纯电动汽车插电式混合动力汽车，已办	未
石家庄身边事中华大街跨和平路高架北向南方向通车啦！石家庄市和平路与中华大街交叉口位于主城区中心，交通压力大，拥堵严重。为此，今年5月，石家庄启动和平路直跨中华大街桥梁工程，缓解这个路口的交通压力。好消息传来！12月13日凌晨，石家庄中华大街跨和平路高架桥，北向南方向，可以通行了！今天早上开始，中华大街跨和平路段西侧辅路开始施工，预计施工20天左右。	未
石家庄身边事儿 小厕所 大民生！正定县以厕所革命提升形象增强实力 为解决如厕难停车难饮水不便等问计问题，正定县以游客需求为导向，以厕所革命为着入点，创新实施了开放机关单位厕所停车位开水间，新建改造提升停车场开通免费观光车等一系列便民惠民改革措施，提高了群众生活品质，提升了旅游城市形象，推动旅游业加快发展。 小厕所 大民生！正定县以厕所革命提升形象增强实力源/河北身边事	未
石家庄身边事公交上温馨一幕！@全彩LED透明屏 刚才在29路公交车车上一位上岁数的老大爷给一位陌生的看起来岁数更大的老太太让座，两个人相互谦让，直到老大爷说：我比你占的更稳！老奶奶才坐下。后来一位大哥给大爷让座，老大爷就是不坐，后来大哥说了一句：大爷你快坐吧，你站着没人敢做！老大爷终于坐下了。在这寒冷的东西，大爷的举措温暖了整车乘客！	未
石家庄身边事@冰雨131460905201 现在这生意都做成这样了！，买柚子免费送白菜！	未
石家庄身边事单双限号第一天，公交免费乘车，你坐几路车车上也这么多人吗	未
石家庄身边事大学时学长推荐我借贷，现在该怎么注销匿名网友：我已经毕业半年了，今天中午接到一个电话，说我在爱学贷上借过款，说国家不允许大学生借款，必须要注销，那个电话有极大可能是骗子，但是现在我联络不到之前推荐我借贷的学长，心里还是有点慌慌的，该怎么办呀	未
石家庄身边事大家猜猜这是哪里（图源@人生如此不值得 ）	未
石家庄身边事寒冷的冬季，最适合泡温泉啦！事儿妹盘点了石家庄周边6大温泉圣地，快快转发收藏，周末和小伙伴约起来吧	未
石家庄身边事暖心小女孩感恩小礼物送给石家庄公交司机[给你小心心]向上吧河北 11月22日上午，石家庄市46路公交车长吕光结束运营回到车站后，一名3岁的小女孩在老师的陪同下给他送来了一份精美的小礼物。吕师傅小心翼翼地接过礼物，里面是两个南瓜饼和一张卡片，卡片上写着：感恩节，谢谢亲爱的公交车司机叔叔们，你们辛苦啦！感谢你们每天早出晚归，风雨无阻地送我们上学回家，祝你一路平安！	未
石家庄身边事暖心操作！高校学生在路口设置爱心水站匿名网友：桥西的一所高校在学校附近的十字路口设置了一个爱心热水站，环卫工人快递小哥还有路人都能免费喝上热水，很优秀的一群大学生，冬天这样的行为，很暖心[给你小心心]	未
石家庄身边事石家庄将新增多处抓拍设备 12月3日启用为确保石家庄正定国际机场辖区平山县道路交通安全有序，省会增设多处交通违法抓拍及测速设备，新增设备将于12月3日正式启用。详情如，快来看看都有哪啊	未
石家庄身边事石家庄市区将新增一条东西向主干道 全长16.34公里近日，记者从石家庄市城投集团获悉，联石丰工程已经完成今年全部工程量的80。该工程全部完工后，将形成一条从西二环到谈固东街的双向4车道城市主干道，有效缓解市区北部的交通压力。联石丰工程，即把联盟路石纺路丰收路通过桥梁等连接起来，并拓宽成双向4车道的城市主干道改扩建工程。该工程西起西二环，东至谈固东街，全长16.34公里。联石丰工程将在建设大街与胜利大街之间修建一座跨线桥，西起义堂路，东至丰收路，跨越建设大街和胜利大街	未
石家庄身边事给石家庄雪中交警点赞！ @石家庄交警12月5日早晨，藁城区迎来2018年第一场雪。为了确保辖区广大群众畅通出行安全出行，藁城交警提前上岗强力动员，对雪天恶劣天气道路交通安全应急管理工作进行全面部署，倾全警之力加强道路交通安全管理，确保我区道路交通安全平稳有序 ...全文	未
石家庄身边事 继续免费！周六日石家庄坐公交不花钱！注意！从石家庄公交公司获得最新消息，经研究决定，本周六日，石家庄城市公交将继续免费！绿色出行，扩散提醒吧！另：石家庄法定节假日和双休日不限号。来源@河北交通广播	未
石家庄身边事@蒙蒙董678 偶遇手牵手在省博物院广场看鸽子的老人[给你小心心]，陪伴是最长情的告白	未
石家庄身边事速速收藏！石家庄机场巴士最新市区班线时刻表	未
石家庄身边事 高校大三学子心怀公益，远赴异域传递中国爱心石家庄学院大三学生李小鹏发起公益明信片征集计划，已有初步效果，小鹏希望能募集到更多爱心明信片：大家好，我是石家庄学院的一名大三学生，我叫李小鹏。我和我的好兄弟赵予率一起发起了此次送给埃及孤儿和孩子们的明信片公益征集计划。自发起之日起同学们都积极参与把自己想要给埃及孤儿和孩子们说的话都写在了我们发放下去的明信片上，并且这个公益计划会一直都持续下去。对于准备大件礼物和爱心捐款的朋友，我们很不好意思地要拒绝您。心意我们领了，但是行李箱容量有限，	未
石家庄首家时光主题大型展览明天开展喽，转发微博@2个好友 送现金红包和保温杯呦 快艾特你的小伙伴一起来	未
石峰，你在哪你的爸妈盼你回家！	未
石崖高耸，奇岩突兀酉阳这个地方的美，好多人还没见过！	未
石景山60-64岁老人注意定了！明年起，持助残卡免费乘公交逛公园！	未
石景山东部新增两个大型公园绿地小青山公园启动建设！	未
石景山北部永引渠南路将添一条绿色景观大道，明年完工配建4座跨河大桥！	未
石景山喜隆多儿童乐园99元亲子票不限时畅玩票来啦！	未
石景山国资系统设岗位扶贫 已带动160人脱贫	未
石景山大型公益机构招聘多个岗位等您来！	未
石景山消防开展全员夜查行动为扎实做好冬防工作，有效预防人员密集场所和小火亡人火灾事故的发生，近日，@北京石景山消防 17个检查组深入商市场宾馆饭店餐饮娱乐影剧院KTV唱吧桑拿洗浴等夜间经营性场所集中开展消防安全夜查行动	未
石景山滨河绿色景观大道明年完工通车！配建4座跨河桥！	未
石景山生活服务业网点达1050个 基本便民功能全覆盖	未
石景山生活服务网点已超千个！	未
石景山第二条地铁大线6号线西延各站高清大图全曝光！	未
石景山这里将建起4座跨河大桥，直通西五环！	未
石材专家聚石都 共商矿山绿色发展之路	未
石林动员全县冲刺创建全国文明城市迎检工作	未
石柱公交车上的暖心一幕，网友：为他点赞  滨河岸上的悬空木制步道开始翻新，工人师傅忙碌中	未
石楼：下山村驻村扶贫女队长	未
石楼县惠民政策解读	未
石楼县龙山水岸易地扶贫搬迁基础设施项目室外工程项目施工招标公告	未
石楼爱心志愿者：关爱孤寡老人，我们在行动	未
石楼镇双柳树村让干净整洁成为村庄常态	未
石榴最新公益片，在笑声中了解安全交通法！	未
石河子人爱吃的车厘子到货啦，价格低到爆！	未
石河子官方发布：生育二孩的家庭，最高每户补助6240元！	未
石河子持续低温，6天预报	未
石河子这690人可以领钱啦，最高2000元！	未
石河子这个东西被修好了！大家出行方便了！	未
石河子这个早市要搬迁啦！	未
石河子这里的围栏被拆除！周围人出行方便了！	未
石河子金马市场的违建拆除啦！	未
石油化工企业职业卫生评价相关指标探讨	未
@石泉人，别错过这5件民生大事！	未
石泉县成立苗木盆景花卉产业协会	未
石泉县首个村级社区工厂建成投产	未
石湾人，你的身份证很值钱！未来3个月去这286个景区全免费！	未
石湾惊现英国双层巴士！引爆全城围观！	未
石灰石矿退出苏铁保护区后，攀钢急需的矿原料能保障吗?	未
石狮祥芝小伙与台湾明星合唱闽南歌，朋友圏传火了！	未
石狮蚶江上央视啦！一个外国人眼中的古镇变迁	未
石硕，黑土麦田公益志愿者。潘石屹摄影作品 网页链接	未
石芳拟任西昌民族幼儿师范高等专科学校党委书记	未
石锤了！12月22-23日，中山影视城日本风情区，不见不散！	未
石门北流溪村一对60岁的夫妇在家加工红薯粉丝，一个月可最多可赚十多万	未
石门县长赴京做客 为石门柑橘代言	未
石门至慈利计划修建一条高速，投资135亿，快看看经过你家乡了没	未
石阡：5种接地气的工作法密切干群关系	未
石阡脱贫奋斗篇	未
石首市事业单位面试免费公益培训	未
石首长江公路大桥施工完成工程项目总投资额86	未
石鼓书院：涵养湖湘文化的精神家园	未
石鼓江山锦绣华 高足辈出名湖湘	未
石鼓镇98元抢原价282元的陇州暖锅双人套餐，温暖你的整个冬季！	未
砀山上榜省特色农产品优势区@家长安装皖事通APP@严查酒驾@曹庄简易棚起火	未
砀山事通告2019年放假安排公布！招聘殊荣	未
砀山交运局扎实开展客运市场黑头车专项整顿工作	未
@砀山人，您想了解的都在这里！残疾人补贴孤儿生活保障城乡低保医疗救助与临时救助五保供养殡葬改革都是您关注的	未
砀山干部任前公示@实小那边路啥时修好@身份证34开头的恭喜@居住房屋危险性评定	未
砀山火车站最新消息，火车站广场要改造了...	未
码一波//@王小六六xx:太棒了吧	未
码住码住！！过年去次！！	未
码商余利宝体验金收益反馈到账 查看图片	未
码字必备神器Markdown，到底有什么用	未
砂之船中东奥莱跨年疯狂购12.21-1.1百万商品1折到底！百万现金大换购10元换100，升值不限量！百万鸿利幸运摩天轮千元储值卡等您拿！会员积分千万返利积分抵现年终嗨送不停！百万让利跨年大免单12月23日/12月31日 4999豪礼百台小米音箱抽到手软！12月31日相约砂之船，MIX1063主播音乐盛典闪耀新年！地铁北环城路站直达。嗨翻热线：88414222	未
砂石矿山寻求合作伙伴	未
砂糖桔原产地竟然没有砂糖桔！一场植物瘟疫后，他表示要恢复家乡的荣耀！	未
砍下2010次数最多的球员TOP5 保罗仅次魔术师	未
砍他哈哈哈哈哈哈 查看图片	未
砍价挑战赛，半小时我已抢到5元现金红包，亲测有效	未
研发型初创企业的成长期谁来买单大学生创业最需要的是这些	未
研发投入超千万 海思科一维生素产品纳入拟优先审评程序	未
研发费用超700万，科伦药业一仿制药上市申请获受理	未
研学头条命运共同体高峰论坛2018年12月15号将在横店影视城盛大开幕	未
研学旅行在昌乐（五）瓜果蔬菜别有洞天	未
研学最新出炉！放学去哪儿带孩子探寻不一样的冬天！	未
研学黄山，文明安全小使者在旅行中收获成长。	未
研究：学校延迟上学时间可确保青少年充足睡眠	未
研究报告：人工智能成为手机发展的“新引擎”	未
研究机构：评估台湾2019年经济成长率为2.34%	未
研究机构预计全球液晶电视今年出货2.18台，明年超过2.21亿台市场研究机构TrendForce旗下WitsView发布报告预计，今年全球液晶电视的出货量预计为2.182亿台，同比增长3.4对于2019年，WitsView是预计会达到2.211亿台，同比增长1.3，低于2018年的同比增长率具体到厂商方面，WitsView预计全球液晶 ...全文	未
研究生院与中国社会科学院大学（研究生院）专题调研座谈会召开	未
研究称全球变暖将推高中国城市居民用电量	未
研究：空心管可增加3D打印部件强度	未
研究蛋白质的折叠方式绝不仅仅是开发新药这么简单，它将为人类开启一条崭新的认知旅程：一万年来，生命如何在最微观的层面上解决最具体的问题，我们该如何将这些宝贵的经验学以致用。	未
研究：香港成为2018年最受欢迎的旅游城市英国市场研究机构欧睿国际公司（Euromonitor International）进行的一项研究显示，香港荣登2018年全球最受欢迎旅游城市排行榜第一位。据报道，今年香港接待游客接近3000万人次，较2017年增加7。泰国曼谷排名第二，今年接待游客2360万人次（同比增加5.5 ...全文	未
研讨会︱“新清史”的挑战与中国话语权的坚守	未
砚山老司机们快看，出门忘带驾驶证怎么办这里有好方法！	未
砥砺奋进，与时代同行！影响40年新浪20年	未
砥砺奋进中国卒中学会国际卒中介入培训学院再度起航	未
砥砺奋进共铸藏东新明天	未
“砥砺奋进四十年 改革开放再出发——漫话廊坊”活动在京举行	未
砥砺奋进 平安365原来你是这样的人刑事技术警察	未
砥砺奋进 平安365原来你是这样的人指挥调度民警	未
砥砺奋进新征程  建功立业新时代——习近平总书记在庆祝改革开放40周年大会上的重要讲话在省区市各级党委政府党政干部中引发强烈反响	未
砥砺奋进新征程 建功立业新时代——习近平总书记在庆祝改革开放40周年大会上的重要讲话在省区市各级党委政府党政干部中引发强烈反响	未
砥砺奋进新征程 扬帆起航再出发——习近平总书记在庆祝改革开放40周年大会重要讲话在知识分子中引发强烈反响	未
砥砺奋进新时代 巾帼聚力建新功昭通市妇女工作五年回顾	未
砥砺奋进正当时	未
砥砺奋进正当时——“伟大的变革——庆祝改革开放四十周年大型展览”综述	未
砥砺奋进的五年：“一带一路”首个实体平台在这落地	未
砥砺奋进逐梦新时代 不忘初心再铸新辉煌	未
砥砺而为共谋发展！谈经论道谁与争锋	未
砰！砰！砰！让子弹飞！枪声四起，硝烟弥漫。近日，南海舰队航空兵某场站紧贴实战化军事训练要求紧贴职能使命和后勤保障任务特点，突出全要素全过程全员额，扎实开展轻武器实弹射击训练，全面检验部队实弹化训练水平。（南海舰队）	未
破三难	未
破冰之旅已经开始，扬州老小区加装电梯最新进展看这里！	未
破净股较去年末增加近9倍	未
破净股较去年末增加近9倍财联社12月15日讯，伴随着行情的持续走弱，两市破净股数量也逐渐增多，昨日两市破净股数达到339只，较2017年末的38只破净股数量更是增加了近9倍（证券日报）	未
破千亿后，正荣百亿区域大提速	未
破发90！这只中概股5美元发行 10个月后仅0.5美元今年中概股没享受到美股整体的涨势，纳斯达克中国科技股指数年内跌幅超21今年上市的中概股，有18只破发，占比超过一半其中，盛世乐居成为破发最大的股票，5美元发行价，最新价只有0.5美元，破发幅度达到90破发90！这只中概股5美元发行 10个月后仅0.5美元	未
破“四唯”后，高校人才评价立什么	未
破四唯后高校人才评价立什么？南京一高校校长：以贡献论英雄	未
破局产业互联网，京东云发力混合云奇袭BAT	未
破局狂奔2019快公司大会报名通道正式开启	未
破居子啃哥哥的美人痣	未
//@破破的桥:	未
破纪录！南京昨天也40℃了 好消息！周末全省高温有所缓解	未
破纪录！潮汕渔民捞到一个超级大贝壳，先睹为快...	未
破网打伞，咱蕉城要将扫黑除恶专项斗争进行到底！	未
破茧成蝶！全市村集体经济发展壮大背后的永州密码	未
“破茧成蝶”香云纱时尚化作品展走进福州(图)	未
破解“停车难” 南京将打造停车共享信用综合平台	未
破解执行难 最高法与中国人保财险签战略合作备忘录	未
破解民企“融资高山”， 重庆银行着力攻坚“难、贵、慢”	未
破记录！2018年迄今为止美国FDA已批准55个新药（附汇总）2018年对于制药行业而言注定是不平凡的一年。本月26日，拜耳/Loxo Oncology广谱靶向抗癌药Vitrakvi获得美国FDA批准仅仅2天后，安斯泰来的FLT3靶向抗癌药Xospata和Catalyst制药公司钾离子通道阻滞剂Firdapse也获得了FDA批准。截止11月28日，FDA共批准了55个新药，已经打破了过去20多年来的最高纪录（1996年，53个）。	未
@破铜烂铁一号：天天要是介样的天儿多好啊今天上午在塘沽拍的。	未
破除发展瓶颈 促进养老服务增加供给	未
破难题，激活力，福清石竹街道乡村振兴全面实施！	未
砺剑堂原创首发：“飞龙在天——中国海军航空兵对海打击能力”	未
砺剑堂藏经阁［三］15式主战坦克之惑	未
砺剑堂藏经阁［五］珠海航展上的外贸明星	未
砺护国之剑，铸为民之盾——灾难面前彰显的中国力量、中国速度和中国精神	未
硅谷大佬们的奇葩日常：二次元，养蜜蜂，做实验，极限挑战...	未
硅谷小楼笼罩神秘力量，谁租谁发财背后真相令人深思...	未
硅谷精英的薪水大揭秘，你和他们差距有多大?	未
硚口区福新污水泵站至肖家地泵站出水主干管工程开工建设，这一工程完工后，将进一步完善汉西片的污水收集管网，有效减少合流溢流污水进入汉江。	未
硚孝高速（一期）与主城区连接线12时通车，30多分钟可直抵孝感12月3日，硚孝高速一期与主城区连接线工程（泾河收费站至竹叶海互通）正式通车，并于12时并入全省高速公路网，今后，来往于汉口与孝感随州襄阳十堰荆门等地的车辆，可以抄近路，避开拥挤的107国道和其他出城通道，汉口至孝感间的行车时间缩短为30分钟左右，汉口去往鄂西北河南等地将更加快捷。（长江日报）	未
硝酸酯规范应用病例关付：异舒吉临床应用病例分享	未
硬！	未
硬拉180kg深蹲200kg，这个广州小伙棒呆！	未
硬核女王，在线吃虫//@Yy_玖陆叁肆伍壹陆: 土澳人民 生吃太硬核了吧//@天涯历知幸:住手！女神！	未
硬核晨练 这难度比广场舞高多了，等我们老了怎么办好急哦	未
硬核级强冷天气今晚来了！鹤山最低9！接下来将会	未
//@硬核网友:告诉她夫人很快可以拥有假肢，也很快可以穿高跟鞋啦！	未
硬核老妹，在线化妆搞笑幽默趣闻 红人的诞生 V影响力峰会	未
硬核老年生活！	未
硬货！同安小学最全划片信息！包括城区和乡镇所有小学！	未
确保全省贫困学生入学“三不愁” 学生资助政策体系实现全覆盖	未
确保容东片区工地和千年秀林项目安全！雄安新区启动这项整治行动	未
确保海博会顺利进行，湛江这支队伍尽职尽责	未
确保粮食安全 江苏省高标准农田面积占比提至61%	未
确定了：寒潮强势南下，南方大雪在即！这场雪可相当不一般	未
确定了，是心动的感觉。 微博视频	未
确定了！济南芙蓉街喜提新泉！矿化度和硝酸盐指标比趵突泉还要好	未
确定了！济南西将新建一座冰雪小镇！这个冬天可以嗨玩起来了！	未
确定了！滨海火车站1月5日正式开通运营！直达北京青岛	未
确实！！！	未
确实保平安。	未
确实可敬。尤爱图六和图八。	未
确实是那种买书要看封面好不好看的俗人...	未
确实。//@轩轩雨寒:盛极必衰，历史的经验除了历史事件，更重要的还有历史潮流的规律	未
确实，那时新浪给我了我很多支持，我接到第一个唁电就是陈彤打过来。希望大家都平平安安。//@侯小强:经历了整个过程。时隔好几年，我还经常回你的博客看那些文字。	未
确实高手！	未
确有需要、生态安全、可以持续——水利部有关负责人谈重大水利工程建设	未
确立社区公共秩序 需要温度更需要风度	未
确认了！UNIQ成员李汶翰以选手身份参加《青春有你》	未
确认，古县首批10名公益诉讼观察员亮相，快看有你认识的吗	未
确认过眼神，是我喜欢的小姐姐风格	未
确认过眼神，爱上并留下来成为新宿迁人	未
碎瓜《以团之名》马rong王bao强小料	未
碚城新生活：别让一层不变的日子把你过了！	未
碣石新绕村贺寿醒狮彩旗队伍...	未
碣石浅澳海边焕新貌...	未
//@碧云洞天:分享 地下蛟龙河南造，2017年产销量居世界第一。//@期盼都市中的蓝天: //@快乐社员:河南盾构机扬名海外//@L狼牙刺:	未
碧昂丝与黄老板同台演出 获老公Jay Z温柔献吻	未
碧桂园：与抖音商业化合作推介扶贫项目	未
碧桂园与清华大学签战略合作：共同推进人工智能机器人研发12月16日，清华大学与碧桂园集团在广东佛山顺德签署战略合作协议，双方将共同推动人工智能机器人技术研发与应用人才培养等领域的全面合作。当天，清华大学-博智林机器人联合研究院也正式揭牌，未来将在佛山顺德机器人谷打造世界一流 ...全文	未
碧桂园发布新人事任命，杨惠妍升任联席主席	未
碧桂园捐赠200万元帮扶英德市启动健康扶贫项目	未
碧桂园：杨惠妍调任联席主席 杨国强继续领导董事会	未
碧桂园：杨惠妍调任联席主席，杨国强继续领导董事会	未
碧桂园爱尔眼呵护您的心灵之窗贵州区域青少年防控计划	未
碧桂园联合新浪培育新农人打造社交扶贫新模式	未
碧桂园跨界高科技领域 打造全产业链闭环	未
碧桂园集团获第十三届人民企业社会责任奖年度扶贫奖	未
碰到这样的队友 你感动吗	未
碳云智能：打造商业同盟，实现生命数字化	未
碳基冷知识 犬科小盆友歪头可并不只是为了卖萌，而是利用高程差更精确的定位立体环境中的声源	未
碳板KT4安排一下 查看图片	未
碾压智商的测试题来啦，看看你能得多少分	未
磁县便民求职招聘房屋出租二手交易，有需要的下方留言	未
磨人的小妖精。 搞笑	未
磨刀不误砍柴工，4岁半小蜗牛的7个月自然拼读之路	未
磨剪抢刀，老手艺免费上门服务	未
磴口人才韦春江：在纳林湖书写青春	未
磷矿石价格开涨 产业链景气复苏e公司讯，记者从业内获悉，贵州开磷已宣布12月5日起执行磷矿石新价，29品位磷矿石车板价（含税）上调80元至470元/吨，30品位磷矿石车板价（含税）上调80元至500元/吨，猫儿沱30品位船板含税价上调80元至570元/吨。研究员预计，随着12月后国内矿山陆续进入冬季停采期，磷矿石供应量减少，同时下游磷肥将进入生产旺季以便应对明年一季度的出货旺季，预计供需错配将带动矿石及磷肥景气复苏价格继续上涨。（中国证券网）	未
示范创建226红寺堡区丨重点工作重点办 清流在行动	未
示范创建227石嘴山市丨禁毒宣传遍地开花	未
示范创建228中宁县丨禁毒工作怎么样县长现场来察看	未
示范区全力推进全域旅游创建工作	未
示范、融合、合力——改革开放进程中的香港与内地电影发展之路	未
礼享奇缘24味作为旅行博主，去年的圣诞节在瑞士，雪山上的木屋里有来自世界各地的人，屋里挂着缤纷的小彩灯，圣诞树下堆积着礼物，音响里放着圣诞歌，大家有说有笑。每年的圣诞节都少不了圣诞派对和圣诞树下堆积的圣诞礼盒，而香氛也是礼盒中不可缺少的一个记忆。@JoMaloneLondon祖玛珑 英国梨与小苍兰是我买给自己今年的圣诞礼物，洁白的小苍兰簇拥着初熟的威廉梨，身着闪闪发光的圣诞礼服闪亮登场，奢华却又甜美，清冽却又优雅。今年祖玛珑英国梨与小苍兰2018圣诞限量版的瓶身包装是blingbling 的金色，	未
礼元镇这些村子的村民们真有福气，暖心	未
礼县易地扶贫搬迁工程建设科学有序推进（高清航拍）	未
礼县考察团赴青岛崂山区考察对接东西帮扶工作	未
礼品送不停，趣味十足的交通安全宣传日了解一下！	未
礼物	未
礼物包装。	未
礼物商店，我真的肥肠喜欢！	未
礼让斑马线，文明伴我行	未
礼让行人被追尾怎么办深圳这位司机的做法亮了......行人纷纷点赞！	未
礼让，让南宁更有温度	未
礼遇中国 俄罗斯的地铁跟朝鲜的地铁一样，不仅是宏伟的交通设施，而且本身也是艺术景观，是旅游必看之处。但孔和尚另有打算，这厮站在扶梯口，专门统计了男女性别。从连续6个男人开始统计，100人中，男性42人，女性58人。倘若数据反映真况，那这个比例真是可怕。 俄罗斯列宁格勒火车站	未
礼遇中国 俄罗斯的火车站很有意思，喜欢按照目的地命名，所以每个城市都有其他城市名称的火车站。比如你在莫斯科要前往列宁格勒，那么就去列宁格勒火车站。假如在北京街头，你问人上海火车站怎么走北京人恐怕会说你丫这是喝了多少啊 俄罗斯列宁格勒火车站	未
礼遇中国 北大是个大课堂，中国是个更大的课堂，世界则是个伟大的课堂。 俄罗斯联邦	未
礼遇中国 升天教堂的壁画，孔和尚好像也发过吧。 俄罗斯圣瓦西里升天教堂	未
礼遇中国 此处风景优美，不时有学生和游客前来。 白俄罗斯圣三一丘	未
礼遇中国 转来转去，又回到红场。这可真是名副其实的二环也。 俄罗斯莫斯科克里姆林宫和红场	未
礼遇中国 这个纪念馆，是非常值得一看的。 白俄罗斯白俄罗斯卫国战争博物馆	未
礼遇中国 饭后看看夜景，回到酒店休息，双十节过得很充实。孔政委宣布，明天再驻一天，纵情游览。 白俄罗斯白俄罗斯国家安全局总部	未
社交app创业这种事情，还是要切中对的人群，资本和市场给了机遇，看看哪家能成为新巨头。这波社交新贵里我就玩过Soda，很有意思，有种早期ins的感觉。不吹了，Soda搜10289412找我 查看图片	未
「 社交APP安利！」追小姐姐小哥哥只差一个APP！ 「JOIN」quot人类孤独拯救计划quotJOIN被称为国内最走心的交友软件，主要是同城社交，可以约别人一起逛街吃饭，可以找有共同喜好的人一起玩。很适合用心来交朋友，想找一个有趣的人聊天，想找一个喜欢的人交往，JOIN是你的不二之选啦-------------- ...全文	未
社交动态@帕托PATO Follow your  这是亿万富翁千金送给建国的小礼物嘛中超联赛 中超2018	未
社交电商万色城赴港提交招股书 上半年净利4930万元	未
社交电商每日一淘完成1.3亿美元融资	未
社交电商“独角兽”完成1.3亿美元融资	未
“社企合作” 打造农业产业化联合体	未
社会主义核心价值观  政德：道德建设的风向标	未
社会人成功手册 还记得小时候我们看过的大人国游记吗！这个双12，苏宁易购在上海西安深圳为大家打造了真实的大人国景观，无论是巨大的手机还是几层楼高的洗衣机，都仿佛让人有种缩小了的错觉，真的：超想去围观了！！！ 1212巨有型	未
社会保障创业就业你了解多少人社分局全体党员为他们讲解	未
社会健康扶贫响国策  青-徽联谊谱新篇	未
社会养老金，涨涨涨！1.14亿人每月能多领钱，企退人的钱已经发啦	未
社会各界人士共论全球变局与价值重建  文化纵横	未
社会各界代表走进宁夏司法行政	未
社会孝昌互联网社会扶贫聚集全社会力量，让爱心连成网， 帮扶零距离！	未
社会工作师人社部民政部双认证，真正的国家朝阳行业	未
社会招聘389人薪资巨赞兰州铁路局快抓住18年的公考尾巴	未
社会摸清底数，精准服务！孝昌建立退役士兵及优抚对象信息数据库！	未
社会正能量 一个举动，不知道救了多少人！为你感动！ 爱动小视频  社会正能量	未
社会正能量 你的十年，它的一生。 爱动小视频 微博视频 社会正能量	未
社会正能量 你的十年，它的一生。 爱动小视频  社会正能量	未
社会正能量 全身结冰的消防员救出小猫安慰它没事的瞬间，真的好暖 爱动小视频 微博视频 社会正能量	未
社会正能量 全身结冰的消防员救出小猫安慰它没事的瞬间，真的好暖 爱动小视频  社会正能量	未
社会正能量 摘下手套是暖的，这样牵她才是一种尊重为暖暖的辅警点赞！ 爱动小视频 微博视频 社会正能量	未
社会正能量 摘下手套是暖的，这样牵她才是一种尊重为暖暖的辅警点赞！ 爱动小视频  社会正能量	未
社会正能量 无论多大的风和雨，父母永远是孩子们的保护伞！为孩子们遮风挡雨，不求回报！ 爱动小视频  社会正能量	未
社会正能量 老吾老以及人之老，幼吾幼以及人之幼这就是我们的人民子弟兵！ 爱动小视频  社会正能量	未
社会海原的你被感动了吗女孩的三首歌流露出了真情	未
社会涂法//@这是一个很高冷的ID:我要起飞啦！！！//@全国美帅代表:激光雨的妙用//@最近脑洞有点大:这是要变身呀//@垃圾用户1683965286:哈哈哈哈哈嘎嘎嘎嘎嘎嘎哈哈哈哈哈哈	未
社会眼招聘！115个留置看护警务辅助人员名额等你来！	未
社会眼挣钱顾家两不误！扶贫车间走出致富路！	未
社会眼视觉冲击！黄山这里可以看到多彩云南！	未
社会眼酥！香！脆！今天带你打卡第三届岭脚苞芦松节！	未
社会眼黄山水质有多好分分钟成为市场上高端水！	未
社会责任 旗舰担当——直属支行旗舰型“劳动者港湾”建设案例	未
社会责任入冬了，您们那里还好吗老人家身体好吗今年的柴胡收成怎样多少钱一斤12月5日，结合陈仓区安排的12.5国际志愿者助力脱贫攻坚服务活动，@陈仓供电公司驻村干部帮扶责任人及志愿者共计10人对所包联的陈仓区碧峰寺村31户贫困户进行了走访慰问。献一份爱心，添一份温暖，早日让贫困人员脱贫致富，走上小康之路。（李好莉袁伟）	未
社会责任 精准扶贫，情暖寒冬12月13日，在@国网铜川市耀州区供电公司 的大力扶持和驻村帮扶干部的协同努力下，白瓜村2018年度八星励志扶贫扶志挂表彰大会顺利召开，虽然天气寒冷，但村民热情满满，使这个冬日暖意无比。据悉，全村已高质量完成115户352人的脱贫攻坚任务，村子变化巨大，基础设施得到显著提升，新房也盖起来了，日子也红火了（崔迪 申钰琪）	未
社会责任 精准施策对口帮扶持续发力测量工作已完成，我们会尽快拿出设计图纸和工程预算。12月19日，@国网略阳县供电公司负责人到对口帮扶的白杨坪村进行走访，带领专业建筑工人对白杨坪村的村级活动场所建设进行规划测量和预算。此外，为帮助贫困户提前做好来年春播备耕准备，把产业发展落 ...全文	未
社会责任 给脱贫先锋戴上大红花为了弘扬正气，传递正能量，11月27日，@国网白河县供电公司 与扶贫村共同举办2018年脱贫攻坚总结大会，对安乐村37名自强不息主动发展脱贫产业自愿申请脱贫的贫困户进行了表彰奖励，使广大贫困户quot学有榜样行有示范赶有目标quot，进一步引领了社会新风尚，促进了脱贫攻坚提质增效。（柴青）	未
社会责任 让我们用爱温暖你[给你小心心] 11月29日，@国网渭南供电公司 共产党员服务队走进渭南市敬老院，排查室内外用电设备供电设施，保证老人们冬季采暖和用电安全送上慰问品，与他们聊天话家常，清理院内生活垃圾，用火火的温情，让他们在寒冷冬日暖暖的。（杨光）	未
社会需要一个强大的王菊，但我想带你跟她交个朋友。听听她对成名的惶恐，对现在的迷茫，对将来的打算。 尤志东对话王菊 YOUTH年轻气盛	未
社保之窗74城乡居民养老保险与企业职工养老保险能不能同时享受	未
社保卡使用指南，庄浪各乡镇的都看看！	未
社保卡即办即取 南通市区新增两网点	未
社保卡可以这样用啦，每个村都应该看看！	未
社保卡可以这样用啦，蓬莱每个村都应该看看！	未
社保卡，咋样好好用	未
社保卡好消息，不看你就亏大了！	未
社保卡好消息！不看就亏大了！	未
社保卡好消息！中江人不看就亏大了！	未
社保卡好消息，别怪我没告诉你！	未
社保卡这个好消息！还不知道你就亏了...	未
社保好消息！补贴又来啦，这类人将有6000元，是否有你呢	未
社保好消息！退休后除了养老金，还有这2笔钱可以领	未
社保将迎3大变化！多地工作的职工，退休领养老金将更方便！	未
社保将迎3大变化！这些证明不用再提供，社保转移接续更方便	未
社保惠民新政策  城乡养老好处多	未
社保断缴怎么处理牢记这2点，也许还能够续缴社保	未
社保新变化！多地工作的职工，退休领养老金将更方便！	未
社保新变化，跨地区就业后，社保转移办理手续如何优化	未
社保最新通知！2018年包头市基本养老保险费缴费将截止！2019年退休职工医保基数申报工作开始	未
社保武清分中心迁址啦！	未
社保缴费基数将调 低收入者到手工资有望增加	未
社区专案  用集装箱敲开工业园大门社工是怎么做到的	未
社区举办志愿者事迹报告会西青新鲜事日前，中北镇假日风景社区率先成立了志愿者事迹报告团，志愿者走上讲台与大家分享了他们的志愿服务故事。杜占金老人参加志愿服务活动已经十三年，在社区净美服务队唠嗑服务队巡逻队中都能看到他的身影，他用质朴的语言和生动的事例，讲述了自己和爱心团队的感人事迹，畅谈了一名基层党员志愿者做好人行好事的人生情怀。	未
社区二三事儿光明社区文艺演出雅园社区安全隐患检查锦林社区微服务圆微心愿	未
社区二三事儿迎春社区召开民情信息员与人大代表见面会都兰社区双报到志愿服务纺织社区提供送水到家服务	未
社区五州帝景学府世家 你心目中理想的社区就在这里！	未
社区儿童保健 护航健康成长	未
社区动态 兴隆街道联合区消防大队召开消防隐患整改工作推进会为全面贯彻落实区《今冬明春火灾防控工作方案》有关要求，结合街道整体安全工作实际，今天上午，兴隆街道联合区消防大队兴隆片区组织辖区内消防系统管网存在安全隐患的8家小区物业负责人社区安全员召开消防隐患整改工作推进会，对各物业公司存在的消防安全隐患提出专业指导意见，并要求物业公司做到三个明确明确主体责任明确整改程序明确防范措施。@建邺区兴隆街道	未
社区动态 白鹭社区开展安全大检查，为创建文明城市保驾护航为大力推进文明城市创建工作，进一步强化居民消防安全意识，近日，白鹭社区平安志愿者与青年志愿者联合对辖区内部分商户进行安全生产大检查。志愿者们对辖区内旧衣回收站等商户进行安全隐患排查，认真检查消防设施是否齐全，消防器材维护情况以及杂物是否有乱堆放现象，对发现的问题，要求相关负责人在规定期限内进行整改。	未
社区动态盛洪卿社区强化森林防火工作  建设路社区开展健康宣传活动  胜利路社区开展世界艾滋病日宣传活动	未
社区召开党员志愿服务队表彰大会西青在行动日前，西营门街华城景苑社区党员志愿服务队的代表20余人齐聚社区会议室，召开表彰大会。自服务队成立以来，开展集中志愿服务25次，参与服务人员多达800余人次，有效地推动社区精神文明建设。	未
社区团购是一门好生意吗	未
社区团购火花四溅，有赞低调玩家月销百万	未
社区团购疯狂过后，2.0模式考验的是什么	未
社区少年宫 爱心送儿童(图)	未
社区工作者热汗古丽：为人民服务让父母以我为荣是最大的幸福	未
社区工厂建在家门口   增收不用愁	未
社区店肉类经营指南	未
社区开展消防安全知识讲座西青在行动日前，赤龙南街佳和雅庭社区开展消防安全知识讲座，邀请天津市永安消防培训中心的郭堂亮教官，为居民播放着火灭火逃生视频，生动形象地展示了几起特大火灾事故原因以及救助措施。	未
社区快递	未
社区，您好！	未
社区戒毒这种主要靠自觉的方式，能戒成功的绝对是真英雄。	未
社区扫描：一刻钟社区服务圈，圈出便民新生活	未
社区招聘丨大专可报，招聘9人！	未
社区有书香， 北辰区集贤里街各社区开展主题读书活动	未
社区活动  大雪已至，秋裤大作战  玩游戏赢京东卡	未
社区直通车乡音乡味澳洲情  澳大利亚内蒙古同乡会(墨尔本)举行十周年庆典	未
社区直通车广东省推介会在墨尔本召开	未
社区直通车澳大利亚华人钓鱼协会在Nagambie Lake举办一年一度的淡水比赛	未
社区直通车澳大利亚墨尔本晋江同乡会举行成立六周年暨第四届理事就职典礼	未
社区营造三境界	未
社区融入与照顾志愿服务活动西青新鲜事日前，张家窝镇田丽社区联合兰湾社会工作服务中心开展果盘串珠活动。志愿者带领居民们，一步一步地制作果盘。刘阿姨说：我很喜欢大家围坐在一起，有说有笑，我不会的还有人帮助我，有种家的感觉。希望以后咱们社区能够多举办一些这样的活动。	未
社区连线11月29日上午，@江东街道银城花园社区 党群服务中心开展江东街道综治平安与法治建设文艺巡演活动，活动现场还设立了民情驿站，与群众面对面，听取他们对社区工作的意见建议。社区工作人员在现场接待反映问题的居民，通过发放《幸福江东建设意见建议征求表》的形式收集群众意见。社区民情驿站的设立，拉近社区与群众的距离，切实让他们真正参与到社区治理工作中来，并且提高了社区为民服务的质量和水平。	未
社区连线12月14日上午九点，邻里杯，情谊赛@宝塔桥街道幕府西路社区 乒乓球比赛如期进行，本场活动的目的是通过体育运动加强社区居民的凝聚力和向心力，增进居民之间的感情交流，营造社区和谐文化氛围，体现居民朋友热爱生活积极乐观的精神风貌同时加强社区之间的相互融合和谐发展，参赛选手主要来自幕府西路社区居民朋友们。通过本次健康运动的方式，促进了社区居民之间的交流，融洽了邻里关系，增加了居民对社区活动的参与度，体现了社区服务的高品质。	未
社区连线 为了响应市区人防办的号召，积极落实区人防办应急包发放的工作要求，提升辖区五老的消防安全意识，@凤凰街道凤凰熙岸社区开展应急包发放工作并在发放过程中对五老们开展消防安全宣传。通过本次人防应急包的发放，有效提高了五老们的面临突发灾难自救和逃生的技能，同时也推动了人防进家庭工作的深入开展。	未
社区连线 为了更好地改善辖区环境，增强居民群众的环保意识， @挹江门街道福建路社区 开展环境卫生清理活动。志愿者们对社区内卫生死角卫生薄弱点进行逐一排查清理，同时向辖区居民宣传环保知识，号召大家一起为建设美好家园而努力。	未
社区连线为了更好地迎接全国文明城市创建工作的验收，12月13日上午，鼓楼区委组织部奉海涛主任一行早早地就来到了@恒盛嘉园社区 ，积极参与到各项志愿服务中来。活动期间，大家齐心协力，重点针对路面落叶单元楼之间乱堆垃圾杂物车辆乱停乱放绿化带脏乱等问题进行集中整治和清理。经过大家的共同努力，小区卫生有了进一步的加强，整体环境有了进一步的提升，大家都在用饱满的热情和积极的行动迎接文明城市的测评验收。奉主任表示，只要我们从我做起从身边的小事做起，每一个人都参与到创城工作中，就一定能够打赢这一场文明城市	未
社区连线为全面了解居民群众对社会治安状况的意见和感受，进一步扩大社会治安综合治理工作的群众基础，保障群众对综治工作的知情权参与权。近日，@江东街道清河新寓社区 工作人员组织居民群众开展安全感和工作满意度宣传讲座。社区工作人员通过向群众面对面发放宣传单页的方式，了解群众对社会治安综治等工作的意见建议。同时利用室外宣传栏拉横幅和短信平台编发温馨亲切有礼貌群众能接受的政策宣传满意度信息，使居民能更深入了解综治工作。	未
社区连线为加强对社区党员的教育管理和监督工作，提高党员队伍的整体素质，增强社区党组织的凝聚力，近日，@裴家桥社区 党委召开了党员统一活动日活动暨党员志愿者年终总结大会。会上王慧琴副书记重点对2018年社区党建工作党员志愿者活动等情况进行了回顾与总结，感谢党员一年以来积极参与社区各项志愿者服务，以身作则，起到了党员先锋模范作用，希望2019年继续参与社区各项活动，支持社区工作，多提有关社区建设的建议和意见。社区党员同志们纷纷表示将在新的一年里充分发挥党员的先锋模范作用，在各自的岗位上做好本职工作，	未
社区连线为增进居民幸福感，和谐邻里关系，近日，@劝业路社区 联合江苏电视台举办了我运动 我健康 我快乐趣味运动会。运动会进行了1个多小时，各项目都决出了最后冠亚季军，随着颁奖仪式的结束，整场运动会也落下了帷幕。本次运动会不仅增强了居民之间的团队协作能力，也增进了楼栋间的友谊，激发了居民参与社区事务的热情。此次我运动 我健康 我快乐趣味运动会，不仅达到了锻炼身体愉悦身心的目的，更调动了居民参与社区活动的积极性，促进了居民间的邻里情，活跃了社区居民的精神文化生活。	未
社区连线为进一步提高社区居民防灾减灾意识，增强辖区居民对防灾减灾工作的关注和重视程度，12月12日上午，@宝塔桥街道金陵新六村社区 党总支在金陵新七村健身广场开展了一次防震减灾应急疏散演练。随着指挥员的一声令下，刺耳的警报声以及喇叭里高喊的紧急疏散提示音划破社区早晨安静的长空，紧接着参加演练的居民们在社区工作人员以及志愿者的引导下，在1分钟内迅速疏散到了指定的安全地点。此外，专业讲师还现场演示灭火毯灭火器的使用以及其他应急处理方法和技能。居民们纷纷表示，防灾减灾疏散演练活动，强化了他们的防灾减灾意	未
社区连线为进一步落实文明城市创建工作，还居民一个干净整洁的社区环境，12月7日，@宝塔桥街道燕江园社区 党总支联合社区民警开展清理楼道小区杂物活动。社区联合社区民警一同上门共同清理金陵村小区的一处楼道和死角杂物。今后，社区将继续不定期检查抽查楼道及环境，形成清理整治的长效机制，为创建文明社区奠定了基础。	未
社区连线凤凰街社区开展冬季健康知识讲座近日，@凤凰街道凤凰街社区 举办了退休人员健康知识讲座。此次讲座邀请了益丰大药房的老中医围绕居民日常生活中可能遇到的常见疾病以及相关的预防措施，并结合了天气饮食心理身体素质等相关因素进行了讲述，提醒退休人员平时要加强自我防护合理膳食心情开朗适量运动，以健康乐观的态度对待生活。	未
社区连线创建文明城市的氛围日益浓厚，近日，@新民门社区 志愿者们就主动来到辖区居民楼，铲除楼道的小广告，粉刷墙面上的小招贴等。大家不怕脏不怕累，为居民的环境卫生出一份力。出门买菜的大爷大妈们看到志愿者们在忙里忙外地打扫，不住地夸赞。志愿者们的努力让居民们居住的环境悄然发生着变化。很多不文明现象在消失，小区的面貌也日益整洁干净，他们将文明城市创建工作落实到实处，用实际行动为文明城市创建做出积极的贡献。	未
社区连线 @华侨路街道虎踞关社区有一个志愿团队，是社区的蓝马夹们。他们除了常态化的平安巡查，还经常关注社区的孤寡老人。金老就是她们帮助的老人之一。金老早年丧偶，一直没有子女，由于常年生病，只有一个保姆照顾其日常起居。志愿者们得知其情况，自2013年起就经常来看望老人，逢年过节自费给老人买慰问品。得知27日是金老的90岁大寿，志愿者们一早就开始筹划，准备给老人过一个热热闹闹的生日。一大早，志愿队的就去超市拿来了定做的100个寿桃。华侨路街道工委余副书记和社区工作人员也是早早的拎来了蛋糕，带来了鲜花	未
社区连线 弘扬志愿精神，共建和谐社会尊老爱老是中华民族传统美德，@挹江门街道钟阜路社区 众益院志愿者服务队的成员们利用周末时间来到了银杏树养老院，为这里的老人们开展免费理发服务。志愿者们凭着娴熟的手法，一把木梳一把剪子，边和老人唠家常边理发，细致入微的服务让老人们的脸上洋溢起幸福的笑容。尊敬老人，从头做起，钟阜路社区的志愿者们用自己的一技之长回报社会，大家都说：就像给自己的家人理发一样。 大家表示要将这项活动坚持下去，让尊老爱老敬老的传统美德传承下去。	未
社区连线心系国安，关注人防。为提高辖区居民和青少年紧急避险自救自护的能力，@宝塔桥街道燕江园社区 联合燕归幼儿园开展人防疏散演练活动。活动邀请了社区民警张剑锋社区平安志愿者以及燕归幼儿园全体师生参加，随着模拟警报的声音响起，孩子们在志愿者的引导下，按照指定的疏散路线，快速有序的撤离到安全地带。紧接着，社区民警向大家讲解了安全避险的知识，并向大家演示了部分消防用具。此次活动进一步了居民和青少年防灾减灾的意识，增强了他们应急反应能力，为创建平安和谐的社区奠定了基础。	未
社区连线志愿红马甲驱走雾霾今天上午，@凤凰街道凤凰熙岸社区 充分发动志愿者的力量，捡烟头清洁辖区沿街的绿化带垃圾刷牛皮癣和整治共享单车乱停乱放现象路过的行人看到志愿者的辛苦劳作，都称赞：是红马甲驱走了雾霾！在大雾的天气里，凤凰熙岸社区 红马甲亮了，成为最美最亮眼的一道风景线！	未
社区连线舞动青春--凤凰熙岸舞蹈队@凤凰街道凤凰熙岸社区 舞蹈队的成员们，在每个星期五上午都会满怀热情欢聚在社区活动室开始舞蹈体型训练。这支舞蹈队有30余名队员，平均年龄达六十五岁。虽然已是花甲之年，但对舞蹈的共同爱好，使大家欢聚一堂，愉悦身心的同时还可以强身健体。社区也专门请来了专业舞蹈老师，为舞蹈队队员们授课。伴随着优美动听的音乐节拍，大家认真地排练着。手放松，脚背绷直，抬头挺胸，动作就会优美很多	未
社区连线 近日，@云谷山庄社区党总支开展固定党日活动，此次党日活动邀请了南京市急救中心党支部的党员共同开展 。首先，党日活动在《没有共产党就没有新中国》红歌声中开始，在社区党总支班子的带领下，党员们高唱红歌，激情澎湃。接着由南京市急救中心党支部的宗医生为党员们生动形象深入浅出地讲解家庭急救常识，提高党员自救互救意识。并在党员大会上通过了十二月之星的推荐。随后社区书记宣读《慈善一日捐倡议书》，党员们纷纷排队捐款，献出爱心。最后，四个二级支部还开展了支部学习和活动，讨论2019年支部工作计划。	未
社区连线 近日，@云谷山庄社区党总支组织20名党员群众，前往白云亭文化艺术中心，参观改革开放四十周年书画展。此次图片展以改革开放争首善，全面发展高质量为主题，本次展览了分为两个部分：一个是主题展，还有三个专题展。主题展分为党的领导经济强百姓富环境美社会文明程度高专题展为鼓楼第一鼓楼地标和鼓楼故事。这些图片全面展示了改革开放40年南京高速发展的光辉历程，进一步坚定了党员群众改革开放再出发的信心和将改革开放进行到底的决心。让党员群众深感南京改革开放40年来的巨大变化，大家纷纷表示要不忘初	未
社区连线 近日，@云谷山庄社区 关工委联合希望来吧开展创文明家园，小小志愿者在行动主题活动，辖区内三十多位青少年参加此次活动。活动中，小志愿者们身穿红马甲，两人一组，手持劳动工具，捡垃圾清除小广告，热情高涨地投入到劳动中，不怕脏不怕累，让小区面貌焕然一新。通过此次活动，增强了青少年环保意识，提高了青少年的文明礼仪素养，让青少年知道平时要从一点一滴的小事做起，文明城市的创建需要大家共同努力。	未
社区连线近日，@五塘新村一段社区党总支组织20名党员群众到白云亭文化艺术中心参观鼓楼区庆祝改革开放四十周年图片展。本次展览的主题是改革开放争首善 全面发展高质量。本次展览了分为两个部分：一是主题展而是三个专题展。主题展分为党的领导经济强百姓福环境美社会文明程度高专题展由鼓楼第一鼓楼地标和鼓楼故事组成。这些图片全面展示了改革开放40年南京鼓楼高速发展的历程，进一步坚定了党员群众的决心，一张张老照片和一件件老物件，回顾过去，感叹不断，鼓楼的巨大变化，让我们真正感受到作为一名鼓楼人的幸福	未
社区连线 近日，@华侨路街道慈悲社社区 党委在社区三楼举办了退休人员集体祝寿会。社区退休老人欢聚一堂，共庆寿诞。会前，社区范书记为居民送上了祝福语。社区党委为居民准备了大合唱舞蹈独唱等娱乐节目。参会的老人表示玩的非常开心，社区多彩的活动丰富了老人的生活，给老人带来了温暖和陪伴。最美不过夕阳红，祝寿会在一片欢歌笑语祝福声中圆满结束。尊老爱老敬老是中华民族的传统美德，老人们是我们社区的宝贵财富，每个人都有老的一天，老人们的今天就是我们的明天，关爱老人就是关爱我们自己！	未
社区连线近日，@华侨路街道虎踞关社区党委通过广泛宣传，带动党群积极参与文明创建，对上海路小区和虎踞关60小区进行环境专项整治，齐心协力扮靓社区家园。上海路和虎踞关60号两处都是老旧小区，居民楼道内的杂物堆积甚多种菜问题尤为严重，给清理工作带来很大的难度，不仅耗费体力，还要跟这 ...全文	未
社区连线 近日，@小市街道张王庙社区 党总支组织三十余名党员群众，前往白云亭文化艺术中心参观改革开放四十周年图片展。此次图片展以改革开放争首善，全面发展高质量为主题，本次展览了分为两个部分：一是主题展，二是三个专题展。主题展分为党的领导经济强百姓富环境美社会文明程度高专题展由鼓楼第一鼓楼地标和鼓楼故事组成。这些图片全面展示了改革开放40年南京鼓楼高速发展的历程，进一步坚定了党员群众改革开放再出发的信心和将改革开放进行到底的决心。参观过程中，一张张照片和一件件物件让大家感慨不已，老党员	未
社区连线 近日，@小市街道张王庙社区 在三楼会议室召开了2019年度为民办实事项目征集会。会议由社区邓超书记主持，社区两委班子成员及各小区的居民代表共计11人参加了会议。在征集会上，各小区代表畅所欲言，每片都提出了为民办实事的具体项目，社区均予以一一登记梳理。通过此次征集会的召开，不仅让社区摸清楚广大居民的所思所想，为下一步为民办实事开展打好了基础，同时，也提高了社区居民的参与度，真正将为民办实事落到了实处。	未
社区连线 近日， @幕府山盛世花园社区 召开了2018年度平安志愿者年终总结会，约五十名志愿者参加。会上，社区书记回顾总结了今年志愿者队伍工作情况，肯定了志愿者队伍的无私奉献和参与活动的积极性，代表社区对志愿者的无私表示感谢，希望大家在新的一年里一起努力共建邻里和谐促进社会进步。	未
社区连线 近日，@幕府山盛世花园社区组织志愿者10余人在本周末参加文明城市创建工作。志愿者们穿着红马甲，带着扫帚夹子铲子等工具，清理小区地面杂物和卫生死角，对种菜居民进行劝说并及时清除干净，为居民创造一个良好的生活环境。	未
社区连线 近日，@挹江门街道福建路社区 组织辖区居民和小志愿者们开展了同建绿色温馨家园共享清澈碧水蓝天为主题的签名活动。活动中，大朋友与小朋友们一起在横幅上郑重地签下了自己的名字，以认真的态度表达了共创文明城市的坚定决心，大家纷纷表示一定要践行文明公约，用实际行动为文明城市创建贡献自己的力量。	未
社区连线近日，江苏电视台城市频道来到@劝业路社区 ，为社区志愿者们带来了一场别开生面的新片看片会。五十多名社区志愿者来到社区活动室，大家都期待着江苏电视台城市频道为大家特别奉献的新片《音乐会》。此次，城市频道的新片试播，为我辖区内群众提前带来了一场视觉盛宴，丰富了广大群众的精神文化生活。通过新片看片会，也让频道及时了解到居民们的喜好，通过交流沟通，更加增添了与观众之间的互动。	未
社区连线近日，@紫竹林社区 召开志愿一家亲联谊茶话会。王素琴书记回顾总结了今年在党支部引领下下，志愿者队伍工作情况，肯定并表扬了志愿者队伍无私奉献的先进事迹，对下一阶段自管组织队伍建设社区和小区环境治理迎检工作进行了专题部署，明确了限期整改目标责任。志愿者代表作了表态和发言 ...全文	未
社区连线 近日，街道包段科室领导和@华侨路街道石头城社区 全体工作者奋战在文明城市迎查工作的第一线。 街道领导和社区人员分三组带领执法队员和保洁员来到辖区，逐一小区清理院落杂物车棚杂物僵尸车共享单车及花坛种菜，大家齐心协力把杂物和废旧自行车等一起拖到了小区门口，联系城管来 ...全文	未
社区连线近期，迎来了文明城市创建检查，虽然恰逢周末，但华侨路街道民政科全体干部和龙蟠里社区工作人员依然加班加点共同参与环境整治，齐心协力做好迎查工作。所有人员分成三大组，带着涂料水泥铲子扫帚簸箕等工具，在辖区内开展沿街路面院落及楼道的环境工作，包括清除牛皮癣清运杂物清理生活垃圾及排齐路边的电动车等。在这两天里，大家不怕苦不怕累，为提升环境面膜做出贡献。@华侨路街道龙蟠里社区	未
社区银行　让金融更有温度	未
社工： 一位助人筑梦者	未
社工专业毕业生选择当社工的只有15% 共建共治共享，亟盼社工“回归”	未
社工如何受欢迎？这场别开生面的社工“舞林大会”告诉你！	未
社工微课堂  官宣！广州老人可享免费意外险，这些资讯你知道吗	未
社恐大赛 成年人的社交礼仪，如何才能不经意让朋友看到这条微博。	未
社招中国航空制造技术研究院公开招聘高技术人才	未
社招！长沙县妇幼保健院招聘60人，速看！	未
社旗：搭乘高铁时代 催生经济新增长极	未
社畜心声	未
//@社畜没劲打游戏:这个po主怎么总是发这些令人心动的东西！！//@帕梦sweet: 他好可爱	未
社科院副院长蔡昉：若政策恰当，可挖掘老龄人口红利。	未
社科院副院长蔡昉：若政策恰当，可挖掘老龄人口红利根据有关国家生育率难以逆转的经验，一个基本判断是，即便将来因生育政策进一步放宽，生育率在一定时间内出现一定幅度的变化，也不会改变我国人口老龄化的趋势。从过去几十年我国人口结构特征与经济增长之间的关系可见，人口老龄化意味着传统意义上人口红利的消失，对我国长期经济增长构成巨大的挑战。然而，如果政策应对恰当改革措施到位，也仍然可以从变化了的人口年龄结构中挖掘人口红利的潜力，我们可以称之为老龄人口红利。何谓老龄人口红利	未
社科院发布2018企业社会责任排名 三星领跑外企首位(图)	未
社科院发布2018企业社会责任排名 三星领跑外企首位	未
社科院发布2018企业社会责任排名，三星领跑外企首位	未
社科院发布2018百度社会价值报告	未
社科院发布全国百强县榜单！福建这些地方上榜！快来打call12月4日，中国社会科学院财经战略研究院成果发布会：中国县域经济发展报告（2018）暨全国百强县案例报告在北京举行其中，福建6地上榜竞争力百强，分别是晋江福清南安石狮闽侯惠安4地上榜投资潜力百强，分别是闽侯 ...全文	未
社科院发布全国百强县榜单 近7成出自苏浙鲁三省	未
社科院张明：预计明年GDP增速6.3%，建议定投黄金、蓝筹股、指数和美元	未
社科院报告：下一轮住房需求走势将保持总体回调、平稳释放特点	未
社科院曾刚：未来监管将从强监管去杠杆 转向深入推动一些领域的制度改革解决结构性问题可能是未来监管关注的重点。在政策方面，监管并不会对所有领域都一视同仁，采取相同力度的监管方式，而会选择采取结构性政策。2017年强调去杠杆防风险，去的是整体宏观的杠杆率，而现在总体的宏 ...全文	未
社科院百强县发布，江苏作为县域经济强省，共有25家县（市）上榜，是上榜城市最多的省份。且前五强全部被包揽。而广东只上榜了2个。这跟其下属县改区有关，但有数据显示广东省贫困县有28个，重点扶持3个。	未
社科院《经济蓝皮书》：明年经济将在合理区间运行	未
社科院蓝皮书显示中国央企引领企业社会责任发展	未
社科院评估报告：法院裁判文书公开质量不断提升	未
社科院调查：经济学家对“一带一路”倡议实现持乐观态度	未
社科院：预计2019年我国GDP增长率为6.3%	未
社科院：预计2019年我国GDP增长率为6.3蓝皮书指出，根据中国宏观经济季度模型预测，2019年我国GDP增长率为6.3。蓝皮书预测，2019年我国CPI在2.5左右，PPI会降到2.6左右，明年的物价依然保持平稳温和的状态。	未
社科院：预计今年GDP增速6.6%左右	未
社群微商是2019年最大的风口！眼光不是一般的犀利！而社区社群微商则是社群电商风口中的风口代理真不用招，而是她们会抢的，这是它迷人的地方小区社群和电商的结合，团购模式失败了，o2o模式也失败了，京东的小区新零售模式也失败了，阿里的小区新零售模式也失败了，过去几年所有小区的 ...全文	未
社群营销成电商创业最热风口	未
社论：G20应在世界融合与开放中发挥更重要作用	未
社论丨5G时代中美应强化合作互利共赢	未
社论丨积极财政重在制度改革，而不是单纯提高赤字率	未
社论  中国大规模减税的盘子到底有多大12月19日至21日召开的中央经济工作会议提出，要推动更大规模减税更明显降费，有效缓解企业融资难融资贵问题。与此同时，对于中国是否仍有更大的减税空间还有颇多争议。单就减税谈减税，难免各说各话。问题的实质是，中国大规模减税的盘子到底能有多大或 ...全文	未
【社论】继续为正义呐喊	未
【社论】网红故宫：做大传统IP，才是真正的传承	未
社论：让我们牢记那些改革创新者	未
社评：加拿大应最终彻底恢复孟晚舟自由	未
社评：怎么做有利，中国产业政策就该怎样中国会在坚持本国发展高科技权利的基础上，根据实际情况对今后产业计划和政策做出适当调整。其中扩大市场的作用，给不同所有制企业创造更公平的竞争环境，大概会是主要调整方向。改革开放是中国唯一的路，过去40年我们不断获得成功，而成功被证明是各种主动最重要的来源。今后也会是一样的。我们要切实解放思想，坚决卸掉走向成功路上的一切包袱，让成功最终为过程做结论，这应是中国社会一代又一代人的集体座右铭。社评：怎么做有利，中国产业政策就该怎样	未
社评：新时代，改革开放再出发！——热烈庆祝改革开放40周年	未
 社评：美欲拉盟国共同打造对华科技之墙	未
社长带你成网红，只要你有一颗想成为网红的心。招10个海外VLOG（视频日记）博主。[小仙女][给你小心心] 详情戳评论吧	未
祁东的电商物流真的很给力@执梦人生V: 祁东县 精准扶贫 乡村振兴 农业产品，电商物流	未
祁小Q诞生记	未
祁连山国家公园（青海片区）10年间植被生态质量呈上升趋势	未
祁连山国家公园青海片区正向暖湿化发展	未
祁连山国家公园青海片区气象条件向暖湿化发展	未
祁门县“光伏”照亮脱贫路	未
祁阳退耕还林还湿试点二期工程通过省级验收	未
祈福！东大阪举行“御笑神事” 哈哈大笑驱散一年烦恼	未
祈福法会有用吗	未
祈福生活身边事儿 @哈尔滨同城	未
祖国//@滁州气象: 以祖国为傲！	未
祖拉比什维利赢得总统选举 将任格鲁吉亚首任女总统	未
祛疤之路，任重而道远	未
祝RNG六周年 生日快乐送一位朋友去北京和RNG全队共进午餐，会是你吗	未
祝万和君的好基友@叮叮抓娃娃一岁生日快乐！成熟的抓娃娃App就要学会自己送娃娃即日起，随手粉@万和电气 和@叮叮抓娃娃，带话题叮叮抓娃娃一周岁生日快乐转发说出生日祝福，12月6日抽4人送上叮叮定制充电宝100乐币。	未
祝两位老人长命百岁！	未
祝你30岁生日快乐，马茨胡梅尔斯！更多胡梅尔斯个人资料请看网页链接今天拜仁天猫旗舰店胡梅尔斯球衣印号一元，欢迎戳网页链接 购买Herzlichen Glckwunsch zum 30. Geburtstag， Mats Hummels	未
祝你们//@日本零君:祝福//@休闲璐:给我滴首页//@奔现:转给你们//@M大王叫我来巡山:祝福，拯救一下首页//@尸姐:假装相信//@荒川小島:你最好是//@水晶男孩鸡大帅:你最好是！（对bf说）//@DAEEEEEEE:我转了，我不信。出现了我吃屎//@抖森夫人:我求求你了冬天缺个暖手的	未
祝你和你爱的人圣诞快乐，平安喜悦。（今晚吃了什么呀）	未
祝你圣诞快乐[米奇比心][米奇比心][米奇比心]	未
祝你幸福 微博视频	未
祝你幸福//@红颜丄:转发微博	未
祝你所有的心愿都成真	未
祝你所求皆如愿 所行化坦途 多喜乐 长安宁	未
祝你生日快乐-少儿歌曲 今天，食堂有一位小编姐姐生日祝她生日快乐评论区交给你们	未
祝大家圣诞快乐ThankYouKobe圣诞大战	未
祝大家圣诞快乐，今天我是一个真正的朝阳群众，荣誉感让我想热心地为大家服务。请问你们想要聊什么天	未
祝大家圣诞节快乐，能收到自己心仪的礼物是醉猴的！要没人送也可以买给自己	未
祝好运！//@台词先生: 一小时后开，还没上车的赶紧呀。	未
祝子杰 走位走位，开启魔鬼的步伐	未
祝子杰 跟着小熊喵去旅行	未
祝宝宝们圣诞快乐晚点一起播乐购哦，为了你们早点回家 日本东京	未
祝宝宝们都能拥有一双美手	未
祝小狐狸生日快乐NBA	未
祝愿张医生早日康复。	未
祝我无坚不摧，祝我百毒不侵，祝我刀枪不入，祝我狼心狗肺，祝我逍遥快活。	未
祝我生日快乐 香港特区香港君悦酒店	未
祝新浪20岁生日快乐！20年弹指一挥间，一起走过，一起见证。新浪20年	未
祝新浪20岁生日快乐，我们一起致敬影响力 新浪20年 不经历风雨，怎会见到彩虹	未
祝新浪20岁生日快乐，我们一起致敬影响力！新浪20年从懵懂无知的女孩到现在四口之家，从最开始的碎碎念到现在记录着孩子们成长的点点滴滴。在这里遇到了很多人，也学到了很多，感谢新浪一直以来的陪伴，未来我们继续前行，不忘初心！	未
祝新浪 20 岁生日快乐，我们一起致敬影响力 新浪20年（图 1 是朋友圈偷的，这个表情符号图片的拼接设计还挺有意思的）想不到新浪都 20 岁了，比我还老，厉害厉害	未
祝新浪20岁生日快乐，我们一起致敬影响力 新浪20年大浪逐新，与时代同行。很庆幸所有与新浪一起同行的日子，收获了很多，感恩！	未
祝新浪20岁生日快乐！ 新浪20年最开始接触新浪的应该是新浪博客，现在一直活跃在微博。很幸运通过这个平台认识了这么多小可爱！感谢新浪，感谢大家的陪伴！[给你小心心][给你小心心] 天府泰剧	未
祝新浪20岁生日快乐，有你记录我成长一切 新浪20年	未
祝新浪20岁生日快乐，竟然比我大10岁，叫一声哥哥没问题吧新浪20年	未
祝爷爷奶奶身体健康。	未
祝福//@三吼君:转发微博	未
祝福与赐福的区别	未
祝福你们[给你小心心]	未
祝福啊，这个留着希望快点用得上！//@zl哈哈哈:hhh先留着//@时尚安利公司:是我喜欢的森系婚礼啦	未
