艺术鼓楼 无名城市2000年后的德国影像艺术展览馆 时间:2018年11月14日  2018年11月29日 每天 09:00 - 16:30地点: 南京 鼓楼区 南京艺术学院美术馆二展厅（南京市虎踞北路15号）费用: 免费详情戳链接哦网页链接	未
艺海拾贝 口袋里的小可爱呀( . )By ladyaromanova	未
艺海拾贝 在温暖的冬日里融化时间莫奈粉	未
艺狗版权登记  微信小程序上线啦！	未
艺考故事分享谢谢这位粉丝给我们分享这么暖心的故事陆陆续续收到了很多粉丝分享艺考故事的私信，现在我也开始筛选被选中的名单啦这位粉丝快来私信我地址收礼物哇价值500元的神秘礼物	未
 “艺行山水 文化新升”	未
艺行山水 文化新升--让艺术更贴近生活一点	未
//@艾fei尔99: 好运来[米奇比心][米奇比心]	未
艾丽华当选乌兰察布市市长（图/简历）	未
艾伦·金斯堡日记三部曲之《铁幕日记》首次出版	未
艾佳生活潘定国：如何通过重构大家居行业人货场，打造家的生态圈	未
艾叶膝盖贴关节疼痛贴12贴 5.8下单送一贴暖宝宝天气越来越寒冷了，记得给父母送上一份温暖	未
艾如分享为爱犬画像趣事 粉丝：又get一项新技能	未
艾如晒和大头儿子合照 工作室调侃：大头迷妹	未
艾媒咨询张毅：不要轻信人口红利见底，新模式企业仍能快速崛起	未
艾媒咨询张毅：短视频有望成为主流，知识付费时代到来	未
艾媒报告2018中国PC端浏览器市场专题研究报告	未
艾媒：饿了么蜂鸟抢占新零售先机 配送订单量领跑行业	未
艾弗森和两个专家的史上最佳阵容：库里还是魔术师科比还是杜兰特奥拉朱旺还是奥胖	未
艾弗森排出的NBA历史最佳阵容，大家认为呢	未
艾弗森评选历史NBA最佳阵容：库里科比乔丹詹姆斯以及奥尼尔。	未
艾弗森近日给出了自己心中的历史最佳阵容这五人分别是：库里科比乔丹詹姆斯和奥尼尔	未
艾弗森韦德 vs 库里詹姆斯-哈登都在巅峰期，哪组更强NBA吐槽大会	未
艾涛：为了碧水蓝天再辛苦也值从去年各种问题凸显，到今年空气质量综合指数不断改善，济宁市任城区正为向全市人民交出一个满意的环保答卷不断努力。这其中，不能不提那些不分昼夜艰辛付出的环保人员。任城区环境保护局督导科科长艾涛就是其中一员。今年40岁的艾涛在环保岗位上奋斗了18年，一直在执法一线。艾涛:为了碧水蓝天再辛苦也值	未
“艾滋妈妈”也能生健康宝宝 沪HIV母婴阻断成功率达100%	未
艾滋病72小时内可自救！这个应急知识必须学！	未
艾滋病72小时内可自救！这个应急知识必须学	未
艾滋病  为艾发声	未
艾滋病，了解一下。	未
艾滋病，了解下！	未
艾滋病，了解下	未
艾滋病到底咋回事免费检测桓台人，这些知识你必须知道！	未
艾滋病戒毒学员在这里找回人生自信	未
艾滋病日  为艾发声，你必须要了解的事！	未
艾滋病是有阻断药的！必须学！	未
艾滋病检测核心信息，一图了解！	未
艾滋病的交响诗	未
艾滋病知识专题宣传	未
艾滋病综合防治实现疫情首降13.7！台州的秘诀是什么	未
艾特你的另一半，让ta来看看吵架的时候到底什么样 转发关原博12月8日（本周六）抽10位小可爱各得恋爱基金 100元	未
艾特出你身边需要这件衣服的姑娘	未
艾特给小伙伴，让她做给你吃！	未
艾玛我本来有好多想说但大庆的指甲油吸引了我的目光！//@通透的風: //@爱好脆皮鸭的鹅: 好温馨	未
艾瑞咨询19年校招持续进行中！5大岗位全线内推！简历直递HR ！	未
艾瑞咨询：中国短视频营销市场研究报告2018	未
艾的巴士总是来了又停，2019年1月10日毒液:致命守护者 到站优酷，欢迎上车见证爱情。	未
艾福杰尼SOULTOUR全国巡演 SORRY成都来晚了 把尖叫声给到今晚的你们！请大家一定回去注意安全 注意安全 注意安全 重要的事情说三遍！@布瑞吉_bridge 感谢兄dei 下次再一起躁起来 晚安成都！热情指数五颗星！广州NEXT！	未
艾米尔！终于找到你了！	未
艾达美如画险些走光！《生化2：重制版》新演示公布	未
艾问创始人艾诚教你如何在巴黎名媛舞会Le Bal登堂入室	未
艾问巴黎名媛舞会：每个女孩都有翩翩起舞的权利吗？	未
《节奏丛林》：有画面有乐趣，但也有超高的判定难度	未
节振国：威震冀东的抗日英雄（为了民族复兴·英雄烈士谱）	未
节振国：威震冀东的抗日英雄(图)	未
节日快乐！致平凡而不平庸的你	未
节日节气今日大雪：岁寒雪纷飞，有你在便是暖冬......	未
节气今日大雪，气温速降，不会避寒要吃亏！大雪三字经，助你过冬12月7日永康招聘出租及转让	未
节气大雪 今日大雪，是冬季的第三个节气，很多地区迎来了又一波降温你的城市下雪了吗	未
节气  大雪将至，你准备好了吗?	未
节气  明日大雪，或迎入冬最冷一天！	未
【节气·长卷】大雪:点点 片片 纷纷 皑皑……	未
节水降费30%！青浦区农业水价综合改革试点初见成效	未
节目互动 2018年12月11日星期二0点到2点节目@中国之声 千里共良宵 主题:说说你的成长环境对你的影响主持:@小马DJ 你生活在一个怎样的环境中，比如农村还是城市，其乐融融还是颠沛流离，嘈杂纷扰还是祥和平静，你的性格学业或生活受到周围环境怎样的影响，你享受其中还是在努力突围，也许，每 ...全文	未
节目单来了黄平旧州古镇2018秋冬营销且兰文化活动周暨第三届贵州黄平飞来者大会	未
节目周边设计投稿作品300多件，还有一张说是长得像wanima鼓手的长颈鹿投稿kura：不这个虽然画得很好但是wanima给我们供了曲啊！优：如果这个被做成周边了，节目就变成了大仓困和高桥困和wanima了（笑）	未
节目预告一种道具三种风格，带你跳遍民族舞	未
节目预告丨网上政府给群众带来哪些实惠	未
节目预告为庆祝改革开放40周年，上海推出《远望》《地铁》《筑梦蓝天》3部大型纪录片，以海陆空3个维度立体呈现改革开放40年来上海制造大国工匠的追梦之路。其中，《远望》真实记录了中国自主建造的远洋测量船远望1号到7号几代人一路栉风沐雨共同努力，与改革开放共同走过40年，共筑强国之梦的缩影《地铁》《筑梦蓝天》则是首次与观众见面，将分别呈现上海地铁在智慧建设智慧运维智慧管理上的创新历程，以及中国大飞机梦的圆梦过程。这三部纪录片将于12月17日-19日20:00在艺术人文频道播出。预	未
节目预告今晚点请锁定CCTV-1，带你一起见证中国40年变迁！	未
节目预告公益培训，专业为先	未
节目预告姜泉主任坐客北京卫视养生堂，探秘长寿乡	未
节目预告《政风行风热线》本周上线单位	未
节目预告昭通市安全生产监督管理局上线昭通电台《政风行风》热线	未
节目预告昭通市民政局上线昭通电台《政风行风》热线	未
节目预告本周五湖南卫视，讲述复旦大学附属中山医院周平红教授的仁术！	未
节目预告研读新高考政策 解析大学专业车辆工程专业	未
节目预告社区大讲堂2018年第九期开播啦！	未
节目预告@路食记 重庆  临江门	未
节省30多公里，只要20分钟！向阳传来这个好消息	未
节礼日英超大战稍后开始！我在@PP体育 直播室等你！	未
节约有道力促矿井降本增效运行	未
节能减排从低碳出行做起96天低碳出行挑战赛等你来！	未
节能环保：秸秆禁烧小知识（一）	未
节能省电好帮手，还能保护电器，即插即用	未
芈盒做实验有趣的分离	未
芊嘉首倡头皮如肌肤般呵护 把沙龙级头皮护理搬回家	未
芋头肉丸子炸的外酥里嫩，还有芋泥的香气，也可以做成喜欢的糖醋丸子，红烧丸子，一丸多用，太方便啦	未
芒果TV会员 免费试用25天网页链接追剧的时候就不用烦广告啦！！	未
芒果TV会员开放日天啊，招商银行的会员宝宝们颜值也太高了吧！小芒果的眼里全是bulinbulin的爱心心第二届会员开放日-招行专场顺利举办，愿我们的友谊地久天长！招商银行	未
芒果TV玩大的，跨年门票免费送，往返机票全包，快来抢 (分享自@芒果TV) 网页链接	未
芒果互娱牵手环球捕手 共推《中餐厅》官方衍生品	未
芒果会员月卡免费领网页链接	未
//@芒果宓:太美了//@尸姐://@钱困困://@风吹铃铛响叮叮:	未
//@芒果宓:美//@太皇太后您有喜啦:()//@M大王叫我来巡山:好美_(」 )_被治愈了//@这是一个很高冷的ID://@-腐兔-:是富士山//@西升月:我又来换壁纸	未
芒果的11月爱用评论有	未
「芙蓉学子」评选结果出炉林鑫再摘桂冠，这周还发生了什么	未
芙蓉街新发现泉眼确定为新泉，水质比趵突泉还要好！	未
芙蓉街施工发现新泉眼！水质清澈，还有鱼虾！	未
芜湖人注意！遇到这些行为，举报最高奖励60万元！	未
芜湖大司马丶开始直播了，快来斗鱼直播一起围观吧大司马：一个颜值与才华并存的男人。！，斗鱼直播间地址：网页链接 dsm大司马解说的微博直播 .	未
芜湖大司马丶开始直播了，快来斗鱼直播一起围观吧大司马：各位同学们金牌讲师归来，开始上课，斗鱼直播间地址：网页链接 dsm大司马解说的微博直播 .	未
芜湖大司马丶开始直播了，快来斗鱼直播一起围观吧大司马：同学们让大家久等了我归来了！！，斗鱼直播间地址：网页链接 dsm大司马解说的微博直播 .	未
芜湖大雾预警升级为红色，境内所有高速入口封闭  芜湖早阅读	未
芜湖滨江公园今早游来一群嬉戏的小精灵，胖乎乎圆墩墩，网友纷纷拍照合影！！！	未
芜湖蔬菜价格迎来全年低点 鸡蛋猪肉价格面临上升压力，做腊肉灌香肠的市民要抓紧了！	未
芜湖警察表现还算不错，虽然镜头一直对着这位51岁女子穿裤子，但好歹不像其他地方的警察，故意要拍到赤身裸体的男女，甚至是故意尽情羞辱。//@庹政: 嗯。令人绝望。//@陈朝华: 转发微博	未
芜湖长江公铁大桥北主塔封顶 为商合杭铁路全线按期贯通奠定基础11月30日，随着最后一方混凝土浇筑完毕，商合杭铁路芜湖长江公铁大桥北主塔成功封顶，标志着世界首座高低矮塔公铁两用斜拉桥主塔全部施工完成，为大桥如期合龙和商合杭铁路早日全线建成通车奠定重要基础。芜湖长江公铁大桥北主塔封顶 为商合杭铁路全线按期贯通奠定基础	未
芜湖附近竟有一个喀纳斯秘境，美若仙境！	未
芝加哥白袜引进Yonder Alonso体育V势力	未
芝麻信用分也能办加拿大签证啦！这里北极熊比人还多，冬季活动秒杀北海道	未
//@芝麻糊了吧:好//@阿透扫文推文小清新://@风溯君://@ynoki_阿雪不在: //@喔哦噢呕少年://@夏时-好白劳:我也转希望工作顺利	未
芝麻糊作为老人孩子补钙的第一佳品，自己做吃着更放心！	未
芝麻薄脆饼薄薄脆脆的口感再加入芝麻的醇香，吃上一口就根本停不下来了！！ 整理烘焙食记	未
@芣小苢：李楼站开啦，第一天纪念一下@地铁达人守望者：在双林站下车了！双林站的站厅很宽敞	未
《芥子园画谱》 本彩版	未
芦台职工注意七所全国重点大学，招收在职人员。轻松取证，不误上班！	未
芦庄北路迎来大改造！门头店招拆除正在进行时	未
芬兰Lapua的雪景	未
芬兰一座小岛的四季，感觉超棒！	未
芬兰冬夜的星空。	未
芬兰北部遇暖冬 “白色幻境”盼降雪	未
芬兰北部遇暖冬　“白色幻境”盼降雪	未
//@芬兰天鹅:六宫粉黛无颜色//@用户56:很美	未
芬兰小镇上的木头观景小屋，能和最喜欢的人窝在这里，一壶热茶一个wifi，哪怕宅上一天也很幸糊吧	未
芬兰推全球首个5G套餐：每月400元流量任用不限速	未
芬兰旅行 此生必住的浪漫玻璃酒店 去芬兰的时候住在北极圈圣诞老人村，终于找到了心心念念的玻璃酒店！半个房子全是玻璃做的但是超级保暖，外面一米厚的积雪，屋内25的室温住在玻璃酒店，白天看北极圈白雪皑皑，夜晚躺在床上仰头看浪漫欧若拉极光飞舞拍照打卡也是hin重要的，性冷淡的北欧风，可爱的麋鹿头饰嗯，记得提前预定，不然得跟我一样，补大概700欧的差价才能住上，还不一定有房芬兰罗瓦涅米 距离圣诞老人村大概1公里的地方。这野是旅行旅行灵感季 @芬兰旅游局	未
芬兰的极光酒店 ，有机会一定要去一次，美爆了	未
芬兰的雪夜微博全景图片	未
芬兰的雪景微博全景图片	未
芬兰纳米卫星搭载世界最小红外高光谱相机	未
芬兰经济增长明年或将开始放缓	未
芬兰议会“中国日”活动聚焦经贸合作	未
芬兰超梦幻玻璃屋看极光 可以躺着看 终于实现辽一项愿望清单 芬兰Kakslauttanen Igloo Village	未
芬太尼管控，为何给医疗器械带来大好机会	未
芭姐安利时间WHY-周洁琼 旅行的长度由钱包决定旅行的宽度由目光决定旅行的深度由心灵决定。 早安[太陽]周末啦	未
芭姐安利时间 必须坚信，任何的愿望都有一座通往的桥梁，而你的任务就是找到这座桥梁，无论这一概率多么的微乎其微。晚安好梦	未
芭提雅曼谷沙美岛 6 日游 同步更新爸妈游玩中泰餐调配适合中国胃专业团队保驾护航	未
芭比小剧场芭比娃娃的晨起幻想曲	未
芭男剧好看 由毕赣执导，汤唯 和@黄觉 主演的电影《地球最后的夜晚》发布甜言蜜语版预告，该片讲述了一段关于蛇蝎美人寻找爱情咒语的故事。影片定于12月31日21:50开场，结束时刚好是0点0分的跨年时刻，2018年最后的夜晚，快带着最重要的人一起度过一个最有仪式感的夜晚，一吻跨年吧！	未
芭男星播报 LOL明星赛 2018LOL全明星赛官宣将于12月7日早上8点正式开赛！此次共有40余名明星主播以及职业选手参与比赛。其中，人气明星@罗云熙Leo 将与IG战队中单Rookie联袂出战慈善2v2锦标赛！电竞少年罗云熙明天也要加油鸭！	未
芭男星播报 陪你一起过冬天 近日，韩红爱心公益活动展开，@西藏昌都人韩红 @吉杰 @金池jinchi矜持 @阚清子 @沈梦辰 @王铮亮@吴克群 @吴希泽-Caesar @TFBOYS-易烊千玺等人在零下十度的北京西直门街头和环卫工人们共同清扫路面，呼吁社会公众尊重和关心环卫工人，同时也倡导大家在日常生活中能够随手公益随处公益。	未
芭莎in，我的时尚朋友圈CGxBeijing小雪来了，三九寒冬还会远吗11月28日@CanadaGoose加拿大鹅 的北京专场活动来了，芭姐请你去屯里来一场别样的暖冬体验！想在三里屯了解大鹅家今年的时髦point吗转发这条微博，芭姐会在25日抽5位小粉丝亲临现场，一起体验这场北境风光的暖冬无境互动体验展！现场还会有神秘惊喜等你哦	未
芭莎慈善夜捐款名单曝光 杨幂捐五十万建爱心教室	未
芭蕉梅花图（中国画）(图)	未
芭蕾舞26至28号 ，2号楼404。票票就在这里呀！！！	未
芭蕾舞喵！旋转跳跃什么的都不在话下！！ V影响力峰会红人的诞生	未
芮甜甜给挺哥擦裤裆视频曝光，神豪炸弹哥出镜！阿哲捧不过来，我上！心悦一哥vs心悦一姐，大嘎子乱斗自充钱怒干杨大爷！	未
//@芮跳跳:去年去的时候正好下大雪 ，好看呢 查看图片	未
芯片植入校服惹争议：一秒识别，实时监控孩子有必要这款功能强大的智能校服号称结合大数据物联网数字化，将物联网技术及卫星技术，例如RFIDNFC北斗GPSRS与服装相结合，是一款智能中小学校服产品。通过智能校服的无感知智能考勤，运动画面实时监控，家长可以在手机上随时随地可查看 ...全文	未
“芯片热”代替“共享经济热”，创投圈布局硬科技寻求弯道超车	未
花100块钱就能全年不限次数畅游吉安吉安旅游惠民卡真的来啦！	未
花4万考了11年喜提驾照！29岁小伙摆酒席放烟花庆祝最近，江苏宿迁泗洪的陈先生终于拿到了驾照！为了这个驾照，他前后花了4万，整整考了11年！拿到驾照当晚，陈先生请了两桌朋友聚会庆祝。现场鞭炮齐鸣，十分热闹。这么多年，他总是卡在理论考试科目上，原因是工作太忙，看不进去书，总是考试前临时抱佛脚。驾照到手，陈先生忍不住发圈炫耀说：我也是有驾照的人了！我现在开车到天涯海角都不会怕了！网友：可是天涯海角的兄弟姐妹们怕你啊！公布车牌号，我想绕着走！趣闻  花4万考了11年喜提驾照！29岁小伙摆酒席放烟花庆祝，	未
花一个景点的钱畅玩三个景点，这样的美事只有宁乡才有哦！	未
花一晚的钱住两晚！莫干山半山腰大变活堡，一秒睡进竹海仙境！	未
花与饰  星空下的彩虹法国国花：鸢尾花	未
花了168个小时，我不停和8台智能音箱聊天  小巴爱测评	未
花亭湖胖头鱼烹饪大赛明天开幕，敬请关注！	未
花儿广场舞《你是我的妞》	未
花儿视频《仓娃征婚》伊万仓等	未
花儿视频《农村美》尕麻乃最新花儿	未
花儿视频《半山云彩半山雾》-刚的拉吉	未
花儿视频《和谐计生的路上前进》彭措卓玛	未
花儿视频《尕妹的大门上浪三趟》-马红莲	未
花儿视频 《尕老汉》董万基	未
花儿视频《把阿哥好比个白冰糖》马玉兰	未
花儿视频《父母好比牡丹树》蔡有菊	未
花儿视频 《看病》胡汉三等	未
花儿视频《眼泪和成面了》-贺桂英	未
花儿视频《路边的野花你惹不起》-双虎妹	未
花儿视频《雪白的鸽子》-吴玉兰 索南孙斌	未
//@花发发___:哇，好好看	未
花呗额度2500，每月用得精光	未
花团锦簇迎大庆 欢欢喜喜邀宾朋	未
花园乡开展民族团结一家亲联谊暨创建全国文明城市知识竞答活动	未
花园城市，名不虚传！	未
花垣人享福了！以后乘高铁去重庆和长沙只要1个多小时了	未
花垣人游记保靖沙湾之行	未
花垣人游记保靖涂乍渡口随拍	未
花垣八景之首壮丽云海，就在我的身边飞舞盘旋	未
花垣县创新创业孵化基地正式启动运行	未
花垣县召开决胜基本解决执行难再总结再动员再出发工作会	未
花垣封面小姐姐发来游记啦！看看她到哪里玩耍	未
花垣茶峒收费站飘出奶茶香的绿通车被查 司机的总结亮了	未
花垣部门联动深入县内非洲猪瘟防控点督查作风建设开展情况	未
//@花城客:共度圣诞//@_荀忆_:加州欢迎你	未
花城看花怎么666最牛看花神器收好不谢网页链接 过年去哪儿当然是来广州看花了！广州都有什么花呢木棉花，紫荆花，桃花，玉兰簕杜鹃.....那么问题来了:如何在广州优雅地赏花呢你需要花城看花最佳神器网页链接	未
花子播报11.26 国际医美科技城将落户天津保妥适正品联盟在重庆成立	未
花小钱游大景区告诉你来重庆！怎么旅游才叫划得着网红悬崖景区奥陶纪，一张票耍完38个高空惊险项目，还能滑雪耍雪玩冰雕！挑战吉尼斯世界纪录天空悬廊全球最恐怖的21米悬崖秋千，感受300米悬崖之上的刺激，体验720度高空旋转的惊险，享受20C冰雪世界的温暖！点击视频看精彩玩法:网页链接	未
花山区公开招聘48名社区工作者，快来报名吧！	未
花岗社区党总支：国家公祭日  我们一起守望和平	未
花店老板娘来教你，家居花艺的艺术	未
花开七彩 情系大路这里的花海正盛开，遍开扶贫之花	未
//@花开宇屹://@揪揪兰香茗:转发微博	未
花开沃土别样红！凤翔双向管理在职党员，让党旗在社区飘扬！	未
花开的声音：2018中国新零售报告	未
花开豫东，尚客优品河南商丘再添中档酒店新坐标	未
花式毛衣的编织方法，成人儿童穿都很赞	未
花式跳绳、定位射门 看这群盲校学生“玩转”运动会	未
花径不曾缘客扫 蓬门今始为君开 这里喜迎小城镇环境综合整治省级验收	未
花情食意 金牛迎春 金牛湖茉莉美食文化旅游节今开幕	未
花旗调查揭示：供应链调整势在必行	未
花旗银行（中国）副行长裴奕根：外资银行 应在“桥梁作用”中寻找机会	未
花旗银行张晓萌：数字化银行的未来是超联通银行	未
花是浇死的，人是气死的！（保存好，一个人看）	未
花最少的钱，过理想的小日子	未
花果园这条社区商业街：上百家商户迅速集结 理由是	未
花样滑冰跨界选材有成效 “为北京冬奥、也为将来”	未
花样漳州旅游推介走进成都	未
花样追大V 秀出你的技能视频V势力 @微博视频微博视频 花样追大V	未
花样追大V 网页链接 V影响力峰会健康一冬 微博视频 花样追大V 微博2018 V影响力峰会，等你来哦	未
花样追大V 花样追大V 我们在云南盈江一起度过休闲的时光@微博旅游微博视频 花样追大V	未
花样追大V 花样追大V 我们在云南盈江 微博视频 花样追大V	未
花水湾泡温泉玩雪更宜人！仅199元2大1小抢住花水湾山缘温泉度假酒店山景/观景房早餐无限次温泉	未
花海涂鸦古民居......福州的这座山地公园一定要去一次！	未
花海茶园涂鸦墙....福州惬意的周末，就藏在这条一日游线路中！	未
花游记	未
花滑大奖赛总决赛：中国选手彭程/金杨双人滑短节目领先	未
花滑大奖赛总决赛：华裔选手陈巍男单卫冕	未
花滑大奖赛总决赛首日：陈巍、纪平梨花短节目领先	未
花滑大奖赛法国站金博洋暂列男单第七	未
花火大会。 微博视频	未
“花炮之源”湖南大瑶镇的“绽放之路”：从小作坊到全产业链	未
花王出品 我相信	未
@花生斗牛犬：地铁不是不让带气球上车吗，我儿子拿了一个小小加油棒，安检非叫我们扔了，那为什么这么大气球就可以带上地铁9号线	未
《花生组织蛋白》标准制定工作启动	未
花粉们早上好，不知不觉2018年只剩最后一个月了！点击文章，跟小编一起翻翻华为手机用户的朋友圈，回顾这一年中的精彩新影像不止所见 18年最后一个月，翻翻华为手机用户的朋友圈	未
花粉年会场景游戏体验区应该是全场最嗨的展区了，劲舞团的小哥哥小姐姐已经放飞自我了 沉迷摄影摄像的小可爱，在深感镜头交互体验区一定会无法自拔这边还有我们的云电脑amp通讯性能展区，以及配件展示区，可以了解更多产品资讯哦 发微博 晒粉丝年会难忘一刻 ，有机会赢荣耀手机	未
花絮	未
花絮红毯致敬改革开放致远美好生活晚19点，地产届最激动人心的红毯秀！刘志峰携凌克走过，周忻与夏海钧莫斌走过，张永岳带着李从瑞走过，张玉良张剑黄文仔走过辉煌历史，走向美好未来。	未
花舍，让你享民宿里的慢时光......	未
花花世界尽管风景变迁，但那份温暖从未改变	未
花花公子 情侣款触屏保暖手套10.9daos 玩游戏不冻手，开车不滑方向盘！	未
花花家过双十二 直播上新日@Ayuki黄美熙 的一直播（下载App-gt网页链接）	未
花花草草玩成了国字号，还是老底子的人气最旺打卡地！杭州这个地方你去过没	未
花荣：弱平衡势操作，观望等热点！老花笔记	未
花莲凤林：摄影师变“小农” 炒花生也可以很“美好”	未
花莲自然系质感民宿依山午Afternoonresort带你逃离城市拥抱山海，民宿的白色「纯粹」绿色「疗愈」灰色「沉静」木色「温暖」，以这样的色调打造独特的品牌形象，希望能满足人们对自然纯粹的渴望，让远道而来的旅人们能有个舒适放松质感的空间体验。地址: 花莲县寿丰乡中山路101巷17号	未
花萼楼前雨露新，长安城里太平人叮新鲜的西安攻略已出炉毕业季 和你爱的人一起梦回大唐 去感受中华古老的文明吧！P1 行前准备P2-P8 景点介绍P8-P9 西安美食	未
花讯  沪上十二月公园活动指南，请您查收	未
花费500小时用纸板制作F1赛车，这手艺不服不行！	未
花轮酱 今天是平安夜诶	未
花都你送我检  米面粮油任你检，风雨无阻等你来	未
花都区委副书记区长叶志良率队到我县开展精准扶贫调研工作	未
花钱可以升级淘宝账号等级，你愿意吗	未
花间学堂 千万别问广州有哪里比较好玩，因为好玩的地方太多。欧式建筑的沙面，喜欢怀旧的红砖厂，石室圣心大教堂，越秀公园，北京路，上下九等等。	未
//@花雕老吴:在我心上用力地开一枪！！	未
花露水滴在卫生巾上，解决很多家庭主妇的烦恼，试过的都说很管用	未
花鳥，鳥花	未
花鼓对唱，乐的观众笑哈哈	未
“芳华”入闽后首部原创现代越剧《林巧稚》上演	未
芳华易逝，唯爱和善良永恒	未
芳华绝代。	未
芹芹酒铺莫斯卡托起泡白葡萄酒 27.9 到手菠萝，草莓和荔枝三种果味可选，圣诞节要是不想出去的话，在家小酌几杯还是可以的，女孩子喝也行	未
芹芹酒铺莫斯卡托起泡葡萄酒750ml27.9芹芹酒铺家的酒来啦这次是荔枝和草莓味的度数很低，很适合女孩子喝！！！	未
@芽芽yoga美照粉丝投稿	未
苇影渡游 广西德天大瀑布的位于中越边界，一条归春河上，穿梭着中国和越南的竹排。	未
苇影渡游 德天大瀑布另一组走景观道路游览，勿越国界 图一条简陋的边境贸易街，有少量越南货。广西山清水秀的美。	未
苍南168黄金海岸线正式开工！总投资2509000000元	未
苍南90后软妹子竟是武林高手 省大学生武术锦标赛折桂	未
苍南再添6家3A级旅游景区村！	未
苍南有个村入选浙江省3A级景区村，是你老家吗	未
苍南清朗指数周榜（11.1111.17）发布！赶紧来看看榜单上都有谁	未
苍南这个镇要建廊桥啦，明年就可以看！	未
苍梧又上榜！全广西50个乡村旅游示范点公布，梧州仅2个！	未
苍梧又有人上荣誉榜！全广西仅30人，看看你认识么	未
苍海新区：践行新时代梧州精神，建好一座粤港澳的后花园	未
苍海湖恢复蓄水，周末快快约起来	未
苍溪新农合缴220元的最新消息来了，都快看看吧！！	未
苍茫深山中是凡间的精灵：西南动物园总结3个月前的8月27日，我迈出了中国动物园之旅的第一步。3个月之后，我已涉足33个城市41个动物园，写下约10万字，拍摄了近3万张照片。行程马上进入收官阶段。为了纪念这个日子，今天就发一篇总结，讲讲让我印象深刻的西南地区动物园吧花老师带你逛动物园 微博公开课苍茫深山中是凡间的精灵：西南动物园总结	未
苍龙棚户区改造一期工程预计2020年完工，700多户可搬新家......	未
“苍龙级”潜艇“安倍 阿博特”色彩浓厚 日难续前缘输得一手好棋	未
苏35性能怎样？是一款优秀战机吗？从这两方面看一目了然	未
苏57的落叶飘比歼10B还厉害？俄军最新战机上演特技大秀	未
@ 苏B车主，看视频学法免记分 ！《电视交警》您看了吗《电视交警》频道自12月2日起全新开播啦！该频道拥有交通直播间路况大看台违法曝光台交通文明整治行动公示公告交警风采交管服务安全百宝箱说明书等九个栏目，让用户足不出户打开电视就能看路况查违法办业务学法规。广电高清互动用户按666频道号即可收看。使用学法免分功能时，用户需按提示输入行驶证和驾驶证上的相关信息进行绑定。选择填空框按遥控器确认键打开全键盘即可进行英文字母数字的输入。输入	未
苏丹总统表示愿为叙利亚实现领土完整提供支持	未
苏亚经典歌曲-祝母亲健康长寿	未
苏亚雷斯！！！	未
苏亚雷斯一家过圣诞节	未
苏亚雷斯：当我来到巴萨的时候，这里有梅西有内马尔我当时在思考，我应该踢什么位置我怎么踢球才能最快的融入这两名世界上最棒的球员呢对此，我必须尽快地适应巴萨，然后用智慧踢球	未
苏亚雷斯更新推特:圣诞快乐	未
苏亚雷斯获得队医绿灯，参加了周五的训练，并出现在 西班牙人vs巴萨 比赛的大名单中。巴萨ForaBara	未
苏伊共育领头雁 砥砺奋进正当时 伊犁州乡镇（街办）党政正职南京大学培训综述	未
苏伏来报道了，我要一直守护我的小狐狸！	未
苏创丨2018江苏重大技术攻关——9家中标企业为“自主可控”放大招	未
苏创丨专家建言：为科技成果落地生根“清障”	未
苏创丨中国工业“奥斯卡”奖新鲜出炉，上榜苏企亮尖端科技水准	未
苏北四县（区）扶贫调查：扶贫攻坚发力还需更精准	未
苏南机场暑运落幕  两月发客122万人次	未
苏君接受新华社专访，表示：有信心有能力把白银打造成有色彩 有温度 有温情的山水之城	未
苏城一夜变仙境新老司机必备雾天行车攻略！	未
苏城寻鲜记丨解锁江南四大名菜	未
苏宁28周年庆祝苏宁28岁生日快乐，封面新闻发来贺电！@四川苏宁	未
苏宁与三星战略合作：升级零售渠道、加强体育营销	未
苏宁与三星电子达成战略合作 共同布局未来市场	未
苏宁俱乐部：尽早拿出方案，平稳过渡新赛季	未
苏宁再度布局无人经济 首家智能健身室落地南京苏宁在无人经济领域再次布局，一家智能健身室在南京落地， 该店坐落在南京江宁银河湾花园的苏宁小店二楼，可用活动面积75平米， 分日卡月卡季卡三档， 价格也从19元119元到299元不等！网页链接	未
苏宁双12大数据：90后成消费主力 女性消费者占56%	未
苏宁官方招募双十一县镇云游大使	未
苏宁小店打造“便利店+健身”新组合	未
苏宁小店收购西安果岸便利加速扩张 首进地铁场景	未
苏宁意大利青训总监：足球是游戏 态度是关键	未
苏宁拼团 好想你胡杨枣500g9.9包U网页链接	未
苏宁新赛季球衣曝光，问鼎中超仍是球队目标	未
苏宁易购双十二战报：55%的人爱上生鲜拼购	未
苏宁易购年终犒赏季 即刻开启，@四川苏宁 联合@巴蜀大将火锅，邀你品尝免费霸王餐！现场体验吃火锅榨果汁，空气净化除辣味，空气洗衣机带你全新体验，扫码还可领取100元现金体验券！今天我请客，请你狮子大开口，还有跨年狂欢大红包，赶快点击链接领取网页链接	未
苏宁易购快速复制多业态模式   苏宁极物登陆上海	未
苏宁易购新用户满30减30神券！购买两箱方便面的了	未
苏宁易购超级品类日 一起创纪录有奖竞猜第三弹用很会装的行李箱，装满回家的心意！转发此条微博并带上你的预测价格，12月21日将抽取1位神预测（猜对或最接近价格）的小可爱，送出陪你一起跨向新年的外交官拉杆箱一个哦！戳链接，抢更多暖冬新品网页链接	未
苏宁易购镇原直营店年终大促，300斤大米免费送！	未
苏宁服饰年终盛典 悄然而至的初雪正式拉开了圣诞月的帷幕，作为一个成熟的社会人，不仅要规划总结准备礼物，还要学会自己裹上棉衣换上秋裤，然后从夹缝中挤出时间来往于各大促销活动做算数，当我发现苏宁Outlets狂欢盛典折后领券还能再减300元时，手指一动：您好，您在@苏宁Outlets 的订单已完成网页链接	未
苏宁杯国际青少年足球邀请赛拉开战幕	未
苏宁极物：打造智慧零售的场景体验店	未
苏宁球迷们对于俱乐部的活动有什么想法和建议，可以通过问卷进行反馈哦中超联赛 中超2018	未
苏宁联手三星！	未
苏宁获第十三届人民企业社会责任奖年度企业奖(图)	未
苏宁超市双12，好货不贵。年底囤货，就上苏宁超市！ 更多详情gtgtgt网页链接	未
苏宁金融研究院发布《中国居民消费升级指数报告（2018）》	未
苏宁集团全国首家生鲜加工中心江宁开工	未
苏宁零售云又开新店了！这是要向全屋定制发展啊小镇攻略 //@顾家家居：每一处的家，都应该是世界上最美的家！@苏宁零售云 一起开启小镇攻略 智造向往的美好生活吧！	未
苏宁马康：发挥自身优势 探索扶贫新模式(图)	未
苏宿工业园区社区创业孵化基地：让居民的创业梦绽放在家门口	未
苏州3个先进集体和6名先进个人，赴南京参加江苏省庆祝改革开放40周年座谈会 推广城管好经验新做法，我市发布一批典型案列无偿献血标语征集启动，让我们一起为爱发声5个建设项目的16家单位被通报批评中央和国家机关党建门户网站旗帜网上线更多精彩尽在今日苏报	未
苏州3个先进集体和6名先进个人，赴南京参加江苏省庆祝改革开放40周年座谈会。 推广城管好经验新做法，我市发布一批典型案列。无偿献血标语征集启动，让我们一起为爱发声。5个建设项目的16家单位被通报批评。中央和国家机关党建门户网站旗帜网上线。更多精彩尽在今日苏报。	未
苏州90后小伙创作歌曲《生僻字》网上走红	未
苏州一学生录取“世界最难考大学”并获200万元全额奖学金	未
苏州上花渔具展，接招吧！	未
苏！州！下！雪！了！	未
苏州下雪了！周末预计有大雪，最低气温01！	未
苏州中心现在还有啥值得逛逛不	未
苏州交响乐团上演“美国往事”系列音乐会	未
@苏州人，就在刚刚，你们期盼多日的初雪来了！朋友圈开启了雪雪雪雪雪模式	未
苏州人必看！中国移动联手支付宝放大招：10G流量人人免费领	未
苏州人注意！1分钱就能乘公交的机会来啦	未
苏州企业获全国首张营运货车自动驾驶路测牌照	未
苏州全域旅游惠百姓，2019最值得玩的地方，明年一起打卡吧	未
苏州公交推出“走失者守护站”  为走失老人、儿童提供帮助	未
苏州  历时两周的苏州景点旅游攻略终于完稿，苏州，一个安静慢节奏的城市，来了你会爱上这个她的。[米奇比心]建议路线：Day1，平江路-观前街-苏州博物馆-山塘街（夜景）Day2，金鸡湖-诚品书店-圆融购物中心-苏州中心Day3，拙政园-狮子林-留园Day4，阳澄湖-奕欧来-华谊Day5，本色美术馆-御窑金砖博物馆-苏州小外滩近期来苏州的建议带把伞，穿厚一点。后期还会有美食攻略哦	未
苏州又一地标成追忆！开了16年的大洋百货要关门了	未
苏州又开工两条新轨交 5年后与上海轨道交通对接	未
苏州又添一主题商业体！人气餐厅3折起梦幻马卡龙墙，引数万人打卡	未
苏州国发新兴二期创业投资基金成立 总规模5亿元	未
苏州国际理解教育大会：如何让孩子从被动学习转为主动学习	未
苏州国际设计周闭幕	未
苏州城事312国道苏州段将设服务区 包含苏州园林风格的六大景观区以后开车在312国道苏州段也能有临时休息吃饭购物的场所了，据苏州市公路管理处消息，为了提升312国道苏州段的服务品质，将在西塘河附近新建一座园林风格的服务区，该服务区的设计方案近日已通过省交通运输部门的审查。根据设计方案，312国道西塘河服务区总用地面积88亩，包括停车场公共厕所室内休息区室外休息区免费热水点路网图充电站修车厂等基本功能设施，其中停车场规划车位约159个。这么富含苏州情调的服务区，小鱼很是期待啊！	未
苏州城事参与都有奖 2019苏州元旦万人长跑今起报名12月19日，小鱼从苏州市政府新闻发布会上获悉，爱苏州2019苏州市第二十一届元旦万人长跑活动将于2019年1月1日早上8点在市体育中心体育馆北平台鸣枪发令。今年的万人长跑运动将沿用往届长跑路线，为体育中心体育馆北平台三香路西环路干将路桐泾路三香路体育中心体育馆北平台，全程4千米。市民可于12月19日到21日通过微信关注苏州微体育或登录苏体通APP进行报名。值得一提的是，此次所有活动参与人员都将获得2019	未
苏州城事古城3个街坊规划有变 多个地块调整为商业用地小鱼从苏州市规划局官网了解到，为加快推进桃花坞一期工程（泰伯庙阊门西街文化区）阊门西街地块建设工程，对苏州古城3个街坊控制性详细规划进行规划调整。详情可戳下图	未
苏州城事 吃着美食逛苏城 苏州好行推出美食专线近日，为推进全城旅游发展，苏州好行推出了美食专线，可以为游客提供边赏美景边品美食的体验之旅。美食专线上的菜单会根据时令调换，可以让游客了解苏州人不时不食的饮食文化。同时游览线路是古城新城双面绣线路，中途经过园区相门古城墙观前街拙政园苏博等地。美食专线计划将在本月底正式上线，游客可以通过苏州旅游总入口等平台进行预约。小鱼已经蠢蠢欲动，忍不住去打卡啦！@苏州市旅游局	未
苏州城事悟空你又调皮了！四只猴子突然闯进了苏州一驾校近日，有市民报料称，有一大三小4只猴子现身于苏州吴中区一驾校办公楼，把办公楼的天台当成了它们的花果山。对于突然闯入的这些不速之客，驾校的职工是既开心又担心。专业人士提醒，野外生长的猴群行动灵敏，野性难驯，与它们遭遇时，不要挑逗戏耍攻击投食或近距离接触，以免受到伤害。猕猴属于国家二级保护动物，如有发现，可联系野生专业动物保护人员处理。图片via.引力播	未
苏州城事最新苏州轨交6号线园区段站点出炉今天小鱼又有好消息告诉大家啦！轨交6号线又有新消息涉及园区路段10站。5号线部分附属建筑及工程站名也公布啦，距正式命名及使用就更近一步啦，一起来看看吧发布了头条文章：《最新苏州轨交6号线园区段站点出炉》@苏州轨道交通szrailtransit@苏州市交通运输局 最新苏州轨交6号线园区段站点出炉	未
苏州城事 通安古镇到树山更便捷了昨天，横跨浒光运河的两座天桥主体竣工。这意味着被运河隔断的华通花园通安古镇与树山村的连接有了新通道。从华通花园二区到树山村，原来要绕行3公里左右，现走天桥就行，大大缩短通安古镇步行或骑行到树山村的距离。这两座天桥的竣工将镇区树山及大太湖旅游体系融为一体，成为了通安镇美丽城镇建设的一个新和谐音符！@苏州高新区发布	未
苏州外国语学校落户镇江官塘新城项目正式签约	未
苏州：多部门联合发文 推进食品安全责任保险试点	未
苏州大学生实践团完成工业企业环境整治情况调研	未
苏州天平山秋色，红枫季by 楊大玲Xi	未
苏州天气 今天全市多云转晴明天多云。西北风45级阵风6级。今天最高气温：8左右，昨天白天最高气温：7.4，明晨最低气温：0左右，局部有薄冰。今晨最低气温：1.5（截至05时）via苏州气象（摄影 苏报融媒 杭兴微）	未
苏州女孩自称为两个世界服务，6年送走数千名逝者！入殓师，就是为逝者做最后的服务，力求还原其未死之状态，使他以最安详的姿态告别人间的殡葬工作者。2012年，常熟殡仪馆第一次公开招聘女子整形化妆师，刚刚大学毕业的陆丽娜顺利通过考核，开启了一段不一般的人生旅程。 苏州女孩自称为两个世界服务，6年送走数千名逝者！	未
苏州完成第130例造血干细胞捐献	未
苏州小伙原创歌曲《生僻字》叫你来认字！	未
苏州尹山湖爱琴海购物公园12.22盛大启航，爱的邮轮带你先嗨！	未
《苏州市旅游条例》获批	未
苏州开展“中华慈善日”宣传活动  470万慈善资金实施5类慈善项目	未
苏州开建两条新轨交线路 苏州、上海轨交将连成“一体”	未
苏州惠民休闲年卡12月1日开售 游玩景点增至81处	未
苏州扎实回头看认真"再体检"关停46家小散企业	未
苏州扬州高邮3日游，赏天平山红枫，游扬州瘦西湖东关街宋夹城高邮古盂城驿。会员价：638元。	未
苏州推出二维码临时县际包车标志 系省内首创	未
苏州旅游40年丨在全域旅游中，品味苏式文化	未
苏州旅游40年苏州旅游创新不断，这些新玩法你都尝试了吗	未
苏州旅游40年这些民宿，满足你对苏式生活的所有幻想！	未
苏州旅游攻略印象苏州一个在苏州上了三年大学的学生口中的苏州旅游攻略。有蕉肥绿瘦，小桥流水，粉墙黛瓦，各种景各种tips。想好好轻松一下的朋友可以参考一下作者：与其_uqi	未
苏州旅游攻略 给你我的手，在苏州的街头走一走 道不尽的烟雨江南尽在苏州 。旅行日常 作者：汤圆	未
苏州旅游遇見崑山千灯古镇，始终是安静的，骨子里透着安静的气质，有着江南的温婉，是古老的时光剪影，亦是凝固了千年的雨雪风霜，让每一个来这里寻梦的人，都可以找到心灵的慰藉。@新浪江苏旅游@江苏微旅游 @昝宗魁 @苏州市旅游局 @昆山旅游	未
苏州未来规划请你出招  市规划局招募“市民代表”	未
苏州检验检疫局检查进口汽车一键启动功能 28个车型，6个不达标	未
苏州，火了！	未
苏州独墅湖边TOP亲子酒店，早餐下午茶/晚餐享苏式慢生活！	未
苏州生活 今日份的萌值，请查收 昨天，苏州天气放晴，上方山森林动物世界的动物们纷纷来到户外，享受阳光（苏报融媒 杭兴微 摄）	未
苏州生活 圣诞和元旦 苏州轨交将延长运营时间为方便大家欢度圣诞节和元旦节，苏州轨道交通将在2018年12月24日（平安夜）2018年12月30日至2019年1月1日（元旦节）期间延长运营时间。	未
苏州：生物医药产业新添主力军	未
苏州百家旅行社组团来海考察踩线 推广我市旅游产品	未
苏州码子与京张铁路的“神秘”往事	未
苏州，等雪来	未
苏州要闻 苏州市今年第二批姑苏创新创业领军人才名单公布近日，2018年苏州市第二批姑苏创新创业领军人才名单公布，有109人入选。小鱼了解到，109个姑苏创新创业领军人才主要集中在电子信息医疗器械装备制造新能源及新材料等领域。目前，因苏州良好的创新创业环境和人才待遇政策，全市姑苏创新创业领军人才已达1291名。@苏州姑苏发布	未
苏州要闻 苏州正式成为国家公交都市建设示范城市今天，交通运输部正式宣布苏州等12个城市为国家公交都市建设示范城市。苏式公交秉承着现代与古典相结合的理念，形成了以轨道交通为骨干，常规公交为主体，出租汽车为补充，慢行交通为延伸的多元立体化城市公共交通服务体系。小鱼了解到，2018年公共交通日均客运量超过220万人次。希望大家平时多多选择绿色出行，既环保又促进公交发展，两全其美！@苏州市交通运输局 @苏州公交乘委会 @苏州交警	未
苏州要闻 苏州社工平均待遇7.26万/年 将建绩效薪酬制随着居民群众需要和诉求不断增长，社区工作者成为最忙碌的基层人群之一。小鱼了解到，目前全市1162个城市社区中，社区工作者总数已达10656人，平均待遇已有7.26万元/年。但随着社会不断发展，社区工作内容有很多变化，现有管理办法亟待调整。据悉苏州将建绩效薪酬制，这将有助于提升社区工作者职业化专业化水平，鼓励社区工作者在社区之间合理地流动。@苏州民政	未
苏州要闻 苏州第100医院改名升级 无锡常州名医将常年坐诊去年开始，部队医院改革一直备受关注。小鱼了解到，苏州具有60多年历史的解放军第100医院已正式和无锡解放军第101医院常州解放军第102医院合并，成为新的中国人民解放军联勤保障部队第904医院的苏州院区。三家医院合并实现了苏锡常三地优质医疗资源的优势互补，苏州市民将享受到更丰富更优质的医疗资源和服务。@无锡发布 @平安常州	未
苏州要闻 长三角城市月人均刷卡消费 苏州排第四前日，第二届长江发展智库论坛在复旦大学开幕。小鱼从论坛当天发布的一份报告中了解到，长三角城市月人均（常住人口）刷卡消费排名中，苏州排第四！人均刷卡额为6161元。由此可见，咱们大苏州的购买力杠杠滴！花钱买买买大家总不会说拖后腿了吧	未
苏州警营开放日 来呀，面	未
苏州身边事15斤鳜鱼王拍出上万元昨天，2018阳澄湖渔获节在相城阳澄湖生态休闲旅游度假区旅游集散中心开幕。此次开捕，渔民共收获鲜鱼数百公斤，最大一条鳜鱼足有15斤，在市场上十分少见。在鱼王竞拍环节，由一名周末来阳澄湖度假区游玩的游客以1万1千元的高价拍得。（周澜源）	未
苏州身边事 初冬古山塘美如画今天，苏城阳光明媚，古山塘景色宜人，叶色斑斓的树叶与小桥流水人家相映成景，构成了一幅别样的美丽冬日画卷 （苏报融媒  杭兴微）	未
苏州身边事四季有花 相城这条路要不一样了！据相城区绿化办消息，黄埭高新区绕城高速出入口景观工程将全面提档升级，打造四季有花的多彩廊道效果。此次改造总面积约为4.7万平方米，景观大道沿线两侧将以染井吉野樱花为主题，背景以常绿树为主，在道路节点处或重要景观处种植特色植物，体现四季有花的设计理念。工程已进场施工，计划明年下半年完工。（苏报融媒 周澜源）	未
苏州身边事 好消息！苏州人乘坐高铁去黄山 仅需4小时左右今天上午，万众瞩目的杭黄高铁发出首次列车。以前，苏州市民乘坐火车去黄山，只有两列普通列车，时间长达9个多小时。现在杭黄高铁试运行后，苏州人去黄山时间大幅缩短。据12306客户端信息显示，苏州市民乘坐高铁去黄山，先到杭州，再到黄 ...全文	未
苏州身边事 娄门农贸市场抢先看今年上半年，娄门菜场在原址北侧重建，如今，崭新的娄门农贸市场即将完工。今天，记者在新市场内看到，这里规模环境配套等较老菜场有了质的提升。投用后，将为广大市民日常买菜提供一处优良的场所。（报融媒记者徐志强 ）	未
苏州身边事 娄门农贸市场抢先看今年上半年，娄门菜场在原址北侧重建，如今，崭新的娄门农贸市场即将完工今天，记者在新市场内看到，这里规模环境配套等较老菜场有了质的提升投用后，将为广大市民日常买菜提供一处优良的场所（报融媒记者  徐志强 ）	未
苏州身边事快递纸箱共享站姑苏区金阊街道彩香一村南区社区在小区里设置了一个快递纸箱共享站，方便居民们把平时不用的快递纸箱放进共享站，而有需要邮寄快递用纸箱的居民，亦可以随时到共享站免费取用共享站不仅为居民避免了占用家里有限的空间，且方便又卫生，受到一致点 ...全文	未
苏州身边事 正牌苏州大米，哪里可选购这份秘笈请收好！又到一年新米上市季，市民喜爱的苏州大米究竟去哪儿买呢苏州市农委正式公布了第一批苏州城区销售苏州大米的43家门店，话不多说，咱们现在就来看看	未
苏州身边事江阴苏通等5座跨江大桥收费站下月拆除！昨天，从交通部门获悉，今年底，江苏省将率先试点取消与山东省之间的全部5个高速公路省界收费站，同步要拆除的还包括江阴苏通的其他5座省内跨江大桥主线收费站！再见！5座跨江大桥5个苏鲁省界收费站！（扬子晚报）	未
苏州身边事 注意绕行！今晚起苏通大桥将限时占用部分车道施工重细节平安行 G15沈海高速苏通大桥段双向K1202500至K1204500桥面，10-26日每晚19时至凌晨8时苏通大桥部分车道施工，具体如下：10日至14日，每晚19时至凌晨8时，往苏州方向主跨第三应急车道施工14日至18日，每晚19时至凌晨8时 ...全文	未
苏州身边事 注意绕行！今晚起苏通大桥将限时占用部分车道施工重细节平安行 G15沈海高速苏通大桥段双向K1202500至K1204500桥面，10-26日每晚19时至凌晨8时苏通大桥部分车道施工，具体如下：10日至14日，每晚19时至凌晨8时，往苏州方向主跨第三应急车道施工14日至18日，每晚19时至凌晨8时，往苏州方向主跨第一二车道施工18日至22日，每晚19时至凌晨8时，往南通方向主跨第一二车道施工22日至26日，每晚19时至凌晨8时，往南通方向主跨第三应急车道施工。	未
苏州身边事 相城企业获全国首张营运货车自动驾驶路测牌照11月30日，总部位于苏州高铁新城的无人重卡企业智加科技正式对外宣布，获得全国首张营运货车自动驾驶路测牌照苏D0001试 此次智加科技获得的牌照由江苏省工业和信息化厅公安厅和交通运输厅联合颁发	未
苏州身边事 相城企业获全国首张营运货车自动驾驶路测牌照11月30日，总部位于苏州高铁新城的无人重卡企业智加科技正式对外宣布，获得全国首张营运货车自动驾驶路测牌照苏D0001试。 此次智加科技获得的牌照由江苏省工业和信息化厅公安厅和交通运输厅联合颁发。	未
苏州身边事 苏城降雨空气新今天，午后的苏城终于迎来降雨，空气清新，街头金黄的银杏树叶与流动的五彩雨具相映成景，构成了一道初冬美丽的景致（苏报融媒 杭兴微/摄）	未
苏州身边事 苏州人注意！1分钱就能乘公交的机会来啦据市交通运输局消息，今天苏州公交支付宝扫码乘车功能正式开通更棒的是今天起的15天，支付宝1分钱就能乘公交啦从11月26日至12月10日，活动期间市民每日首次使用支付宝APP苏州电子乘车卡，在苏州乘坐公交时支付1元即可享受返利0.99元的优 ...全文	未
苏州身边事 苏州喜获国家公交都市建设示范城市苏州再添新名片，历经5年多的创建，苏式公交终结硕果，12月12日，交通运输部发出通报，命名12个城市为国家公交都市建设示范城市，苏州名列其中今天上午，在广州举行的2018年全国城市交通工作暨公交都市建设推进会上，苏州被授予相关标 ...全文	未
苏州身边事苏州大米冬季美食图谱春生夏长秋收冬藏。冬季是封藏的季节，天气寒冷，食欲旺盛新米上市后，苏州人更是围绕着新米做起了养生美食的文章，用苏州大米或焖饭或熬粥，或做糕或酿酒冬季的餐桌也是丰富多彩热闹非凡。	未
苏州身边事 苏州智慧气象服务平台通过验收天气变化与市民密切相关，准确预报天气对生产生活非常重要记者今天从市气象部门了解到，苏州智慧气象信息服务平台于近日通过验收该平台能对各气象站点进行数据实时准确性监控，进一步提高气象数据的含金量，以及气象预警能力苏州智慧气象信息服务 ...全文	未
苏州身边事 苏州智能垃圾分类回收机受欢迎今天，姑苏区嘉业阳光城社区居民在学习使用智能垃圾分类回收机该回收机设置7个回收箱体，除了5个箱体付费回收金属废弃塑料纺织品等外，还有两个公益回收箱，专门回收玻璃和有害垃圾据悉，这台机器采取的是物联网智能回收方式，用户可以通 ...全文	未
苏州身边事苏州轨道交通3号线轨通！今天上午10：58，在3号线星港街站施工现场，随着中铁一局的施工人员将最后两段钢轨接头牢牢连接，苏州轨道交通3号线顺利实现轨通，据悉，全线钢轨高程误差在正负1毫米之内。3号线起于高新区沪宁城际铁路苏州新区站，终于工业园区夷亭路站(暂名)，全长45.2公里，按计划将于2019年年底开通试运营。（苏报融媒 徐蕴海/文 杭兴微/摄）	未
苏州身边事苏州轨道交通3号线轨通！今天上午10：58，在3号线星港街站施工现场，随着中铁一局的施工人员将最后两段钢轨接头牢牢连接，苏州轨道交通3号线顺利实现轨通，据悉，全线钢轨高程误差在正负1毫米之内3号线起于高新区沪宁城际铁路苏州新区站，终于工业园区夷亭路站(暂名)，全长4 ...全文	未
苏州身边事赞17种抗癌药可刷苏州医保今年11月20日起，17种抗癌药正式纳入苏州市基本医疗保险工伤保险和生育保险药品目录范围。苏州参保人员购买这些药物时可以刷卡报销了，重特大疾病患者负担将减轻。17种抗癌药具体信息戳下图（苏州发布）	未
苏州身边事 起床看雪啦！	未
苏州身边事 近30年来，江苏各城市的GDP排名变化戳图看看苏州吧	未
苏州身边事雨季积水再也不怕！苏州古城区17处重要积水点改造即将收官每次下大雨，苏州市区部分路段总会出现不同程度的积水，特别是下暴雨的时候，情况更为严重，不过，类似的情况今后会逐渐好转。据苏州市河道管理处消息：今年水利部门对姑苏区主要的17个积水点实施改造，目前已完成14个积水点改造。（惠玉兰 张小健）	未
苏州轨交3号线今日顺利实现轨通！预计2019年年底开通试运营。苏州身边事 （via 苏州轨道交通szrailtransit ）	未
苏州轨交6号线、S1线开工 6年后将建成9条线	未
苏州轨交S1线开工建设！上海人将能直接坐地铁去苏州游玩啦！	未
苏州轨道交通6号线、S1线开工，2024年将建成9条线	未
苏州这个步道地图已经出炉啦！打卡新地标抓紧get	未
苏州重现传统贺冬祭祖大典迎接冬至	未
苏州首家“慈善商店”开张营业了 二手物品销售盈利将用于公益	未
苏州首条市域轨道交通线路开建，将与上海地铁无缝对接！	未
苏州马拉松志愿者为何成了运动员夺冠的“坎”？	未
《苏幕遮》写作指南	未
苏式礼仪	未
苏打绿馨仪晒母子温馨合照 自述生产苦熬近24小时	未
苏拉玛尼寺因塔内保留的大量壁画而闻名，是缅甸蒲甘首屈一指的寺庙景点，这个名字意指皇冠上的宝石或小红宝石。有人把它称为蒲甘最美的佛塔，也是唯一允许自由拍摄壁画的寺庙。寺庙目前由联合国教科文组织负责保护。	未
苏新欧昨日首发，苏州同时运营两条中欧班列11月市区二手房成交活跃，工作日日均网签400套苏州2018年度十大劳动人事争议典型案例发布高排放机动车提前淘汰补助首单受理，审核通过可领4000元补助二次金特会或将于明年1月或2月举行更多精彩尽在今日苏报	未
苏明娟:我个人的一小步，是中国教育事业的一大步	未
苏杭旅行攻略  上有天堂，下有苏杭，隐逸苏州，道不尽的烟雨江南。想去的朋友可以收藏一下呦！作者：熹嘻嘻贵妃	未
苏桥生物医药产业化平台开业	未
苏派美酒何处寻2018中国吴江第十六届酒乡旅游文化节告诉你！	未
苏炳添：陪伴老婆的时间太少 想为儿子表演一场比赛2018年，赛场上的苏炳添好成绩不断，生活中他则迎来了宝贝儿子的诞生。苏炳添笑言老婆旺夫儿子给自己带来了好运，最大到梦想就是给儿子表演一场比赛。赛场上是亚洲飞人，生活中是柔情老爸。《风云会2018年中国体育》之田径篇将于24日22:15在CCTV5首播 。扫码抢先看，赛场外苏炳添的温情一面。PS:结尾有一颗小彩蛋呦 源/CCTV5	未
“苏米”十大区域品牌公布，宿迁这个地方入选	未
苏米飘香上海滩11月30日，江苏省粮食和物资储备局江苏省粮食行业协会在上海举办苏米标准暨首批核心企业发布推介会，解读江苏省域公用品牌苏米团体标准，公布首批20家苏米核心企业和十大区域品牌并授牌。推介会上首次公布了江苏省域品牌苏米logo。该logo由三色块组成，中间绿色米粒造型代表的是绿色生态高品质，外面两片分别代表JS，孕育出臻品苏米，同时也是鱼的写意，意指江苏鱼米之乡。上交会期间，江苏省粮食和物资储备局江苏省粮食行业协会还组织了苏米核心企业产品展示展销。苏米展柜前，上海市	未
苏绣版“兰亭序”长啥样？故宫珍藏名画惊现苏州？这场展览告诉你	未
苏联红军如此解放东三省	未
苏联经典步枪，为啥自己用了直骂娘，敌人用了狂刷好评？	未
苏苏在南京实名制羡慕！//@连云港气象: 积雪实况来了，这是不是你要的银装素裹	未
苏苏有话说明天开始终于要见到久违的太阳了，然鹅又要降温了如果要在晴天但是很冷，和雨天但是没那么冷中间选一个，你们选谁	未
苏菲诺伊恩谬拉苏菲的炼金工房不可思议书的炼金术士P站：72069717  画师：mohya ，有爱请给作者点赞以示支持喔源地址：网页链接	未
苏菲诺伊恩谬拉苏菲的炼金工房不可思议书的炼金术士P站：72284307  画师：rabbit ，有爱请给作者点赞以示支持喔源地址：网页链接	未
苏警提醒高手麻将桌上出千，手法极快！ 珍爱生命，远离赌 博！	未
苏轼：亲，苏式diss了解一下	未
苏运莹返场清唱《野子》	未
苏通大桥迎来返程高峰 国庆出游价格涨幅不大	未
苏造肉、黄桥烧饼、彭城地锅鸡……高速服务区开启舌尖上的“寻味之旅”	未
苏醒自侃榜上无名后 喜登榜单第五紧随王栎鑫	未
苏陕帮扶倾真情  协作共赢结硕果	未
苏青 明晚20：30，尔晴@苏青将做客 @一直播 app，在线宠粉送温暖！冬至怎么过守住直播间，一边吃饺子一边期待小姐姐的直播惊喜[憨笑]	未
“苏韵汉风·徐州民间手工艺（非遗）展”在香港江苏社团总会举办	未
苏鲁交界高速收费站即将拆除！涉及徐州有三处，同步拆的还有......	未
苏鲁豫皖4省10城主要领导聚首徐州，共谋淮海经济区协同发展	未
苗族：巧手银匠锻造苗寨美好生活	未
苗族酒文化(图)	未
苗木大咖说，可以像我这样做苗木站长的诞生第32期	未
苟富贵，勿相忘。 查看图片	未
若下场首发，AZP将迎来里程碑。阿斯皮利奎塔有望第300次为切尔西出场。此前有36名球员为俱乐部达到过这一里程碑。	未
若你只有6天的假期，那不妨参考原博的路线哦，台北-垦丁6天刚好可以玩好玩满。我们可以在原博的游记中感受台北的烟火气及垦丁的休闲优雅。文中还有许多使用的小tips，非常值得跨年来台的粉丝参考哦1	未
若你喜欢怪人，其实他很美	未
若在连州山上看到这种植物请珍惜，它价值珍贵被为万能解毒药	未
若无闲事挂心头，便是人间好时节。 南宋无门慧开《无门关》	未
若是在泰国泼水节来曼谷，那么W酒店当属头号没房出售的那家（具体原因可自行了解），金属气质和泰拳装饰使得它充满了荷尔蒙气息特别推荐它的邻居The house on Sathorn，前俄国大使馆，现在是一家有着诱人风景的下午茶餐厅不过，不知道是不是想延续泼水节的快乐，房间的下水不是很好，浴室 ...全文	未
若是在泰国泼水节来曼谷，那么W酒店当属头号没房出售的那家（具体原因可自行了解），金属气质和泰拳装饰使得它充满了荷尔蒙气息。特别推荐它的邻居The house on Sathorn，前俄国大使馆，现在是一家有着诱人风景的下午茶餐厅。不过，不知道是不是想延续泼水节的快乐，房间的下水不是很好，浴室地面总是湿哒哒的，可以改善下神会玩神会玩！你不曾玩过的泰国泰国旅行曼谷旅行超话大神评选神威：这不只是酒店 泰国W hotel bangkok	未
若羌举办培训班为新闻通讯员充电	未
若羌：乡村大喇叭奏响新时代最强音	未
若羌：奋力谱写新时代乡村振兴新篇章	未
若羌楼兰机场新增环州航线方便民众出行	未
苦了 累了 歇一歇，一首《人生路要自己走》献给很累的你，一定要听	未
苦等7年！南村镇里仁洞旧村改造大提速，村民私人房屋最高达7776.6平方/户	未
苦等八年，南京江北超级工程下月开工！	未
苦等十三年 苗寨女孩上海圆梦补心	未
苦等半年，鄂州这条路终于修好了，今晚24时通车！	未
英伟达SHIELD 6.4系统更新：为《王者荣耀》和《刺激战场》增加映射根据英伟达的消息，英伟达SHIELD今日迎来6.4系统更新，更新内容主要包括为《王者荣耀》和《刺激战场》增加了NVIDIA映射详情点击：英伟达SHIELD 6.4系统更新：为《王者荣耀》和《刺激战场》增加映射	未
英伟达首次利用 AI 自动生成电子游戏视频画面	未
英伦绿色的迈凯轮塞纳 全球汽车 汽车	未
英俊	未
英唐智控调整非公开发行方案 加快引入国资战略投资者	未
英国11月零售表现好于预期	未
英国48集：英国的公园，除了环境好之外，公园里还有野鸭子	未
英国Usborne招牌代表作，来看看这套专为低幼宝宝打造的明星科普书	未
英国一位野外生存专家在林间为宾客制做了一顿丰盛的圣诞晚餐。准备这顿圣诞晚餐花费了大约8个小时的时间，而且宾客们都有特定的需求，有些人是素食主义者，有些人有饮食禁忌，这些都为烹饪增加了难度。	未
英国一家酒店用95棵圣诞树2.1万多盏灯装饰酒店，被当地人称为英国史上最喜庆酒店	未
英国专家施倍德：为青岛建国际城市出谋划策（海外人在青岛）(图)	未
英国丨UniCareer全球公益职场分享会12月4日起登陆英国各大高校， 敬请期待	未
英国二次脱欧公投呼声渐高 专家：需要跨党派支持	未
英国亚马逊显示《赛博朋克2077》将在2030年推出，好消息是我们不用等到2077年了	未
英国人在探寻美食的道路上真是走得步履维艰！	未
英国人最能吃饼干	未
英国伊丽莎白女王号航母数周内将驶向北极圈支持多国航空运输任务	未
英国伦敦的圣诞街灯	未
英国使馆圣诞慈善义卖会，箭扣长城非遗筐篮受赞美吴琪	未
英国保诚旗下私募进军中国：股权市场很便宜，明年将是转折年	未
英国保诚集团亚洲区总部执行总裁黎康忠：与时俱进是中国持续发展的关键	未
英国八所精英中学年考入牛津和剑桥生达数百人	未
//@英国军情六处://@司马子潇潇e://@技术领先YDK:农村扶贫大家关注	未
//@英国军情六处:平凡而伟大的劳动者//@下午茶2599:致敬劳动者！//@happy热哥://@正义爆料君:这挣得是睡觉最踏实的钱，不过一定带好口罩。祝他们平安健康	未
//@英国军情六处:心京报的文学作品 ， 如此独辟蹊径的叙事手法amp 盖棺性的风向论述 ， 一点都不令人感到意外 ， 蒋劲夫先生及其朋友没有任何权利资格去就这场悲剧这次家暴违法行为进行己方观点的申辩amp论述 ， 究其原因：quot 蒋本人已经被这个网络信息时代的千百万家暴受害者判处死刑了 . .	未
英国前教育大臣：为中国学子开启赴英留学之门	未
英国华闻周刊：英国幸福指数哪里高？滨海礼港小镇	未
英国各界热议习主席在庆祝改革开放40周年大会上的讲话	未
英国央行按兵不动 符合预期英国央行政策利率 0.75，预期 0.75，前值 0.75。网页链接	未
英国女王吃的果酱！各大五星级酒店米其林餐厅的标配	未
英国姑娘写的《鱼翅与花椒》很下饭	未
英国富豪从儿子尸体上取精，成功造出孙子据英国每日邮报报导，美国医生David Smotrich近日发布了一个特殊案例英国一对五十多岁的富豪，他们26岁儿子4年前因为车祸去世，尸体在2天后才被人发现由于精子在人死后可存活72小时，富豪父母紧急在黄金时限内找来医疗团队从儿子尸体上取精后冷 ...全文	未
英国富豪从儿子尸体上取精，成功造出孙子。据英国《每日邮报》报导，美国医生David Smotrich近日发布了一个特殊案例。英国一对五十多岁的富豪，他们26岁儿子4年前因为车祸去世，尸体在2天后才被人发现。由于精子在人死后可存活72小时，富豪父母紧急在黄金时限内找来医疗团队从儿子尸体上取精后冷冻保存。按照英国法律，取精必须经当事人同意，筛选受精卵性别也属违法，因此富豪父母在时隔一年后，离开英国到美国加州找上David Smotrich协助。David Smotrich表示，死后取精产子非常罕见，自己	未
英国小伙发明抓钩发射器，还原蜘蛛侠，空中瞬间移动，厉害了	未
英国小哥哥穿越了，带你看改革开放40年变化	未
英国工资增幅达十年来最高水平	未
英国慈善家跳桥：我为你雪中送炭，你却要我家破人亡！	未
//@英国报姐:想家里的老人了//@想把金大L一直锁定在呆萌状态:差点看哭了 好棒啊//@黄赫Ashley:	未
//@英国报姐:打扰了//@摸鱼事务所:转评这条视频，抽一个人送视频中出现的珍贵的二手《哈利波特与豹走龙》，月初了，不要忘了我kpi的事情（眼神坚毅的下跪）。	未
英国教师遇险获救，朋友圈发长文点赞宁波警察！	未
英国最矮女孩身高仅79厘米 热爱生活当博主	未
英国“母子航母”：威尔士亲王号首次启动发动机	未
英国王室发布2018圣诞贺卡（组图）	未
英国百岁老人公布其长寿的主要秘诀爱丁堡的玛丽诺里斯在第一次世界大战结束的几天后即1918年12月3日出生。第二次世界大战期间她在工厂工作并养活自己的8个兄弟姐妹。网页链接	未
英国的投资移民签证计划在俄罗斯和中国公民中特别受欢迎，该计划让投资200万英镑的人士在五年后获得英国永久居留权，而投资500万英镑的人仅需等待三年，投资1000万英镑的人仅需等待两年。投资对象可以是金边债券(gilts)政府债券或英国企业。2017年发放了约1000份此类签证。	未
英国的投资移民签证计划在俄罗斯和中国公民中特别受欢迎，该计划让投资200万英镑的人士在五年后获得英国永久居留权，而投资500万英镑的人仅需等待三年，投资1000万英镑的人仅需等待两年。由于担心该计划被用于洗钱，整个投资者签证渠道将从周五午夜起暂停。	未
英国社会租赁房建造速度慢 满足当前排队者需求要等170年 	未
英国福卡仕(Focus SB)：进博会，打开中国市场的金钥匙	未
英国空军展示了无人机在加强空军基地部队防护方面的能力	未
英国第五届“木兰奖”颁奖典礼在伦敦举行	未
英国胖妈爱上摔跤 狂减近100斤	未
英国脱欧协议表决将推迟 梅姨前往欧盟要更好条款	未
英国脱欧变数陡增，伦敦楼市还值得投资吗？	未
英国“脱欧”将致关税上涨 汽车成本或转嫁消费者	未
英国“脱欧”谈判取得重要进展	未
英国艺术家Thomas Edwin Mostyn	未
英国豪圣诞礼物到了，Vanquish Zagto定制版交车，打包买，一提就是4台Vanquish Zagato Coupe (1 of 99)Vanquish Zagato Volante (1 of 99)Vanquish Zagato Speedster (1 of 28)Vanquish Zagato Shooting Brake(1 of 99)	未
英国财长：任何形式脱欧都将致经济缩水，首相的已是最佳方案	未
英国退欧后的8条配置建议：保值首选黄金，新兴市场跌出机会	未
英国陶瓷设计师的100天打卡挑战	未
英国首个昆曲文化遗产展《不仅是音乐》在剑桥大学开幕	未
英国首相特雷莎·梅赢得执政党不信任投票	未
英国鼓励大学设两年制本科学位 灵活学制能否效仿？	未
英女王发表脱欧前最后一份圣诞致辞：强调和平善意，呼吁团结	未
英女王圣诞致辞概要：强调和平与善意 呼吁团结	未
英女王自称忙碌祖母 圣诞演讲呼吁团结	未
英媒：中国兴起狩猎游 旅游消费日趋多元化	未
英媒：中国需求旺盛 马来西亚棕榈油巨头改种榴莲据路透社11月26日报道，有人将成熟榴莲的气味形容为露天下水道或松脂的气味，尽管东南亚的一些机场公共交通和酒店禁止具有刺激性气味的榴莲入内，但中国人却是榴莲的拥趸，在中国销售的榴莲风味食品包括披萨黄油沙拉酱和牛奶。榴莲将成为马来西亚的下一个主要出口产品，马来西亚政府正在鼓励大规模种植榴莲，以满足中国对这种水果前所未有的旺盛需求。英媒：中国需求旺盛马来西亚棕榈油巨头改种榴莲	未
英媒披露女王圣诞祝辞：暗批脱欧之争，赞英格兰队世界杯表现	未
英媒披露女王圣诞祝辞：赞扬英格兰队世界杯表现	未
英媒盘点欧洲各国生活百态：意大利人最苗条 英国男子最能豪饮	未
英媒：脱欧协议议会表决预计将被推迟 梅将前往欧盟要求更好条款 	未
英媒：英国移动公司顶住政治压力 坚持用华为5G设备英国《金融时报》网站：英国移动通信网络运营商O2将在明年1月推进测试华为的5G设备，尽管这家中国电信设备供应商正面临越来越大的政治压力。O2将在位于伦敦各地的200个基站测试华为设备。这将是自11月美国和英国表示对这家中国公司有安全担忧以来，华为5G设备首次被部署。网页链接	未
英孚教育车队宣布前纽约马拉松的总监Mary Wittenberg 成为车队的主席。车队经理沃特斯一直致力于寻找可持续的自行车队商业模式，这次任命也可以看作是他在这方面的新尝试	未
英宠物猫意外进入邮包 颠簸8天奇迹生还	未
英工商界人士呼吁创造企业发展有利环境	未
英广：新加坡环保绿化先进：亚洲最干净城市一尘不染的成本与收益。。。健康的好处不言而喻。游客会旧地重访一个干净的城市，不是没有原因的。干净的街道向外国的高管发出信号，说明一个城市有管治能力，并且坚守法治。很难说这场运动有多重要，但在某种程度上，这场运动不容小觑。	未
英德一男子在城西仙水路光速盗车！手法娴熟	未
英德东连南改西接北拓！2030将建成100万人口大型城镇！	未
英德强化党建三大引领 着力破解城乡二元结构	未
英德恒昌村：政企帮扶，光亮重照历史古村	未
英德桥头这条村敲锣打鼓，欢声笑语，快来看看	未
英德这条村厉害了村集体经济收入也增加到了5.6万元	未
英德连江口连樟村举办这个美食节，现场人山人海	未
英德鱼咀村：规划设计发展文旅，历史古村重现生机！	未
“英意生死战” 上演 欧冠16强最后4席花落谁家	未
英文王子  32个英语作文高级句型	未
英文王子 9个高情商的沟通技巧！专为即将步入社会的你准备	未
英文王子 出国旅行必备！130个常用英文表达，助你出行无阻！想出国旅游签证乘机出入境吃饭住宿处处都要用到英语。单词忘光了，接触外国人时不懂他们在说啥别怕！130个常用英文表达想去哪里去哪里，转需！	未
英文王子 出国旅行必备！130个常用英文表达，助你出行无阻！想出国旅游签证乘机出入境吃饭住宿处处都要用到英语单词忘光了，接触外国人时不懂他们在说啥别怕！130个常用英文表达想去哪里去哪里，转需！	未
英文王子出国旅行必备英文公共标志100条！	未
英文王子 出国游必备的130个英文表达[星星]中英对照，从签证行李机场，到酒店餐馆住宿，再到兑换外币等，出国必备哦	未
英文王子 出门旅行有哪些好的A.P.P推荐?交通类：1.租租车：选定日子和车型，会显示取还地点租车公司，还可以选择上门取还，勾选专人送车的选项，下单时填好取还车时间和酒店地址联系电话就会有工作人员联系你，送车到酒店2.宝驾出行：可以根据不同的城市选择不同类型的车 ...全文	未
英文王子 各种服饰的英文名称学英语和日常交际都能用到的，转发收藏起来	未
英文王子 各种花的英文词汇rose 玫瑰花tulip 郁金香balsam 凤仙花canna 美人蕉lily 百合花jasmine 茉莉sweet pea 香豌豆花sunflower 向日葵geranium 大竺葵morning-glory 牵牛花cosmos 大波斯菊pansy 三色堇poppy 罂粟花marigold 金盏花carnation 麝香石竹amaryllis ...全文	未
英文王子 各类水果英文大全	未
英文王子 各类食品/蔬果/餐具怎么表达值得收藏	未
英文王子 四六级考试必备英文短语	未
英文王子  四张图助你彻底搞定方位介词	未
英文王子 如何从英语零基础练好口语	未
英文王子 如何在雅思口语考试中让考官倍感亲切?	未
英文王子 如何用英语一分钟完整描述一个人从头发到身材，从性格到生活习惯！	未
英文王子 学会用这些高级替换词，绝对使你英语作文瞬间提升好几个等级1. 穷：poor替换词：needy /impoverished/ poverty-stricken2. 幸福：happiness替换词：cheerfulness / well-being3. 青少年：youngpeople替换词：youngsters/youths/adolescents4 ...全文	未
英文王子 实用！海淘时如何保护自己的权益，请记下这些英文关键词千里迢迢海淘回来的东西怎么确定保质（修）期退换货政策有问题想退换怎么沟通	未
英文王子 常见场景英语词汇，转发收藏学习！	未
英文王子_张介英的直播间@克拉克拉KilaKila旅行美食文化艺术英语旅游KilaKila:英文王子_张介英的直播间	未
英文王子_张介英的直播间@克拉克拉KilaKila旅行美食爱人生英语KilaKila:英文王子_张介英的直播间	未
英文王子机场英语词汇出国必备！Group 1登机手续办理 check-in国内机场 domestic airport登机牌 boarding pass (card)机场候机楼 airport terminal护照检查处 passport control immigration国际候机楼 international terminal行李领取处 luggage claim baggage claim国际航班 ...全文	未
英文王子 没去也得知道的全球有名的旅游胜地	未
英文王子  看英语新闻必须记住的实用短语assaildenounce(谴责)alterchange ormodify(改变)askinquire(询问)axedismiss / reduce(解雇，减少)balkimpede(阻碍)barprevent(防止，阻止)bareexpose / reveal(暴露，揭露)aidassist(帮助，援助)begincommence(开始)bidat ...全文	未
英文王子给刚入原耽圈的小宝贝的一些援助以及如何让自己快速融入现在的原耽圈并了解各种各样的梗入门/书荒推荐六十本1. 《撒野》by.巫哲2. 《镇魂》by.priest3. 《破云》by.淮上4. 《上瘾》by.柴鸡蛋5. 《锋芒》by柴鸡蛋6. 《夺梦》by.非天夜翔7. 《含桃》by.绿野千鹤8. 《酌鹿》by.绿野千鹤9. 《影帝》by.漫漫何其多10. 《刺青》by.不问九三11. 《六爻》by.priest12. 《解药》by.巫哲13. 《默读》by.priest14. 《有姝》by.风流书呆	未
英文王子 花的表达iris蝴蝶花cockscomb鸡冠花honeysuckle金银花chrysanthemum菊花carnation康乃馨orchid兰花jasmine茉莉花daffodil水仙花peony牡丹begonia秋海棠cactus仙人掌poppy罂粟tulip郁金香Chinese rose月季violet紫罗兰木棉 cotton tree紫丁香 lilac百合 lily紫罗兰 wall flower桃花 peach紫藤 wisteria牡丹 tr	未
英文王子 花的表达iris蝴蝶花cockscomb鸡冠花honeysuckle金银花chrysanthemum菊花carnation康乃馨orchid兰花jasmine茉莉花daffodil水仙花peony牡丹begonia秋海棠cactus仙人掌poppy罂粟tulip郁金香Chinese rose月季violet紫罗兰木棉 cotton tree紫丁香 lil ...全文	未
英文王子  英语学习必会的62个句式汇总今天分享给大家62个英语学习必须会的句式，不管是四六级考研还是雅思托福，都要会，戳图学习	未
英文王子 英语阅读理解必会词汇集锦，做阅读题再也不用担心常见背景词汇不认识了！	未
英树山阳立秦店 开业礼遇暨双12活动	未
英格对于和詹姆斯的磨合，保持耐心：一直在适应，莺歌说，因为我们都要球权，我们都可以传球，他的终结能力更强一些，他可以投三分，中距离。他什么都能做，这些对比赛时的我们都很有帮助，因为我们可以相互联系起来。我们知道哪些人会空切。当我控球时他会在哪里，反之亦然。随着比赛的进行，我们会越来越熟悉。	未
英格拉姆ins关注杰克劳德英格拉姆	未
英格拉姆今日比赛集锦	未
英格拉姆：再过20场会和LBJ产生很好的化学反应近日的采访中，英格拉姆谈到和詹姆斯的磨合问题。这是一个调整的过程，因为我们两个都是擅长持球打的球员，他能传球，我也能传球，他能突破，在终结方面他更加出色。他能投3分，也能投中距离，在场上几乎能做到所有的事情。我认为随着赛季的深入， ...全文	未
英格拉姆：随着赛季进行会与勒布朗磨合得更好这需要调整，英格拉姆说道，因为我们都是有球在手的打法，勒布朗可以传球，我也可以传球，他可以发动进攻，在终结方面，他更加强壮勒布朗可以投三分，也可以投中距离，他在球场上可以做所有的事情，我认为随着赛季的进行，我们能建立更好的联系 ...全文	未
英烈人物鏖战在白山黑水间的抗联指挥员曹亚范吉林省辉南县金川镇烈士陵园内，一座卧式大理石烈士墓格外显眼，上面书写着曹亚范烈士墓六个大字这位从教书先生成长起来的抗日英雄就长眠于此曹亚范，1911年出生于北京的一户贫寒人家，13岁时被送进香山慈幼院1924年，中国共产党 ...全文	未
英烈人物鏖战在白山黑水间的抗联指挥员曹亚范吉林省辉南县金川镇烈士陵园内，一座卧式大理石烈士墓格外显眼，上面书写着曹亚范烈士墓六个大字。这位从教书先生成长起来的抗日英雄就长眠于此。曹亚范，1911年出生于北京的一户贫寒人家，13岁时被送进香山慈幼院。1924年，中国共产党在慈幼院建立地下组织，播下革命火种。因此，曹亚范接受了马克思主义的启蒙教育和革命思想。后被北京的党组织派赴东北。1931年春，他加入中国共产党。九一八事变后，他把打击日伪军作为工作重点。在艰苦的斗争中，曹亚范十分重	未
英烈人物 革命队伍的军需先驱叶辅平在广东惠州惠阳区秋长街道办事处周田村，有一座建于20世纪30年代的独立式的客家民居，建筑面积400多平方米，二进五间，左右对称这栋上下两进组成的小四合院正是叶挺将军的胞弟叶辅平所建，亦称育英楼        叶辅平，又名叶全，1902年出生于广 ...全文	未
英特尔首推芯片堆叠技术：打造10nm级芯片挑战台积电	未
英田影视、定军山影业与西班牙合拍电影《里波星球》	未
英联杯-切尔西vs伯恩茅斯阿扎尔替补建功！！切尔西1-0领先伯恩茅斯！！	未
英“脱欧”谈判2018矛盾结点突出 2019局势难料	未
英致737教你过日子	未
英航大中华及菲律宾区执行总裁范蔚蓝：加开更多航线 满足中国游客出行需求	未
英菲克静音无线鼠标 17.9鼠标用的好，游戏都玩的更加6 静音款，晚上打游戏也不会吵到室友了	未
英语四六级考试6大主题听力真题高频词，备考冲刺的你要掌握一下场景词。	未
英语，学起来！英语四六级 英语四六级热点话题作文预测范文，冲刺阶段的同学们可以掌握一下[米奇比心]	未
英语文学手写讲义跟莫老师一起走微积分课堂的花路！	未
英语语法重点难点：主谓一致！	未
英诺天使基金李竹：必须投资科技尤其是硬科技，已成中国共识	未
英诺天使的2018：六成项目进入下一轮，持续下注AI	未
英财长:任何形式脱欧都致经济缩水 首相方案已最佳	未
英超6强圣诞新年赛程利物浦：狼队（7）纽卡斯尔（14）阿森纳（5）曼城（2）热刺：埃弗顿（8）伯恩茅斯（11）狼队（7）卡迪夫（16）曼城：水晶宫（15）莱斯特城（12）南安普顿（17）利物浦（1）阿森纳：伯恩利（18）布莱顿（13）利物浦（1）富勒姆（20）切尔西： ...全文	未
英超big6切尔西曼城翻车梅西登贝莱建功，巴萨继续领跑里贝里双响，拜仁缩小积分差距尤文小胜，曼朱基奇头球泰山压顶，C罗表现不佳	未
英超个人500里程碑	未
英超单场：利物浦击败狼队扩大领先优势	未
英超历史上仅有4支球队半程不败:2003/04 @阿森纳足球俱乐部 2010/11 @曼联足球俱乐部 2017/18 @曼城足球俱乐部MCFC 2018/19 @利物浦足球俱乐部 之前的前三支球队，最终都夺冠了。如此英超，怎能不爱	未
英超-孙兴慜独造4球 热刺6:2大胜太妃糖紧追曼城	未
英超射手榜奥巴梅杨和萨拉赫以10球并列第一体坛百咖秀 英超	未
英超射门进球转换率进球8粒：奥巴梅扬：射门34次，射正19次，进球12粒（点球一粒），转换率35萨拉赫：射门47次，射正30次，进球11粒，转换率23凯恩：射门47次，射正29次，进球11粒，转换率23斯特林：射门23次，射正18次，进球9粒，转换率39马夏尔：射门14次，射正13次，进球8粒 ...全文	未
英超日报2018年12月5日	未
英超日报2018年12月6日	未
英超 曼联主场4-1大胜富勒姆，拉什福德1射2传，阿什利-扬传射建功，卢卡库打破球荒，马塔收获个人英超50球富勒姆仅由卡马拉点球扳回一分，安古伊萨还被罚下。阿森纳1-0力克哈德斯菲尔德，各项赛事不败纪录增加到21场，终场前托雷拉倒钩打进制胜球。英超-曼联4-1大胜富勒姆 两将传射卢卡库破主场球荒英超-阿森纳1-0胜哈镇21场不败 托雷拉倒钩破门	未
英超曼联穆里尼奥下课后，博格巴迅速更新Instagram，他的表情是这样的	未
英超最新积分榜利物浦球迷可以安心睡觉了	未
英超第14轮，利物浦1-0战胜埃弗顿，本场比赛由卡瓦纳担任主裁，而担任边裁的则是英超唯一的女性裁判员西恩-玛茜（Sian Massey）。比赛进行到第27分钟，埃弗顿中场伯纳德不满阿诺德连带撞自己的肩膀，正当伯纳德与准备找阿诺德理论一番的时候，玛茜第一时间上前制止了伯纳德，从而平息了球员之间可能更进一步的冲突。	未
英超第15轮战罢，红魔主场战平枪手，切尔西客场折戟，曼城热刺利物浦均取得胜利，完整战报与积分榜如下：英超比赛日英超官方中文app	未
英超第16轮今晚开打！周六：20:30 伯恩茅斯VS利物浦（@娄一晨 @刘越 ）直播间gtgt网页链接23:00 曼联VS富勒姆（@评述员詹俊 ）直播间gtgt网页链接23:00 阿森纳VS哈德斯菲尔德（@娄一晨 @刘越 ）直播间gtgt网页链接	未
英超第17轮积分榜TOP6归位	未
英超第18轮，曼城在主场2-3负于水晶宫。本轮过后，曼城落后榜首利物浦4分。	未
英超第19轮，曼联3-1哈镇全场数据博格巴10分傲视全场	未
英超第19轮，蓝狐主场迎战曼城！我狐首发出炉！	未
英超综合：三场德比大战  利物浦阿森纳切尔西获胜	未
英超综合：曼城切尔西齐爆冷 主场不败纪录终结	未
英超综合：曼城利物浦获胜继续领跑  切尔西首尝败绩	未
英超综合：曼城首尝败绩　利物浦跃居第一	未
英超综合：瓜迪奥拉迎来400胜里程碑 曼联难求一胜	未
英超都是效率鬼才英超18轮战罢，在所有取得6个及以上进球的球员中，马夏尔的进球效率是最高的。他目前以8粒进球排名射手榜的第五位，在联赛中每111分钟就能取得1粒进球。在射手榜首位的奥巴梅扬以116分/球的效率排在第二位。附进球效率榜前五位：马夏尔，8球，111分钟/球奥巴梅扬，12球，116分钟/球阿圭罗，8球，126分钟/球斯特林，9球，134分钟/球萨拉赫，11球，135分钟/球	未
英超门将扑救成功率TOP5体育V势力	未
英都版《一分钱》，这才是捡到钱包正确的打开方式	未
英都福田会与金汇通航即将联合举办福田公益救援演练活动	未
英锦赛丁俊晖险胜对手 与肖国栋会师2018斯诺克英锦赛今天凌晨继续进行。世界排名第八的丁俊晖迎战排名57位的马修-塞尔特，最终丁俊晖以6-5险胜对手晋级32强。丁俊晖上半场1-3落后，随后也是塞尔特5-4率先拿到赛点，但丁俊晖最后连胜两盘6-5逆转晋级与另一位中国选手肖国栋会师第三轮。	未
英镑兑美元GBP/USD上破1.26	未
英雄，不一定都要身披斗篷，也可能坐着消防车赶赴现场。给他们点赞，你们辛苦了，今晚最后一个赞送给这群可爱的人！晚安！	未
英雄学院！	未
英雄张晨：与市民共建共管 让湖南烈士纪念塔回归庄严肃穆	未
英雄攀枝花迎来英雄人物！郑晋鸣：讲述平凡人不平凡的英雄故事	未
【英雄烈士谱】冀鲁边区的抗日元勋——马振华	未
【英雄烈士谱】周桂生：献身革命 矢志不渝	未
英雄烈士谱｜嘉康杰：河东“群众领袖”	未
【英雄烈士谱】彭仁发:勇于为航空事业奋斗一生	未
【英雄烈士谱】徐秋:保卫家园 以身许国	未
【英雄烈士谱】戎马一生为革命的周子昆	未
【英雄烈士谱】抗日壮士 英气冲天——董天知	未
【英雄烈士谱】抗日爱国知识分子的典范杨裕民	未
【英雄烈士谱】朱镜我:以笔为刃的文化战士	未
【英雄烈士谱】李林:威震冀南的英雄团长	未
英雄烈士谱  李林：威震冀南的英雄团长	未
【英雄烈士谱】汪雅臣:传奇"双龙"以身殉国	未
【英雄烈士谱】河东"群众领袖"——嘉康杰	未
【英雄烈士谱】革命队伍的军需先驱叶辅平	未
【英雄烈士谱】魏大光:为国家尽了大忠 为民族尽了大孝	未
英雄烈士谱  魏大光：为国家尽了大忠 为民族尽了大孝	未
英雄的舰队逐梦启航，祖国等你凯旋！	未
英雄联盟！	未
英雄联盟2018全明星赛程公布有点期待罗云熙和rookie的精彩表演 UZI和余霜组合是什么鬼，估计此刻最后悔的就是欧成了吧，把可以在余霜阿姨面前击败UZI的机会让给队友了罗云熙 RookieLOL全明星赛英雄联盟	未
英雄联盟2019LCK春季赛时间出炉：将于1.16开赛，常规赛一直到3.31结束，季后赛时间为4.3-4.13，春季赛共12个比赛周。	未
英雄联盟 2019新赛季开赛时间：LPL：1月14日LCK：1月16日LMS：1月14日LEC：1月18日NA.LCS:1月26日LJL：1月19日OPL：1月18/19日LOL	未
英雄联盟 Bang分享出和Faker，Wolf，Untara参加活动的合影	未
《英雄联盟》iG夺冠文章被做成高三阅读理解，题目却把人难哭了！今年《英雄联盟》iG俱乐部夺取S8世界赛冠军，成为了大家关注的热点。而光明网也发表了《IG夺冠，新生代的另一种体育强国梦》对电竞行业进行讨论。有网友爆料，文章被用作了高三阅读理解题目，而且题目并不简单。所以答案是啥	未
英雄联盟 LCK AFs官宣：欢迎NoFe教练加入	未
英雄联盟 LCK AFs官宣：欢迎新监督iloveoov和新教练VinylcatYeon加入	未
英雄联盟LCK GRF引入了一位新的辅助选手Kabbie。这位神秘的新选手会在北京时间今晚9点，在斗鱼开启他作为GRF一员的个人直播 。	未
英雄联盟 LCK KeSPA杯，SKT新阵首秀，即将对阵APK。	未
英雄联盟 LCK KeSPA消息：今年的KeSPA杯将会在12月18日31日间进行，2018LCK夏季赛的10支战队次级联赛的8支战队以及韩国大学生联赛冠军队首尔市队将参与竞逐。其中按照LCK全年积分排名前四的ktAFsKZ以及GRF将直接晋级八强，其余队伍会从18日开始的小组赛打起，争夺其余4张八强门票。	未
英雄联盟 LCK KZ官宣：欢迎教练Acorn加入，教练Supreme续约两年，教练ActScene合约到期离队。	未
英雄联盟LCK SKT在FB上暴风更新了2019阵容宣传片以及花絮照片。有兴趣的朋友可以到SKT的Youtube频道观看完整宣传片：网页链接	未
英雄联盟 LCK 韩媒FOMOS消息，韩国网络MCN（Multi-Channel Network）公司SANDBOX Network收购今年晋级LCK的战队BtC，并更名SANDBOX Gaming。BtC是今年9月通过升降级赛晋级LCK的新队伍，在转会期引入了前bbq的下路Ghost从欧洲回流韩国的Totoro补强阵容。今天下午的KeSPA杯，他们将以全新的队名出战。	未
英雄联盟 LOL全明星赛 旅游 深夜啦，随便写点关于全明星主办地拉斯维加斯的小见闻，希望小伙伴儿们不要看饿了明天比赛见！文章地址：网页链接	未
英雄联盟 RNG战队官宣DanDy（崔仁奎）出任RNG战队主教练Dandy加盟RNG	未
英雄联盟 S7冠军打野安掌门宣布退役安掌门直播中宣布自己已经从职业赛场退役。说短时间不会服兵役安掌门将成为全职主播 安掌门退役	未
英雄联盟 SKT官推：2019新名单 即将到来	未
英雄联盟 Stixxay更推：我继父送给我妈的圣诞礼物哈哈哈哈T恤上印了Stixxay和他的中单POE的照片，并写上：双胞胎	未
英雄联盟 TL 官推：第一次队伍聚餐	未
英雄联盟中出现过的5种外挂，随便拥有一款都能轻松上王者	未
英雄联盟中的亚索，在现实中竟有真人版！这浪客气质你给几分	未
英雄联盟 你最擅长哪个位置LOL	未
英雄联盟国服第一女盲僧，大招双杀AD，小技能暴打中单！真的强！	未
英雄联盟国服第一女盲僧，大招双杀AD，小技能暴打中单！真的强！]每日笑话微博	未
英雄联盟 德玛西亚杯 JackeyLove卡莎22次击杀排名并且历史第三，同时也是卡莎职业赛场最高击杀数！	未
《英雄联盟》新英雄妮蔻概念图：初期设计更加狂野拳头公司的高级角色设计师Daniel Orive近日在Artstation上分享了《英雄联盟》新游戏万花通灵妮蔻的概念设计图，一起来欣赏一下吧。详情点击：网页链接	未
英雄联盟 新赛季各个队伍转会消息，以及新阵容合集网页链接	未
《英雄联盟》日前开启2018全明星赛周末战斗嘉年华活动。根据官方介绍，12月15-16日，玩家可以在此期间选择LPL的明星选手官方认证主播及明星召唤师在2018全明星赛期间所使用的英雄(不含新英雄)及精选皮肤(7天)，任选三组免费领取。	未
英雄联盟 温馨提示：冷空气来袭大家注意保暖，今日的冷空气与我可以说是很形象了	未
英雄联盟 西欧服官方周边商城新品，K/DA阿卡丽的口罩，冰雪节马克杯，魄罗毛衣，锤石和牛头的毛绒玩具，金克斯手办！我都想要鸭	未
英雄，走好重庆事儿	未
英雄 退伍消防员奋勇救火，儿子赞我爸爸是英雄	未
英首相为脱欧协议草案“拉票”：不会有更好的版本	未
英首相出席议会“首相问答”环节 坚持“脱欧”立场	未
英首相发公开信：“脱欧”协议符合所有英国人利益	未
英首相发公开信：＂脱欧＂协议符合所有英国人利益	未
英首相对英军圣诞讲话:感谢英军阻止俄入侵，在保护海域和空域免受俄入侵方面发挥了关键作用英与美法盟友一起向阿萨德政权发出信号表明不会容忍对平民使用化学武器一次又一次地抵抗侵略，以及那些违反国际秩序规则的人你应该为自己所做的事感到无比自豪，因为整个国家都为你们感到骄傲quot.	未
英首相:将尽力赢得不信任投票并将脱欧进行到底	未
英首相展开环英之旅 卖力“推销”“脱欧”协议	未
英首相挺过不信任投票 反对党领袖回应：难推动脱欧	未
苹果2019年款iPhone换用新型OLED屏 手机更轻、更薄	未
苹果Apple Music将提前发布部分2019年格莱美获奖提名 根据外媒报道，本周五，音乐爱好者可以通过Apple Music提前发现2019年格莱美颁奖典礼的部分提名详情点击：苹果Apple Music将提前发布部分2019年格莱美获奖提名	未
苹果 iPhone XsMax 对比 三星Galaxy S10，明年主流喜欢苹果打1，喜欢三星打2，都不喜欢打3	未
苹果为世界艾滋病慈善机构募集资金达2亿美元世界艾滋病日（12月1日）到来之际，苹果公司今天分享了其通过艾滋病防治组织Product(RED)，为非洲消灭艾滋病所做工作的一些细节。详情点击：苹果为世界艾滋病慈善机构募集资金达2亿美元	未
苹果全家桶，全部送一人！赞这条，关注我和@仙姆大叔Samchak  1.1号开，不过滤！人人都有机会	未
苹果公司宣布将投资10亿美元在美国得克萨斯州建设一个新园区，将能容纳5000名员工苹果公司宣布将投资10亿美元在美国得克萨斯州建设一个新园区，将能容纳5000名员工。苹果公司宣布将投资10亿美元在美国得克萨斯州建设一个新园区，将能容纳5000名员工	未
苹果公司宣布将投资10亿美元建设新园区财联社12月13日讯，苹果公司宣布将投资10亿美元在美国得克萨斯州建设一个新园区，将能容纳5000名员工（CNBC）	未
苹果公司将斥资10亿美元在奥斯汀设立新园区 创造数千就业	未
苹果公司报告：澳政府机构设备请求率居全球第三	未
苹果公布2018年度游戏：吃鸡手游成为全球最热趋势	未
苹果发布 2018 年度 App Store 精选榜单：这些 App 不可错过	未
苹果如何让 Siri 在 HomePod 上变得更聪明最新博文公布技术细节	未
苹果宣布投资10亿美元在美奥斯汀建造新园区	未
苹果将在美国德克萨斯投资10亿美元建新园区，容纳五千员工	未
苹果市值蒸发3900亿美元 iPhone迎史上最大优惠	未
苹果必须加强努力了，目测还会在性能侧大幅提升。明年的iPhone没有5G，依然刘海。苹果需要思考怎样在这个不利自己的前提下留住果粉。iOS13没有大改的话，性能还是维持苹果人气的大因素。换句话说就是：A13会把安卓处理器的差距拉的更远。	未
苹果支付会员未生效的可以点击链接自助补单噢	未
苹果新专利暗示指纹识别将重回iPhone：与Face ID并存	未
苹果期货年满周岁 市场功能初步发挥	未
苹果的“年关”：市值跌破7000亿美元，中国市场“吃不开”	未
苹果自动驾驶汽车新专利：车载警报系统可以无缝连接苹果设备	未
苹果认证全球各国电源适配小魔盒万能插座，出国必备！	未
苹果超走心广告：为拍 2 分钟感恩节广告，斥巨资造了一座城一家被卖手机耽误的广告公司，一年之内居然拍下这么多精致广告，这得烧多少钱啊！！！戳右边链接，看苹果年度广告精选：网页链接	未
茂名交警高速二大队开展高速公路长下坡及出口路段交通安全隐患排查专项行动	未
@茂名人，你们好心的样子，真美！	未
@茂名人 打开这篇文章，让我们预约你的2019年	未
茂名出台的这个政策很重要！一起来了解一下吧	未
茂名十大名山，信宜有四座，你征服了几座	未
茂名各县区11月脱贫攻坚情况公布！快来睇下大信宜成绩单！	未
茂名城区没什么可骄傲的......	未
茂名市公安局招聘辅警和工勤人员，快来报名吧！	未
茂名日报社两报一网改版中，你的意见非常重要！	未
茂名最新招聘来了！这些岗位全都值得你投简历，要抓紧	未
茂名正式开始筹办省运会工作啦！	未
茂名省运会筹办工作正式启动！	未
茂名真正的高铁要来了！近日正式获批！明年1月开建！	未
茂名这条道路进入冲刺阶段，建成后将大大缓解交通压力！	未
茂名这高速暗藏危机，交警：几个技巧你要知道！	未
范丞丞公益，今日第一卡	未
范丞丞发文纪念回国一周年:会珍惜现在拥有的一切	未
范丞丞 安检人员是一个幸福的职业 放开那个男孩 emmm	未
范丞丞点赞 姐姐相关微博，小时候你保护我，未来换我保护你...不管发生什么他们都是一家人，单纯的弟弟想保护姐姐，暖心的小朋友长大了知道要保护家人了，很不错哦[给你小心心]	未
范丞丞点赞 范丞丞点赞姐姐相关微博：未来我保护你！丞丞在公益的道路上一路前行 从未止步 丞丞粉丝也饭随爱豆行公益传递正能量，星姐为你们点赞娱乐圈星姐	未
范丞丞点赞这个18岁的大男孩，只是想保护他自己的家人，他只是个希望守护家人的范丞丞。	未
范丞丞爱心时刻范丞丞[超话] 作为新人偶像，一直带领粉丝一起做公益，在公益的道路上用自身的力量引导和影响更多的人，他的粉丝紧跟他的步伐经常进行公益事项，正能量满满！@范丞丞Adam0616	未
范丞丞[超话] 爱心时刻 范丞丞公益公益之路从未缺席，丞心丞意，为范丞丞点赞！以爱之名，行善之举！ @范丞丞Adam0616	未
范丞丞[超话] 范丞丞IMHERE 2018.12.17 / 范丞丞 / 3X3黄金联赛 国际精英赛6号球员 @范丞丞Adam0616 CR.LOGO	未
范冰冰穿黑色羽绒服低调现身 在工作室呆到天黑	未
范周：文化消费必然成为人民美好生活的重要方面	未
范多恩撒狗粮，一对俊男美女 FE FE电动方程式	未
范德法特：希望德容能够去拜仁，德里赫特喜欢德甲荷兰名宿范德法特日前在接受采访的时候谈到了德容和德里赫特在接受采访的时候，范德法特说道：我希望德容能够去拜仁而不是巴黎，巴黎签下他，但是会在他两三个月表现不好后就放弃他，但是拜仁会保护年轻球员，所以我希望他去拜仁或者巴萨 ...全文	未
范德法特评选队友最佳阵容前郁金香队长范德法特上个月确认退役，近日他评选了合作队友中的最佳11人组合，阵型选择为442，门将由范德萨担任，后卫线分别是拉莫斯莱德利-金齐沃马塞洛中场方面，由皇马双星古蒂与魔笛担任球队发动机，罗本与贝尔两大快马分居左右，克劳奇和C罗组成双前锋组合。	未
范德波尔所在的Corendon-Circus车队如愿升级成为了洲际职业车队！明年我们很有可能在几个石头路古典赛看到这位天才少年的身影了！	未
范文仲：北京金控正在打造小微企业金控服务平台	未
_//@范继灿:成为一个厦门人，是福建人成功的标志	未
//@范羿鸣_616://@roc张roc://@阳山花非花:祝愿世上的好人平安健康长寿	未
范迪安当选新一届中国美协主席	未
范迪安当选新一届中国美术家协会主席	未
范锐平：三遗之城都江堰要建成国际化生态旅游区	未
范锐平书记调研锦江流域生态治理和成都体育中心改造提升项目	未
范锐平：彭州要强化绿色生态理念和国际环保标准能力建设	未
茄F最新12月30日大连，31日杭州19年1月27日青岛俺和@小F每天都想么么么媳妇 在一起十年啦。周年余本宝贝详情合作请加Q：978852373（申请注明F茄合作）转载请注明俺和F微博ID全称	未
茄子不炸，不蒸，简单一炒，香喷喷，超下饭！	未
茄子新吃法把肉塞进茄子里面去，煎一煎，真的很好吃，美食get	未
茄汁腊香蛋炒饭，get	未
//@茅台ZAKA://@股道热肠也:每过一天，一周，一月，一季，我们持有的股票都更值钱了，只有这一点是确定的。//@老曾阿牛:否极泰来	未
茅台向经销商致信征集反腐线索 整顿营销队伍贵州茅台发出《致全国茅台酒经销商朋友的一封信》，称自本月22日起开展专项整治活动，严查营销队伍中存在的吃拿卡要作风霸道态度蛮横服务效率低下等突出问题。内容显示，茅台正在对营销队伍中存在的一些问题进行清查，因此向全国经销商致信征集反腐线索，如遇到信中所说的情况均可通过电话邮箱等方式报给集团纪委和销售公司纪委。@新京报 茅台整顿营销队伍，向全国经销商致信征集反腐线索	未
茅台整顿营销队伍 向全国经销商致信征集反腐线索贵州茅台发出致全国茅台酒经销商朋友的一封信，称自本月22日起开展专项整治活动，严查营销队伍中存在的吃拿卡要作风霸道态度蛮横服务效率低下等突出问题内容显示，茅台正在对营销队伍中存在的一些问题进行清查，因此向全国经 ...全文	未
茅台整顿销售体系，向全国经销商致信征集反腐线索	未
茅台是A股最舍得分红的公司，和融资值比，回报最大。	未
茅台李保芳：白酒行业向好的基本面没有变	未
茅台矿产金山银水它是贵州另一个鲜为人道的宝贝	未
茅台经销商大会前瞻：渠道布局文化战略如何出招	未
茅台酱香系列酒与茅台酒形成“双轮驱动”格局(图)	未
茅台酱香系列酒全国经销商联谊会举行 四大品牌8款猪年生肖酒同台发布(图)	未
茅台镇女孩揭秘白酒行业秘密，常喝酒的人一定要看看！	未
茅坪的山水，茅坪的人	未
茅坪镇东村脱贫致富带头人冯新庆	未
茅山现神奇壮美“云瀑”奇观 宛若“天宫仙境”（视频）	未
茅盾文学奖获得者毕飞宇：学习，是改革开放永不停止的实践	未
“茉莉花剧院”的市民音乐会将拉开序幕	未
茜点博物馆来凤阳了！来感受一把她们不一样的探访！	未
茜茜的旅行日记经历了九九三十一难（天）我终于把草原之旅的游记写出来了写的过程中也是再一次重温了旅行中的美好希望对于想去有计划去草原的你能有点参考与帮助原博@凶茜茜的美少女	未
茫茫人海，送你一段情！	未
茶为缘，相亲茶话会！本周日热报邀你来脱单	未
茶山国防教育基地变民宿了2012年，@温州草根新闻 曾曝光温州国防教育基地成豪华别墅现在变成赚钱的民宿了！！合理吗合法吗	未
茶山竹海门票免费送！挖冬笋了	未
茶悦世界乐在壹方  您的席位已预定，请准时出席活动！	未
茶文化茶产业茶主题民宿，在这里，你一定可以睡到喜欢的人。	未
茶林里有一抹橄榄绿，他们是这里的茶城卫士在中国的西南部有这样一座城市，它是茶马古道的发源地民族汇聚的大家庭天然的生态氧吧，它就是中国茶城普洱市，一座茶林里长出的城市驻守在这里的武警云南普洱支队官兵们始终不忘初心，砥砺前行，传承红色血脉，用一岗一哨巡逻处 ...全文	未
茶树菇木耳蒸滑鸡吸满鸡肉鲜味的茶树菇，入味的木耳，没有骨头的鸡肉，简直太棒了食材：鸡腿2个 茶树菇2小把 木耳1小把 小米椒2个 葱姜蒜少许 生抽2勺 耗油半勺 盐1勺 糖少许 胡椒粉少许 料酒1勺 食用油适量1.茶树菇，木耳洗净泡发2.泡好后去根洗净，备用3.葱切葱花，蒜头切末生姜一半 ...全文	未
茶树菇木耳蒸滑鸡吸满鸡肉鲜味的茶树菇，入味的木耳，没有骨头的鸡肉，简直太棒了。食材：鸡腿2个 茶树菇2小把 木耳1小把 小米椒2个 葱姜蒜少许 生抽2勺 耗油半勺 盐1勺 糖少许 胡椒粉少许 料酒1勺 食用油适量1.茶树菇，木耳洗净泡发2.泡好后去根洗净，备用3.葱切葱花，蒜头切末生姜一半切末一半切丝，小米辣切小粒，备用4.顺着鸡腿的筋膜竖切，再贴着骨头剔出鸡腿肉切小块备用5.洗净沥干后，加入葱姜蒜末6.再加入1勺盐，少许糖，少许胡椒粉，1勺生抽，半勺蚝油，1勺油7.搅拌均匀，腌制半个小时8.葱姜蒜	未
茶粉投稿@YTG茶茶茶玩火舞了！！！不知火茶重出江湖了呜呜呜我小刀第一个冲向直播间！茶茶等我！KPL王者荣耀	未
茶茶，你听我解释！！ 爱动小视频	未
荆州3个镇获评森林城镇123个村获评绿色乡村，有你的家乡吗	未
荆州中华鲟疑因施工死亡 政府公函都叫不停建设人工保护性养殖是拯救这个珍惜物种的重要手段。湖北荆州的恒升实业有限公司内建有中华鲟人工繁育的重要保种基地，567尾中华鲟畅游其中。然而，从去年开始，随着当地一座跨湖大桥紧邻基地兴建，36条中华鲟陆续死亡。在多方叫停之下，这座的大桥的施工在上周才刚刚停止。为什么多方督促外加国宝生命的代价，都无法叫停一个工地余下的500多尾极其珍贵的中华鲟又将何去何从荆州中华鲟疑因施工死亡 政府公函都叫不停建设	未
荆州人朋友圈必转的10张高清美图	未
@荆州人，这个电话一定要接！您将为大荆州代言！	未
荆州再添一座图书馆，位于这里！	未
荆州发布直播国际志愿者日来了，今天我们跟着志愿者一起行动	未
荆州启动第7个全国交通安全日活动，宣传文明出行	未
荆州将迎今冬第一场雪，还是大雪！	未
荆州广电全媒体荆楚行第一站:走进金松滋，看高质量发展	未
荆州诞生首批无人机机长 36人获颁合格证书(图)	未
荆州这5所百年中学，光靠历史就能亮瞎你！	未
荆州这些地方和个人拟评为全省百佳！快看有你认识的吗	未
荆日头条今天起，你的手机号自由了！一条短信搞定携号转网！	未
荆日头条最新预报！大雪即将抵达荆州！	未
荆楚工匠揭晓，荆州99人上榜，有你认识的吗	未
荆楚警界  湖北公安：跃上云端 科技强警	未
荆门一女孩在街头被人下药！危急关头暖心路人出手相救...	未
荆门一条全长4.787千米隧道开工！南接海慧路高架，东接象山大道！	未
荆门公交微信扫码乘车 多图演示教你这样用	未
荆门再增隧道，全长4.787千米老城新区掇刀成整体，可直达	未
荆门农村公路要升级提档，路基宽度不低于6.5米	未
荆门又一条隧道开工！全长4.787千米！南接海慧路高架，东接象山大道！	未
荆门漳河惊现水上飞羽熊猫，高清图来啦！	未
//@草Grass草:第一张经典，警察无奈的看着闹事村妇「我就躺地上，我就不起了！警察打人了啊！王宝强打人了啊！」	未
草原祝酒歌《》	未
草原里的星空 感觉离得特别近//@买饼大哥:星星太美了//@江南大野花:我会忍不住向星空诉说所有秘密//@吴山居老板吴邪://@临寻:哇哦！//@天未寒时_:啊啊//@锦鲤儿w :啊啊啊啊啊啊啊//@炸天星吗 :我日啊啊啊啊啊啊啊啊啊	未
草地长椅，如同绽放的烟花	未
草帽幂	未
草教练好帅啊脱下眼镜的草儿本体太帅了 KPL王者荣耀	未
草木之心隔离霜28买就送隔离霜中样2个，颜色随机！！三色可挑，紫色更显白，绿色更遮瑕，自然色提亮肤色！！	未
草木有新意，轩窗爱晚晴。欣欣无可说，相对一忘情	未
草根导演张政文：用微电影为仪陇人讲述德乡故事	未
草编拖鞋菜篮杯垫这个展览带你穿越时光，找回儿时味道	未
草草草！这不就是在西域率领六翼杀伐决断出任务的谢云书吗！！！	未
草莓 剪纸 免费游杭黄沿线各出绝活吆喝旅游	未
草莓味的湖澳大利亚的粉红色希勒湖，真的太梦幻了，大自然也有一颗少女心	未
草莓实名点赞 查看图片	未
草莓控必戳！苏州这几家店的草莓甜品将引爆你的少女心！	未
草莓甜点 水彩（作者：@CHANPOPO_）	未
草莓 给你看看	未
草莓赛道、草莓补给，南京这项“草莓马拉松”又来了！	未
荐书《建设廉洁中国：时代新篇章与廉学新视角》	未
荐互联网 Java 工程师进阶知识完全扫盲	未
荐卡  车主不妨考虑这张信用卡	未
荐号  关注脑科学，关注Brainnews	未
荐听  九种高效的思维方式	未
荐听  深秋，一起来听这位如皋美女网络歌手的秋日私语	未
荐读2018最奇葩婆媳聊天记录大曝光！哈哈哈哈哈	未
荐读20岁至50岁，体检最该查什么体检重点来了！	未
荐读95岁老人 竖起大拇指	未
荐读DG辱华事件，我外交部表态了！网友爆赞！	未
荐读一名带军训干部的深情自述，他到底说了什么	未
荐读丨额济纳：一座城的国防情怀	未
荐读  人工智能助跑新零售	未
荐读人生三守：守口如瓶，守身如玉，守心如镜	未
荐读人这一生，要学会拥抱自己的不完美	未
荐读今日大雪	未
荐读你现在不牛，但你可以变得很牛	未
荐读你的自嗨式伪奋斗，感动了谁	未
荐读几点起床最健康	未
荐读初冬时节，带你看不一样的孝贤文化广场	未
荐读善良，不老	未
荐读如何跳好华尔兹舞的前几小节（内附3个 摩登舞 视频）	未
荐读  宝清融媒体中心开通新闻线索征集系统，有料您就报！	未
荐读平遥城南堡：承载着一代又一代人的回忆！	未
荐读心态对了，就不累了	未
荐读成功不过是别人坚持了，而你没有	未
荐读我的青春，在海拔5534米的地方	未
荐读改革开放40年，南阳人用过的这些老物件，满满的都是回忆	未
荐读：特种兵三次被送进太平间 奇迹复活重返战场	未
荐读竹山花甲书记的扶贫情结	未
荐读聋哑红军的传奇故事	未
荐读身份证照片不满意可重拍三次，今天起你就可以这么任性了！	未
荐读陪女儿写作业，这位妈妈顺便拿下了教师资格证	未
（荐     读）马拉松递国旗事件：请别让你的善良，成为杀人的利器	未
荒地成花海，土坡变公园，龙游打造绿色聚宝盆！	未
《荒野大镖客2》哈维尔配音：工作5年蒙在鼓里，详情全靠猜《荒野大镖客：救赎2》呈现出来的游戏质量让人惊叹，配音演员Gabriel Sloyer在游戏中扮演哈维尔，他表示，自己在工作的5年里，R星都没有告诉自己在做的项目是什么，只能靠自己从台词中寻找蛛丝马迹。详情点击：《荒野大镖客2》哈维尔配音：工作5年蒙在鼓里，详情全靠猜	未
《荒野大镖客2》嘿 马里奥，是我，路易斯！	未
《荒野大镖客2》当选GameSpot 2018年年度游戏。GS表示《荒野大镖客2》是一个感人经常令人心碎，但很奇怪又充满希望的故事，独立于它的前作。消息公布后，R星感谢了GS的支持，表示荣幸之至。	未
荒野强奸杀人恶魔遁无影，江油十年悬案终告破！	未
《荒野行动》日服的将要与《pop子和pipi美的日常》展开联动。活动将在12月31日上线。 果然是11区充满了浓浓的二次元风	未
荔园杯·绿茵小将中小学生足球冠军联赛启动	未
荔枝新闻开启第二个“五年计划”	未
“荔枝朋友圈·开放共赢”沙龙举行 共话内容建设新趋势(图)	未
荔浦板路 那些我们曾快乐购物的商城，你有多久没去过了	未
荔玉高速路文圩隧道右洞进尺破百	未
荔直播丨明天，让我们一起用脚步丈量，81年前一群国际友人的大爱之路！	未
荣威也给Marvel提供上门送电服务了，开着eRX5来给充10分钟，能保证行驶50km，算是应急救援了。兴致勃勃打开app，发现只给上海的用户提供服务期待开放给更多城市，让北京的车主也能享受到。闫闯的中国车长测	未
荣威大出血补贴6亿给车主，这次的红包您抢得到吗	未
荣威：我们的主要竞争对手-比亚迪，毫无设计美感的造型设计，廉价的材质和土的掉渣的LOGO均是用户的切身感受，目前已经对汽油车形成放弃状态，全力宣传技术并不领先的电动车 百家车谈	未
荣川杂谈  一辈子，4辆车，4张证，4个瓶，4张床，就结束了	未
荣川杂谈  途径唐山的高速有新变化！	未
荣成城事荣成被评为全国首批创新型县（市），山东仅3地入选	未
荣成寄语一位老北京对天鹅湖的眷恋	未
荣昊自宣回归恒大！后防调整完成，恒大将集中火力7亿挖巴萨小将	未
荣昌区委书记曹清尧：服务好民营企业关键在于抓落实	未
荣昌获评“中国十佳营商环境示范城市”(图)	未
荣昌这个地方预计春节前实现通车，双向四车道！	未
荣梓希《将夜》热播 七师姐角色讨喜引关注	未
荣耀V20，好会玩。发布会前先玩游戏。你们猜左右哪边球会更多。球少者胜	未
荣耀V20玛莎拉蒂联名款要来了！这颜值和质感可以说是很能打了，各位小伙伴真的不来种一波草么	未
荣耀V20看来是要在吓人技术这条路上越走越远了，Link Turbo会成为5G来临之前的最佳解决方案虽然现在很多厂商都号称要首发5G智能机，但是不如现实一点，现在5G基站都没有几个，怎么用还不如荣耀V20务实的Link Turbo解决通信问题，GPU Turbo提升游戏流畅体验。	未
荣耀V20联名款这M有点意思，我猜是玛莎拉蒂吧	未
荣耀亲选悄悄上线，应该是电商平台，小米有品瑟瑟发抖	未
荣耀合作的不是汽车品牌玛莎拉蒂哈哈。是一个时尚品牌moschino，大家知道这个品牌吗	未
《荣耀战魂》X《刺客信条》交叉活动现在开启	未
荣耀手机首发三大自研黑科技 实现蜂窝和Wi-Fi并行联网	未
荣耀手机魔法体验馆：用科技与文化打造先锋青年的潮流生活圈	未
荣耀都是建立在痛苦者的身上	未
荣获大兴网友奖杯（2018年12月8日18点于北京市大兴区）大兴网友新国门 再看大兴 北京  黄村	未
荣誉，与你们分享	未
荣誉是军人的第二生命，一朝为军人终身有军魂。	未
药交会第一天，什么品种能火澳美（海南）有话说	未
药价最大降幅超过90！47药品带量采购了解一下！	未
药品医疗器械法规培训班在京举办11月19日至23日，由国家药品监督管理局政策法规司主办高研院承办的药品医疗器械法规培训班在京举办。来自各省（区市）药品监管部门政策法规业务领域有关司局和直属单位的50多名学员参加了培训。 药品医疗器械法规培训班在京举办	未
药品带量采购或明年2月底3月初启动，地方细则明年1月出台	未
药品带量采购或明年2月底3月初在各地陆续启动	未
药品检验机构开放日走进广州市药品检验所！	未
药大教授吴梧桐获2018年中国生化制药工业协会年会终身成就奖	未
药店分级管理：成本提升出售加速 并购价格有望下降	未
药店并购2018：各系资本围猎，有待纵向整合VB100	未
药店待遇留人，提供有竞争力的薪酬待遇	未
药店成超市考验监管执行力	未
药店营造店面文化，留住店员（下）	未
药明康德A+H股双资本平台落地，新药开发拟募资高至83亿港元	未
药明康德：H股发行价格为每股68港元 将于12月13日香港上市	未
药明康德：H股发行总数约1.16亿股 募资净额逾75亿港元	未
药明康德H股挂牌上市 构建大健康生态圈的新起点	未
药明康德上市首日破发，医药CRO龙头下一步如何布局	未
药明康德寻求通过香港IPO筹集最多10.6亿美元资金	未
药明康德香港IPO在即，在沪与巨诺合资成立研发中心	未
药材飘香富路宽 ——天祝县发展中药材产业助农增收侧记	未
药球训练爱健身的小伙伴们，总是可以利用各式各样的健身器械来进行锻炼，比如药球（Medicine Ball）药球练习不仅仅适用于基础阶段，对于各个阶段的训练人群都比较适合它可以让你在塑造形体的同时增加速度和身体的稳定性来试试吧	未
药神真的来了！17种抗癌药列入珠海基本医保！报销比例超过八成！	未
荷兰：550吨冰雪打造1200平米冰雕世界	未
荷兰，不止有优雅的郁金香，还有诗一般的花园	未
荷兰人的交友法则居然是它！荷兰公认第一的local啤酒，融入荷兰靠Kompaan	未
荷兰双星对巴萨点头sport:网页链接	未
荷兰周末灵感  12月8日-9日	未
荷兰圣诞怎么过吐血整理最全圣诞新年攻略拿去嗨！	未
荷兰女孩爱自己的方式，要不要这么酷！	未
荷兰小镇这幢楼的电梯你们是怎么通过验收合格的	未
荷兰弟造型好帅！GSC「黏土人 钢铁蜘蛛侠」预计2019年07月推出，参考贩售价格约5，093 日元。详情请见：网页链接	未
荷兰摄影师眼中的鼓浪屿之美	未
荷兰旅行 昨天晚上去了艾芙琳梦幻乐园，好像没咋跟大家细说，我得再来补充一下。这是一个我觉得比迪士尼乐园更值得一去的童话世界。艾芙琳梦幻乐园始建于1950年，至今已将近70年的历史，是荷兰人乃至很多欧洲人的童年记忆。这里所有的人偶形象和游戏设计，都保留了荷兰人本身的幽默，很多东西都特别怪奇，让我有一种童话本身就是属于成年人的的感觉。由于我去的时候已经接近天黑了，所以没留太多照片，不过大家可以等后续的视频。印象最深的是我坐了三个不同主题的观光小火车，太梦幻了，从魔法屋穿越到星空宇宙，只需两分钟。我	未
荷兰热气球餐厅：在几百米高空吃饭，只有3道菜却吸引不少游客！	未
荷兰电讯报：荷兰未来超巨弗朗吉德容选择加盟巴黎圣日耳曼	未
荷兰皇家科学院院士Peter Ten Dijke教授访问树兰，特聘为树兰专家	未
荷兰空军将购买更多F-35A战斗机以满足防务需求	未
荷兰羊角村的秋天，安详宁静的世外桃源	未
荷兰阿姆斯特丹的雪中夜景	未
荷城街道2018年124国家宪法日百园百场暨平安建设法治宣传活动	未
“荷花奖”七部舞剧展开竞技：高昂向上，扎根大地	未
荷花奖舞剧评奖在上海国际舞蹈中心正式开幕！	未
荷韵贵港广西贵港市，浔郁平原上的一个鱼米之乡，一座被绿树环抱的生态园林城市。优越的区位条件，为桂东这方疆土留下了一段璀璨的历史。@广西卫视 今晚22:35《走进新时代发现新广西》荷韵贵港将走进这座背靠大西南，面向粤港澳的古郡新城，为您讲述贵港故事的新篇章。改革开放40周年 广西壮族自治区成立60周年	未
荻花飞雪，冬天的巢湖岸边有仙气！初冬时节，巢湖岸边总是多彩的。丝柳流金荻花飞雪，多色野果攀枝挂藤。放眼望去，冬日里的美景，就这么宁静而自然地与你相遇。光影合肥（巢湖发布）	未
《莆仙戏精选》公众号开通啦！	未
莆田，全国第66名	未
莆田古村l不只是乡愁，更是一卷触手可及的时光画卷	未
莆田大学城现在怎么样了带你去现场探秘	未
莆田市公交东站至龟山寺公交旅游线路明天开通啦！全程9元	未
莆田市外国语学校：公益捐赠回报社会  爱心衣物情暖人心	未
莆田市检察院于南生检察长带队看望慰问全国模范检察官徐晋雄	未
莆田建成制盐主题文化园 ！抢鲜看	未
莆田新24景旅游手绘地图，你都走遍了吗	未
莆田猪瘟第25天！终于解禁！！莆田猪肉开卖啦！！！	未
莆田网友：漂亮妹妹被邪教全X神洗脑，离家多年，什么时候醒悟回家	未
莆田记忆l一条青石板路，见证400年沧桑岁月	未
莆田记忆l聆听禅院钟声梵音，探秘千年古刹传奇	未
@莆田车主，换驾驶证等21项业务家门口邮政网点就能办！全年不休哦	未
莆田这个女人有多美，两个男人当街拼命	未
莎嫂ins 左手一个娃，右手一个娃，人生大赢家你們一定知道我要說什麼 這次我有兩個伴了爱心时刻	未
莎普爱思药业“点睛中国”启动仪式在西安举办	未
莒南2019年居民医保，开始缴费啦！	未
莒县人真的很善良！一场接力救助，温暖了这对异乡人！	未
莒县峤山镇：扶贫资金融合优势企业 惠及贫困群众50人	未
莘县一小伙身高仅1.3米，身怀绝技，还上过中央电视台！	未
莘县人注意：每人每年4000元！符合条件的，请领取这项补贴！	未
莘县打造农技推广全链条服务体系	未
莘县神秘的走失儿童的庇护站....	未
莘口大街100号这是一个人满为患的神秘地址	未
莘庄又一家外卖登上黑榜，下手点单之前可要多长点心！	未
莞视频他们几乎半辈子都待在深山里，究竟是被什么吸引了	未
莞视频环卫工惊魂记：这样考验平衡能力太危险	未
“莞邑春晓”2019东莞新春合唱音乐会举行 “和谐男声”唱响春晓	未
莫兰迪的高级灰色调	未
莫华伦老师唱流行歌曲的这个视频 你一定没看过	未
莫名感动 查看图片 //@江南大野花:感谢科技//@禽兽叔叔://@Cillianlian柿: //@咸鱼王_歪://@海凝Haining:我愛科幻//@神龙独步绿洛客:忽然间热泪盈眶//@开花的糕://@深海巨苟://@斯迪奥夫曼斯基://@超烦豆先森: 呜哇	未
《莫尔道嘎》内蒙开机 王传君齐溪深入极寒之境	未
莫干山游学  12月11日-12月14日(4天3晚)高端民宿游学之旅	未
莫干山游学倒计时  高端民宿游学之旅（11月27日-11月30日）	未
莫德里奇！！！1:0！！！	未
莫德里奇加冕金球奖 打破“梅罗”十年垄断(图)	未
莫德里奇和他的皇马队友分享了金球奖2018金球奖	未
莫德里奇无限荣光的背后，还有家庭的支持与付出为球队，为自己，更是为了家	未
莫德里奇更新Ins：祝大家圣诞快乐	未
莫德里奇本赛季0球3助攻博格巴本赛季5球4助攻	未
莫德里奇荣膺2018年金球奖 终打破梅罗10年垄断	未
莫德里奇荣膺2018年金球奖 终结梅罗十年垄断	未
莫德里奇获得2018年金球奖	未
莫德里奇首捧金球奖 梅罗时代结束了吗？	未
莫忘创业初心（改革开放40年·印记）	未
莫拉蒂：如果穆里尼奥愿意回归国米，我肯定欢迎国际米兰俱乐部前主席莫拉蒂表示，如果穆里尼奥回到国米那么他举双手欢迎。这位葡萄牙教头曾经带领国际米兰在2010年获得了三冠王，并一直受到国米球迷的爱戴。国际米兰前主席莫拉蒂表示：如果穆里尼奥回到国米，我肯定欢迎。不过，我们会给斯帕莱 ...全文	未
