陈乔恩善行者年度公益大使 公益恩为善行者打call！一会服务站点见哦[米奇飞吻]	未
陈乔恩游马尔代夫心情佳：爱自己生活也会爱你	未
陈乔恩现身公益徒步活动	未
陈乔恩被求婚现场曝光！近照孕味十足，难道要奉子成婚？	未
@陈二妮_nini 99年喜欢唱歌旅游各种吃的陈妮妮	未
陈从周诞辰百年︱陈胜吾谈父亲陈从周	未
陈代才督导辖区重点项目建设	未
陈伟霆 huabiaojiang热评快来，扩和评论里打卡，跟热转赞热评，切号微博正文 微博正文 微博正文 微博正文	未
陈伟霆huabiao奖活动相关，tx视频热评，赞数尤其是第一时间到场赞上去很重要，多切号往下翻找到这条，赞自家热评，完成后在评论里打卡微博正文 赞热转微博正文	未
陈伟霆 公益义卖的w崽是金属崽呀！不是白牙崽！囡是玫瑰金的，仔是银色的！很有收藏价值义卖链接：网页链接邮寄地址填写：网页链接 关爱贫困地区女童，助力公益	未
陈伟霆 官博热评速来，切号赞自家热评，扩和评论里打卡微博正文	未
陈伟霆晒与欧阳靖林盛斌合影 感动回忆“兄弟帮”	未
陈伟霆热评来来来，切号赞自家热评，完成后在评论里打卡微博正文	未
陈伟霆陈伟霆下一站传奇 陈伟霆寸头抱着吉他唱摇滚，这的是超燃超MAN的@William威廉陈伟霆	未
陈伟霆陈伟霆下一站传奇 陈伟霆寸头造型太帅了 @William威廉陈伟霆	未
陈伟霆陈伟霆下一站传奇 陈伟霆每次新造型都会让人惊喜万分，寸头的陈伟霆再次帅出新高度 @William威廉陈伟霆	未
陈伟霆陈伟霆下一站传奇陈伟霆的寸头造型真的太帅了！@William威廉陈伟霆	未
陈伟霆 陈伟霆春蕾健康行动大使 公益义卖来啦	未
陈伟霆 陈伟霆春蕾健康行动大使 公益女鹅鹅子！	未
陈伟霆 陈伟霆春蕾健康行动大使 陈伟霆爱心公仔义卖正式上线啦！女皇们一起来支持公益，传递爱心吧！@William威廉陈伟霆	未
陈佩斯、腾格尔罕见同框，图3表情包才是亮点，相差6岁貌似双胞胎	未
陈俊钦：全力做好岁未年初社会治安工作 为平安之乡建设铺垫坚实基础	未
陈光明掌舵睿远基金一期专户募集或达百亿	未
陈兴动：中国需提振民企信心 寻找新增长动能重建民企信心需解决两大短板：公平竞争的环境和民企私人财产法律保障问题2019年减税降费力度将超2018年，赤字率不会突破3 陈兴动：中国需提振民企信心 寻找新增长动能	未
陈冠希圣诞节晒女儿萌照 Alaia坐在巨大玩具箱里	未
陈冠希女儿真小天使本人，跟她爸一样酷酷的！	未
陈冠希的牌子CLOT x Air Jordan XIII联名球鞋今天发布的一套企划照非常有趣，因为这款球鞋从配色设计到鞋面上的纹路都是以兵马俑为灵感，所以除了正常的官网美照之外，他们摆拍了一组名为RARE FINDS（稀有发掘）的大片，广告中球鞋被穿在兵马俑们的脚上，在考古学家们的悉心挖掘下，和文物一起出土。可能这个广告也是想告诉球鞋迷，等到12月8日在上海提前发售时，它们比宝藏还难抢到手，到手后大家也可以吃土了	未
陈冲忆贝托鲁奇：喜欢鲁迅，爱引用老子庄子	未
陈冲追忆与贝托鲁奇合作往事 赞其有高贵的审美观	未
陈凯欣红磡谢票 街坊冒雨撑场在香港立法会九龙西补选胜出的陈凯欣今日（27日）下午到红磡谢票，在民建联立法会议员郑泳舜和经民联立法会议员梁美芬陪同下，冒雨到红磡街头与市民及档贩打招呼，又与市民握手拥抱及合影留念圖集丨陳凱欣紅磡謝票 街坊冒雨撐場	未
陈凯歌亮相澳门国际影展 透露下一部新片计划	未
陈凯歌再谈《霸王别姬》：扮演程蝶衣是张国荣的宿命	未
陈刚调研！以壮士断腕的勇气不当历史罪人的决心坚决做好这项工作	未
陈刚调研天星镇沿河安置点建设	未
陈勇：打造新型智慧城市 构建社会治理新格局(图)	未
陈博士信箱在线法律顾问为在奥国生活的您保驾护航！	未
陈历贤到多个乡镇指导当前重点工作	未
陈启伟：主流媒体做好金融报道，为促进金融业发展做好服务	未
陈士渠防拐讲堂农妇千里寻儿，央视《等着我》助其梦圆_中国中央电视台(cctv.cn) 网页链接	未
陈士渠防拐讲堂农妇千里寻儿，央视等着我助其梦圆_中国中央电视台(cctv.cn) 网页链接	未
陈士渠防骗讲堂 这个问题好，欢迎留言。	未
陈天富调研我市3家在建星级酒店建设情况，酒店建成后将	未
陈奔 环保斗士生命最后的91秒（新京报）12月份，下过雨的温岭气温依然在10以上，温润的空气似乎在有意抵挡冬天的寒冷。左手大拇指紧扣右手，眼底发红，参与了那次行动的大溪中队队员颜伟国一想起队长陈奔被撞牺牲的过程，就抑制不住悲伤。这是陈奔牺牲的第20天。12月1日，连熬两天夜的陈奔终于锁 ...全文	未
陈奕迅l.o.v.e. 北京廣州成都戶外大屏 amp 北上廣地鐵熱門換乘站內115塊LED屏等你去打卡	未
陈奕迅新专辑《L.O.V.E.》面世	未
陈奕迅晒与齐达内合影 激动表白：我是在梦里吗？	未
陈妍希晒素颜照似少女 自侃为大家好不支持阿根廷	未
陈妍希晒素颜美照 花式追世界杯	未
陈娟娟母亲葬礼催人泪下！	未
陈季冰：就像艾利森所说的，一个拥有14亿人口和5000年历史的文明重返辉煌并不是什么问题，大多数美国人和西方人也不会认为这是不可理解和不可接受的事情。问题是实现的条件，换句话说，它如何实现应当以什么方式实现这个问题，既拷问着中国，也拷问着美国，更应该引起全世界的思考。	未
陈宗荣任中央统战部秘书长(图/简历)	未
陈家父子：“新石家庄人”的成长缩影	未
陈小春创业卖牛腩面，单店月入近百万！	未
陈小春晒一家三口全家福 穿红衣画面温馨	未
陈小春晒全家福迎接圣诞节 Jasper戴粗框眼镜超萌	未
陈小艺新剧年龄跨度大：这是10年来最打动我的角色	未
陈少华当选全国年度十大法治人物   漳州市委作出学习决定	未
陈峰宁陈老斯最新“小龙虾”段子！爱吃龙虾的蓝鲸人不能错过！	未
陈平原:学会理解图像的力量	未
陈幸同/孙颖莎闯入国际乒联世界巡回赛总决赛女双决赛	未
陈康容：忠勇为党的女英雄（为了民族复兴·英雄烈士谱）	未
陈康容：忠勇为党的女英雄（为了民族复兴·英雄烈士谱）(图)	未
陈建华当选广州市人大常委会主任 温国辉当选市长	未
陈建华当选广州市人大常委会主任 温国辉当选广州市市长	未
陈建州减重37.8公斤！晒对比照浮出人鱼线超励志	未
陈强南少将履新北海舰队副司令员，曾被誉为“南海蛟龙”	未
陈志朋受啥“刺激”了，看了幕后照片，满满的心疼！	未
陈志朋用国旗版手机壳获赞 回复网友：咱们的中国	未
陈意涵挺7个月孕肚水下拍照 获赞“美人鱼”	未
陈慧琳、陈志朋雨中献唱“客家围屋之都”江西龙南	未
陈才雄当选北京潮商会第二届理事会会长	未
陈扬勇出任中共中央机关刊《求是》杂志社总编辑	未
陈文汇：磨砺12年的刑侦尖刀	未
陈新武来房调研中央生态环保督察回头看整改工作	未
陈旺公墓，九凤朝阳，风水宝地！	未
陈映真纪念活动在北京举办	未
陈春花：从个体到组织，你必须学会的事	未
陈昭良向观众解释说，拼多多的理念不是让上海人过巴黎人的生活，而是让安徽安庆人有好水果吃。	未
陈晏主持召开全市经济运行调度会	未
陈晓好帅哦//@刺客棉条:不是游戏改成剧了，是游戏画师仿了人家照片。	未
陈柯宇《一路风景瑜你同行》 一路风景瑜你同行 @QQ音乐	未
陈柳婷：涅槃重生  优势视角下个案回归社会之路	未
陈梦卫冕女单冠军，Angelababy老公送祝福，网友：这俩是表兄妹？	未
陈欢欢：如何让社区居民快速了解社工	未
陈正雷老师谈缠丝劲在健身和技击自卫两方面的作用	未
陈武帝诞辰1515周年纪念大会进入倒计时，诚邀天下陈氏宗亲	未
陈毓贤︱如何书写越洋的名人祖辈	未
陈氏三部视频，名扬天下！陈氏宗亲转起！！	未
陈氏宗亲，看懂家谱，你需要了解这16点！	未
陈氏宗谱，打开寻源之旅！看看有你对得上的世系吗(15)	未
陈氏宗谱，打开寻源之旅！看看有你对得上的世系吗(18)	未
陈氏宗谱，打开寻源之旅！看看有你对得上的世系吗(4)	未
陈江和：紧跟改革开放步伐，继续扩大在华投资	未
陈沙大道改建最新通告：路宽60米，双向6车道，4座跨线桥！	未
陈法蓉与蔡少芬共度圣诞节 同穿条纹衫自称姐妹花	未
陈泗旭[超话]声动梁尘陈泗旭 喜欢嘉陵江上迎面吹来的风，喜欢穿街过巷的熙熙攘攘，更喜欢山城的你。//@TF家族新生-陈泗旭:重庆，又叫山城和雾都。的确有着本地人（比如我）都走不明白的高高矮矮的路，也有总不露太阳的天空。重庆还有许多藏在小巷子里的美景，只要愿意去寻找就总会找到。	未
陈浩民一家六口拍合照超温馨 妈妈女儿同一天庆生	未
陈海保：办一场中国地产经理人自己的年会10月10日评选启动之后，超过730多家企业参与，1500多名候选人进入票选，活动整体关注度达到3000万，引起了整个行业的朋友圈转发点评。微博正文	未
陈润儿：牢固树立四个意识 履行从严治党责任	未
陈润生院士专访：大数据时代下，生物医学从业者面临的机遇和挑战	未
陈清卯副支队长深入永寿乾县礼泉大队督导检查重点交管工作	未
陈滢陈家乐传蜜会过二人世界首次合作拍剧即擦出爱火花	未
陈灿辉当选福建泉州市政协主席	未
陈燮君陈颖地铁油画展作品捐赠及地铁磁卡首发仪式在沪举行	未
"陈琦格致：一个展示和理解的实验"展在南京开展(图)	未
陈瑞峰到曾都区调研提出着力建设品质随州示范区广水直播宪法主题演讲比赛人气旺（30条）	未
陈瑞峰在曾都区调研提出:着力建设品质随州示范区	未
陈瑞峰表态：随州就是我的家，绝不辜负随州人民的厚望！	未
陈田贵当选为新一届甘肃省老年基金会理事长	未
陈白沙文化节明日开幕！ 看玩赏乐有机结合，全方位融入白沙元素	未
陈白沙诞辰590周年，《陈献章诗编年笺校》首发	未
陈立农，你值得拥有@陈立农明星ALL榜 //@陈立农: 全国消防宣传月，关注儿童安全，消防安全，保护好自己和我们的家人 @中国儿童少年...	未
陈立农全线代言舒肤佳陈立农完美的餐厅今日填评part1看到这条微博的每个人用自己的每个号去@陈立农最新微博底下评论20条，建议多切小号评论 小农微博直通车网页链接 66键盘使用指南网页链接完成后打卡@陈立农(cln我是你的 hi室友完美的餐厅）	未
陈立农全线代言舒肤佳陈立农完美的餐厅今日填评part 2看到这条微博的每个人用自己的每个号去@陈立农最新微博底下评论25条，建议多切小号评论 小农微博直通车网页链接 66键盘使用指南网页链接完成后打卡@陈立农(cln我是你的 hi室友完美的餐厅）	未
陈立农全线代言舒肤佳陈立农完美的餐厅今日填评part看到这条微博的每个人用自己的每个号去@陈立农最新微博底下评论25条，建议多切小号评论 小农微博直通车微博正文 66键盘使用指南微博正文完成后打卡@陈立农(cln我是你的 hi室友完美的餐厅）	未
陈立农 农农的比嘘小合集细节见人品，尊重别人，不去吵闹，这应该就是农农与农糖之间的专属默契[加油]@陈立农	未
陈立农完美的餐厅陈立农Hi室友 今日补评任务看到这条微博的每个人用自己的每个号去@陈立农最新微博底下评论20条，建议多切小号评论 小农微博直通车微博正文 66键盘使用指南微博正文完成后打卡@陈立农	未
陈立农完美的餐厅陈立农Hi室友 今日补评论任务看到这条微博的每个人用自己的每个号去@陈立农最新微博底下评论20条，建议多切小号评论。完成后打卡并@陈立农小农新微博直通车微博正文 66键盘使用指南微博正文完成后打卡@陈立农	未
陈立农完美的餐厅陈立农Hi室友 补评个人博评论数也很重要，看到这条微博的每个人用自己的每个号去@陈立农最新微博底下评论20条吧，建议多切小号评论 小农微博直通车微博正文 66键盘使用指南微博正文完成后打卡@陈立农	未
陈立农完美的餐厅陈立农Hi室友 补评今日份的补评任务来了，看到这条微博的每个人用自己的每个号去@陈立农最新微博底下评论20条吧，建议多切小号评论 小农微博直通车微博正文 66键盘使用指南微博正文完成后打卡@陈立农	未
陈立农已经开始拜年了又快过年啦农农最可爱不接受反驳农糖开始打卡	未
陈立农已经开始拜年了 哈哈哈，陈立农一身红红火火，看起来太喜庆了，顺便祝大家新年快乐，这应该是最早的拜年了吧	未
陈立农：年度最爱拜年艺人 这个奖谁都别和农农抢了//@秋千荡阿荡:又拜年	未
陈立农心动时刻 通知满30字的图贴 / 视频，带了心动时刻话题，没有编辑，满足活动规则，点赞过100了但是心动流里没有的，请原博主私信链接给@農业科学研究所 活动详情微博正文 @陈立农	未
陈立农：我怕三十晚上的祝福太多 ，你会不在意我的问候， 我怕初一早上的鞭炮太吵， 你会听不到我的祝福 ， 所以选择现在这个时候给你送来祝福，在这里给您以及家人拜个早年！	未
陈立农，未来可期。陈立农@陈立农明星ALL榜 //@陈立农: 全国消防宣传月，关注儿童安全，消防安全，保护好自己和我们的家人 @中国儿童少年...	未
陈立农爱心时刻 新鲜自拍诶待会直播见@陈立农	未
陈立农爱心时刻 正能量偶像陈立农陈立农公益陈立农爱心林 2018年7月14日，陈立农粉丝为响应品牌方公益活动，号召农糖助力公益，维护自然。仅仅36个小时，农糖们向百万森林捐赠树苗超6000余棵。目前树苗已被种下，有朝一日这片载满爱意的树苗会在那片土地上会茁壮成长。用爱将沙漠变绿洲，守护那一方水土，福泽周边百姓！以农之名传递爱心，粉随爱豆，真是满满正能量！@陈立农	未
陈立农粉丝站以陈立农及全体农糖的名义组织圣诞公益活动，为治疗康复中的孩子们捐赠物资六百余套圣诞主题涂色卡与水彩笔，看着孩子们认真与开心涂色的模样非常欣慰！让我们和陈立农一起助力公益传递正能量[加油]陈立农@陈立农	未
陈立农糖糖们早呀美好的一天，从看见农农的笑容开始 早安[给你小心心]@陈立农	未
陈立农 说个重要的事情 大家顺便帮忙顶顶明天上海见面会有小姐妹去现场还没加微信群吗灯牌真的很重要哦 ！现在组织挂灯牌的小姐妹还很少很少！远远不够希望大家一定一定重视灯牌这方面 争取多挂牌子给小农看到还有没加群没组织的加图一小姐姐的微信 她拉你进群 不去现场的糖就不用加了哦	未
陈立农 陈立农Hi室友 Dancing time 到！跟着我们的一起跳起来吧！@陈立农	未
陈立农 陈立农Hi室友 热搜「希望hi室友第二季是原班人马」发陈立农的视频美图公益安利！！农糖冲鸭 关于热搜微博正文@陈立农	未
陈立农 陈立农《I need a doctor》动图cut今日份陈在线索命立农 感受一下@陈立农	未
陈立农 陈立农代言Yessing 糖糖们快来带话题发自己的买家秀啦！被选中的幸运糖糖还有礼品哦@陈立农	未
陈立农陈立农完美的餐厅 沉着稳重的陈主厨@陈立农 真skr小机灵鬼在线开撩谁受的住-需要帮忙吗-帮忙品尝就好了。我们农农手上干着活嘴巴也没闲过那么请问，农农嘴巴里一直在嚼的是什么呢陈立农我是你的ForFans安利向	未
陈立农 陈立农我是你的 热搜「npc一起上厕所」发陈立农的视频美图公益占广场！！农糖冲鸭 关于热搜微博正文@陈立农	未
陈立农 陈立农我是你的 糖糖们准备好了吗[中國贊]为了小农冲呀！[小仙女]@陈立农	未
陈立农 陈立农我是你的能够去现场的农糖看过来！冲呀！@陈立农	未
陈立农 陈立农我是你的 @芭莎男士 重要转赞评扩以下两条每个人见转5条评论打卡@陈立农 1微博正文2微博正文	未
陈立农 陈立农我是你的 这是谁家的大宝贝啊快快过来认领@陈立农	未
陈立农 陈立农我是你的 速来补赞@陈立农	未
陈立农陈立农我是你的  音乐盛典咪咕汇即将开始进群农科院-音乐盛典咪咕汇控评群请认真阅读以下上次尖叫之夜我们开设了紧急控评群，效果较好，所以这次再次开群！今夜又是一场激烈的控评！「你准备好战斗了吗！」今天晚上的控评很重要！请每位农糖务必跟紧控评@農业控评研究院控评注意事项：注意控评图的选择，单人清晰可见全脸的美图！服装，妆容，发型，表情，都要是最帅的图哦！不要千篇一律。如有黑评，禁止回复，回复与黑无异！专注陈立农，每个人多捞几条，扩散到自己所有群，艾特自己的好友来控评！	未
陈立农 陈立农相宜本草 农糖们来大开脑洞，发挥想象，用这三个词语造句吧@陈立农	未
陈立农 陈立农相宜本草 晒单活动来啦！糖糖们快点击链接参与吧@陈立农	未
陈立农 陈立农舒蔻 1 可直接到淘宝silcot舒蔻旗舰店首页进去直播。2 点右边链接进入 网页链接 记得多点赞多刷弹幕多互动，还记得分享直播哦@陈立农	未
陈立农 陈立农舒蔻 @陈立农 向你发出元气直播邀请！ 1/2一半不一般 就在今晚21点 ！ 和 @尤妮佳舒蔻品牌 一起， pick每一面都光芒四射的农农吧！ 进入直播链接方式1 可直接到淘宝silcot舒蔻旗舰店首页进入直播。2 点右边链接进入 网页链接 记得多点赞多刷弹幕多互动，还记得分享直播哦@陈立农	未
陈竺出席第二次六国议长会议	未
陈紫函 卡枚连芭莎慈善夜让慈善走进生活....你给予的爱会呈现在你身上的美...	未
陈纪言教授评ODYSSEY Outcomes研究：希望之门已开启！	未
陈羽凡发博平安北京发布了情况通报，配文：毒品让最美凋零。直指被行政拘留的43岁陈某就是著名歌手陈羽凡（陈涛）。这转折....我服了，今天早上还发声明辟谣，发博的时候其实微博来源已经变了，但是大家还都选择相信他。现在被警方锤实了，吸毒team又添一员大将	未
陈羽凡吸毒实锤//@平安北京:情况通报毒品，让最美凋零。	未
陈羽凡吸毒并不可怕，我怕三十晚上的祝福太多，你会看不到我的问候，我怕初一的鞭炮太吵，你会听不到我的祝福，我怕初二的菜肴太香，你会看不到我的短信，所以选择现在给你送来新年祝福，祝您新春愉快，万事如意！提前69天给您拜个早年，新年快乐！2019年猪年大吉！在此给您拜年了！	未
陈羽凡吸毒被抓：在越轨中冷酷到底 最美迟早凋零	未
陈羽凡吸毒被抓：在越轨中冷酷到底，最美迟早凋零	未
陈羽凡吸毒被抓！盘点外出打工不能突破的4个底线！	未
陈羽凡：当时非常喜欢尤文还有国米	未
陈羽凡这不是刚刚辟谣吗警方发布的这个吸毒被抓的歌手是什么情况 平安北京还说了毒品，让最美凋零，很有暗示啊。到底谁在撒谎	未
陈英明诗书画展在中国国家博物馆展出(图)	未
陈茂波：今年访港旅客量将超6000万人次  大型基建有利“一程多站”旅游模式	未
陈茂波：今年访港旅客量将超6000万人次 大型基建有利“一程多站”旅游模式	未
陈茂波：财政预算案无完美方案 会平衡多方观点作决定香港财政司司长陈茂波今日（23日）在网志表示，在财政预算案谘询期间收到的不同建议，即使社会对某一项措施不太合心意，解决方案的选择也存在重大差异，没有完美方案，只能在平衡多方观点后作决定。陳茂波：財政預算案無完美方案 會平衡多方觀點作決定	未
陈莉萍当选四川资阳市政协主席	未
陈萍到星宿乡三元乡督导脱贫攻坚工作	未
陈赫晒出童年骑自行车照片，红色裤衩抢镜	未
陈越光：守望中国文化	未
陈都灵：我不是“乖乖女”，喜欢“女英雄”	未
陈里微刊亲们伴随着12月的第一个周六，陈里微刊第一手资讯的新闻综合微刊如约送上：《微博天下》《首席舆情官》《融媒体在线》《陈里博士看三农》《公益档案》《法治瞭望》，6个主题总有您关心的内容，打开任何一幅图片都有精彩新闻呦。如果你想看详细新闻内容搜索我的微信号：chenliboshi2004进朋友圈按二维码即可查看（可以加好友）另外，你也长按图片进入小程序查看第三种方法那就是把这条微博转发到微信里，然后点开就可以看了！	未
陈里微刊亲们陈里微刊第一手资讯的新闻综合微刊如约送上：《微博天下》《首席舆情官》《融媒体在线》《陈里博士看三农》《公益档案》《法治瞭望》，6个主题总有您关心的内容，打开任何一幅图片都有精彩新闻呦。如果你想看详细新闻内容搜索我的微信号：chenliboshi2004进朋友圈按二维码即可查看（可以加好友）另外，你也长按图片进入小程序查看第三种方法那就是把这条微博转发到微信里，然后点开就可以看了！	未
陈里正在说 哪有什么岁月静好 只是有人为你负重前行 这张图，温暖了寒冬12月8日上午10时40分左右，辽宁省大连市中山区民主广场附近，一老式建筑突然起火。短时间内火势蔓延很大，中山大队消防指战员英勇奋战，成功将火灾扑灭。由于当天气温较低，网友们拍到一组消防队员全身结冰救火的冰与火景象。微博中国 via@@新华网	未
陈里话安全下雪了下雪天如何安全驾驶 8招很管用！近日，西安下雪郑州下雪引起大家的讨论，但对于驾车族来说，如何在冰雪天安全行车是一件非常头疼的事。雪天雨刮器容易冻结，停车后应将雨刮器抬起行车中降低车速 转弯先减挡 低挡大油门上坡。8个雪天驾驶小常识，注意行车安全，转发提醒！新媒体公开课（央视新闻）	未
陈铎：《话说长江》走出的第一代电视主持人	未
_//@陈长飞1976:民生的事是天大的事，老百姓的事无小事。我最服交管部门，温州交警部门集中智慧解决问//@温州交警:谢谢您的建议，已转辖区交警处置。	未
陈雅森大胆尝试新曲风 《我服了》让耳朵怀孕	未
陈雪峰：旧貌换新颜 大美在松桃	未
陈震《将夜》解锁幽默属性 李慢慢获猫腻认证	未
陈青在定西市调研时强调 自觉承担使命开创基层宣传思想工作新局面	未
陈靖姑文化“海丝”行活福州启幕	未
陈飞虎任中国大唐集团有限公司董事长(图)	未
陈鸿道“交棒”，中粮包装前主席出任加多宝董事长	未
陈龙支持章龄之跨界尝试 现场调制“爹地牌”奶茶	未
陌生人有的时候更加重要	未
陌生的女孩我爱你	未
陌陌年度才艺三强今晚揭晓 舞蹈与唱歌组惹人关注	未
降了十个大洋！！库博光学倍明视倍新月抛6片装 38月抛短周期用起来也舒心，高达55的含水量，反馈还不错的一款	未
降价了！乐山周边超多景区淡季门票陆续开售！赶紧存好，挨着耍起走！	未
降价免费！四川景区淡季门票陆续开售，抓住机会去耍安逸	未
降低抗癌药物价格@威海人，这里有份医疗保障大礼包	未
降低抗癌药物价格@诸城人，这里有份医疗保障大礼包	未
降到10度！您的好友湿冷大魔王即将上线！这次深圳冲击入冬	未
降息降准仍有空间！2000亿投资项目来啦！	未
降水+冷空气！江苏本轮雾霾4日结束，周末将迎今冬初雪	未
降温！下雪！即将抵达南京	未
降温了！下雨了！这都不是事。12月9日新力健步新时代，儿童的城市，温暖的长沙2018益跑长沙儿童友好城市创建公益活动火热举行@芒果V基金 @杜海涛，@李斯丹妮 恒蓝经纪艺人 @演员是之 携手多位小伙伴倾情助阵，贡献爱心，凝聚温暖的力量，为是之加油！@米联直播	未
降温了，下雪了！冷空气发飙，周末来泡个温泉吧	未
降温了！体感真是非常明显呀，大家一定要注意保暖，雪天路滑，开车慢行！	未
降温了！冬季火锅怎么吃才健康	未
降温了！北京全天跌至冰点以下 明天最高气温仅-5℃	未
降温了！北京全天跌至冰点以下 明最高气温仅-5℃	未
降温了，好冷成都爆料成都身边事	未
降温了，恩施这个寒冬正确的打开方式你get到了吗	未
降温了，抢个红包暖一暖心！数量有限，先到先得	未
降温了！给我一杯醇香的咖啡，我只想做个安静画画的美男子！DIY油画品牌颜料销量排行！	未
降温了，记得，给家人和朋友一份暖暖的问候！	未
降温了，这大概是今年最后一次穿风衣和西装了 amp 12月6日8日，零跑汽车零跑来啦全国七城主题巡展首站活动即将于杭州亲橙里开启	未
降温必备出游攻略，惠州这些温泉泡到你酥！	未
降温扬沙大风小雪组团来袭， 晋城人你们准备好了吗	未
降温持续中冷空影响持续中，7时的平均气温7左右，@成都气象 预计今天依旧天空阴沉，时有零星小雨相伴，最高气温9左右，出门记得要添衣保暖	未
降温挡不住施工的热情12月5日，@国网邹平市供电公司 对明集镇于家村低压线路开展改造工作，当天气温出现大幅下跌，员工们在施工现场默契配合用施工热情驱赶低气温。当天共计完成T接下户线缆300余米，并为该村两处农灌电表更换了新线缆。	未
降温提醒准备好了吗冷空气要动真格了！	未
降温！最低只有5！宜宾这群人在大街上免费送铺盖，只为	未
降温穿毛衣了旁友们！过冬有望了	未
降温结冰强冷空气来袭，凉都人挺住！	未
降温超凶 中央气象台12月8日06时继续发布暴雪蓝色预警：预计12月8日08时至9日08时，江苏南部安徽南部浙江西北部江西西北部湖北南部湖南北部重庆东南部贵州北部以及陕西南部等地有中到大雪。寒潮来了	未
降温降雨组CP！冷空气赶来海南过周末，下周最低13	未
降温+雨雪！上海人今冬怎么取暖？发热内衣、袜成“保暖神器”	未
降温预报6-8日记得多穿点！	未
降税减负 南京各部门迅速落实支持民营经济	未
降雨降雪降温将结伴来澧县！你准备好了吗	未
降雪如期至 施工不停歇12月6日下午，莱州地区普降今冬初雪。@国网莱州市供电公司 员工按施工计划全力奋战在10千伏金北线改造施工现场，顺利完成更换1号杆至6号杆绝缘导线，更换31号杆至37号杆电杆7基，更换37号杆分段开关等施工任务，进一步提高线路供电可靠性，为辖区企业和居民可靠供电打下基础。	未
降雪实况 截止10时，我省西安南部宝鸡南部汉中大部商洛大部安康大部都已迎来降雪，咸阳的乾县也一枝独秀的有小幅降水而西安北部等地还需要等一等，预计降雪要到下午才能到来了	未
降雪来袭！合肥交警刚刚发布重要提示！	未
降雪来袭！雪天行车安全攻略了解一下	未
降雪降温要来了，小伙伴们明早注意保暖哦	未
限1000人！邢台人免费饮酒！	未
限500名 付90元 可当场领取一床市场价1980元羽绒被 200元购物抵扣券！	未
限时299699888开始！入手地址：网页链接	未
限时3天！799起一价全包！60客房三餐温泉乐园等	未
限时45天的梦幻，让魔都每一个女孩都能成为美少女战士，代表月亮消灭你	未
限时免费直播   杨立一的国画小品课疑难解答	未
限时免费科普：States of Matters	未
限时免费道路工程测量技术视频（包含高程导线中线断面测量等）	未
限时免费领CFA一级全科划重点精讲课完整版！	未
限时抢1大1小68！大型室内儿童乐园，任娃翻滚爬跳，通玩全场	未
限时抢购29.9元秒杀！温都水城儿童游乐园动物乐园3D错觉梦幻乐园	未
限时抢购！内江汽车文化周，当场把车开回家！	未
限时抢购清远英德奇洞温泉小镇298元抢酒店客房自助早餐无限次温泉，美轮美奂的天然钟乳石洞！	未
限时申请免费设计（4套方案） 免费量房精准报价报名申请，请戳： 网页链接	未
限时的哦	未
限时立减35元，这草原溜达红公鸡太值了！	未
限时限量抢购！泡在高山温泉里，睡在云里雾里	未
限时领取  年终总结年会策划年终考评资料包	未
限移动用户限安卓机网页链接 下载MM应用-登陆-会员-下拉到底-免费领-下载和飞信 有爱奇艺或优酷1个月会员，反馈目前爱奇艺还可以领，这个是直接充值到登陆的手机号内	未
限行10个月！信阳这座大桥进行危桥改造，绕行线路公布！	未
限行了，坐公交！看看漯河超全公交线路图！一定要收藏！	未
限行公告G312线竹竿河大桥危桥改造 将限行10个月！	未
限行后，漯河最全公交线路表抓紧看！	未
限行期内，郑州四环附近这12处停车场可免费停车，有5878个泊位（附详细地址）	未
限行期间咋乘车安阳最新最全公交线路信息汇总！赶紧收藏！	未
限行期间，濮阳这34条公交车免费！最新路线大全都在这！	未
限行期间，鹤壁哪些公交免费最全最新公交线路图来了，收藏！	未
限行来了！出行别害怕，开封市限行区域内公交免费乘坐保障出行	未
限行来了！除了限行区域内公交车免费坐，还有这些好消息！	未
限行河南又一城市限行！禹州司机出行一定要注意！（附最新河南限行地图）	未
限行！河南又新增多地，（出行收藏）	未
限行通告最新消息！11月26号起，三门峡主城区实行机动车限行限行区域：湖滨区经济开发区中心商务区内所有建成城市道路。限行时间：自2018年11月26日0时起至2018年12月31日24时，每日（法定节假日和公休日除外）7:0020:00。若公休日因法定节假日调休为工作日的，不限行。限行规定：每日限两个车牌（含临牌）尾号（若尾号为英文字母的，以车牌最后一位数字为准）的机动车，星期一限行1和6，星期二限行2和7，星期三限行3和8，星期四限行4和9，星期五限行5和0。详情戳下图	未
限行通告最新消息！11月26号起，三门峡主城区实行机动车限行限行区域：湖滨区经济开发区中心商务区内所有建成城市道路限行时间：自2018年11月26日0时起至2018年12月31日24时，每日（法定节假日和公休日除外）7:0020:00若公休日因法定节假日调休为工作日的，不限行限行规定：每日限两 ...全文	未
限速提到200不 但电动车高速是短板，希望支持无线充电//@来去之间://@云泉微博:转发微博	未
限量100套！还送影视会员！15.9抢麻辣烫双人套餐！撸串我们是认真的，但麻辣烫才是王牌！	未
限量典藏版圣诞和新年礼物来了	未
限量典藏版圣诞和新年礼物来了：网页链接预订即将结束//@孑瑞之春: 看着皮皮鲁长大的。	未
限量发售！50元能去松江这两个景点玩一整年，不容错过	未
限量开售谁不希望自己的桌上有一件艺术品！	未
限量版50元纪念币来了！11月30日开始预约	未
限量版50元纪念币来了！下周开始预约！可以这样兑换	未
限量版50元纪念币来了！四川限270万张，下周开始预约	未
限量版50元纪念币来了！本周开始预约，四川有270万张	未
限量！防PM2.5空调滤芯免费送啦！	未
限额特招高薪就业就近包安置短期培训咸阳地区新能源充电桩运维工程师，招满即停！	未
陕之隆：创新乡土派营销  卡车之友网	未
陕京管道年输气量首次超400亿方，保供北方六省市	未
陕北有句俗话：米脂的婆姨，绥德的汉，意思就是米脂出美女。到了米脂，先不管什么美女，吃个猪头肉夹馍再说。这个烧饼夹猪头肉6块钱，猪头肉太多，饼都快夹不住了，还不错吧 榆林陕西省米脂中学	未
陕北的山 榆林的水，米脂的婆姨就是美！	未
陕北酸曲情歌 山丹丹那个开花六呀六瓣红	未
陕南的雪，可以，很挽尊为保畅人员点赞，辛苦了	未
陕州区：让群众精神富起来	未
陕州地坑院：新华社大咖走基层  雄文获百万级（1016822）围观	未
陕甘青最大海洋世界落户兰州新区，预计明年10月试运行！	未
陕电小课堂你居然在家自制雾霾快看这才是加湿器的正确使用姿势北方冬天干冷，尤其是暖气房，干燥到鼻腔都能喷火，于是加湿器成为很多北方小伙伴的居家必备！但你造吗，有时加湿器错误的使用，几乎等于自制雾霾！赶紧看看你有没有踩雷也欢迎留言你的加湿器使用小妙招哦	未
陕菜情缘丨看民宿 吃泡馍 逛档子 市井生活风情万种	未
陕菜探秘丨2019年的饺子，我们也包了！这可能是最朴实的锦鲤了	未
陕西4000年古银杏落叶似黄金毯初冬时节，陕西汉中，留坝县玉皇庙镇，4000年的银杏树下，金黄的银杏叶飘落一地，美得震撼！.	未
陕西4000年古银杏落叶似黄金毯初冬时节，陕西汉中，留坝县玉皇庙镇，4000年的银杏树下，金黄的银杏叶飘落一地，美得震撼！ 爱旅游	未
陕西5村庄入选中国生态文化村 ，安康这个村儿榜上有名！	未
陕西8家景区拟确定为国家4A级旅游景区	未
陕西上海广东如何宣传宪法的带您探秘！	未
陕西专员办：迅速启动医疗救助补助资金绩效评价工作	未
陕西:专项巡视巡察聚焦脱贫攻坚突出问题	未
陕西人民真淳朴热情啊，开车的师傅帮我提箱子就算了，一个老太太也要帮我提箱子她说她劲儿比我大。我说不用了不用了，怕闪着您的腰。	未
陕西全民健身播报20181123：省体育局扶贫干部交流经验 公益足球赛周六省体见	未
陕西全民健身播报20181206：足球水上中心冬训动员 中小学生乒球赛开拍	未
陕西公布征地补偿新标准 商洛最高的竟然是这个县！	未
陕西华山牧出品的巴氏奶已于近期全部采用75低温杀菌工艺。赞一个。	未
陕西各村 煤改气 的都看看！！	未
陕西四部门印发方案，免费为民营企业法治体检	未
陕西地方普法集锦（第31期）	未
陕西实施“3+X”工程推进产业脱贫	未
陕西将建全国首个大熊猫国家公园！选址在...	未
陕西将建大熊猫国家公园！不用去成都，家门口就能看到它！	未
陕西将新增八个4A景区，宝鸡咸阳渭南汉中安康韩城各1，商洛2！	未
@陕西师范大学  大雪至，仲冬始送你一片长安雪摄于戊戌年十一月朔日 西安长安大学城	未
陕西广播电视台携爱心企业  为延川送来50余万元爱心超市物资	未
陕西开启速冻模式 本周持续低温 部分高速封闭	未
//@陕西政务微博学院: 2018年三季度政务指数微博影响力报告发布 陕西11个政务微博进入全国前十祝贺@陕西高院 @西安纪检监察 @陕西检察 @西铁资讯 @陕西省教育厅 @陕西气象 @西安青年聚 @西安半坡博物馆志愿者团队 @汉唐网 @陕西政法 @汉中经合 等分别闯入本系统全国前十 网页链接	未
陕西文化旅游微课陕西地文景观概述	未
陕西新闻巴陕高速全线通车11月22日上午，陕西第三条入川高速巴（中）陕（西）高速正式全线通车。至此，陕西南向入川有了第三条高速公路，形成了南下入川三箭齐发（广陕巴陕达陕）的通道格局，汉中至四川巴中的车程也从4个小时缩短至1.5小时。 （陕西发布）	未
陕西日报爱心超市带出新民风	未
陕西有车的赶紧看！交警又出新装备了	未
陕西柞水至山阳高速公路建成通车	未
陕西榆林：举措“精”一度 转型“快”一步	未
陕西榆林：经济结构“大调整”迎来“大发展”	未
陕西正在建造一条新高速，耗资达145亿元，沿途四个县将迎来发展	未
陕西民营企业完成单笔最大海外并购项目	未
陕西汉中发现500平方公里天坑群 考验保护与开发	未
陕西:深化专项治理 用铁纪为脱贫攻坚保驾护航	未
陕西爆料陕西淳化喜宴早上吃饸饹面，美不美微博视频	未
陕西省123个检察院检察长均已受聘担任法治副校长	未
陕西省2018年度公检法司微博微信影响力榜单发布 区县级“双微”账号成新主力	未
陕西省公安厅出台30条举措全力推进扫黑除恶专项斗争	未
陕西省司法厅举办全省人民调解技能大赛	未
陕西省在泰国举行经贸文化推介洽谈活动	未
陕西省政协十二届第一次会议于1月24日在西安召开	未
陕西省教育厅与陕西联通签订战略合作框架协议	未
陕西省旅游协会导游分会第一届第三次理事会在我市举行	未
陕西省旅游协会导游分会第一届第三次理事会在韩城举行	未
陕西省暨西安市隆重举行122全国交通安全日主题活动	未
陕西省标准化研究院|省质量技术协会专家领导视察积木家	未
陕西省残联举办活动纪念第27个国际残疾人日华商报讯（记者 于震）12月3日是第27个国际残疾人日，省残联在西安举行纪念互动，今年的主题是赋予残疾人权利，确保包容平等。 今年国际残疾人日的主题将重点放在赋予残疾人权利，活动中省残联五大专门协会成员进行了联谊演出并开展了保障残疾人权益相关法律法规知识问答。 陕西省残疾人联合会党组书记相红霞说：党和政府始终把残疾人的冷暖疾苦放在心上，关心残疾人生活。发展残疾人事业，更是残联组织义不容辞的责任。国际残疾人日的设立，旨在促进人们对残疾问题的理解，动员	未
陕西省第十三届人民代表大会第一次会议于25日在西安召开	未
陕西省道路运输管理局 2018年陕西省道路运输应急保障集结演练 1018陕广新闻的微博直播 .	未
陕西省院士专家大讲堂活动在西安交大举行	未
陕西看点西康高铁明年开建 2023年投入运营西康高铁计划2019年开工建设，2023年投入运营。线路自西安东站南段引出，经西安市灞桥区长安区，商洛市柞水县镇安县，安康市旬阳县汉滨区至安康市高新区新建安康西站。西康高铁建成后，向北将与西安至延安高铁，延安至榆林高铁连接，向南将与安康至重庆高铁连接。正线全长约170公里，设计速度350公里/小时。（陕西发布）	未
陕西礼泉县袁家村：穷山村成为休闲金招牌	未
陕西老年权益保障培训会举行 "陕西仁义老人"受表彰	未
陕西西安户籍新政实施1年2个月 新落户人数超100万	未
陕西西安高新区下发科创板上市意向企业情况统计表	未
陕西这个城市将迎来高铁枢纽时代，它不是咸阳，也不是西安	未
陕西铁路春运预计发送旅客1500万人次 多个新方向首次投入春运	未
陕西镇坪县创新农村党建“三定三单两问”运行机制“拧成一股绳，战斗力更强了”	未
陕西预计2018年接待境内外游客逾6亿人次 全域旅游发展渐热	未
陕西高排放老旧车提前淘汰最高可获3.3万元补助	未
陕西黄龙坚持移民搬迁与生态保护相结合 力促协调发展	未
院士专家齐聚武汉共话磁浮发展 呼吁成为战略新兴产业	未
院士建议中国工程院编撰《改革开放40年中国工程志》	未
院士建议中国工程院编撰《改革开放40年的中国工程志》	未
院士来了第二集 中国电力机车之父 刘友梅：圆轨道交通强国梦他是中国电力机车之父，他是中国工程院院士，他是我国电力机车事业功绩卓著的开拓者和奠基者，他参与并见证了改革开放40年中国电力机车的发展，他就是刘友梅（中央广播电视总台你好台湾）网页链接	未
院士现场出题难不倒参赛小选手	未
院士疾呼：实施免费医疗有理有据，还给定了时间表！我支持！	未
院士给中小学生出题，“身边的科学”成热点，第30届金钥匙科技竞赛团体赛落下帷幕	未
院士谈“渤海海峡跨海通道总体建设方案”：最后选择全隧道	未
院子里下雪了么山水知道，你也知道。	未
院子里的雪好厚豁豁豁豁豁豁豁豁豁豁豁豁豁豁豁豁豁豁豁豁豁豁豁豁	未
院系动态丨贵工商工程学院领导走访看望工学交替实习生	未
院讯  加速康复外科（ERAS）建设经验交流会在我院召开	未
院讯  欢迎瓦里安的魏思韬到访我院	未
院运会幕后  他们默默用行动给你温暖	未
院长：你为什么上班戴耳机搞笑幽默趣闻 红人的诞生 V影响力峰会	未
院长论道 特色医院的发展之道，他们交了这样的答卷	未
院长话县域邱刚：卒中中心落实的三大必备条件	未
除了3D7D玻璃桥，这里还私藏着一个世外桃源！	未
除了6GB64GB版本，魅族16/16 Plus都有不同幅度的降价，最高直降200元，还香不香	未
除了zhuri还有谁有这能力	未
除了以速度之名，将跨界之作 OnePlus 6T 迈凯伦定制版一手掌握，被你搁置一边的「速度之书」更有玄机！ 没错！它，就是解锁你专属 F1 赛车的全速密钥！立刻启动，一起探索： 您有一台F1赛车，待领取。	未
除了价格便宜，平行进口车还有这些优势你都不知道！	未
除了会做饭，这件事情一样很重要哦	未
除了伟大，没有任何词能形容他	未
除了住高级酒店以外，怎样才能花合理的价格，体验有品质的生活	未
除了又老了一岁，这一年还收获了什么	未
除了喜欢你，我什么都做不好。。。影视剧里那些感动过我们的情话。。。	未
除了大佛，乐山大佛景区还有这几个地方值得逛，你去过吗	未
除了太阳能帆板还有什么？详解卫星三大能源系统	未
除了好好爱他，让彼此都更开心，我什么都不去考虑。	未
除了好好爱他，让彼此都更开心，我什么都不去考虑	未
除了学术，基层医生还需要这六大培训！	未
除了巴斯比爵士和弗格森爵士时期，曼联史上其实还有一段十分动荡，也颇具传奇的历史，它的掌舵人就是Tommy Docherty，人称Doc（大夫）。Tommy Docherty曾是苏格兰国脚，来曼联前指教苏格兰队。72-73赛季的曼联，在巴斯比爵士退休后的第二任主帅Frank OFarrell的调教下，深陷保级深渊。72年的圣诞节，曼联客场0-5负于水晶宫。巴斯比在包厢里直接向一起看球的Tommy Docherty发出了邀请，Doc的首个赛季还算及格，帮助曼联勉强保级（联赛倒数第4）。73-74赛季，Do	未
除了恩施玉露茶，瑚瑚还想给大家再安利一个恩施鹤峰的旖旎风光	未
除了懒，真的还是对写旅游攻略挺感兴趣的。要是真的让我当旅游博主，我也可以鸭要是可以我口述，人家帮我写出来就好了哈哈哈哈哈哈哈！喏，觉得日后有用就来转一转呗施沛岑carol	未
除了拼命赚钱，我们还能带给孩子什么	未
除了摄像头 更应该靠什么守护我们的孩子	未
除了故宫就是这儿！中轴线第二大建筑群新开放，这样预约	未
除了泉水，济南还有这些值得一看！	未
除了给前任们的话，A妹新歌MV还有更多彩蛋	未
除了美国 这些大国也出席一带一路论坛	未
除了美国 这些大国政要也出席一带一路论坛	未
除了美景，太湖边这家烧饼店，你也不能错过！	未
除了胜利我们别无选择：孟晚舟在清华大学的演讲	未
除了诗情画意，还有饕餮美食！想不到你是这样的芬兰	未
除了足球和探戈，你还了解阿根廷什么？ 来吧，《魅力阿根廷》告诉你更多！	未
除了铝制军火箱，大家还期待什么样的军火箱	未
除了音乐，每天花10分钟做这件事，能力会更强	未
除了骑龙坳云海，威远又现蓬莱仙境	未
除夕特价！小众线路极光之旅巨便宜！	未
除尘到底用那类除尘器好工作原理适用范围动图详解	未
除开穿楼轻轨，这里还藏着你不曾去过的折叠街巷和奇幻长梯	未
除房地产业务之外，安邦与远洋还将在投资、养老等领域进行合作	未
除此之外，本公司还可承接核潜艇维修空间站维护保养核反应炉清洗F22/F35/J20漆面翻新业务，欢迎咨询...	未
陨石伤人的最真实案例美国Sylacauga降落64周年纪念专刊	未
险！一男子雨夜瘫坐马路中间，虹桥民警暖心救助	未
险！民警巡逻遇小车四脚朝天翻进水塘， 路人助力紧急救援	未
险资又来了！举牌两大上市公司，国寿华夏全出手	未
险资四季度打新均配9000股 浮盈2305万元超同期券商6倍	未
险资首支驰援上市公司产品出炉 中国人寿专项产品完成登记拟募200亿	未
险！载有40名乘客的大客车在高速自燃	未
险！高速上大客车抛锚，24名乘客就在站在一旁	未
，陪伴上海46年，54岁，8个儿女，版纳走了1971年10月，征得原国家主管部门的同意后，上海动物园于云南西双版纳傣族自治州境内的深山密林寻捕野生大象。雌象版纳在这次活动中捕获。那一年，她约7岁。1972年5月，经过漫长旅途，版纳安家上海动物园。1974年，版纳情窦初开，与来自北京动物园初到上海的情郎八莫一见钟情。母象一般在一生中只生育到头小象，而版纳与八莫相濡以沫，生养了8个儿女，创下了亚洲象在国内动物园繁殖数量最多的纪录。11月24日，版纳突然站立不稳，倒地后昏迷不醒。11月25日，她的	未
陪伴了养生堂10年的老朋友程凯博士，今天再次做客养生堂。节目开始送给主持人悦悦一顶帐篷，可悦悦却觉得程博士偏心，昨个送给雅琪一个豪宅，今天送自己一顶帐篷。程博士说，这顶帐篷是搭在我们人体腹部的一顶长寿帐篷，上面有很多我们过去错过的健脾暖胃的穴位。对此，主持了10年养生堂的悦悦表示不服 ...全文	未
陪伴了我们14个年头，内江这家大型商业综合体挂出公告！这里肯定有你的回忆...	未
陪伴我们长大的康师傅换师傅了12月20日晚间，康师傅控股（0322.HK）公告，魏应州将于2019年1月1日辞任公司执行董事兼董事会主席职务。康师傅品牌的顶新集团创始人魏应州正式交棒给了第二代。1992年，第一碗康师傅红烧牛肉面在天津被生产了出来。你最喜欢吃什么口味的康师傅	未
陪伴是最长情的告白。	未
陪伴是最长情的告白	未
陪伴是最长情的告白 二人世界网页链接photo@飘妹	未
陪你一起路过成都	未
陪你最多的人还是你自己，所以做自己喜欢的人就好。	未
《陪你漫步这个世界》开机 印小天李诚儒上演翁婿大战	未
陪你走完了这一段路 我也变成你路过的路 从此人山人海，不再归来青慕	未
陪你过冬，全网最让人放心的热水袋在这里	未
陪你过冬天	未
陪娃写作业，妈妈考下教师资格证！孩子:我成功带出了一名人民教师	未
陪娃写作业，妈妈考到教师资格证！孩子：我成功带出一名人民教师	未
陪娃写作业，江苏妈妈考下教师资格证！孩子：我成功带出了一名人民教师	未
//@陪孟美岐长大:山支大队与你一起爱这个世界@火箭少女101_孟美岐	未
陪猴子的时间多于家人，最骄傲的是这个团队|专访克隆猴团队负责...	未
陪玩时间，不要只是手机ipad，分享这 9 种好玩的游戏，惆怅起来，和孩子一起互动吧！	未
陪老伴儿的最后一支舞詹韦最后一次对决 via@AceBang_	未
陪聊天 做理疗 有午餐这个家门口的养老日托太暖心	未
陵川一周身边事回顾！	未
陵川县2019年庆元旦文苑之声 诗歌朗诵会的通知	未
陵川家长注意！黄河少儿艺术团邀您参加免费公益讲座！还送万元豪礼......	未
陵川正能量@移动公司的徐大哥，这封感谢信您一定要收下！	未
陵川民政局寻找光荣的您！	未
陵水率先实现兼职法律顾问四级全覆盖	未
“陶冶户外”获途牛战略领投4000万元Pre-B轮融资	未
陶华碧和她的老干妈为何坚持“不上市”	未
陶喆借圣诞节晒妻子大肚照，即将升级做爸爸	未
陶喆平安夜晒妻子孕肚照：新成员来到我们生命里	未
陶文钊：中美关系正常化是改革开放重要环节	未
_//@陶浪者:扩散帮寻清洲帮寻人等着我随手转发让爱回家	未
陶渊明笔下桃花源惊现，美哭一众永康侬	未
陶然亭水兵舞基本步	未
陶然美地领秀城鹏源华府等多地12月将停电！	未
陶瓷行业原料化工设备供求资讯集锦（2018.11.24）	未
陷入交易流言的波普成为湖人最出色的球员！其他人都在梦游四天三战确实太辛苦了！NBA	未
隆化推进廉政文化下乡	未
隆回人可以领取电子身份证啦！可办理酒店入住登记隆回人可以领取电子身份证啦！可办理酒店入住登记	未
隆回北面将新建一所大型公立学校，可提供1000多个免费学位！	未
隆回县六都寨镇石湾村后山，七彩斑斓美如仙境	未
隆回多座山峰出现云雾奇观，犹如仙境！	未
隆回电视问政县环保局，饮用水水源地环境问题突出！	未
隆回这条烂路，现在终于开修了，即将完工！	未
隆回这里来了一群澳门人，是什么吸引了他们	未
隆回魏源湖国家湿地公园惊现国鸭中华秋沙鸭	未
隆基总裁李振国：十年内“光伏+储能”将成为最便宜的能源	未
隆尧11月17号11月24号本地生活信息	未
隆尧这位老乡回家办厂  带动乡亲们脱贫致富！	未
隆平高科拟入主广西恒茂和江淮园艺	未
隆德城关镇某村民主动退出贫困户，令人敬佩！	未
@隆昌人：知艾防艾，这个宣传很重要！	未
隆盛至遂宁快捷通道：这个小车和护栏合体了，牢牢滴！	未
隆福书院  佛学讲座                                   《法华经》讲解（三十七）	未
隆达罗西在现场秀中使用超人飞拳，致敬罗曼雷恩斯！	未
隆重介绍一下杨立瑜和刘若钒的启蒙教练，就是画面中这位石蒙教练，明天请大家关注稿件，非常有趣的采访。//@李璇R9: 哈哈哈，猜对了，杨立瑜小时候看着像个小胖子，但他教练说，他没啥肉儿，就是脸圆//@紫鱼TINI-: 回复@李璇R9:前排左二鸭 就是长大了没咋变样啊//	未
随便捡！1000份零食大礼包全城散落，还内藏200元现金红包！捡到就是你的！	未
随便给我一辆就好。。蝙蝠车勉强就行 搞笑趣事	未
随便领一下晚饭钱就省了，周六了又都是大的红包，12月还有机会最高领1212！打开直福宝首页搜索527770093 ，说不定就领个大的！	未
随和，是一种素质，一种文化，一种心态。	未
随和是素质 ，低调是修养	未
随处公益 随手公益	未
随处公益，随手公益。@TFBOYS-易烊千玺	未
随大贤彻悟，立为学根本	未
随州8个湖北森林城镇美得不要不要的！	未
随州今冬第一场雪终于来了！连下4天！最低温只有6	未
随州召开全市宣传思想工作会随州日报社获全市唯一互联网新闻信息服务许可证（30条）	未
随州有车族别错过！油价有望在本月14日继续下调	未
随影南开 南开园里的童话世界天越来越冷了，NKUers记得添衣服哦童话世界地址：津南校区图书馆北门下	未
随影南开 有没有曾经遇到过一处让你怦然心动的路名呢分享一下是在何处看到的什么路名吧！我先来月异道南开大学	未
随影南开 用胶卷留住南开之秋（图via@美好事物记 ）	未
随影砥砺 再筑辉煌  机械工程学院记者站举行第七届换届大会	未
随手	未
随手传递正能量	未
随手公益，为他们送去一份书香	未
随手公益，随处公益，尊重环卫工人，就是尊重自己，更是爱护我们的地球！	未
随手写拍有奖！照片征集，晒出家乡的冬天！	未
随手参与下//@阿啾真的很nice: 搓搓手，赶紧上末班车//@爱拆快递的安妮: 下午开啾！	未
随手安利一波首页划重点：免费学日语	未
随手打开eshop，我买爆玩爆！	未
随手拍三包面摄影技术真好啊	未
随手拍信阳 冬日荷塘。图/王玉璞 摄于郝堂	未
随手拍天气 小编头顶的太阳长这样，泥萌的呢欢迎咂图show粗来	未
随手拍天气 据网友@一梦等七年20901 消息，今天上午灌阳福星村下雪啦！@桂林气象 @灌阳气象 你们可以去堆迷你雪人咯	未
随手拍实拍尉氏道路上的这些人，街头有你们很温暖！	未
随手拍广州	未
随手拍广州 一颗咸蛋黄	未
随手拍广州 下午没什么雨了，大家可以出去溜达溜达哦	未
随手拍广州 夕照	未
随手拍广州 天气君猜会有很多小伙伴们帮忙拍的欢迎美图砸过来啊	未
随手拍广州 好靓的fafa	未
随手拍广州@广州天气  花花世界！	未
随手拍广州 最近路边两种花正争相盛放洋紫荆 or 异木棉你更爱哪一种（图片来自@紫竹mocha @小颖爱捣蛋 ）	未
随手拍广州@番禺天气 @广州天气 今日天气太好了，适合郊游	未
随手拍广州 盛放的异木棉//@doctor小慧: 全城的异木棉盛开得很灿烂查看图片	未
随手拍广州 看到外面出了点太阳，明明是值得高兴的事情，小编突然有点方	未
随手拍广州 [米奇比心][米奇比心]	未
随手拍广州 这组照片看得人心旷神怡	未
随手拍拍三包面摄影技术真好啊	未
随手拍校园一条路走出一种情，此路无尽，此情绵绵！残阳如血，暖红了飞院的傍晚@中国民用航空飞行学院	未
随手拍校园邂逅烟台的第一场雪，流年暮，凌霜肃，寒梅傲立，北风温茶，晴阳恰逢冬雪，在滨医最美好的日子里，踏雪遇见你戳链接看滨州医学院冬日全景 @滨州医学院共青团 网页链接	未
随手拍浙大 春花秋月，夏日清风，冬季暮雪，浙都是我爱的样子。via.@-Chancell0r-	未
随手拍湖大休闲一刻 湖er们知道这些神奇动物是在湖大什么地方吗	未
随手拍 西安城墙春节灯会展示展品正在制作中（图自：华商论坛网友quot所欲随心quot）网页链接	未
随手拍还是大城市热闹。 徐州徐州市滨湖公园	未
随手拍黑咕隆咚的铁路北街，路灯亮啦！	未
随手提醒首页//@江南大野花:好没骨气哦//@M大王叫我来巡山:助力倒闭//@天涯历知幸:是的鸭//@阿花花酱:除了部分人记性不好，更大的原因是很多人压根就不知道这件事儿或者说这个牌子。所以我们要帮忙扩散，让更多人知道鸭	未
随手点个赞，这个小ck很快就开了	未
随手点赞就行，关注@Tiffany王大艺！最火的椰子球鞋 不拿走非常可惜还有1000元现金	未
随手解救万州单身男女 @老鼠和猫恋爱了 北山坐，男，28岁，身高170，爱好看楼脚，高速上班，家庭没K低保，没得万把块，工作还是稳当，互相能对眼，认真的，认真的，认真的来相亲，看得上等你撩我。	未
随手赞个原博！6666明天打给你	未
随手转发	未
随手转发正能量	未
随手转发正能量//@开水族馆的生物男://@儿科医生崔咏望:加油	未
随手转发正能量暖[给你小心心][给你小心心]	未
随手转发正能量//@林六月://@江南大野花:感动 温情//@所木://@井上敏树厨://@月岛白子的传说://@就汤://@__橙三岁://@鹿巻:温暖//@北境魚卷://@y双海_求一切顺利://@空巢老精 ://@瓶仄相邪 :哇！	未
随手领个夜宵走595196952	未
随搜酷去缅甸（仰曼蒲）古迹探秘之旅：蒲甘伊洛瓦底江边的神奇寺庙（云游系列之366）	未
随搜酷去缅甸（仰曼蒲）古迹探秘之旅：蒲甘柚木寺（云游系列之367）	未
随搜酷去缅甸（仰曼蒲）古迹探秘之旅：蒲甘纳明特观光塔（云游系列之370）	未
随搜酷去缅甸（仰曼蒲）古迹探秘之旅：蒲甘菲莫斯酒店和门前的偶遇（云游系列之365）	未
随时随地笑容满分的姜丹尼尔，让人不自觉地跟着嘴角上扬	未
随机喊停 再捉10个小可爱 100（今晚开哈）	未
随机喊停 捉5个小可爱 200	未
随机喊停 捉5个小可爱 500	未
随机点开一个 转发今年就会实现！	未
随滑翔伞上天，体验飞行的妙不可言	未
随着Jensen和CoreJJ的到来，TL战队实力进一步加强成为NA的头号Boss，但是新队友初到队伍似乎学到了一些不好的东西。Doublelift将自己不务正业的能力传给了队友，并遭到主教练的控诉。TL教练：Doublelift真是给他的新队友带了一些不错的影响啊图中Doublelift正带着他的左膀右臂玩其他游戏，此前大师兄也多次在推特表示自己常玩其他游戏，比如他钟爱的魔兽世界。甚至在全明星赛的间歇期还用现场的电脑玩了一下。英雄联盟	未
随着京滨京唐高铁全线开工，他们用自动化服务京滨高铁！	未
随着冬游西藏的推广再加上优惠的机票，会不会有人打破常规的海岛之旅呢	未
随着小雪节气的到来，气温不仅没降反而出现了冬日暖阳，百合花醉蝶花菊花等竞相绽放。本周适合去哪儿赏花拍照呢点开图了解一下[Aloha]	未
随着平成归流，这届日本黑道已基本完成了社区化改造，成为了社工的有力补充，随着老龄化加剧，这波mafia目前都已临近退休，有时候漏尿都兜不住，还指望他们去解决问题//@屁股专业户条咩咩重于泰山: 转发微博	未
随着时代的发展，车不再是一款简单的交通工具，它可以是你的挚友你情感的寄托你倾诉的对象，实力派都市SUV骁途是你幸福生活的助推器，它搭载全触控数字液晶显示屏发动机启停系统和7扬声器剧院式高保真立体音场等丰富配置，让出行变得更有趣，带你发现生活中更多快乐与小惊喜。	未
随着气温的不断下降，上海迪士尼度假区的秋色景观渐入佳境并进入集中观赏的最佳时期，万株季节性花卉和树木在园艺专家们的精心照料下，也散发出别样的秋日浪漫气息温暖的阳光为枝叶洒下一片金黄，花草树木在和煦的秋风中姿态飘逸，正是游园的最佳时节踏入上海迪士尼乐园，米奇大街奇想花园被斑斓 ...全文	未
随礼6.66元喝了4瓶五粮液 带走2包中华重庆杨先生今年五月婚礼，大学时几个室友都来了，大家很尽兴，结束时发现8个人竟喝了4瓶五粮液，小李临走时还拿走2包中华杨先生给大家订的都是五星级酒店，可回到家后，杨先生手机收到小李的红包，竟只有6.66！家人劝他，或许小李喝多了，把666元错发成了6 ...全文	未
随礼6.66元喝了4瓶五粮液 说实在的，没有白吃白喝白拿还就算不错了有一种人专门蹭吃蹭喝蹭拿的，蹭公家的，在称为会虫蹭私人的，各地叫法不同这种人，只要逢年过节遇上好日子，专上大饭店蹭吃蹭喝蹭拿，所谓无耻，也不过如此了！至于话题中随礼6.66元的这种人，还不如上面的无耻之徒，白吃 ...全文	未
随礼6.66元喝了4瓶五粮液 说实在的，没有白吃白喝白拿还就算不错了。有一种人专门蹭吃蹭喝蹭拿的，蹭公家的，在称为会虫蹭私人的，各地叫法不同。这种人，只要逢年过节遇上好日子，专上大饭店蹭吃蹭喝蹭拿，所谓无耻，也不过如此了！至于话题中随礼6.66元的这种人，还不如上面的无耻之徒，白吃白喝白拿的人和事主不认识，便宜占了就占了，随礼6.66元的人，却是打着朋友的名义，干着坑朋友的事，这就不是无耻而是用心险恶了！	未
随笔：我是探索火星的“洞察”号	未
随缘给微信	未
随胜景去河南焦作：万仙山挂壁公路和郭亮村（云游系列之371）	未
随警直播以来，酒精含量最高的是他！竟然达到了......！	未
随食而跑  攻略最有味的老街，走进旧时光的腔调里	未
隐匿在繁华商场背后的小店，藏着阜阳人都爱吃的老味道！	未
隐匿在繁华深处的这些老街，是另一番藏不住的生活气息	未
隐居的世外桃源啊	未
隐形门案列，有这方面想法的可以马住哦！	未
隐私遭泄露！超实用个人信息保护手册万豪5亿客人信息或泄露，在互联网高速发展的今天，我们该如何保护自己的隐私酒店入住登记航空公司机票退改签，都有可能成为不法分子的惯用手段，以下9图，教你保护个人信息安全为安全，转发提醒！	未
隐秘在江南的喀纳斯大美景色居然在宁波鄞江卖柴岙水库水杉林，湖光山色，层林尽染。	未
隐秘王国流浪猫救助专项基金资助高架猫第一针疫苗！	未
隐藏在小山村里面的一代武学宗师，与老伴常年隐居深山中！	未
隐藏在河北古老村落的“七汲全羊宴”：传承百年 肉香汤鲜	未
隐藏在美声圈的他其实是个彩虹屁高级学者！	未
隐藏在英国小镇中的一座粉红小房子设计工作室 Office SampM	未
隐藏在莱阳市区的古典范儿餐厅只有资深吃货才知道..	未
隐藏彩蛋了解一下。	未
隐适美了解下 微博视频	未
隔三差五和闺蜜去逛逛街看看电影每天精神饱满的工作下班运动健身看书泡剧听听歌心情不好就和朋友去吃烧烤喝啤酒唱个K半年或者一年去一次旅行放松心情没有烦恼没有压力没有时间让自己胡思乱想这就是我现在所期待的生活	未
隔壁家的主页君，真是不容易呢！一颗DARS巧克力，每天都是甜甜的DARS日。转发关注@康佳冰箱洗衣机 @Morinaga森永 ，20抽一个人送DARS巧克力2套（有四种口味哟）	未
隔壁@龙族幻想手游 的小编好客气噢，第一次来还带了见面礼：关注@龙族幻想手游 和@腾讯动漫 ，转发抽10个小伙伴平分1000Q币但是这个全网首个AI运营怎么这么喜欢卖萌啊每句后面带个[  _  ]是会萌一些吗那我以后每句话都带gt3lt可好	未
隔夜外盘原油大幅反弹 国内原油期货开盘涨停周四（12月27日），隔夜外盘原油大幅反弹，国内原油期货开盘涨停。美股温和反弹，市场风险偏好有所提升，油价强势反弹。在原油的拉动下，其他工业品普遍走升，燃油甲醇涨超4，沥青涨近4，焦炭PTA聚丙烯乙二醇等涨超2。隔夜外盘原油大幅反弹 国内原油期货开盘涨停	未
“隔夜酒”也能查出酒驾？交警：酒后歇24小时更稳妥	未
隔着屏幕都想流口水  我县举行客家菜师傅工程启动仪式	未
隔着屏幕都闻到了浓浓的香气，看馋了人均130万美元年终奖微博视频	未
隧道里的夜行者，今天的第一个赞，给他们！	未
隼先生被困大楼顶层玻璃夹层中，暖心大叔奋力解救！	未
难以抵达却值得追寻的诗与远方 “世界屋脊的屋脊”阿里纪行	未
难以置信	未
难在哪、怎么看、如何转？制造业高质量发展要形成合力	未
难得一见！一条河上布满“冰煎饼” 动画揭它们如何形成？	未
难得一见的雪中花，美到心醉！	未
难得一见的非花瓶型骑警训练：1967年苏格兰场老照片	未
难得，北京可以一起承受bei群殴之乐一图加入蓝天战队查看图片	未
难得回家一趟也都在工作，早早的就跑来苕溪收鱼 杭州  瓶窑镇	未
难得昨天看了球以及下半场3:1之后才明白原来曼联的球衣并不一定是红色的	未
难得的没有打架堕胎车祸的青春片	未
难得糊图//@梧桐肉:无糖茶味很香啊//@神奇的甲方:心里好过//@啾咪鸭鸭:图个自我感动//@梨园西池水:图个吉利了//@三吼君:哈哈哈哈哈哈哈哈哈哈哈哈//@两百斤萌妹:图个心安理得	未
//@难得糊涂_nan: 转发微博	未
难忘的2018//@神经兄弟: //@恋爱日记馆: 你们最难忘的事是什么呀//@热门评论: 2018发生了好多事 好多大佬都逝世了。。	未
难忘的童年，这些野果99.9的都江堰人都吃过！	未
难忘老知青，这些是否是你我共同的心声	未
难抵抗议浪潮？法媒：法总理将宣布暂停提高燃油税	未
难抵抗议浪潮？法总理将宣布暂停提高燃油税	未
难能可贵！万载患癌老人拾金不昧，身疾家贫品德高！	未
难起标题系列好大一块玻璃	未
难过的的时候，会越来越难过，开心的时候的时候，也只是一瞬间而已。	未
雀宝事一般班里最帅的几位都在最后面	未
雀宝事从校服到婚纱	未
雀宝事女生打起架来其实更有气势	未
雀宝事我就问你一句，蜜蜂好玩吗	未
雀织 奶奶装加厚棉服 59起L到5XL码数都有！！！现在天气冷了，温暖都要及时带到，毕竟不能经常陪伴他们再有两个月就过年了，可以当新年礼物买给奶奶或外婆呀，她们都会超开心呀！！	未
雁归有时，潮来有汛，惟独明月不再升起。书屋环游记 穆斯林的葬礼站读懂时光 读懂爱	未
雁荡山风景旅游管委会到我委开展信息工作交流调研	未
雄县人速看，发钱了！人人有份！	未
雄县又一乡镇上榜！	未
雄县来往安新容城，后天通班车，票价8元随便坐！	未
雄安2050年预计人口达千万 人才状况比肩旧金山	未
雄安2050年预计人口达千万，人才状况比肩旧金山	未
雄安三县6工程项目招标	未
雄安三县6工程项目招标，含雄县第三高级中学建设项目	未
雄安制度创新：用人薪酬参照或高于北京 住房租售并举	未
雄安加快环境问题治理，项目落地利好治污企业	未
雄安“千年秀林”建设时间表：明年将达61万亩	未
雄安将新建一所“三星级”标准高中，投资5.1亿元	未
雄安开会了！容东征迁建设将有时间表，户籍改革有新举措	未
雄安新区606个纳污坑塘完成治理	未
雄安新区606个纳污坑塘完成治理，将因地制宜实施生态修复	未
雄安新区再上央视，容城老百姓可是有福了！	未
雄安新区各村，村容村貌这样可还行	未
雄安新区国家水环境技术转化体系构建与综合示范课题启动	未
雄安新区城市物联网智能管控工程研究中心获准筹建	未
雄安新区建设债现身 期限最长达30年	未
雄安新区早餐京雄城际铁路雄安站开工建设，外观曝光韩国世宗市政府代表团访问雄安新区	未
雄安新区早餐清单：看看哪些单位对口帮扶雄安38名督学代表今起上岗 雄县启动社会化督导工作	未
雄安新区早餐雄安投融资论坛召开雄安新区三县全部通班车！	未
雄安新区这里干的热火朝天！	未
雄安新区这项工作正在高质量实施中......	未
雄安新区鞭友联合会成立了！	未
雄安新项目正式开工，年内完成！	未
雄安板块个股大幅分化	未
雄安概念股异动拉升，创业环保、汉钟精机等个股均有拉升	未
雄安水环境示范课题启动，关注污水处理企业	未
雄安火车站开建！预计2020年底投用	未
雄安火车站开建！预计2020年底投用12月1日，北京至雄安新区城际铁路雄安站开工建设京雄城际铁路北起京九铁路李营站，途经北京大兴区北京新机场河北省霸州市至雄安新区，线路全长92.4公里，全线设黄村新机场固安东霸州北雄安5座车站雄安站是其中规模最大的新建车站，站场总规模为11 ...全文	未
雄安火车站开建！预计2020年底投用12月1日，北京至雄安新区城际铁路雄安站开工建设。京雄城际铁路北起京九铁路李营站，途经北京大兴区北京新机场河北省霸州市至雄安新区，线路全长92.4公里，全线设黄村新机场固安东霸州北雄安5座车站。雄安站是其中规模最大的新建车站，站场总规模为11台19线，建设工期24个月，预计2020年底投入使用。该车站建成投产后，雄安新区可直达北京天津石家庄等京津冀主要城市，连接华中华南西北西南东北等不同地区，实现雄安新区与北京天津半小时交通圈，与石家庄1	未
雄安火车站开建，预计2020年底投用1日，北京至雄安新区城际铁路雄安站开工建设。线路全长92.4公里，全线设黄村新机场固安东霸州北雄安5座车站。雄安站是其中规模最大的新建车站，预计2020年底投入使用。该车站建成投产后，可实现雄安新区与北京天津半小时交通圈，与石家庄1小时交通圈。	未
雄安站今天开工！预计2020年底投入使用今天，北京至雄安新区铁路雄安站开工建设京雄城际铁路线路全长92.4公里，全线设黄村新机场固安东霸州北雄安5座车站雄安站是其中规模最大的新建车站，预计2020年底投入使用未来，该站可实现雄安新区与北京天津半小时交通圈(新华社)	未
雄安站今日开工建设 预计2020年底投入使用(图)	未
雄安这里好大的工程！	未
雄安这里开始施工啦！	未
雄安高铁站昨天开工建设！2020年投入使用！	未
雄鹰拥有的是拼搏的幸福，而我们所拥有的是什么样的幸福呢?小时候的我们，能每天都吃好吃的糖果切尔西，五大联赛，英超， 中超，法甲，德甲，意甲，西甲，皇马，拜仁，阿森纳，nba欧足联，曼城，利物浦，曼联，女足，c罗 生命有消逝的时候，当秋风一来，落叶满地，当午夜一过，昙花谢去，可谁能说，它们的	未
雄鹿球员埃里克布莱德索在谈到韦德第四节最后关键时刻的两次跳投，说道：我们防守得已经很好了，但韦德还是那个韦德啊。quot	未
雅俗共赏的金牛座	未
雅典国际机场发布微信小程序 为中国游客提供快捷指南	未
雅培六大业务负责人齐聚，畅谈医疗前沿科技的现在与未来	未
雅安人民盼通车，天天都来看进展	未
雅安芦山：“浴火重生”的“希望之城”	未
雅安限量圣诞趴门票，价值10000圣诞礼物等你来领。	未
雅尼斯培养本土球员初见成效，他们才是改变这个联盟的人	未
雅尼斯这样激励队员把胸口给他们！去顶去撞！北京赢球靠的是决心 昨晚比赛第三节，北京队一度处于落后，主教练雅尼斯主动请求了暂停。我们不能再让对手在内线得分了，我们内线的球员必须站出来，甚至是把胸口给他们，去顶去撞，不能放松，你要给出你的一切去拼去抢。雅尼斯朝队员嘶吼着，重要的是你的决心！	未
雅思词汇学习：圣诞相关词汇Christmas Eve平安夜midnight mass子夜弥撒Christmas season圣诞节日feast大餐snowman雪人Christmas recess圣诞停业放假期间ornaments装饰物evergreen garland用常青树枝编的花环cellophane玻璃纸sleigh bells雪橇铃mistletoe槲寄生shopping spree疯 ...全文	未
雅拉香波神山，居然仍是西藏秘境	未
雅拉香波神山，居然仍是西藏秘境丨独家首发	未
雅昌专稿  冀少峰：和谐就是力量	未
雅江力量青年榜样在哪里这里！一抓一大把！	未
雅诗兰黛小棕瓶SK-II神仙水...免费送！春熙路这家百货难道要清仓了	未
雅阁混动和INSPIRE混动版，怎么选	未
雅马哈YZF-R120周年纪念版限量	未
雅魅秀！贵州有的不止是山水，这些表演更令人如痴如醉！	未
雅鹿 男士打底裤2条69到手100含羊毛，加绒加厚的，冬天穿上不怕冷，自己穿或者给爸爸都不错！！	未
集中力量！中国石油多路筹措资源保冬供	未
集中海底捞//@凯撒蓝护卫队:有进步 现在目标2000 速度再快点集中捞	未
集休闲观光文化体验于一身！嘉定这个村庄的规划草案正在公示中	未
集休闲观光文化体验于一身！嘉定陆渡村规划草案正在公示联系各区嘉定的小伙伴们知道陆渡村么这个村庄位于嘉定工业区北端，东部紧邻嘉定区华亭镇，北隔老浏河与太仓市陆渡镇交界。@上海嘉定 说：《上海市嘉定区工业区陆渡村村庄规划（2017-2035）》草案已经基本确定，正在公示中噢。详	未
集体为梦想窒息	未
集体婚礼招募！免费亲子游报名！约吗赶紧戳进来！	未
集体建设用地入市 土地制度改革迈出重要一步	未
集体建设用地有望直接入市！重大突破来了，如何影响土地供给？	未
集合竞价来看，两市涨停3只，跌停2只，两市红盘620家，空方占绝对优势，沪深两市双双跳空低开，部分次新股，创投类相对强势。财经V峰会 辉声辉色论涨停	未
集合竞价来看，两市涨停5只，跌停5只，两市绿盘600余家，红方占优势，沪深两市双双高开，部分次新股，ST，5G相对强势。财经V峰会 辉声辉色论涨停	未
集团快讯国星生化志愿消防队技能训练圆满完成	未
集团要闻三门峡市政府领导来红太阳交流考察	未
集团要闻宁波市商务委主任杨茂印来世界村智慧农贸考察	未
集团要闻马鞍山市政协调研组来国星生化参观指导	未
集安市又进入国家级评选大名单	未
集客经营智能家居代理商应如何进行体验营销	未
集思广益！专家组团 为四川长江生态环保修复驻点工作献智囊妙计	未
集思广益！仙湖体育乐园规划设计竞赛Action，速来报名！	未
集思网——为何能成为国内最受欢迎的有偿问卷调查平台？	未
集成电路线宽小于0.25微米或投资额超过80亿元、线宽小于0.5微米（含）的集成电路生产企业名单 2016年第24号公告	未
“集报大王”10万份报纸见证改革开放40年	未
集结号！12月8日，蓬溪二十多个乡镇成百上千人将涌向蓬溪阳光城广场...	未
集结完毕，开战！	未
集美·阿尔勒国际摄影季启幕 发出摄影创作“中国声音”	未
集装箱班轮航线首航，这家公司开启新征程	未
集贤县多形式学习十九大精神	未
雌雄同体，超越性别的美	未
雍正学赵孟頫，怎么样	未
雏形初现，这条路建成后将衔接玉湛高速与玉林城区路网打通，预计明年建成通车	未
雏鹰农牧：11月份生猪销售收入1.36亿元	未
雒树刚：游客满意度不高，旅游业转型升级的目标就不可能实现	未
雒树刚：高度重视“藏医药浴法”的保护传承	未
雕塑文化艺术节落幕，24件作品永存洋湖国际雕	未
雕塑，是城市之魂，凝聚了这个城市的历史与文化。重庆建川博物馆景区内的雕塑，既有历史风貌类的，也有民俗文化类的，它们以永久性的可视形象让每位前来参观的游客沉浸在浓重的文化氛围之中，近身感受到这座城市的艺术气息与精神脉搏。	未
雕牌洗洁精，用效果征服世界	未
雙12新品發售！限時8折包郵XPX ， CATXMAN 兩店跨店滿減！滿額送禮，勿失良機大家可以提早加入購物車， 雙12零點準時開搶！XPX : XPXTEAMCATXMAN : 网页链接	未
難得下廚做菜給孩子和家長吃因為很多弱勢家庭在春節期間，都沒能力好好吃一餐團圓飯！希望號召大家一起幫助弱勢家庭，認捐一桌1000元RMB的團圓飯！讓弱勢家庭也能感受到來自社會的溫暖！期盼各界熱情參與，踴躍小額捐款支持「寒士吃飽30」，圓滿一頓愛心宴。劃撥帳號：12238589創世基金會(註：吃飽小組) 愛心專線：(02)2835-7700分機9。	未
雨下的那么大，下的那么认真	未
雨中疾驰1320秒！与时间赛跑，秦皇岛交警开辟生命通道让生命延续	未
@雨中的旋律84：刘园地铁站新开了一个进站口，为了不让乘客过安检的时候在凛冽的寒风中等候，为天津地铁点赞！	未
雨中的校园原来这么美！快来看看有没有你的熟悉的景色吧探索上海已经下了一个礼拜的雨，你是不是已经有点烦了其实在雨中漫步，也为我们营造出一种诗情画意的氛围平时里熟悉的景物，在烟雨朦胧中呈现出不一样的风采跟着小布去申城的25所高校，领略校园中的七彩雨景吧！	未
雨中落叶美了朋友圈 累了环卫工	未
雨公山森林公园最新进展！赶紧戳进来	未
雨区已在西北部一带耍流氓，而揭阳的气温居然如何优秀 超凶降温难道要止步于潮汕地区	未
雨后会有彩虹，暴风雨后会有宁静，黑夜之后会有黎明，而结束之后会有新的开始。 点赞要么恋爱 要么暴富	未
雨后初晴，宿迁拥抱冬日暖阳……	未
雨后天晴，山风乍起，日出云海，群峦山岭如同一座海中仙岛，掩映在波涛之中！徽州长陔岭。@村里人yf 微奇观 醉美随拍	未
雨后的东京迪士尼夜景	未
雨后黄山现罕见“瀑布流云”奇观	未
雨夜的广州，温暖的路人。	未
雨夜里的ToryBurch圣诞亮灯仪式，静安嘉里中心的节日气氛是越来越浓啦 ps：雨夜是真的冷，宋祖儿是真的美 上海上海静安嘉里中心	未
雨天夜晚的窗户仿佛烟花绽放	未
雨天小车爱冲浪，跟车太近出洋相！	未
雨天开工冲鸭 衬衫：宝贝详情帽：宝贝详情裙：宝贝详情大衣：宝贝详情 香港	未
雨天最萌身高差！这位1米74的富阳美女大学生火了	未
雨天路滑货车栽入山坡下 赤壁消防成功处置(图)	未
雨山铺的农村老家的美味，看得口水流一地！	未
雨林越野江畔赏花 海南昌江约你共度黄金旅游季	未
雨水君”来了，气温微升！上海今阴有雨最高气温10℃	未
雨水来了，空气好了，你要的信息我这里都有	未
雨水进发动机啦！怎么办怎么办	未
雨碌乡最长寿女老人，103岁依然精神矍铄！	未
雨神同行与神同行艾蜜丽的五件事林子闳艾蜜丽的五件事	未
@雨花人，接到这个电话，你已成为大美雨花代言人！	未
雨花台区六轮巡察推动600多个问题整改	未
雨花台红色文化研究院揭牌	未
雨花英烈主题红色文艺作品在中国文联展出	未
雨花英烈文艺作品在京展出	未
雨补鲁：百花争艳，观赏正当时！兴义网	未
//@雨谷花:这样的展馆都是图片多于实物，增强展馆实物，增加室外实地实景旧址旧物旧屋子线路，注重互动和餐饮住宿，餐饮住宿是博物馆带动周边经济发展的一个功能。	未
雨路科教学历教育2.0，内容与技术的结合	未
雨雨雨堵堵堵，滦南街头堵车和下雨天更配	未
雨雪冰冻天气来袭！武汉交警：这91处路段易结冰！12月6日，武汉迎来今冬第一轮雨雪冰冻天气。武汉交警发布全市易结冰路段及部分道路绕行建议，详情戳下图雨雪来袭，出行前做好安全检查，行车时注意安全驾驶。雨雪冰冻天气来袭！武汉交警：这91处路段易结冰！	未
雨雪冰冻 挡不住抢修人员的脚步	未
雨雪“大礼包”将至  这些行车的安全要点别错过	未
雨雪天上高速，请您谨慎驾驶！今天凌晨，岳武高速全线大雪纷飞，有三车追尾，经高速路政紧急救援，目前道路恢复通行。雪天高速三车追尾 路政紧急驰援	未
雨雪天路滑，老人们注意安全//@平安武昌: 汉警微镜头 好人好事	未
雨雪天，车辆驾驶小心慢行，注意防滑。为交警叔叔点赞//@十堰晚报: 为蜀黍点赞！	未
雨雪无阻，今日上午多场马拉松在南方同时开跑	未
雨雪来袭，九江二大队提醒你安全出行！	未
雨雪来袭，多地都在降温，不过好在有暖气相伴，暖气虽暖，但我们也要警惕身边的暖气综合症，戳图get via河南气象	未
雨雪模式即将开启，摔倒时用这样的姿势关键时刻能救命！	未
雨雪波及23省份 河南湖北等暴雪或破极值	未
雨雪结束寒冷却不停 武汉等地再创今冬气温新低预计今天起至15日，全省大部地区都将以多云天气为主，高温会回升至4至8之间但受新一轮冷空气南下影响，加上转晴后的辐射降温和风力加大，大部地区低温会跌破0而武汉有望再次刷新今冬气温新低，预计12日低温只有-4大家注意保暖啊！ ...全文	未
雨雪结束寒冷却不停 武汉等地再创今冬气温新低预计今天起至15日，全省大部地区都将以多云天气为主，高温会回升至4至8之间。但受新一轮冷空气南下影响，加上转晴后的辐射降温和风力加大，大部地区低温会跌破0而武汉有望再次刷新今冬气温新低，预计12日低温只有-4。大家注意保暖啊！@湖北天气 雨雪结束天气转晴 武汉等地再创气温新低	未
雪！！！！！！！！！！！！！！！！！	未
雪下的那么深，下的那么认真	未
雪下的那么认真	未
雪中加强特巡 确保电网平稳运行12月10日凌晨，曹县迎来今冬的第一场雪，伴随而来的大风吹得人直打寒颤。@国网曹县供电公司 就组织工作人员冒雪对城区内线路及电力设备进行特巡，十余名工作人员分成3个巡视组踏着积雪，对城区多条重点线路和设备进行巡视消缺，增强电网御寒能力。	未
雪中巡视保供电 体验不一样风景12月5日，新泰下起了入冬来的第一场雪。@国网新泰市供电公司 输电班巡视人员第一时间出动，对110千伏翟青线进行巡视测温，检查金具瓷瓶线夹是否完好。在一片白茫茫里的那抹蓝色，他们用心守护，确保线路的安全运行。	未
雪中清赏	未
雪中特巡保供电10千伏710线是昆嵛山电视转播台抽水储能电站用户的电力生命线。12月8日，@国网威海市文登区供电公司 工作人员对线路设备的连接点电缆头开关变压器等关键部位进行测温，有效维护了710线路的安全稳定运行，为用户的电力供应提供了有力的保障。	未
雪中特巡保群众用电无忧12月7日，文登迎来2018年第一场雪。@国网威海市文登区供电公司 迅速组织人员对所辖线路及变电站开展雪中特巡，对发现的缺陷隐患，及时记录处理，密切监视电网运行情况，确保低温雨雪天气下设备的安全运行。	未
雪中特巡保采暖供电12月5日下午，曲阜今冬第一场雪如期而至。为保证居民温暖度冬，@国网曲阜市供电公司 工作人员冒雪巡视110千伏薛村变电站，仔细检查设备运行情况，防止冰凌引发设备闪络，全力确保电力可靠供应。	未
雪中特巡 保障供电12月11日，青州大地，银装素裹。@国网青州市供电公司 针对降雪天气，立即组织开展设备巡视测温检查，及时掌握电力设备安全运行状况，确保迎峰度冬可靠供电。	未
雪中的哨位兵！ 微博视频	未
雪中的莫斯科有多美，只有去过童话世界的人才敢评论	未
雪中的这群女兵，太调皮了话说新兵训练已经接近尾声，参训之时，女兵各个巾帼不让须眉，那平时我们女兵脑洞大开的时候，会有哪些创意呢让我们跟随镜头，一起走进新疆军区某红军团新兵营女兵班，来感受一下她们的创意风采（中国陆军）	未
雪之华-中島美嘉 又到了银装素裹，千里冰封的漫长冬季。这次，我摒弃了流行却浓厚的红棕色眼影，用纯净的银灰色带来不一样的清亮妆效。独一无二的你，自有仙气。冰雪女王妆视频预告，明天我们一起来解密奇幻仙境。	未
雪之旅Fabian Huebner	未
雪乡丨这里已经下雪了，即将成为一个童话世界	未
雪乡之夜  蘑菇屋带你进入童话世界	未
雪乡价格之痛背后，哪些问题值得思考	未
雪乡去不起了这里比雪乡和三亚更适合冬天！趁着大家不知道赶紧去！	未
雪乡. 哈尔滨. 查干湖. 雾凇岛. 镜泊湖......东北的冬天真有那么美（名额有限）	未
雪乡夜话说旅游，省委书记的表态让经营者信心倍增	未
雪乡宰客的议题为何能长跑跨年  光明网评论员	未
雪乡很美，但当善良遇到无良，你还爱得起来吗	未
雪乡旅游攻略哈尔滨旅行攻略雪乡雪谷冬天让我们一路向北 哈尔滨雪谷雪乡旅游走一趟冬季的哈尔滨雪谷美的像个童话，特意给大家写一篇，我自己的旅行指南，包括衣食住行玩，希望大家的旅程都收获满满的快乐，吃住行线路安排全部搞定感谢。你旅游你做主，让我来给你私人订制Vx18903632944	未
雪乡旅游明码标价 央视：明码标价就不算宰客了吗普通炕位380元/天，标间880元/天，豪华双人房1580元/天，商务套房2580元/天节假日还可上浮15-30。而据网友爆料，普通炕位甚至都没有独立卫生间。如果将雪乡的35个雪上项目都玩一遍，价格在每人5350元，再加上吃住行，一家三口要准备2万块钱！雪乡旅游都明码标价了 为什么还有人表示不相信自己的眼睛	未
雪乡：明码标价，保证绝不宰客！	未
雪乡明码标价再引争议 东北还是不错的，东北的辽阔也是很多景点没有的，长白山，雪乡，镜泊湖都很美	未
雪乡明码标价再引争议 冬天的东北，以雪景而著称，相应的滑雪雪地摩托等活动项目也给游客们带来了欢乐，甚至一些饭店会提供东北本土的美食和野味，这样的地方，真的是冬天最好的旅游景点之一。然而随着游客增多，一些不法的商人看到了雪乡旅游项目的前景广阔，就纷纷提高价格，价格更是一路高涨，使得很多游客想去但去不起。简陋的酒店条件，普通的饭食，却收取高昂的价格，这本就是对消费者的一种不负责任，也破坏了当地旅游项目在全国人民心中的形象。今年的雪乡重蹈去年的覆辙，哪怕做出了明码标价，但虚高的价格就能逃避宰客的行为	未
雪乡明码标价再引争议看住宿，普通炕位380元/天，标准间880元/天，豪华双人房1580元/天，商务套房2580元/天这还不是最终的价格，节假日还可以上浮15到30。去雪乡找罪受嘛? 同样的花钱，去北海道可以享受最好的服务，去年雪乡发生宰客，欺客，强行消费，殴打旅客的事是普天盖地，现在明价又如何，吃玩不要消费了?就怕宰的更凶了。大家别忘了，前不久日本政府对去北海道旅客的还有补贴：为了支持北海道灾后重建，日本观光厅对北海道的旅行进行补助，而且外国人可以享受比日本人更高的补助，在北海道住三晚上，	未
雪乡明码标高价：我们保证绝不宰客！但...	未
雪乡美食 舌尖上的雪乡@光明网 的一直播（下载App-gt网页链接）	未
雪乡该如何重塑自己的品牌？	未
雪乡，还是北海道游客去遥远落后的东北深山雪乡，而不是更近更美更干净的北海道，真实的想法是，为扶贫加油。当地生产队，应该理解大家们的好意，以真诚实在的价格，接待游客，双方共赢，皆大欢喜。 如果雪乡的那些小旅馆老板自以为，我们是老板，我是做生意，我们景色美，就该卖高价，赚你们的钱！那真是想错了。你们那嘎达，冰天雪地，连个独立厕所也没有，卫生条件也不好，卖的比北海道还贵。游客千里迢迢跑你们深山老林，就为了住一个农村旅馆既然你认为你是市场经济，那买卖平等，我不来了，其他人随意。 雪乡的老板们，你继续发财吧！	未
雪乡，还是那个诗和远方！	未
雪乡这次明码标价了！价格堪比五星酒店，除了宰客没出路	未
雪乡这次明码标价了！双人房1580元，价格堪比五星酒店，除了宰客没出路	未
雪人股份：氢能源产业链布局完整 已与多家车企签订销售合同	未
雪似梅花，梅花似雪	未
雪佛兰新款迈锐宝XL上市，推出3款Redline尚红系列车型，售价区间为19.49-21.99万元。外观主要变化增加Redline套件，动力搭载带有闭缸技术的2.0T发动机，最大功率为241马力，最大扭矩350牛米，匹配9挡自动变速箱网页链接	未
雪博会来了！12月23日，第三届中国吉林国际冰雪产品博览会（简称雪博会）暨第二十二届长春冰雪旅游节在长春国际会展中心正式拉开帷幕。本届活动以冰雪圣地相聚吉林为主题，展会总展览面积10万平方米，在充分展现地方特色的基础上，同时开设冰雪运动项目体验区，力图打造集冰雪产品交易冰雪旅游冰雪运动于一体的多元文旅盛会。（见习记者 覃皓珺）网页链接	未
雪博会百米主塑露“芳容”	未
雪后天初晴 检修忙不停12月7日，@国网莱芜供电公司 工作人员在220千伏汇河变电站开展主变架空线复合绝缘子串更换工作。由于汇河变电站1号2号主变220千伏侧架空线单绝缘子串不满足安全运行要求，本次检修将单绝缘子串更换为双绝缘子串，将有效防止导线坠落事故的发生，保障电网安全可靠运行。	未
雪后川西 美得让我不敢呼吸	未
雪后特巡变电站 护航电网供好电12月12日，@国网昌邑市供电公司 组织运维人员对110千伏都昌文山变电站进行雪后特巡，利用测温仪对变压器设备区刀闸等进行测温，及时掌握设备运行状况，保障电网安全可靠运行。	未
雪后特巡护安全12月5日，莒南县迎来大范围降雪，一夜之间万物裹上了银装。12月6日，@国网莒南县供电公司 线路巡视人员对境内线路进行雪后特巡，重点对杆上设备杆基拉线等进行检查，防止因积雪出现短路故障基础松动等隐患，严保线路运行安全。	未
雪后特巡消缺 保电网健康运行 12月11日，@国网费县供电公司 工作人员巡视110千伏员沂薛线，对线路设备积雪覆冰情况导线弛度大负荷接点运行情况等进行检查，及时发现和消除潜在的安全隐患，全力保障大雪降温天气电网设备安全稳定运行。	未
雪后，独山子石化领导现场查看重点工程项目	未
雪后的兰州黄河铁桥，冬日的黄河水还是蛮清澈的。 兰州黄河铁桥	未
雪后的北海道大学札幌校园，美得好像童话世界里被雪覆盖的森林	未
雪后的瑞士宁静又闪耀，这就是现实版的童话世界没错了有机会的话一定要去一次！！！（图自网络）	未
雪后走进朐城文化公园	未
雪后，连云港美成了童话！	未
雪后，那绵绵的白雪装饰着世界，琼枝玉叶，粉装玉砌，皓然一色，天地河山，清纯洁净，没有泥潭。	未
雪吗Yuki， 挺好听的。不过我可能更想要叫神秘一点的名字Tsuki?听起来像suki但Tsuki好多，那我要叫什么嵐雷鳥案山子	未
雪啊！	未
雪国TOP5滑雪场攻略奉上，你是运动派还是美食派	未
雪国仙境 今天该用哪个英雄上分呢	未
雪国仙境卢西奥新传说皮肤：雪地飞狐	未
雪地图初鸡 开心@Xback四胎不出不改名	未
雪地精灵	未
雪地追击！直击武警濮阳支队魔鬼周极限训练现场近日，武警濮阳支队魔鬼周极限训练在豫西某山林地展开，30余名特战队员在自身负荷重行军距离远体能消耗大的情况下，连续作战爬冰卧雪耐饥饿练意志抗严寒，进行了武装奔袭捕歼战斗端黑窝子丛林搜索构筑掩体反劫持战斗和多种武器应用射击近40个科目的训练。（张方方 余海洋）	未
雪地靴脏了别急着下水洗！用这一招省钱又省力	未
雪地靴退货非常少，谢谢大家支持和信任相应的，也就不做跑单上架了哦我们相约明年见！明年一定给大家都安排上我这边还有几双样品，下午拍一下照片送给大家	未
雪域江源足球梦	未
雪域高原迎脱贫路 “马班邮路”变“致富快车道”	未
雪天不畏寒，责任肩上扛12月11日，在柘山镇施工现场，@国网安丘市供电公司 工作人员进行线路改造施工，将原有10千伏于家河线全线负荷割接至新建10千伏柘水线供电。本次线路升级改造，保证了线路安全供电，并为该区域地方经济发展和农民生产生活创造了宽松的用电环境。	未
雪天出行可能出大事，做好这些你就再也不愁出门啦！涨姿势对需要出门，特别是要开车的小伙伴来说，潜藏不少危机。一份冰雪天的高速行车指南送给你！下雪了，路上很滑，大家出行小心，注意安全！	未
雪天巡视确保线路安全12月5日，平邑地区迎来今冬第一场雪，@国网平邑县供电公司 组织各供电所对辖区重点线路进行认真巡视，确保线路安全运行，居民稳定可靠用电。	未
雪天怕什么，我有厚绒皮靴皮里厚绒都有！！晚上7点半直播见哦，我要送鞋送券送衣服！！！葡萄妈studiolee方头骑士短靴12.12 10:00	未
雪天检修线路，保冬季居民可靠用电12月11日，在10千伏康庄三线检修现场，@国网沂水县供电公司 人员对10千伏康庄三线14号杆安装真空断路器一组，提高线路智能化水平，保障周边村庄群众冬季用电无忧。	未
雪天，请照顾好你家的老人	未
雪好大	未
雪山下的蒙古舞者，美醉了	未
雪山和温泉，冰与火的结合！	未
雪山日出 微博全景图片	未
雪川农业发展股份有限公司获第十三届人民企业社会责任奖年度扶贫奖	未
雪开琼树	未
雪！很！大！大雪时节，这里下了湖南2018年的第一场雪！（视频）	未
雪！很！大！湖南喜提2018年冬天第一场雪！（视频）	未
雪情综合报道普兰店区各部门积极开展雪后工作	未
雪战到底！2018CCPC终极一战，中国冰雪之都牙克石等你！	未
雪景也超美啊，很适合拍照想来场滑雪的快戳网页链接	未
雪景，我只喜欢山丹的！	未
雪景海景，北海道吧	未
雪景照这样拍，让你美十倍。旅行灵感季 带着微博去旅行 @微博旅游	未
雪景的独白，爱冬天的理由一个就够了雪	未
雪景的独白，爱冬天的理由一个就够了雪[空星]	未
雪景秦岭之南第一场雪像精灵一样	未
雪景阆中迎来第一场雪，雪景先睹为快！	未
雪来了，加赠大北风！	未
雪来了！当涂迎来入冬以来第一场雪，还有这些事情要注意	未
雪来了！拍到雪景的小伙伴快来晒一晒！上海下雪 听说！上海市区终于飘雪啦！拍到雪花的天选之子快来秀一秀。小海等着大家的美图啊 一起来看雪落下的样子	未
雪来了！连续3天！	未
雪松控股加速全球化布局，“水密舱”形态塑民企样本	未
雪松控股加速全球化布局，“水密舱”形态塑造民企样本	未
雪松日笺产业扶贫	未
雪梅广场舞团队版《缘分让我们在一起》，简单柔美	未
雪浪小镇迎来大事件！	未
雪海路！临平城区里不能错过的银杏大道！	未
雪！潍坊终于下雪了！这里下的最猛明天也有！还有一场大雪在后头！	未
雪狼赞爆了。戳此预订宝贝详情	未
雪的激情 心的穿越 新源县白沟那拉提空中草原冬季穿越之行	未
雪，真的来了！明天大雪节气，杭州迎来初雪	未
雪，真的来了！明天大雪节气，杭州迎来初雪杭州天气今日，杭州正式宣布进入气象学意义上的冬天。这一入冬，冷空气就给了大家一个下马威：雪，要来了！中央气象台发布寒潮蓝色预警：受强冷空气影响，预计6日至9日，多地出现降温天气。而真正的考验，是随降温而来的今冬杭州第一场雪！详见雪，真的来了！明天大雪节气，杭州迎来初雪	未
雪窦山全球智库论坛给奉化带来了什么	未
雪线继续南压 南方这些地区降雪强度将达顶峰！中央气象台今天继续发布寒潮暴雪双预警：多地最低气温将跌至冰点以下，部分地区将有暴雪天气。今天到10日我国中东部地区气温将持续偏低明后两天，西南东部江南西部华南等地气温还将刷新下半年来新低。你感受到冷冷冷了吗	未
雪线继续南压 南方这些地区降雪强度将达顶峰！中央气象台今天继续发布寒潮暴雪双预警：多地最低气温将跌至冰点以下，部分地区将有暴雪天气今天到10日我国中东部地区气温将持续偏低明后两天，西南东部江南西部华南等地气温还将刷新下半年来新低你感受到冷冷冷了吗  ...全文	未
雪线继续南压 南方这些地区降雪强度将达顶峰！中央气象台今天继续发布寒潮暴雪双预警：多地最低气温将跌至冰点以下，部分地区将有暴雪天气。今天到10日我国中东部地区气温将持续偏低明后两天，西南东部江南西部华南等地气温还将刷新下半年来新低。你感受到冷冷冷了吗 雪线继续南压 南方这些地区降雪强度将达到顶峰！	未
雪莉将开设《真理商店》快闪店 从策划到运营	未
雪落华山近日，一场大雪不期而落，犹如一张洁白的毛毯将华山装饰成一个皑皑世界。苍翠的华山奇松已成雪松，灵动的云海愈发梦幻，满山遍野玉树琼花结满了雾凇，绘就了一幅冬日画卷，展现了华山人间仙境般的奇与险。（图片来源：新华社）	未
雪，落在北方是天意，落在南方是眷顾	未
雪落宏村(图)	未
雪落沈阳，银装素裹美不胜收（王洪昌 摄）	未
雪覆山顶松，英姿更从容。 .	未
雪警亦雪景 正能量暖心事  雪夜里的暖心一幕王先生驾车回家，眼看着马上就到小区门口了，车子却突然抛锚在路口执勤的小李和小赵见状立即上前，帮助王先生将车推至安全处等待救援虽然天空还在飘着雪花，但大家彼此心里都暖暖的@金山警务百事通	未
雪警亦雪景 正能量暖心事雪夜里的暖心一幕王先生驾车回家，眼看着马上就到小区门口了，车子却突然抛锚。在路口执勤的小李和小赵见状立即上前，帮助王先生将车推至安全处等待救援。虽然天空还在飘着雪花，但大家彼此心里都暖暖的@金山警务百事通	未
雪警亦雪景 雨雪天路滑，一定要放慢车速哦	未
雪越下越大！合肥的这段雪景视频美翻了！	未
雪！雪！雪！今冬洛阳的第一场雪终于来了！接下来更刺激......	未
雪！雪！雪！今冬第一场雪终于来新乐了！不过可怕的在后面......	未
雪雪雪！局部大雪！荣成首场大雪终于要来了	未
雪！雪！雪！昔阳今冬第一场雪，美呆了！大风寒潮结冰都来了！	未
“雪龙”号到达南极中山站冰上卸货地点(组图)	未
“雪龙号”老船长魏文良：极地探索领军人	未
零下10度平安夜 市民热游商业街	未
零下16！寒潮结冰附赠大风！长治超冷模式开启	未
零下1！下周东乡第一场雪要来了！	未
零下20度，带你领略兵哥哥武装奔袭后的冰花男！武警宁夏总队石嘴山支队第四季度魔鬼周，特战队员们顶着寒风，在零下20度的气温中开展十公里武装奔袭，锤炼了特战队员超常的意志品质和顽强的战斗精神下面，通过一组图片来看看兵哥哥武装奔袭后的冰花男神！（罗辉波周祥军）	未
零下20℃的“冻人”坚守——新华社记者夜访3000米海拔采油作业区	未
零下25，武警官兵破冰碾雪踏戈壁！12月6日至12日，武警甘肃总队酒泉支队组织开展魔鬼周极限训练。寒风凛冽，白雪皑皑，特战队员们一路破冰卧雪，直赴茫茫雪野大漠戈壁高山峡谷乡村巷道等复杂地域，进行为时7天6夜的魔鬼周极限训练。在最低气温零下25摄氏度的天气里，他们顶风雪冒严寒，挑战极限，使体能技能等方面都得到全面锻炼和提升。（记者马静娜摄影侯崇慧）	未
零下26，兵与冰的较量12月6日，第二十一节气大雪前一天，河西走廊东端武威迎来了入冬以来的第一场大雪，温度骤降到零下26度，然而武威片区魔鬼周极限训练在大漠戈壁如火如荼的展开，特战队员们再次踏上了挑战身体心理极限的魔鬼之路。（（薛小风史文杰）	未
零下28摄氏度！呼伦贝尔根河雾凇美爆了	未
零下35度肥皂泡结冰全过程，感受下大自然的魔法	未
零下38℃！中国最冷小镇消防员满面霜花训练	未
零下5度！这间冰屋，你敢不敢挑战漠河北极村景区冰雪旅馆开放啦！中国北极漠河每年冰雪期长达八个月之久，冬季极端低温零下50度在冰雪旅馆房间内，床墙桌椅等所有设施都是由冰雪精制而成，室内保持零下5摄氏度左右的温度雪床上铺有毛毯睡袋电热毯隔凉垫等取暖设备和防寒用品去年 ...全文	未
零下5度！这间冰屋，你敢不敢挑战漠河北极村景区冰雪旅馆开放啦！中国北极漠河每年冰雪期长达八个月之久，冬季极端低温零下50度。在冰雪旅馆房间内，床墙桌椅等所有设施都是由冰雪精制而成，室内保持零下5摄氏度左右的温度。雪床上铺有毛毯睡袋电热毯隔凉垫等取暖设备和防寒用品。去年来体验的勇士们，居住时长最长的为3小时左右。你敢不敢来（刘欣）带着微博去看雪黑龙江新闻	未
零下8！！江西大雪将至	未
零下七度！肥乡第一场雪即将来临！速冻模式开启！冷冷冷冷冷！	未
零事故，无拥堵，国道212线保通保畅工作深入推进（上）	未
零售之变丨一天卖货10亿拼多多，进军社区超市胖东来	未
零售商如何攻占农村市场来，看一下俄罗斯零售巨头的成功之路	未
零售商杰仕登今日透露称，《绝体绝命都市4PLUS:夏日回忆》和《方根书简 Last Answer》将推出中文版！	未
零基础人群参与冰雪 公益体验课正式启动(图)	未
零基础该怎么学画画，超详细教程	未
“零度”意味品鉴会在京举行	未
零换乘来了！威海市民南站出行接送站等终于更方便了	未
零点了，新的一天我的开始，碰碰手气，红包更大哦！打开Zhi付寳搜索 584800499 领取	未
零点啦！新的一天开始了，快来碰手气抢红包！打开Zhi付寳搜索 584800499 领取	未
零点操作 调整线路负荷12月18日0时30分，@国网临清市供电公司 变电运维班和带电作业班联合对35千伏岩庄站进行负荷转移同时对铜铝过渡线夹进行更换工作，经过1个多小时的认真操作，顺利完成了此次负荷转移工作，为线路迎峰度冬打好基础。	未
//@零筹码玩家:领一下劵，不用gou买什么东西，领就好	未
零艾滋知艾防艾南部免费测艾！	未
零落成泥碾作尘。带着微博去旅行秋叶同里退思园 @江苏微旅游@苏州市旅游局@同里古镇@冬日暖阳-99	未
零距离复荣科技公益甲醛活动来啦！不测不知道，一测吓一跳啊！	未
零距离感受这些神秘装备11月23日，自治区反恐办主任公安厅副厅长李跃，玉林市委常委政法委书记市反恐怖工作领导小组组长韦绍仕，玉林市副市长市公安局党委书记局长李庄浩参观宣传展板武器装备并向群众发放反恐宣传资料。	未
零距离探访通州神秘机构！你生活中很多方面都与它有关！	未
零距离早安冷冷冷小伙伴们，出门时要穿得暖暖和和的一定要吃早饭哦！	未
零距离早安复制粘贴的早安！（图转）	未
零距离早安小伙伴们，早安！出门穿暖，不要忘记带伞。	未
零距离早安小伙伴们，早安！出门穿暖，不要忘记带伞	未
零距离早安小伙伴们，早晨有雾，路上一定要注意安全。（图片来源:小编拍摄于街边）	未
零距离早安星期天的早晨，早安。出门的小伙伴们要注意保暖哦	未
零距离童军组织公益活动，39元带走59元鲜奶蛋糕，更有20元奖励金等你来...	未
零距离行摄山火后的美利坚	未
零距离视频毛主席纪念堂建设者向毛公山红色文化博物馆捐赠先进工作者荣誉证书	未
零距离视频爱泽人协会工会就业培训基地暨学雷锋志愿服务站揭牌	未
零距离视频肥城这个村，村美民富产业旺，人人脸上满满的幸福感	未
零距离视频肥矿医院母婴健康管理部:为母婴健康保驾护航	未
零距离视频阳光公益协会开展新时代文明实践志愿服务活动	未
零陵异蛇世界迎接国家3A级旅游景区评审	未
零食来了---买2发4瓶辣木籽正宗印度进口包邮野生食用辣木子种子 滋补品 3元券微博专享限时领券	未
零食行业进入“4.0版”：专家预测2020年总产值接近3万亿元	未
零食行业进入4.0版：专家预测2020年总产值接近3万亿元零食行业发展迎来了春天，从以简单补充饮食需求为核心的粗放经营1.0版，到居民健康生活理念崛起时代以改进产品品质为根基的2.0版，再到考虑多元消费场景融入文化休闲元素打造主题零食品牌3.0版，直至进入贴合顾客物质消费 ...全文	未
“零饥饿”艺术展在北京开幕	未
“零饥饿”艺术展在北京开幕(图)	未
雷东宝和宋运萍的婚礼，完美解释了什么叫对你的爱，就像拖拉机上山轰轰烈烈	未
雷佳音你凑啥热闹呢	未
雷佳音杂志封面大片曝光 走分享“乐活”新主张	未
雷克萨斯LC 500 性能车讯汽车V峰会V影响力峰会	未
雷克萨斯RC 200t Fsport 改装案例！性能车讯众友说车Cars-Power	未
雷克萨斯UX开启预售，预售价为26.99-37.30万元，将于明年1月23日正式上市。UX 200车型搭载2.0L发动机，170马力热效率达41UX 260h车型采用了2.0L混动系统。	未
雷克萨斯有望由一汽丰田导入国产	未
雷军：AI+IoT是小米的核心战略 将与宜家签订全球战略合作	未
雷军写给2029年的信：这个技术将引爆新时代12月13日，雷军发表写给2029年的信，称互联网在中国普及大约用了20年时间，移动互联网大约是10年时间，AIoT的到来可能会比我们想得要快，带来的变化也会远超过以往。 未来AI和IoT将会无处不在。互联网时代，我们连接了全世界的PC桌面电脑移动互联网时代，我们连接了全世界的智能手机AIoT时代，我们将连接身边一切看得到的硬件设备。那个时候，无论是可连网的设备数量，还是由此产生的大数据，都将比移动互联网时代高出不止一个数量级。雷军写给2029年的信：	未
雷军：欢迎物联网设备开发者联系小米，未来会高度重视结盟	未
雷军的《Are You OK》深入人心都能唱出来了	未
雷军终于给小米找了个“贤内助”	未
雷军要用 1000 台小米 Play 挑战世界最大的手机动态拼图	未
雷厉风行 成效显著 成都市民为中央生态环境保护督察组送锦旗	未
雷吉隆最爱在皇马训练完毕后跟@RobertoCarlos 谈心，问到老师对于 2018世俱杯 的看法，罗伯托卡洛斯表示：能赢下这座世界冠军，只有皇马 皇马 halamadrid 微博视频	未
雷场上，一名“90后”士兵绽放的青春之花——记南部战区陆军云南扫雷大队中士杜富国	未
雷士董事长王冬雷亲述转型出海之路	未
雷山公安成功救出三名遇险学生	未
雷山四苗寨举办芦笙会庆祝改革开放40周年	未
雷山：易地扶贫搬迁过苗年 牛王寨里舞翩跹	未
雷山猫猫河苗寨千名姑妈回家欢欢喜喜过苗年（附视频）	未
雷山苗寨，诗和远方的旅行目的地	未
雷州东里镇壳岭村邓明走失，请大家帮忙留心！	未
雷思维来徽县调研环境保护工作	未
雷总，他说用小米8比你拍的好，有何感想	未
雷总送车了！转发我这条并关注我，12月24号抽一人送520！ 查看图片	未
//@雷燕CiCi:产业互联网，我们已在路上。	未
雷蛇首款面向Xbox的外设将于1月8日正式发布	未
雷记sneaker report 晒出@威斯布鲁克Russell_Westbrook @Jordan官方微博 WHY NOT ZER0.2的照片，这款签名鞋二代配色和设计看起来真不错据说圣诞大战威少会穿上打比赛	未
雷诺Trezor概念车上路，车门的打开方式帅到我了！	未
雷诺宣布入股江铃新能源，在华投资公司增至四家	未
雷诺集团入股江铃新能源，深化在华新能源业务	未
雷进海入选2018年度市政府特殊津贴专家名单	未
雷霆vs国王中午11点开打！！！	未
雷霆vs火箭 今日比赛图集（一） ThunderUP	未
雷霆vs火箭 今日比赛图集（二） ThunderUP	未
雷霆vs爵士比赛即将开始！！！NBA	未
雷霆 四场常规赛，由于泡椒的强势回归，面对爵士苦主我们已经连下两城了！这个优势有时候在季后赛排名还是有用的，加油雷霆！泡椒牛逼，威少加油，鸭蛋加油！	未
雷霆官方：Sunset is backfor a limited time.（落日橙正式回归现开始限时销售。） 网页链接 ThunderUP	未
雷霆战鹰：永不退缩，永远飞翔！	未
雷霆 目前联盟搭档得分排名，雷霆乔治和威少排名第六。	未
雷霆行动四大招重挫挂房现象后，挂机打击行动势不可挡	未
雷霆行动本溪交警出拳大货车：改型超载超速，坚决不行！！！	未
雷霆西部第一了，本赛季作为进攻发起点的威少以50.07的助攻率（NBA单赛季助攻率历史17名）使队友变得更好，获得更佳的进攻机会。保罗乔治本赛季的场均得分24.3生涯新高7.8篮板生涯新高4.3助攻生涯新高2.24抢断生涯新高以及0.78盖帽生涯新高。威少可以使队友变得很好，其他队友生涯新高的投篮命中率点这里：网页链接	未
雷霆 调皮的两兄弟	未
雷霆赛事预告 明天凌晨四点，明天凌晨四点，明天凌晨四点。圣诞大战，圣诞大战，圣诞大战。要睡觉的麻溜的给我上床，想熬夜的赶紧去买夜宵。明天四点钟，主页等你们，不来的我全都记在本子上	未
雷霆队史第五次大逆转 他们为何再成超级强队	未
電影海報 查看图片	未
雾不知所起，一往而深再坚持一天！终结雾霾的它要来了，但	未
雾不知所起，一往而深明天开始雨来啦，杭州的持续雾霾有望缓解！	未
雾与霾来袭，成都气象如何应对	未
雾中仙城！这么美的宜兴，你肯定没见过	未
雾中忙检修电网更坚强11月27日，浓雾弥漫大地，@国网寿光市供电公司 员工完成 10千伏镇直线升级改造工作，共组立电杆23基架设线路1.2千米，将原来的裸铝线更换为绝缘导线。此次改造后，将进一步消除设备安全隐患，为城乡居民和工农业生产提供充足可靠的电力供应。	未
雾中打卡南京网红景点，真香！	未
雾中的马鞍山，美翻了，宛如人间仙境！	未
「雾中风景」柏林设计工作室 Studio Rem 为丹麦品牌 Gejst 设计的雾面花器	未
雾中鸟瞰兰溪，美成海市蜃楼！这场大雾将持续到	未
雾入园区！天堂视角感受一下	未
雾凇绽放吉林雾凇与桂林山水云南石林和长江三峡同为中国四大自然奇观，但吉林雾淞却是这四处自然景观中最为特别的一个，毕竟雾凇并非每时每刻都有。当松花江岸边的树枝上披满雾凇，便进入一个梦幻的冰雪世界。（图片来源：新华社）网页链接	未
雾凇节仅399元动车3天游，去广西猫儿山观雾凇赏茶花！	未
雾天出行小贴士	未
雾天在沈海高速茂名段驾车出行， 这些技巧你要知道！	未
雾天安全行驶小贴士	未
雾天开车如何使用灯语？网友们吵翻了 雾灯正确的打开方式其实是这样的…	未
雾天特巡保供电11月28日，国网扬州供电公司党员突击队对220千伏平安变品祚变沿河变进行操作前的大雾特巡，保障扬州北部片区合解环操作的顺利进行。	未
雾天警情 受大雾天气影响，目前宁宣高速全线，溧芜高速全线已实施特级管制@南京交警 @平安南京 @平安江苏	未
雾天驾车，牢记这些安全原则	未
雾天驾车，牢记这些安全原则今晨，多地大雾，伙伴们出行都注意安全哈话说，冬季是雨雪雾的多发期，雾天给用车带来了非常大的驾驶安全威胁。雾天行车需注意哪些问题记住这些驾驶原则，让出行多一份安全保障[给你小心心]via央视新闻气象生活南京大雾	未
雾天驾车，牢记这些安全原则 大伙儿，开车要注意安全哦！	未
雾天高速有没有封路点这里实时查看收费站道口开关情况！	未
雾，影响交通时很烦，在山水之间又很美。昨天清晨，广西桂林平乐金字岭风景区的云雾随风流动，覆盖住了整个景区，登高远眺，仿佛在云海中浮游。层峦之巅，黛色的远山之上，一轮初升的旭日渐渐把沉睡中的清晨染得金黄，美得宛如仙境一般（殷智 摄）	未
雾必小心！好消息：晋城今天不是霾	未
雾必小心，宁晋交警雾天执勤保平安！	未
雾必注意冬季行车安全！这里有几点保安全妙招，拿走不谢！	未
雾灯你会用吗东台有车族们戳这篇自检一下！（附气象消息）	未
雾色朦胧中，蜀黍为你撑起平安保护伞	未
//@雾起深山独居老林:无缝衔接	未
雾都南京	未
雾都宾馆参加哈尔滨工程大学重庆校友会年会。哈工程和国防科技大的前身都是解放军军事工程学院（简称哈军工），首任院长是陈赓大将。	未
雾锁港城，交警蜀黍为你保驾护航！	未
雾锁申城 上海公安力保全市道路通行安全有序	未
雾锁禾城，明天依旧，司机朋友们出行安全囊在这里！	未
雾锁虞城！仙境里的常熟这个模样	未
雾锁金陵，秦淮风光带游船今晚停航	未
雾锁铅城，宛如仙境，雾天出行注意安全！	未
雾锁高速 三地交警接力互送 开辟生命通道 患者及时救治	未
